2026-08-28 08:22:36.842 [seq=1] [tid=8764] event=session_start session=20260828-082236-pid8156 pid=8156 exe_dir="C:\Mac\Home\Documents\mxd\BeiDou-Server\clien\" health_interval_ms=1000 hang_threshold_ms=5000 high_cpu_threshold=70 high_cpu_threshold_ms=3000 dump_on_hang=1 manual_dump_hotkey=1
2026-08-28 08:22:36.846 [seq=2] [tid=8764] event=hook_summary total=13 CreateFileW=0 CreateFileA=1 _lopen=1 FindFirstFileA=1 GetProcAddress=0 Mapping=1/0/1 ReadFile=1 CloseHandle=1 ExceptionFilter=1 Exit=1/1 LoadLibrary=0/1/1 MessageBox=0/1 fopen=0 fread=0 module="C:\Mac\Home\Documents\mxd\BeiDou-Server\clien\BeiDou.exe"
2026-08-28 08:22:36.852 [seq=3] [tid=8764] event=hook_summary total=11 CreateFileW=1 CreateFileA=1 _lopen=0 FindFirstFileA=0 GetProcAddress=0 Mapping=1/0/1 ReadFile=1 CloseHandle=1 ExceptionFilter=1 Exit=1/1 LoadLibrary=1/1/0 MessageBox=0/0 fopen=0 fread=0 module="C:\Mac\Home\Documents\mxd\BeiDou-Server\clien\nmcogame.dll"
2026-08-28 08:22:36.856 [seq=4] [tid=8764] event=hook_summary total=9 CreateFileW=0 CreateFileA=1 _lopen=0 FindFirstFileA=1 GetProcAddress=0 Mapping=0/0/0 ReadFile=1 CloseHandle=1 ExceptionFilter=1 Exit=1/1 LoadLibrary=0/1/0 MessageBox=0/1 fopen=0 fread=0 module="C:\Mac\Home\Documents\mxd\BeiDou-Server\clien\mss32.dll"
2026-08-28 08:22:36.857 [seq=5] [tid=8764] event=hook_summary total=6 CreateFileW=0 CreateFileA=0 _lopen=0 FindFirstFileA=0 GetProcAddress=0 Mapping=0/0/0 ReadFile=0 CloseHandle=1 ExceptionFilter=1 Exit=1/1 LoadLibrary=0/1/0 MessageBox=1/0 fopen=0 fread=0 module="C:\Mac\Home\Documents\mxd\BeiDou-Server\clien\ijl15.dll"
2026-08-28 08:22:36.861 [seq=6] [tid=8764] event=hook_summary total=6 CreateFileW=0 CreateFileA=1 _lopen=0 FindFirstFileA=0 GetProcAddress=0 Mapping=0/0/0 ReadFile=1 CloseHandle=1 ExceptionFilter=0 Exit=1/1 LoadLibrary=0/1/0 MessageBox=0/0 fopen=0 fread=0 module="C:\Mac\Home\Documents\mxd\BeiDou-Server\clien\2ijl15.dll"
2026-08-28 08:22:36.863 [seq=7] [tid=8764] event=hook_summary total=2 CreateFileW=0 CreateFileA=0 _lopen=0 FindFirstFileA=0 GetProcAddress=0 Mapping=0/0/0 ReadFile=0 CloseHandle=0 ExceptionFilter=1 Exit=0/1 LoadLibrary=0/0/0 MessageBox=0/0 fopen=0 fread=0 module="C:\Mac\Home\Documents\mxd\BeiDou-Server\clien\CIL.dll"
2026-08-28 08:22:36.868 [seq=8] [tid=8764] event=hook_summary total=3 CreateFileW=0 CreateFileA=1 _lopen=0 FindFirstFileA=0 GetProcAddress=0 Mapping=0/0/0 ReadFile=0 CloseHandle=1 ExceptionFilter=0 Exit=0/0 LoadLibrary=0/1/0 MessageBox=0/0 fopen=0 fread=0 module="C:\Mac\Home\Documents\mxd\BeiDou-Server\clien\DawnWarriorSkillCompat.dll"
2026-08-28 08:22:36.870 [seq=9] [tid=8764] event=hook_summary total=3 CreateFileW=0 CreateFileA=1 _lopen=0 FindFirstFileA=0 GetProcAddress=0 Mapping=0/0/0 ReadFile=0 CloseHandle=1 ExceptionFilter=0 Exit=0/0 LoadLibrary=0/1/0 MessageBox=0/0 fopen=0 fread=0 module="C:\Mac\Home\Documents\mxd\BeiDou-Server\clien\BeiDouSetItemCompat.dll"
2026-08-28 08:22:36.873 [seq=10] [tid=8764] event=watchdog status=started
2026-08-28 08:22:36.877 [seq=11] [tid=8764] event=resource_open status=ok handle=000003F4 error=0 access=0x00000004 disposition=4 path="DawnWarriorSkillCompat.log"
2026-08-28 08:22:36.883 [seq=12] [tid=8764] event=resource_open status=ok handle=00000408 error=0 access=0x00000004 disposition=4 path="DawnWarriorSkillCompat.log"
2026-08-28 08:22:36.938 [seq=13] [tid=8764] event=resource_open status=ok handle=00000410 error=0 access=0x00000004 disposition=4 path="DawnWarriorSkillCompat.log"
2026-08-28 08:22:36.949 [seq=14] [tid=8764] event=resource_open status=ok handle=00000414 error=0 access=0x00000004 disposition=4 path="EquipSlotDiagnostic.log"
2026-08-28 08:22:36.953 [seq=15] [tid=8764] event=resource_open status=ok handle=00000410 error=0 access=0x00000004 disposition=4 path="EquipSlotDiagnostic.log"
2026-08-28 08:22:36.959 [seq=16] [tid=8764] event=resource_open status=ok handle=000003EC error=0 access=0x00000004 disposition=4 path="DawnWarriorSkillCompat.log"
2026-08-28 08:22:36.965 [seq=17] [tid=1648] event=resource_open status=ok handle=0000041C error=0 access=0x00000004 disposition=4 path="BeiDouSetItemCompat.log"
2026-08-28 08:22:36.971 [seq=18] [tid=8764] event=resource_open status=ok handle=00000424 error=0 access=0x00000004 disposition=4 path="DawnWarriorSkillCompat.log"
2026-08-28 08:22:36.983 [seq=19] [tid=8764] event=resource_open status=ok handle=000003EC error=0 access=0x00000004 disposition=4 path="DawnWarriorSkillCompat.log"
2026-08-28 08:22:36.989 [seq=20] [tid=8764] event=resource_open status=ok handle=00000410 error=0 access=0x00000004 disposition=4 path="DawnWarriorSkillCompat.log"
2026-08-28 08:22:36.993 [seq=21] [tid=8764] event=resource_open status=ok handle=00000408 error=0 access=0x00000004 disposition=4 path="DawnWarriorSkillCompat.log"
2026-08-28 08:22:37.002 [seq=22] [tid=8764] event=resource_open status=ok handle=00000410 error=0 access=0x00000004 disposition=4 path="DawnWarriorSkillCompat.log"
2026-08-28 08:22:37.011 [seq=23] [tid=8764] event=resource_open status=ok handle=00000410 error=0 access=0x00000004 disposition=4 path="DawnWarriorSkillCompat.log"
2026-08-28 08:22:37.436 [seq=24] [tid=8696] event=module_load api=LoadLibraryW status=ok module=0E8D0000 error=0 path="C:\Mac\Home\Documents\mxd\BeiDou-Server\clien\nmconew.dll"
2026-08-28 08:22:37.439 [seq=25] [tid=8696] event=hook_summary total=2 CreateFileW=0 CreateFileA=1 _lopen=0 FindFirstFileA=0 GetProcAddress=0 Mapping=0/0/0 ReadFile=0 CloseHandle=1 ExceptionFilter=0 Exit=0/0 LoadLibrary=0/0/0 MessageBox=0/0 fopen=0 fread=0 module="C:\Mac\Home\Documents\mxd\BeiDou-Server\clien\BeiDouDamageSkinCompat.dll"
2026-08-28 08:22:37.443 [seq=26] [tid=8696] event=hook_summary total=11 CreateFileW=1 CreateFileA=0 _lopen=0 FindFirstFileA=0 GetProcAddress=0 Mapping=1/0/1 ReadFile=1 CloseHandle=1 ExceptionFilter=1 Exit=1/1 LoadLibrary=1/1/0 MessageBox=1/0 fopen=0 fread=0 module="C:\Mac\Home\Documents\mxd\BeiDou-Server\clien\nmconew.dll"
2026-08-28 08:22:37.445 [seq=27] [tid=8696] event=module_load api=LoadLibraryW status=ok module=0E8D0000 error=0 path="C:\Mac\Home\Documents\mxd\BeiDou-Server\clien\nmconew.dll"
2026-08-28 08:22:37.697 [seq=28] [tid=8696] event=module_load api=LoadLibraryA status=ok module=50C00000 error=0 path="PCOM.DLL"
2026-08-28 08:22:37.703 [seq=29] [tid=8696] event=hook_summary total=3 CreateFileW=0 CreateFileA=0 _lopen=0 FindFirstFileA=0 GetProcAddress=0 Mapping=0/0/0 ReadFile=0 CloseHandle=0 ExceptionFilter=0 Exit=0/0 LoadLibrary=0/1/0 MessageBox=0/0 fopen=1 fread=1 module="C:\Mac\Home\Documents\mxd\BeiDou-Server\clien\PCOM.DLL"
2026-08-28 08:22:37.979 [seq=30] [tid=4800] event=health cpu_core_pct=39.9 working_set_mb=47 commit_mb=39 handles=327 gdi=9 user=9 window=missing last_resource="(none)" resource_offset=0 resource_bytes=0 resource_age_ms=0
2026-08-28 08:22:38.403 [seq=31] [tid=8696] event=module_load api=LoadLibraryA status=ok module=51000000 error=0 path="C:/Mac/Home/Documents/mxd/BeiDou-Server/clien/RESMAN.DLL"
2026-08-28 08:22:38.412 [seq=32] [tid=8696] event=hook_summary total=1 CreateFileW=0 CreateFileA=0 _lopen=0 FindFirstFileA=0 GetProcAddress=0 Mapping=0/0/0 ReadFile=0 CloseHandle=0 ExceptionFilter=0 Exit=0/0 LoadLibrary=0/1/0 MessageBox=0/0 fopen=0 fread=0 module="C:\Mac\Home\Documents\mxd\BeiDou-Server\clien\RESMAN.DLL"
2026-08-28 08:22:38.453 [seq=33] [tid=8696] event=module_load api=LoadLibraryA status=ok module=50800000 error=0 path="C:/Mac/Home/Documents/mxd/BeiDou-Server/clien/NAMESPACE.DLL"
2026-08-28 08:22:38.459 [seq=34] [tid=8696] event=hook_summary total=4 CreateFileW=0 CreateFileA=0 _lopen=0 FindFirstFileA=0 GetProcAddress=0 Mapping=1/1/1 ReadFile=0 CloseHandle=0 ExceptionFilter=0 Exit=0/0 LoadLibrary=0/1/0 MessageBox=0/0 fopen=0 fread=0 module="C:\Mac\Home\Documents\mxd\BeiDou-Server\clien\NAMESPACE.DLL"
2026-08-28 08:22:38.495 [seq=35] [tid=8696] event=module_load api=LoadLibraryA status=ok module=50400000 error=0 path="C:/Mac/Home/Documents/mxd/BeiDou-Server/clien/GR2D_DX8.DLL"
2026-08-28 08:22:38.634 [seq=36] [tid=8696] event=hook_summary total=1 CreateFileW=0 CreateFileA=0 _lopen=0 FindFirstFileA=0 GetProcAddress=0 Mapping=0/0/0 ReadFile=0 CloseHandle=0 ExceptionFilter=0 Exit=0/0 LoadLibrary=0/1/0 MessageBox=0/0 fopen=0 fread=0 module="C:\Mac\Home\Documents\mxd\BeiDou-Server\clien\GR2D_DX8.DLL"
2026-08-28 08:22:38.894 [seq=37] [tid=8696] event=module_load api=LoadLibraryA status=ok module=71280000 error=0 path="D3D8.DLL"
2026-08-28 08:22:39.011 [seq=38] [tid=4800] event=health cpu_core_pct=41.5 working_set_mb=48 commit_mb=40 handles=340 gdi=11 user=10 window=missing last_resource="(none)" resource_offset=0 resource_bytes=0 resource_age_ms=0
2026-08-28 08:22:39.314 [seq=39] [tid=8696] event=resource_open status=ok handle=0000052C error=0 access=0x00000004 disposition=4 path="DawnWarriorSkillCompat.log"
2026-08-28 08:22:39.316 [seq=40] [tid=8696] event=module_load api=LoadLibraryA status=ok module=50C00000 error=0 path="PCOM.DLL"
2026-08-28 08:22:39.548 [seq=41] [tid=8696] event=module_load api=LoadLibraryA status=ok module=51400000 error=0 path="C:/Mac/Home/Documents/mxd/BeiDou-Server/clien/SHAPE2D.DLL"
2026-08-28 08:22:39.560 [seq=42] [tid=8696] event=hook_summary total=1 CreateFileW=0 CreateFileA=0 _lopen=0 FindFirstFileA=0 GetProcAddress=0 Mapping=0/0/0 ReadFile=0 CloseHandle=0 ExceptionFilter=0 Exit=0/0 LoadLibrary=0/1/0 MessageBox=0/0 fopen=0 fread=0 module="C:\Mac\Home\Documents\mxd\BeiDou-Server\clien\SHAPE2D.DLL"
2026-08-28 08:22:40.033 [seq=43] [tid=4800] event=health cpu_core_pct=71.6 working_set_mb=52 commit_mb=43 handles=380 gdi=15 user=23 window=responsive last_resource="(none)" resource_offset=0 resource_bytes=0 resource_age_ms=0
2026-08-28 08:22:40.919 [seq=44] [tid=8696] event=module_load api=LoadLibraryA status=ok module=709A0000 error=0 path="BeiDouVideo.dll"
2026-08-28 08:22:40.935 [seq=45] [tid=8696] event=hook_summary total=4 CreateFileW=0 CreateFileA=1 _lopen=0 FindFirstFileA=0 GetProcAddress=0 Mapping=1/0/1 ReadFile=0 CloseHandle=1 ExceptionFilter=0 Exit=0/0 LoadLibrary=0/0/0 MessageBox=0/0 fopen=0 fread=0 module="C:\Mac\Home\Documents\mxd\BeiDou-Server\clien\BeiDouVideo.dll"
2026-08-28 08:22:40.939 [seq=46] [tid=8696] event=resource_open status=ok handle=000002A4 error=0 access=0x00000004 disposition=4 path="BeiDouVideo.log"
2026-08-28 08:22:40.951 [seq=47] [tid=8696] event=resource_open status=ok handle=000001A0 error=0 access=0x00000004 disposition=4 path="BeiDouVideo.log"
2026-08-28 08:22:40.957 [seq=48] [tid=8696] event=resource_open status=ok handle=00000548 error=0 access=0x00000004 disposition=4 path="DawnWarriorSkillCompat.log"
2026-08-28 08:22:41.047 [seq=49] [tid=4800] event=health cpu_core_pct=15.3 working_set_mb=52 commit_mb=43 handles=381 gdi=15 user=22 window=responsive last_resource="(none)" resource_offset=0 resource_bytes=0 resource_age_ms=0
2026-08-28 08:22:41.455 [seq=50] [tid=8696] event=module_load api=LoadLibraryA status=ok module=50000000 error=0 path="C:/Mac/Home/Documents/mxd/BeiDou-Server/clien/CANVAS.DLL"
2026-08-28 08:22:41.465 [seq=51] [tid=8696] event=hook_summary total=3 CreateFileW=0 CreateFileA=0 _lopen=0 FindFirstFileA=0 GetProcAddress=0 Mapping=0/0/0 ReadFile=0 CloseHandle=0 ExceptionFilter=0 Exit=0/0 LoadLibrary=0/1/0 MessageBox=0/0 fopen=1 fread=1 module="C:\Mac\Home\Documents\mxd\BeiDou-Server\clien\CANVAS.DLL"
2026-08-28 08:22:41.467 [seq=52] [tid=8696] event=hook_summary total=1 CreateFileW=0 CreateFileA=0 _lopen=0 FindFirstFileA=0 GetProcAddress=0 Mapping=0/0/0 ReadFile=0 CloseHandle=0 ExceptionFilter=0 Exit=0/0 LoadLibrary=0/1/0 MessageBox=0/0 fopen=0 fread=0 module="C:\Mac\Home\Documents\mxd\BeiDou-Server\clien\ZLZ.dll"
2026-08-28 08:22:41.539 [seq=53] [tid=8696] event=module_load api=LoadLibraryA status=ok module=50C00000 error=0 path="PCOM.DLL"
2026-08-28 08:22:41.560 [seq=54] [tid=8696] CreateFileMappingA input=00000650 result=0000068C err=0 name=(null) file=\\?\UNC\psf\Home\Documents\mxd\BeiDou-Server\clien\Data\UI\Basic.img
2026-08-28 08:22:41.564 [seq=55] [tid=8696] MapViewOfFile mapping=0000068C result=0FEA0000 err=0 access=0x00000004 offset=0:0 bytes=0
2026-08-28 08:22:41.574 [seq=56] [tid=8696] event=resource_open api=fopen status=ok stream=7634C660 mode=rb path="C:\Mac\Home\Documents\mxd\BeiDou-Server\clien\List.wz"
2026-08-28 08:22:41.590 [seq=57] [tid=8696] event=module_load api=LoadLibraryA status=ok module=50C00000 error=0 path="PCOM.DLL"
2026-08-28 08:22:41.608 [seq=58] [tid=8696] event=resource_open api=fopen status=ok stream=7634C660 mode=rb path="C:\Mac\Home\Documents\mxd\BeiDou-Server\clien\List.wz"
2026-08-28 08:22:42.063 [seq=59] [tid=4800] event=health cpu_core_pct=24.6 working_set_mb=56 commit_mb=44 handles=410 gdi=15 user=22 window=responsive last_resource="(none)" resource_offset=0 resource_bytes=0 resource_age_ms=0
2026-08-28 08:22:42.296 [seq=60] [tid=8696] event=module_load api=LoadLibraryA status=ok module=51800000 error=0 path="C:/Mac/Home/Documents/mxd/BeiDou-Server/clien/SOUND_DX8.DLL"
2026-08-28 08:22:42.304 [seq=61] [tid=8696] event=hook_summary total=4 CreateFileW=0 CreateFileA=0 _lopen=0 FindFirstFileA=0 GetProcAddress=0 Mapping=1/1/1 ReadFile=0 CloseHandle=0 ExceptionFilter=0 Exit=0/0 LoadLibrary=0/1/0 MessageBox=0/0 fopen=0 fread=0 module="C:\Mac\Home\Documents\mxd\BeiDou-Server\clien\SOUND_DX8.DLL"
2026-08-28 08:22:42.378 [seq=62] [tid=8696] event=module_load api=LoadLibraryA status=ok module=0FF60000 error=0 path="C:\Mac\Home\Documents\mxd\BeiDou-Server\clien\l3codeca.acm"
2026-08-28 08:22:42.393 [seq=63] [tid=8696] event=hook_summary total=5 CreateFileW=0 CreateFileA=0 _lopen=0 FindFirstFileA=0 GetProcAddress=0 Mapping=0/0/0 ReadFile=0 CloseHandle=1 ExceptionFilter=1 Exit=1/1 LoadLibrary=0/1/0 MessageBox=0/0 fopen=0 fread=0 module="C:\Mac\Home\Documents\mxd\BeiDou-Server\clien\l3codeca.acm"
2026-08-28 08:22:42.812 [seq=64] [tid=8696] CreateFileMappingA input=000007C0 result=000007C4 err=0 name=(null) file=\\?\UNC\psf\Home\Documents\mxd\BeiDou-Server\clien\Data\String\Map.img
2026-08-28 08:22:42.816 [seq=65] [tid=8696] MapViewOfFile mapping=000007C4 result=12F90000 err=0 access=0x00000004 offset=0:0 bytes=0
2026-08-28 08:22:43.187 [seq=66] [tid=4800] event=health cpu_core_pct=47.2 working_set_mb=62 commit_mb=48 handles=496 gdi=15 user=23 window=hung last_resource="(none)" resource_offset=0 resource_bytes=0 resource_age_ms=0
2026-08-28 08:22:44.901 [seq=67] [tid=4800] event=health cpu_core_pct=66.6 working_set_mb=67 commit_mb=53 handles=496 gdi=15 user=23 window=hung last_resource="(none)" resource_offset=0 resource_bytes=0 resource_age_ms=0
2026-08-28 08:22:46.057 [seq=68] [tid=8696] CreateFileMappingA input=000007C0 result=000007C4 err=0 name=(null) file=\\?\UNC\psf\Home\Documents\mxd\BeiDou-Server\clien\Data\String\Eqp.img
2026-08-28 08:22:46.064 [seq=69] [tid=8696] MapViewOfFile mapping=000007C4 result=13C10000 err=0 access=0x00000004 offset=0:0 bytes=0
2026-08-28 08:22:46.657 [seq=70] [tid=4800] event=health cpu_core_pct=71.0 working_set_mb=71 commit_mb=57 handles=496 gdi=15 user=23 window=hung last_resource="(none)" resource_offset=0 resource_bytes=0 resource_age_ms=0
2026-08-28 08:22:48.529 [seq=71] [tid=4800] event=health cpu_core_pct=70.8 working_set_mb=76 commit_mb=61 handles=496 gdi=15 user=23 window=hung last_resource="(none)" resource_offset=0 resource_bytes=0 resource_age_ms=0
2026-08-28 08:22:48.532 [seq=72] [tid=4800] event=hang_detected reason=window_unresponsive
2026-08-28 08:22:50.004 [seq=73] [tid=4800] event=dump status=ok reason=hang error=0 path="C:\Mac\Home\Documents\mxd\BeiDou-Server\clien\diagnostics\hang-20260828-082236-pid8156-6892406.dmp"
2026-08-28 08:22:51.803 [seq=74] [tid=4800] event=health cpu_core_pct=63.1 working_set_mb=91 commit_mb=70 handles=528 gdi=15 user=23 window=hung last_resource="(none)" resource_offset=0 resource_bytes=0 resource_age_ms=0
2026-08-28 08:22:53.584 [seq=75] [tid=4800] event=health cpu_core_pct=73.6 working_set_mb=103 commit_mb=82 handles=528 gdi=15 user=23 window=hung last_resource="(none)" resource_offset=0 resource_bytes=0 resource_age_ms=0
2026-08-28 08:22:55.247 [seq=76] [tid=4800] event=health cpu_core_pct=95.2 working_set_mb=119 commit_mb=98 handles=528 gdi=15 user=23 window=hung last_resource="(none)" resource_offset=0 resource_bytes=0 resource_age_ms=0
2026-08-28 08:22:57.169 [seq=77] [tid=4800] event=health cpu_core_pct=81.2 working_set_mb=128 commit_mb=106 handles=528 gdi=15 user=23 window=hung last_resource="(none)" resource_offset=0 resource_bytes=0 resource_age_ms=0
2026-08-28 08:22:57.194 [seq=78] [tid=4800] event=hang_detected reason=sustained_high_cpu
2026-08-28 08:23:01.407 [seq=79] [tid=4800] event=dump status=ok reason=high-cpu error=0 path="C:\Mac\Home\Documents\mxd\BeiDou-Server\clien\diagnostics\high-cpu-20260828-082236-pid8156-6901093.dmp"
2026-08-28 08:23:01.443 [seq=80] [tid=8696] CreateFileMappingA input=000007D4 result=00000930 err=0 name=(null) file=\\?\UNC\psf\Home\Documents\mxd\BeiDou-Server\clien\Data\String\Consume.img
2026-08-28 08:23:01.448 [seq=81] [tid=8696] MapViewOfFile mapping=00000930 result=12F90000 err=0 access=0x00000004 offset=0:0 bytes=0
2026-08-28 08:23:02.799 [seq=82] [tid=4800] event=health cpu_core_pct=33.9 working_set_mb=127 commit_mb=108 handles=530 gdi=15 user=23 window=hung last_resource="(none)" resource_offset=0 resource_bytes=0 resource_age_ms=0
2026-08-28 08:23:04.564 [seq=83] [tid=4800] event=health cpu_core_pct=33.6 working_set_mb=127 commit_mb=108 handles=528 gdi=15 user=23 window=hung last_resource="(none)" resource_offset=0 resource_bytes=0 resource_age_ms=0
2026-08-28 08:23:04.727 [seq=84] [tid=8696] CreateFileMappingA input=000007D4 result=00000930 err=0 name=(null) file=\\?\UNC\psf\Home\Documents\mxd\BeiDou-Server\clien\Data\String\Ins.img
2026-08-28 08:23:04.949 [seq=85] [tid=8696] MapViewOfFile mapping=00000930 result=0FEA0000 err=0 access=0x00000004 offset=0:0 bytes=0
2026-08-28 08:23:05.495 [seq=86] [tid=8696] CreateFileMappingA input=000007D4 result=00000930 err=0 name=(null) file=\\?\UNC\psf\Home\Documents\mxd\BeiDou-Server\clien\Data\String\Cash.img
2026-08-28 08:23:05.500 [seq=87] [tid=8696] MapViewOfFile mapping=00000930 result=0FEA0000 err=0 access=0x00000004 offset=0:0 bytes=0
2026-08-28 08:23:05.734 [seq=88] [tid=8696] CreateFileMappingA input=00000958 result=000007D4 err=0 name=(null) file=\\?\UNC\psf\Home\Documents\mxd\BeiDou-Server\clien\Data\String\Pet.img
2026-08-28 08:23:05.740 [seq=89] [tid=8696] MapViewOfFile mapping=000007D4 result=0FEA0000 err=0 access=0x00000004 offset=0:0 bytes=0
2026-08-28 08:23:05.926 [seq=90] [tid=4800] event=health cpu_core_pct=40.5 working_set_mb=127 commit_mb=108 handles=530 gdi=15 user=23 window=hung last_resource="(none)" resource_offset=0 resource_bytes=0 resource_age_ms=0
2026-08-28 08:23:06.333 [seq=91] [tid=8696] CreateFileMappingA input=00000958 result=000007D4 err=0 name=(null) file=\\?\UNC\psf\Home\Documents\mxd\BeiDou-Server\clien\Data\String\Etc.img
2026-08-28 08:23:06.336 [seq=92] [tid=8696] MapViewOfFile mapping=000007D4 result=12F90000 err=0 access=0x00000004 offset=0:0 bytes=0
2026-08-28 08:23:07.478 [seq=93] [tid=8696] CreateFileMappingA input=00000818 result=00000964 err=0 name=(null) file=\\?\UNC\psf\Home\Documents\mxd\BeiDou-Server\clien\Data\Effect\SetEff.img
2026-08-28 08:23:07.481 [seq=94] [tid=8696] MapViewOfFile mapping=00000964 result=18AE0000 err=0 access=0x00000004 offset=0:0 bytes=0
2026-08-28 08:23:07.517 [seq=95] [tid=8696] CreateFileMappingA input=000007D4 result=00000348 err=0 name=(null) file=\\?\UNC\psf\Home\Documents\mxd\BeiDou-Server\clien\Data\Etc\ScanBlock.img
2026-08-28 08:23:07.521 [seq=96] [tid=8696] MapViewOfFile mapping=00000348 result=0FEC0000 err=0 access=0x00000004 offset=0:0 bytes=0
2026-08-28 08:23:07.529 [seq=97] [tid=8696] CreateFileMappingA input=00000844 result=0000093C err=0 name=(null) file=\\?\UNC\psf\Home\Documents\mxd\BeiDou-Server\clien\Data\String\Eqp.img
2026-08-28 08:23:07.534 [seq=98] [tid=8696] MapViewOfFile mapping=0000093C result=18E50000 err=0 access=0x00000004 offset=0:0 bytes=0
2026-08-28 08:23:07.689 [seq=99] [tid=4800] event=health cpu_core_pct=73.0 working_set_mb=131 commit_mb=112 handles=547 gdi=15 user=23 window=hung last_resource="(none)" resource_offset=0 resource_bytes=0 resource_age_ms=0
2026-08-28 08:23:09.180 [seq=100] [tid=4800] event=health cpu_core_pct=71.8 working_set_mb=132 commit_mb=112 handles=545 gdi=15 user=23 window=hung last_resource="(none)" resource_offset=0 resource_bytes=0 resource_age_ms=0
2026-08-28 08:23:11.055 [seq=101] [tid=4800] event=health cpu_core_pct=78.1 working_set_mb=133 commit_mb=113 handles=545 gdi=15 user=23 window=hung last_resource="(none)" resource_offset=0 resource_bytes=0 resource_age_ms=0
2026-08-28 08:23:12.758 [seq=102] [tid=4800] event=health cpu_core_pct=82.7 working_set_mb=133 commit_mb=114 handles=545 gdi=15 user=23 window=hung last_resource="(none)" resource_offset=0 resource_bytes=0 resource_age_ms=0
2026-08-28 08:23:14.366 [seq=103] [tid=4800] event=health cpu_core_pct=75.4 working_set_mb=134 commit_mb=114 handles=545 gdi=15 user=23 window=hung last_resource="(none)" resource_offset=0 resource_bytes=0 resource_age_ms=0
2026-08-28 08:23:16.128 [seq=104] [tid=4800] event=health cpu_core_pct=90.2 working_set_mb=135 commit_mb=115 handles=545 gdi=15 user=23 window=hung last_resource="(none)" resource_offset=0 resource_bytes=0 resource_age_ms=0
2026-08-28 08:23:18.009 [seq=105] [tid=4800] event=health cpu_core_pct=90.8 working_set_mb=136 commit_mb=115 handles=545 gdi=15 user=23 window=hung last_resource="(none)" resource_offset=0 resource_bytes=0 resource_age_ms=0
2026-08-28 08:23:19.852 [seq=106] [tid=4800] event=health cpu_core_pct=89.8 working_set_mb=137 commit_mb=115 handles=545 gdi=15 user=23 window=hung last_resource="(none)" resource_offset=0 resource_bytes=0 resource_age_ms=0
2026-08-28 08:23:21.638 [seq=107] [tid=4800] event=health cpu_core_pct=88.6 working_set_mb=138 commit_mb=116 handles=545 gdi=15 user=23 window=hung last_resource="(none)" resource_offset=0 resource_bytes=0 resource_age_ms=0
2026-08-28 08:23:23.530 [seq=108] [tid=4800] event=health cpu_core_pct=86.0 working_set_mb=138 commit_mb=117 handles=545 gdi=15 user=23 window=hung last_resource="(none)" resource_offset=0 resource_bytes=0 resource_age_ms=0
2026-08-28 08:23:24.950 [seq=109] [tid=8696] CreateFileMappingA input=00000848 result=00000850 err=0 name=(null) file=\\?\UNC\psf\Home\Documents\mxd\BeiDou-Server\clien\Data\String\Consume.img
2026-08-28 08:23:24.958 [seq=110] [tid=8696] MapViewOfFile mapping=00000850 result=12F90000 err=0 access=0x00000004 offset=0:0 bytes=0
2026-08-28 08:23:25.179 [seq=111] [tid=4800] event=health cpu_core_pct=77.1 working_set_mb=139 commit_mb=117 handles=547 gdi=15 user=23 window=hung last_resource="(none)" resource_offset=0 resource_bytes=0 resource_age_ms=0
2026-08-28 08:23:26.032 [seq=112] [tid=8696] CreateFileMappingA input=00000848 result=00000850 err=0 name=(null) file=\\?\UNC\psf\Home\Documents\mxd\BeiDou-Server\clien\Data\String\Ins.img
2026-08-28 08:23:26.036 [seq=113] [tid=8696] MapViewOfFile mapping=00000850 result=0FEC0000 err=0 access=0x00000004 offset=0:0 bytes=0
2026-08-28 08:23:26.175 [seq=114] [tid=8696] CreateFileMappingA input=00000918 result=00000348 err=0 name=(null) file=\\?\UNC\psf\Home\Documents\mxd\BeiDou-Server\clien\Data\String\Cash.img
2026-08-28 08:23:26.177 [seq=115] [tid=8696] MapViewOfFile mapping=00000348 result=0FEC0000 err=0 access=0x00000004 offset=0:0 bytes=0
2026-08-28 08:23:26.476 [seq=116] [tid=8696] CreateFileMappingA input=0000084C result=000007F0 err=0 name=(null) file=\\?\UNC\psf\Home\Documents\mxd\BeiDou-Server\clien\Data\String\Pet.img
2026-08-28 08:23:26.483 [seq=117] [tid=8696] MapViewOfFile mapping=000007F0 result=12F90000 err=0 access=0x00000004 offset=0:0 bytes=0
2026-08-28 08:23:26.577 [seq=118] [tid=4800] event=health cpu_core_pct=75.5 working_set_mb=136 commit_mb=116 handles=545 gdi=15 user=23 window=hung last_resource="(none)" resource_offset=0 resource_bytes=0 resource_age_ms=0
2026-08-28 08:23:26.826 [seq=119] [tid=8696] CreateFileMappingA input=0000084C result=000007F0 err=0 name=(null) file=\\?\UNC\psf\Home\Documents\mxd\BeiDou-Server\clien\Data\String\Etc.img
2026-08-28 08:23:26.830 [seq=120] [tid=8696] MapViewOfFile mapping=000007F0 result=12F90000 err=0 access=0x00000004 offset=0:0 bytes=0
2026-08-28 08:23:27.545 [seq=121] [tid=8696] CreateFileMappingA input=00000908 result=000008F8 err=0 name=(null) file=\\?\UNC\psf\Home\Documents\mxd\BeiDou-Server\clien\Data\Item\Cash\0524.img
2026-08-28 08:23:27.557 [seq=122] [tid=8696] MapViewOfFile mapping=000008F8 result=0FEC0000 err=0 access=0x00000004 offset=0:0 bytes=0
2026-08-28 08:23:27.593 [seq=123] [tid=8696] CreateFileMappingA input=00000940 result=0000068C err=0 name=(null) file=\\?\UNC\psf\Home\Documents\mxd\BeiDou-Server\clien\Data\Item\Cash\0530.img
2026-08-28 08:23:27.600 [seq=124] [tid=8696] MapViewOfFile mapping=0000068C result=12C90000 err=0 access=0x00000004 offset=0:0 bytes=0
2026-08-28 08:23:27.622 [seq=125] [tid=8696] CreateFileMappingA input=0000080C result=0000081C err=0 name=(null) file=\\?\UNC\psf\Home\Documents\mxd\BeiDou-Server\clien\Data\Item\Cash\0518.img
2026-08-28 08:23:27.706 [seq=126] [tid=8696] MapViewOfFile mapping=0000081C result=12F90000 err=0 access=0x00000004 offset=0:0 bytes=0
2026-08-28 08:23:27.753 [seq=127] [tid=8696] CreateFileMappingA input=0000093C result=000008B0 err=0 name=(null) file=\\?\UNC\psf\Home\Documents\mxd\BeiDou-Server\clien\Data\Item\Cash\0519.img
2026-08-28 08:23:27.767 [seq=128] [tid=8696] MapViewOfFile mapping=000008B0 result=12FA0000 err=0 access=0x00000004 offset=0:0 bytes=0
2026-08-28 08:23:27.790 [seq=129] [tid=8696] CreateFileMappingA input=000007F0 result=00000830 err=0 name=(null) file=\\?\UNC\psf\Home\Documents\mxd\BeiDou-Server\clien\Data\Item\Cash\0525.img
2026-08-28 08:23:27.793 [seq=130] [tid=8696] MapViewOfFile mapping=00000830 result=12FB0000 err=0 access=0x00000004 offset=0:0 bytes=0
2026-08-28 08:23:27.806 [seq=131] [tid=8696] CreateFileMappingA input=0000082C result=00000918 err=0 name=(null) file=\\?\UNC\psf\Home\Documents\mxd\BeiDou-Server\clien\Data\Item\Cash\0533.img
2026-08-28 08:23:27.810 [seq=132] [tid=8696] MapViewOfFile mapping=00000918 result=12FC0000 err=0 access=0x00000004 offset=0:0 bytes=0
2026-08-28 08:23:27.819 [seq=133] [tid=8696] CreateFileMappingA input=00000650 result=000007DC err=0 name=(null) file=\\?\UNC\psf\Home\Documents\mxd\BeiDou-Server\clien\Data\Item\Cash\0536.img
2026-08-28 08:23:27.823 [seq=134] [tid=8696] MapViewOfFile mapping=000007DC result=12FD0000 err=0 access=0x00000004 offset=0:0 bytes=0
2026-08-28 08:23:27.847 [seq=135] [tid=8696] CreateFileMappingA input=000007D8 result=000008F4 err=0 name=(null) file=\\?\UNC\psf\Home\Documents\mxd\BeiDou-Server\clien\Data\Item\Cash\0522.img
2026-08-28 08:23:27.851 [seq=136] [tid=8696] MapViewOfFile mapping=000008F4 result=13E40000 err=0 access=0x00000004 offset=0:0 bytes=0
2026-08-28 08:23:27.863 [seq=137] [tid=8696] CreateFileMappingA input=00000348 result=00000958 err=0 name=(null) file=\\?\UNC\psf\Home\Documents\mxd\BeiDou-Server\clien\Data\Item\Cash\0523.img
2026-08-28 08:23:27.866 [seq=138] [tid=8696] MapViewOfFile mapping=00000958 result=13E50000 err=0 access=0x00000004 offset=0:0 bytes=0
2026-08-28 08:23:27.875 [seq=139] [tid=8696] CreateFileMappingA input=0000084C result=0000090C err=0 name=(null) file=\\?\UNC\psf\Home\Documents\mxd\BeiDou-Server\clien\Data\Item\Cash\0537.img
2026-08-28 08:23:27.878 [seq=140] [tid=8696] MapViewOfFile mapping=0000090C result=13E60000 err=0 access=0x00000004 offset=0:0 bytes=0
2026-08-28 08:23:27.888 [seq=141] [tid=8696] CreateFileMappingA input=000007E0 result=00000804 err=0 name=(null) file=\\?\UNC\psf\Home\Documents\mxd\BeiDou-Server\clien\Data\Item\Cash\0509.img
2026-08-28 08:23:27.891 [seq=142] [tid=8696] MapViewOfFile mapping=00000804 result=14FB0000 err=0 access=0x00000004 offset=0:0 bytes=0
2026-08-28 08:23:27.901 [seq=143] [tid=8696] CreateFileMappingA input=000008CC result=000007E4 err=0 name=(null) file=\\?\UNC\psf\Home\Documents\mxd\BeiDou-Server\clien\Data\Item\Cash\0521.img
2026-08-28 08:23:27.904 [seq=144] [tid=8696] MapViewOfFile mapping=000007E4 result=14FC0000 err=0 access=0x00000004 offset=0:0 bytes=0
2026-08-28 08:23:27.917 [seq=145] [tid=8696] CreateFileMappingA input=000007D4 result=000008F0 err=0 name=(null) file=\\?\UNC\psf\Home\Documents\mxd\BeiDou-Server\clien\Data\Item\Cash\0520.img
2026-08-28 08:23:27.920 [seq=146] [tid=8696] MapViewOfFile mapping=000008F0 result=178E0000 err=0 access=0x00000004 offset=0:0 bytes=0
2026-08-28 08:23:27.947 [seq=147] [tid=8696] CreateFileMappingA input=00000904 result=000008C8 err=0 name=(null) file=\\?\UNC\psf\Home\Documents\mxd\BeiDou-Server\clien\Data\Item\Cash\0508.img
2026-08-28 08:23:27.966 [seq=148] [tid=8696] MapViewOfFile mapping=000008C8 result=178F0000 err=0 access=0x00000004 offset=0:0 bytes=0
2026-08-28 08:23:27.985 [seq=149] [tid=8696] CreateFileMappingA input=00000914 result=00000828 err=0 name=(null) file=\\?\UNC\psf\Home\Documents\mxd\BeiDou-Server\clien\Data\Item\Cash\0547.img
2026-08-28 08:23:27.990 [seq=150] [tid=8696] MapViewOfFile mapping=00000828 result=17900000 err=0 access=0x00000004 offset=0:0 bytes=0
2026-08-28 08:23:28.002 [seq=151] [tid=8696] CreateFileMappingA input=000007F4 result=00000820 err=0 name=(null) file=\\?\UNC\psf\Home\Documents\mxd\BeiDou-Server\clien\Data\Item\Cash\0553.img
2026-08-28 08:23:28.005 [seq=152] [tid=8696] MapViewOfFile mapping=00000820 result=17910000 err=0 access=0x00000004 offset=0:0 bytes=0
2026-08-28 08:23:28.017 [seq=153] [tid=8696] CreateFileMappingA input=00000838 result=00000824 err=0 name=(null) file=\\?\UNC\psf\Home\Documents\mxd\BeiDou-Server\clien\Data\Item\Cash\0552.img
2026-08-28 08:23:28.019 [seq=154] [tid=8696] MapViewOfFile mapping=00000824 result=17920000 err=0 access=0x00000004 offset=0:0 bytes=0
2026-08-28 08:23:28.028 [seq=155] [tid=8696] CreateFileMappingA input=000007F8 result=00000850 err=0 name=(null) file=\\?\UNC\psf\Home\Documents\mxd\BeiDou-Server\clien\Data\Item\Cash\0546.img
2026-08-28 08:23:28.034 [seq=156] [tid=8696] MapViewOfFile mapping=00000850 result=17930000 err=0 access=0x00000004 offset=0:0 bytes=0
2026-08-28 08:23:28.042 [seq=157] [tid=8696] CreateFileMappingA input=00000814 result=00000808 err=0 name=(null) file=\\?\UNC\psf\Home\Documents\mxd\BeiDou-Server\clien\Data\Item\Cash\0550.img
2026-08-28 08:23:28.045 [seq=158] [tid=8696] MapViewOfFile mapping=00000808 result=17940000 err=0 access=0x00000004 offset=0:0 bytes=0
2026-08-28 08:23:28.060 [seq=159] [tid=8696] CreateFileMappingA input=000008A8 result=000008E0 err=0 name=(null) file=\\?\UNC\psf\Home\Documents\mxd\BeiDou-Server\clien\Data\Item\Cash\0545.img
2026-08-28 08:23:28.065 [seq=160] [tid=8696] MapViewOfFile mapping=000008E0 result=17950000 err=0 access=0x00000004 offset=0:0 bytes=0
2026-08-28 08:23:28.081 [seq=161] [tid=8696] CreateFileMappingA input=00000984 result=00000988 err=0 name=(null) file=\\?\UNC\psf\Home\Documents\mxd\BeiDou-Server\clien\Data\Item\Cash\0551.img
2026-08-28 08:23:28.086 [seq=162] [tid=8696] MapViewOfFile mapping=00000988 result=17960000 err=0 access=0x00000004 offset=0:0 bytes=0
2026-08-28 08:23:28.101 [seq=163] [tid=8696] CreateFileMappingA input=00000980 result=00000834 err=0 name=(null) file=\\?\UNC\psf\Home\Documents\mxd\BeiDou-Server\clien\Data\Item\Cash\0555.img
2026-08-28 08:23:28.103 [seq=164] [tid=8696] MapViewOfFile mapping=00000834 result=17970000 err=0 access=0x00000004 offset=0:0 bytes=0
2026-08-28 08:23:28.118 [seq=165] [tid=8696] CreateFileMappingA input=000007FC result=0000098C err=0 name=(null) file=\\?\UNC\psf\Home\Documents\mxd\BeiDou-Server\clien\Data\Item\Cash\0540.img
2026-08-28 08:23:28.123 [seq=166] [tid=8696] MapViewOfFile mapping=0000098C result=17980000 err=0 access=0x00000004 offset=0:0 bytes=0
2026-08-28 08:23:28.135 [seq=167] [tid=8696] CreateFileMappingA input=00000848 result=00000990 err=0 name=(null) file=\\?\UNC\psf\Home\Documents\mxd\BeiDou-Server\clien\Data\Item\Cash\0542.img
2026-08-28 08:23:28.139 [seq=168] [tid=8696] MapViewOfFile mapping=00000990 result=17990000 err=0 access=0x00000004 offset=0:0 bytes=0
2026-08-28 08:23:28.149 [seq=169] [tid=8696] CreateFileMappingA input=00000844 result=000007EC err=0 name=(null) file=\\?\UNC\psf\Home\Documents\mxd\BeiDou-Server\clien\Data\Item\Cash\0557.img
2026-08-28 08:23:28.152 [seq=170] [tid=8696] MapViewOfFile mapping=000007EC result=179A0000 err=0 access=0x00000004 offset=0:0 bytes=0
2026-08-28 08:23:28.159 [seq=171] [tid=8696] CreateFileMappingA input=00000964 result=00000818 err=0 name=(null) file=\\?\UNC\psf\Home\Documents\mxd\BeiDou-Server\clien\Data\Item\Cash\0543.img
2026-08-28 08:23:28.162 [seq=172] [tid=8696] MapViewOfFile mapping=00000818 result=179B0000 err=0 access=0x00000004 offset=0:0 bytes=0
2026-08-28 08:23:28.168 [seq=173] [tid=8696] CreateFileMappingA input=00000954 result=00000994 err=0 name=(null) file=\\?\UNC\psf\Home\Documents\mxd\BeiDou-Server\clien\Data\Item\Cash\0599.img
2026-08-28 08:23:28.172 [seq=174] [tid=8696] MapViewOfFile mapping=00000994 result=179C0000 err=0 access=0x00000004 offset=0:0 bytes=0
2026-08-28 08:23:28.180 [seq=175] [tid=8696] CreateFileMappingA input=00000928 result=0000095C err=0 name=(null) file=\\?\UNC\psf\Home\Documents\mxd\BeiDou-Server\clien\Data\Item\Cash\0559.img
2026-08-28 08:23:28.183 [seq=176] [tid=8696] MapViewOfFile mapping=0000095C result=179D0000 err=0 access=0x00000004 offset=0:0 bytes=0
2026-08-28 08:23:28.193 [seq=177] [tid=8696] CreateFileMappingA input=000007D0 result=0000091C err=0 name=(null) file=\\?\UNC\psf\Home\Documents\mxd\BeiDou-Server\clien\Data\Item\Cash\0561.img
2026-08-28 08:23:28.197 [seq=178] [tid=8696] MapViewOfFile mapping=0000091C result=179E0000 err=0 access=0x00000004 offset=0:0 bytes=0
2026-08-28 08:23:28.248 [seq=179] [tid=8696] CreateFileMappingA input=00000920 result=000007E8 err=0 name=(null) file=\\?\UNC\psf\Home\Documents\mxd\BeiDou-Server\clien\Data\Item\Cash\0549.img
2026-08-28 08:23:28.279 [seq=180] [tid=8696] MapViewOfFile mapping=000007E8 result=179F0000 err=0 access=0x00000004 offset=0:0 bytes=0
2026-08-28 08:23:28.319 [seq=181] [tid=8696] CreateFileMappingA input=00000998 result=000009A4 err=0 name=(null) file=\\?\UNC\psf\Home\Documents\mxd\BeiDou-Server\clien\Data\Item\Cash\0505.img
2026-08-28 08:23:28.327 [seq=182] [tid=8696] MapViewOfFile mapping=000009A4 result=17A00000 err=0 access=0x00000004 offset=0:0 bytes=0
2026-08-28 08:23:28.357 [seq=183] [tid=8696] CreateFileMappingA input=00000810 result=000009A0 err=0 name=(null) file=\\?\UNC\psf\Home\Documents\mxd\BeiDou-Server\clien\Data\Item\Cash\0511.img
2026-08-28 08:23:28.365 [seq=184] [tid=8696] MapViewOfFile mapping=000009A0 result=17A10000 err=0 access=0x00000004 offset=0:0 bytes=0
2026-08-28 08:23:28.385 [seq=185] [tid=8696] CreateFileMappingA input=000009A8 result=000009AC err=0 name=(null) file=\\?\UNC\psf\Home\Documents\mxd\BeiDou-Server\clien\Data\Item\Cash\0539.img
2026-08-28 08:23:28.395 [seq=186] [tid=8696] MapViewOfFile mapping=000009AC result=17A20000 err=0 access=0x00000004 offset=0:0 bytes=0
2026-08-28 08:23:28.418 [seq=187] [tid=8696] CreateFileMappingA input=00000924 result=000009B4 err=0 name=(null) file=\\?\UNC\psf\Home\Documents\mxd\BeiDou-Server\clien\Data\Item\Cash\0538.img
2026-08-28 08:23:28.425 [seq=188] [tid=8696] MapViewOfFile mapping=000009B4 result=17A30000 err=0 access=0x00000004 offset=0:0 bytes=0
2026-08-28 08:23:28.439 [seq=189] [tid=8696] CreateFileMappingA input=000008D0 result=000009B8 err=0 name=(null) file=\\?\UNC\psf\Home\Documents\mxd\BeiDou-Server\clien\Data\Item\Cash\0510.img
2026-08-28 08:23:28.444 [seq=190] [tid=8696] MapViewOfFile mapping=000009B8 result=17A40000 err=0 access=0x00000004 offset=0:0 bytes=0
2026-08-28 08:23:28.456 [seq=191] [tid=8696] CreateFileMappingA input=00000944 result=000008D8 err=0 name=(null) file=\\?\UNC\psf\Home\Documents\mxd\BeiDou-Server\clien\Data\Item\Cash\0504.img
2026-08-28 08:23:28.461 [seq=192] [tid=8696] MapViewOfFile mapping=000008D8 result=17A50000 err=0 access=0x00000004 offset=0:0 bytes=0
2026-08-28 08:23:28.480 [seq=193] [tid=8696] CreateFileMappingA input=000009C4 result=000009BC err=0 name=(null) file=\\?\UNC\psf\Home\Documents\mxd\BeiDou-Server\clien\Data\Item\Cash\0512.img
2026-08-28 08:23:28.501 [seq=194] [tid=8696] MapViewOfFile mapping=000009BC result=17A60000 err=0 access=0x00000004 offset=0:0 bytes=0
2026-08-28 08:23:28.541 [seq=195] [tid=8696] CreateFileMappingA input=000009C8 result=00000900 err=0 name=(null) file=\\?\UNC\psf\Home\Documents\mxd\BeiDou-Server\clien\Data\Item\Cash\0506.img
2026-08-28 08:23:28.559 [seq=196] [tid=8696] MapViewOfFile mapping=00000900 result=17A70000 err=0 access=0x00000004 offset=0:0 bytes=0
2026-08-28 08:23:28.625 [seq=197] [tid=8696] CreateFileMappingA input=00000934 result=0000092C err=0 name=(null) file=\\?\UNC\psf\Home\Documents\mxd\BeiDou-Server\clien\Data\Item\Cash\0507.img
2026-08-28 08:23:28.630 [seq=198] [tid=8696] MapViewOfFile mapping=0000092C result=17A80000 err=0 access=0x00000004 offset=0:0 bytes=0
2026-08-28 08:23:28.652 [seq=199] [tid=8696] CreateFileMappingA input=000009CC result=000009D0 err=0 name=(null) file=\\?\UNC\psf\Home\Documents\mxd\BeiDou-Server\clien\Data\Item\Cash\0513.img
2026-08-28 08:23:28.656 [seq=200] [tid=8696] MapViewOfFile mapping=000009D0 result=17A90000 err=0 access=0x00000004 offset=0:0 bytes=0
2026-08-28 08:23:28.678 [seq=201] [tid=8696] CreateFileMappingA input=000009C0 result=0000099C err=0 name=(null) file=\\?\UNC\psf\Home\Documents\mxd\BeiDou-Server\clien\Data\Item\Cash\0517.img
2026-08-28 08:23:28.689 [seq=202] [tid=8696] MapViewOfFile mapping=0000099C result=17AA0000 err=0 access=0x00000004 offset=0:0 bytes=0
2026-08-28 08:23:28.701 [seq=203] [tid=8696] CreateFileMappingA input=000009D8 result=000009D4 err=0 name=(null) file=\\?\UNC\psf\Home\Documents\mxd\BeiDou-Server\clien\Data\Item\Cash\0503.img
2026-08-28 08:23:28.704 [seq=204] [tid=8696] MapViewOfFile mapping=000009D4 result=18AE0000 err=0 access=0x00000004 offset=0:0 bytes=0
2026-08-28 08:23:28.778 [seq=205] [tid=8696] CreateFileMappingA input=000009E4 result=000009E0 err=0 name=(null) file=\\?\UNC\psf\Home\Documents\mxd\BeiDou-Server\clien\Data\Item\Cash\0502.img
2026-08-28 08:23:28.893 [seq=206] [tid=8696] MapViewOfFile mapping=000009E0 result=18B50000 err=0 access=0x00000004 offset=0:0 bytes=0
2026-08-28 08:23:28.944 [seq=207] [tid=8696] CreateFileMappingA input=000009F0 result=000009EC err=0 name=(null) file=\\?\UNC\psf\Home\Documents\mxd\BeiDou-Server\clien\Data\Item\Cash\0516.img
2026-08-28 08:23:28.955 [seq=208] [tid=8696] MapViewOfFile mapping=000009EC result=17AB0000 err=0 access=0x00000004 offset=0:0 bytes=0
2026-08-28 08:23:29.005 [seq=209] [tid=4800] event=health cpu_core_pct=29.2 working_set_mb=137 commit_mb=117 handles=631 gdi=15 user=23 window=hung last_resource="(none)" resource_offset=0 resource_bytes=0 resource_age_ms=0
2026-08-28 08:23:29.054 [seq=210] [tid=8696] CreateFileMappingA input=00000A18 result=00000A14 err=0 name=(null) file=\\?\UNC\psf\Home\Documents\mxd\BeiDou-Server\clien\Data\Item\Cash\0514.img
2026-08-28 08:23:29.057 [seq=211] [tid=8696] MapViewOfFile mapping=00000A14 result=17AC0000 err=0 access=0x00000004 offset=0:0 bytes=0
2026-08-28 08:23:29.067 [seq=212] [tid=8696] CreateFileMappingA input=00000A20 result=00000A24 err=0 name=(null) file=\\?\UNC\psf\Home\Documents\mxd\BeiDou-Server\clien\Data\Item\Cash\0515.img
2026-08-28 08:23:29.071 [seq=213] [tid=8696] MapViewOfFile mapping=00000A24 result=17AD0000 err=0 access=0x00000004 offset=0:0 bytes=0
2026-08-28 08:23:29.130 [seq=214] [tid=8696] CreateFileMappingA input=00000A30 result=00000A28 err=0 name=(null) file=\\?\UNC\psf\Home\Documents\mxd\BeiDou-Server\clien\Data\Item\Cash\0501.img
2026-08-28 08:23:29.135 [seq=215] [tid=8696] MapViewOfFile mapping=00000A28 result=18C60000 err=0 access=0x00000004 offset=0:0 bytes=0
2026-08-28 08:23:29.174 [seq=216] [tid=8696] CreateFileMappingA input=00000A00 result=00000A2C err=0 name=(null) file=\\?\UNC\psf\Home\Documents\mxd\BeiDou-Server\clien\Data\Item\Cash\0529.img
2026-08-28 08:23:29.180 [seq=217] [tid=8696] MapViewOfFile mapping=00000A2C result=17B00000 err=0 access=0x00000004 offset=0:0 bytes=0
2026-08-28 08:23:29.226 [seq=218] [tid=8696] CreateFileMappingA input=00000A30 result=00000A08 err=0 name=(null) file=\\?\UNC\psf\Home\Documents\mxd\BeiDou-Server\clien\Data\Item\Consume\0227.img
2026-08-28 08:23:29.229 [seq=219] [tid=8696] MapViewOfFile mapping=00000A08 result=0FEC0000 err=0 access=0x00000004 offset=0:0 bytes=0
2026-08-28 08:23:29.285 [seq=220] [tid=8696] CreateFileMappingA input=000009E4 result=000009E0 err=0 name=(null) file=\\?\UNC\psf\Home\Documents\mxd\BeiDou-Server\clien\Data\Item\Consume\0243.img
2026-08-28 08:23:29.288 [seq=221] [tid=8696] MapViewOfFile mapping=000009E0 result=12F90000 err=0 access=0x00000004 offset=0:0 bytes=0
2026-08-28 08:23:29.296 [seq=222] [tid=8696] CreateFileMappingA input=00000A18 result=00000A14 err=0 name=(null) file=\\?\UNC\psf\Home\Documents\mxd\BeiDou-Server\clien\Data\Item\Consume\0243.img
2026-08-28 08:23:29.298 [seq=223] [tid=8696] MapViewOfFile mapping=00000A14 result=12FB0000 err=0 access=0x00000004 offset=0:0 bytes=0
2026-08-28 08:23:29.308 [seq=224] [tid=8696] CreateFileMappingA input=000009D8 result=000009C8 err=0 name=(null) file=\\?\UNC\psf\Home\Documents\mxd\BeiDou-Server\clien\Data\Item\Consume\0240.img
2026-08-28 08:23:29.310 [seq=225] [tid=8696] MapViewOfFile mapping=000009C8 result=12C90000 err=0 access=0x00000004 offset=0:0 bytes=0
2026-08-28 08:23:29.317 [seq=226] [tid=8696] CreateFileMappingA input=00000A0C result=000009F0 err=0 name=(null) file=\\?\UNC\psf\Home\Documents\mxd\BeiDou-Server\clien\Data\Item\Consume\0240.img
2026-08-28 08:23:29.320 [seq=227] [tid=8696] MapViewOfFile mapping=000009F0 result=12F90000 err=0 access=0x00000004 offset=0:0 bytes=0
2026-08-28 08:23:29.328 [seq=228] [tid=8696] CreateFileMappingA input=00000944 result=000008D8 err=0 name=(null) file=\\?\UNC\psf\Home\Documents\mxd\BeiDou-Server\clien\Data\Item\Consume\0250.img
2026-08-28 08:23:29.332 [seq=229] [tid=8696] MapViewOfFile mapping=000008D8 result=12C90000 err=0 access=0x00000004 offset=0:0 bytes=0
2026-08-28 08:23:29.339 [seq=230] [tid=8696] CreateFileMappingA input=000007E0 result=00000804 err=0 name=(null) file=\\?\UNC\psf\Home\Documents\mxd\BeiDou-Server\clien\Data\Item\Consume\0250.img
2026-08-28 08:23:29.342 [seq=231] [tid=8696] MapViewOfFile mapping=00000804 result=12FA0000 err=0 access=0x00000004 offset=0:0 bytes=0
2026-08-28 08:23:29.347 [seq=232] [tid=8696] CreateFileMappingA input=00000A1C result=000009C0 err=0 name=(null) file=\\?\UNC\psf\Home\Documents\mxd\BeiDou-Server\clien\Data\Item\Consume\0244.img
2026-08-28 08:23:29.350 [seq=233] [tid=8696] MapViewOfFile mapping=000009C0 result=12C90000 err=0 access=0x00000004 offset=0:0 bytes=0
2026-08-28 08:23:29.356 [seq=234] [tid=8696] CreateFileMappingA input=00000944 result=000009CC err=0 name=(null) file=\\?\UNC\psf\Home\Documents\mxd\BeiDou-Server\clien\Data\Item\Consume\0244.img
2026-08-28 08:23:29.358 [seq=235] [tid=8696] MapViewOfFile mapping=000009CC result=12FD0000 err=0 access=0x00000004 offset=0:0 bytes=0
2026-08-28 08:23:29.365 [seq=236] [tid=8696] CreateFileMappingA input=00000A1C result=000009C0 err=0 name=(null) file=\\?\UNC\psf\Home\Documents\mxd\BeiDou-Server\clien\Data\Item\Consume\0245.img
2026-08-28 08:23:29.369 [seq=237] [tid=8696] MapViewOfFile mapping=000009C0 result=12C90000 err=0 access=0x00000004 offset=0:0 bytes=0
2026-08-28 08:23:29.374 [seq=238] [tid=8696] CreateFileMappingA input=000009C8 result=00000A3C err=0 name=(null) file=\\?\UNC\psf\Home\Documents\mxd\BeiDou-Server\clien\Data\Item\Consume\0245.img
2026-08-28 08:23:29.377 [seq=239] [tid=8696] MapViewOfFile mapping=00000A3C result=13E40000 err=0 access=0x00000004 offset=0:0 bytes=0
2026-08-28 08:23:29.384 [seq=240] [tid=8696] CreateFileMappingA input=000009E0 result=000009EC err=0 name=(null) file=\\?\UNC\psf\Home\Documents\mxd\BeiDou-Server\clien\Data\Item\Consume\0221.img
2026-08-28 08:23:29.386 [seq=241] [tid=8696] MapViewOfFile mapping=000009EC result=12C90000 err=0 access=0x00000004 offset=0:0 bytes=0
2026-08-28 08:23:29.394 [seq=242] [tid=8696] CreateFileMappingA input=0000099C result=000009D4 err=0 name=(null) file=\\?\UNC\psf\Home\Documents\mxd\BeiDou-Server\clien\Data\Item\Consume\0221.img
2026-08-28 08:23:29.396 [seq=243] [tid=8696] MapViewOfFile mapping=000009D4 result=13E50000 err=0 access=0x00000004 offset=0:0 bytes=0
2026-08-28 08:23:29.403 [seq=244] [tid=8696] CreateFileMappingA input=00000A24 result=000009C4 err=0 name=(null) file=\\?\UNC\psf\Home\Documents\mxd\BeiDou-Server\clien\Data\Item\Consume\0235.img
2026-08-28 08:23:29.406 [seq=245] [tid=8696] MapViewOfFile mapping=000009C4 result=12C90000 err=0 access=0x00000004 offset=0:0 bytes=0
2026-08-28 08:23:29.411 [seq=246] [tid=8696] CreateFileMappingA input=000009E0 result=000009EC err=0 name=(null) file=\\?\UNC\psf\Home\Documents\mxd\BeiDou-Server\clien\Data\Item\Consume\0235.img
2026-08-28 08:23:29.416 [seq=247] [tid=8696] MapViewOfFile mapping=000009EC result=13E60000 err=0 access=0x00000004 offset=0:0 bytes=0
2026-08-28 08:23:29.426 [seq=248] [tid=8696] CreateFileMappingA input=00000A1C result=00000A20 err=0 name=(null) file=\\?\UNC\psf\Home\Documents\mxd\BeiDou-Server\clien\Data\Item\Consume\0234.img
2026-08-28 08:23:29.428 [seq=249] [tid=8696] MapViewOfFile mapping=00000A20 result=12C90000 err=0 access=0x00000004 offset=0:0 bytes=0
2026-08-28 08:23:29.436 [seq=250] [tid=8696] CreateFileMappingA input=000009BC result=00000A24 err=0 name=(null) file=\\?\UNC\psf\Home\Documents\mxd\BeiDou-Server\clien\Data\Item\Consume\0234.img
2026-08-28 08:23:29.439 [seq=251] [tid=8696] MapViewOfFile mapping=00000A24 result=14FB0000 err=0 access=0x00000004 offset=0:0 bytes=0
2026-08-28 08:23:29.446 [seq=252] [tid=8696] CreateFileMappingA input=00000A1C result=00000A20 err=0 name=(null) file=\\?\UNC\psf\Home\Documents\mxd\BeiDou-Server\clien\Data\Item\Consume\0236.img
2026-08-28 08:23:29.449 [seq=253] [tid=8696] MapViewOfFile mapping=00000A20 result=12C90000 err=0 access=0x00000004 offset=0:0 bytes=0
2026-08-28 08:23:29.456 [seq=254] [tid=8696] CreateFileMappingA input=000009D8 result=0000082C err=0 name=(null) file=\\?\UNC\psf\Home\Documents\mxd\BeiDou-Server\clien\Data\Item\Consume\0236.img
2026-08-28 08:23:29.459 [seq=255] [tid=8696] MapViewOfFile mapping=0000082C result=14FC0000 err=0 access=0x00000004 offset=0:0 bytes=0
2026-08-28 08:23:29.467 [seq=256] [tid=8696] CreateFileMappingA input=00000A00 result=000009C4 err=0 name=(null) file=\\?\UNC\psf\Home\Documents\mxd\BeiDou-Server\clien\Data\Item\Consume\0237.img
2026-08-28 08:23:29.470 [seq=257] [tid=8696] MapViewOfFile mapping=000009C4 result=12C90000 err=0 access=0x00000004 offset=0:0 bytes=0
2026-08-28 08:23:29.476 [seq=258] [tid=8696] CreateFileMappingA input=000009B8 result=00000924 err=0 name=(null) file=\\?\UNC\psf\Home\Documents\mxd\BeiDou-Server\clien\Data\Item\Consume\0237.img
2026-08-28 08:23:29.480 [seq=259] [tid=8696] MapViewOfFile mapping=00000924 result=178E0000 err=0 access=0x00000004 offset=0:0 bytes=0
2026-08-28 08:23:29.490 [seq=260] [tid=8696] CreateFileMappingA input=00000A00 result=000009C4 err=0 name=(null) file=\\?\UNC\psf\Home\Documents\mxd\BeiDou-Server\clien\Data\Item\Consume\0233.img
2026-08-28 08:23:29.494 [seq=261] [tid=8696] MapViewOfFile mapping=000009C4 result=12C90000 err=0 access=0x00000004 offset=0:0 bytes=0
2026-08-28 08:23:29.502 [seq=262] [tid=8696] CreateFileMappingA input=00000A28 result=00000A38 err=0 name=(null) file=\\?\UNC\psf\Home\Documents\mxd\BeiDou-Server\clien\Data\Item\Consume\0233.img
2026-08-28 08:23:29.507 [seq=263] [tid=8696] MapViewOfFile mapping=00000A38 result=178F0000 err=0 access=0x00000004 offset=0:0 bytes=0
2026-08-28 08:23:29.519 [seq=264] [tid=8696] CreateFileMappingA input=00000A2C result=00000918 err=0 name=(null) file=\\?\UNC\psf\Home\Documents\mxd\BeiDou-Server\clien\Data\Item\Consume\0227.img
2026-08-28 08:23:29.522 [seq=265] [tid=8696] MapViewOfFile mapping=00000918 result=12C90000 err=0 access=0x00000004 offset=0:0 bytes=0
2026-08-28 08:23:29.533 [seq=266] [tid=8696] CreateFileMappingA input=00000900 result=00000A1C err=0 name=(null) file=\\?\UNC\psf\Home\Documents\mxd\BeiDou-Server\clien\Data\Item\Consume\0226.img
2026-08-28 08:23:29.537 [seq=267] [tid=8696] MapViewOfFile mapping=00000A1C result=12C90000 err=0 access=0x00000004 offset=0:0 bytes=0
2026-08-28 08:23:29.544 [seq=268] [tid=8696] CreateFileMappingA input=00000934 result=0000092C err=0 name=(null) file=\\?\UNC\psf\Home\Documents\mxd\BeiDou-Server\clien\Data\Item\Consume\0226.img
2026-08-28 08:23:29.548 [seq=269] [tid=8696] MapViewOfFile mapping=0000092C result=17900000 err=0 access=0x00000004 offset=0:0 bytes=0
2026-08-28 08:23:29.562 [seq=270] [tid=8696] CreateFileMappingA input=00000900 result=00000A1C err=0 name=(null) file=\\?\UNC\psf\Home\Documents\mxd\BeiDou-Server\clien\Data\Item\Consume\0232.img
2026-08-28 08:23:29.569 [seq=271] [tid=8696] MapViewOfFile mapping=00000A1C result=12C90000 err=0 access=0x00000004 offset=0:0 bytes=0
2026-08-28 08:23:29.578 [seq=272] [tid=8696] CreateFileMappingA input=000009C4 result=00000918 err=0 name=(null) file=\\?\UNC\psf\Home\Documents\mxd\BeiDou-Server\clien\Data\Item\Consume\0232.img
2026-08-28 08:23:29.582 [seq=273] [tid=8696] MapViewOfFile mapping=00000918 result=17910000 err=0 access=0x00000004 offset=0:0 bytes=0
2026-08-28 08:23:29.591 [seq=274] [tid=8696] CreateFileMappingA input=00000900 result=000009B4 err=0 name=(null) file=\\?\UNC\psf\Home\Documents\mxd\BeiDou-Server\clien\Data\Item\Consume\0224.img
2026-08-28 08:23:29.596 [seq=275] [tid=8696] MapViewOfFile mapping=000009B4 result=12C90000 err=0 access=0x00000004 offset=0:0 bytes=0
2026-08-28 08:23:29.609 [seq=276] [tid=8696] CreateFileMappingA input=000009D0 result=000007D0 err=0 name=(null) file=\\?\UNC\psf\Home\Documents\mxd\BeiDou-Server\clien\Data\Item\Consume\0224.img
2026-08-28 08:23:29.613 [seq=277] [tid=8696] MapViewOfFile mapping=000007D0 result=17920000 err=0 access=0x00000004 offset=0:0 bytes=0
2026-08-28 08:23:29.626 [seq=278] [tid=8696] CreateFileMappingA input=00000A2C result=0000091C err=0 name=(null) file=\\?\UNC\psf\Home\Documents\mxd\BeiDou-Server\clien\Data\Item\Consume\0230.img
2026-08-28 08:23:29.631 [seq=279] [tid=8696] MapViewOfFile mapping=0000091C result=12C90000 err=0 access=0x00000004 offset=0:0 bytes=0
2026-08-28 08:23:29.661 [seq=280] [tid=8696] CreateFileMappingA input=000009C0 result=000008D8 err=0 name=(null) file=\\?\UNC\psf\Home\Documents\mxd\BeiDou-Server\clien\Data\Item\Consume\0230.img
2026-08-28 08:23:29.669 [seq=281] [tid=8696] MapViewOfFile mapping=000008D8 result=17930000 err=0 access=0x00000004 offset=0:0 bytes=0
2026-08-28 08:23:29.681 [seq=282] [tid=8696] CreateFileMappingA input=00000A2C result=0000091C err=0 name=(null) file=\\?\UNC\psf\Home\Documents\mxd\BeiDou-Server\clien\Data\Item\Consume\0231.img
2026-08-28 08:23:29.688 [seq=283] [tid=8696] MapViewOfFile mapping=0000091C result=12C90000 err=0 access=0x00000004 offset=0:0 bytes=0
2026-08-28 08:23:29.699 [seq=284] [tid=8696] CreateFileMappingA input=00000A20 result=00000928 err=0 name=(null) file=\\?\UNC\psf\Home\Documents\mxd\BeiDou-Server\clien\Data\Item\Consume\0231.img
2026-08-28 08:23:29.705 [seq=285] [tid=8696] MapViewOfFile mapping=00000928 result=17940000 err=0 access=0x00000004 offset=0:0 bytes=0
2026-08-28 08:23:29.717 [seq=286] [tid=8696] CreateFileMappingA input=00000954 result=00000A00 err=0 name=(null) file=\\?\UNC\psf\Home\Documents\mxd\BeiDou-Server\clien\Data\Item\Consume\0219.img
2026-08-28 08:23:29.722 [seq=287] [tid=8696] MapViewOfFile mapping=00000A00 result=12C90000 err=0 access=0x00000004 offset=0:0 bytes=0
2026-08-28 08:23:29.734 [seq=288] [tid=8696] CreateFileMappingA input=00000A40 result=00000A48 err=0 name=(null) file=\\?\UNC\psf\Home\Documents\mxd\BeiDou-Server\clien\Data\Item\Consume\0219.img
2026-08-28 08:23:29.738 [seq=289] [tid=8696] MapViewOfFile mapping=00000A48 result=17950000 err=0 access=0x00000004 offset=0:0 bytes=0
2026-08-28 08:23:29.753 [seq=290] [tid=8696] CreateFileMappingA input=00000954 result=00000A00 err=0 name=(null) file=\\?\UNC\psf\Home\Documents\mxd\BeiDou-Server\clien\Data\Item\Consume\0200.img
2026-08-28 08:23:29.759 [seq=291] [tid=8696] MapViewOfFile mapping=00000A00 result=17960000 err=0 access=0x00000004 offset=0:0 bytes=0
2026-08-28 08:23:29.770 [seq=292] [tid=8696] CreateFileMappingA input=000009AC result=000008D0 err=0 name=(null) file=\\?\UNC\psf\Home\Documents\mxd\BeiDou-Server\clien\Data\Item\Consume\0200.img
2026-08-28 08:23:29.797 [seq=293] [tid=8696] MapViewOfFile mapping=000008D0 result=17980000 err=0 access=0x00000004 offset=0:0 bytes=0
2026-08-28 08:23:29.998 [seq=294] [tid=8696] CreateFileMappingA input=00000954 result=00000A00 err=0 name=(null) file=\\?\UNC\psf\Home\Documents\mxd\BeiDou-Server\clien\Data\Item\Consume\0228.img
2026-08-28 08:23:30.001 [seq=295] [tid=8696] MapViewOfFile mapping=00000A00 result=12C90000 err=0 access=0x00000004 offset=0:0 bytes=0
2026-08-28 08:23:30.010 [seq=296] [tid=8696] CreateFileMappingA input=000009A4 result=00000998 err=0 name=(null) file=\\?\UNC\psf\Home\Documents\mxd\BeiDou-Server\clien\Data\Item\Consume\0228.img
2026-08-28 08:23:30.012 [seq=297] [tid=8696] MapViewOfFile mapping=00000998 result=17960000 err=0 access=0x00000004 offset=0:0 bytes=0
2026-08-28 08:23:30.024 [seq=298] [tid=8696] CreateFileMappingA input=00000A2C result=000007E8 err=0 name=(null) file=\\?\UNC\psf\Home\Documents\mxd\BeiDou-Server\clien\Data\Item\Consume\0229.img
2026-08-28 08:23:30.026 [seq=299] [tid=8696] MapViewOfFile mapping=000007E8 result=179A0000 err=0 access=0x00000004 offset=0:0 bytes=0
2026-08-28 08:23:30.037 [seq=300] [tid=8696] CreateFileMappingA input=00000954 result=00000904 err=0 name=(null) file=\\?\UNC\psf\Home\Documents\mxd\BeiDou-Server\clien\Data\Item\Consume\0229.img
2026-08-28 08:23:30.047 [seq=301] [tid=8696] MapViewOfFile mapping=00000904 result=179E0000 err=0 access=0x00000004 offset=0:0 bytes=0
2026-08-28 08:23:30.097 [seq=302] [tid=8696] CreateFileMappingA input=00000A4C result=000008C8 err=0 name=(null) file=\\?\UNC\psf\Home\Documents\mxd\BeiDou-Server\clien\Data\Item\Consume\0201.img
2026-08-28 08:23:30.112 [seq=303] [tid=8696] MapViewOfFile mapping=000008C8 result=12C90000 err=0 access=0x00000004 offset=0:0 bytes=0
2026-08-28 08:23:30.129 [seq=304] [tid=8696] CreateFileMappingA input=00000A1C result=00000A00 err=0 name=(null) file=\\?\UNC\psf\Home\Documents\mxd\BeiDou-Server\clien\Data\Item\Consume\0201.img
2026-08-28 08:23:30.133 [seq=305] [tid=8696] MapViewOfFile mapping=00000A00 result=17970000 err=0 access=0x00000004 offset=0:0 bytes=0
2026-08-28 08:23:30.140 [seq=306] [tid=8696] CreateFileMappingA input=00000A50 result=00000810 err=0 name=(null) file=\\?\UNC\psf\Home\Documents\mxd\BeiDou-Server\clien\Data\Item\Consume\0203.img
2026-08-28 08:23:30.143 [seq=307] [tid=8696] MapViewOfFile mapping=00000810 result=12C90000 err=0 access=0x00000004 offset=0:0 bytes=0
2026-08-28 08:23:30.153 [seq=308] [tid=8696] CreateFileMappingA input=00000A54 result=00000A58 err=0 name=(null) file=\\?\UNC\psf\Home\Documents\mxd\BeiDou-Server\clien\Data\Item\Consume\0203.img
2026-08-28 08:23:30.156 [seq=309] [tid=8696] MapViewOfFile mapping=00000A58 result=179A0000 err=0 access=0x00000004 offset=0:0 bytes=0
2026-08-28 08:23:30.167 [seq=310] [tid=8696] CreateFileMappingA input=00000A50 result=00000810 err=0 name=(null) file=\\?\UNC\psf\Home\Documents\mxd\BeiDou-Server\clien\Data\Item\Consume\0202.img
2026-08-28 08:23:30.172 [seq=311] [tid=8696] MapViewOfFile mapping=00000810 result=17A20000 err=0 access=0x00000004 offset=0:0 bytes=0
2026-08-28 08:23:30.181 [seq=312] [tid=8696] CreateFileMappingA input=000007D4 result=00000920 err=0 name=(null) file=\\?\UNC\psf\Home\Documents\mxd\BeiDou-Server\clien\Data\Item\Consume\0202.img
2026-08-28 08:23:30.185 [seq=313] [tid=8696] MapViewOfFile mapping=00000920 result=18AE0000 err=0 access=0x00000004 offset=0:0 bytes=0
2026-08-28 08:23:30.287 [seq=314] [tid=8696] CreateFileMappingA input=00000A50 result=00000810 err=0 name=(null) file=\\?\UNC\psf\Home\Documents\mxd\BeiDou-Server\clien\Data\Item\Consume\0216.img
2026-08-28 08:23:30.290 [seq=315] [tid=8696] MapViewOfFile mapping=00000810 result=12C90000 err=0 access=0x00000004 offset=0:0 bytes=0
2026-08-28 08:23:30.298 [seq=316] [tid=8696] CreateFileMappingA input=0000091C result=00000964 err=0 name=(null) file=\\?\UNC\psf\Home\Documents\mxd\BeiDou-Server\clien\Data\Item\Consume\0216.img
2026-08-28 08:23:30.302 [seq=317] [tid=8696] MapViewOfFile mapping=00000964 result=179B0000 err=0 access=0x00000004 offset=0:0 bytes=0
2026-08-28 08:23:30.311 [seq=318] [tid=8696] CreateFileMappingA input=00000818 result=00000A44 err=0 name=(null) file=\\?\UNC\psf\Home\Documents\mxd\BeiDou-Server\clien\Data\Item\Consume\0212.img
2026-08-28 08:23:30.318 [seq=319] [tid=8696] MapViewOfFile mapping=00000A44 result=12C90000 err=0 access=0x00000004 offset=0:0 bytes=0
2026-08-28 08:23:30.330 [seq=320] [tid=8696] CreateFileMappingA input=00000A4C result=00000A6C err=0 name=(null) file=\\?\UNC\psf\Home\Documents\mxd\BeiDou-Server\clien\Data\Item\Consume\0212.img
2026-08-28 08:23:30.334 [seq=321] [tid=8696] MapViewOfFile mapping=00000A6C result=179C0000 err=0 access=0x00000004 offset=0:0 bytes=0
2026-08-28 08:23:30.345 [seq=322] [tid=8696] CreateFileMappingA input=00000818 result=00000A44 err=0 name=(null) file=\\?\UNC\psf\Home\Documents\mxd\BeiDou-Server\clien\Data\Item\Consume\0206.img
2026-08-28 08:23:30.350 [seq=323] [tid=8696] MapViewOfFile mapping=00000A44 result=12C90000 err=0 access=0x00000004 offset=0:0 bytes=0
2026-08-28 08:23:30.358 [seq=324] [tid=8696] CreateFileMappingA input=00000A74 result=00000A84 err=0 name=(null) file=\\?\UNC\psf\Home\Documents\mxd\BeiDou-Server\clien\Data\Item\Consume\0206.img
2026-08-28 08:23:30.361 [seq=325] [tid=8696] MapViewOfFile mapping=00000A84 result=179D0000 err=0 access=0x00000004 offset=0:0 bytes=0
2026-08-28 08:23:30.371 [seq=326] [tid=8696] CreateFileMappingA input=00000A78 result=00000A88 err=0 name=(null) file=\\?\UNC\psf\Home\Documents\mxd\BeiDou-Server\clien\Data\Item\Consume\0207.img
2026-08-28 08:23:30.374 [seq=327] [tid=8696] MapViewOfFile mapping=00000A88 result=17A20000 err=0 access=0x00000004 offset=0:0 bytes=0
2026-08-28 08:23:30.380 [seq=328] [tid=8696] CreateFileMappingA input=00000A90 result=00000A94 err=0 name=(null) file=\\?\UNC\psf\Home\Documents\mxd\BeiDou-Server\clien\Data\Item\Consume\0207.img
2026-08-28 08:23:30.383 [seq=329] [tid=8696] MapViewOfFile mapping=00000A94 result=17A40000 err=0 access=0x00000004 offset=0:0 bytes=0
2026-08-28 08:23:30.392 [seq=330] [tid=8696] CreateFileMappingA input=00000A78 result=00000A88 err=0 name=(null) file=\\?\UNC\psf\Home\Documents\mxd\BeiDou-Server\clien\Data\Item\Consume\0205.img
2026-08-28 08:23:30.394 [seq=331] [tid=8696] MapViewOfFile mapping=00000A88 result=12C90000 err=0 access=0x00000004 offset=0:0 bytes=0
2026-08-28 08:23:30.401 [seq=332] [tid=8696] CreateFileMappingA input=00000A8C result=00000990 err=0 name=(null) file=\\?\UNC\psf\Home\Documents\mxd\BeiDou-Server\clien\Data\Item\Consume\0205.img
2026-08-28 08:23:30.405 [seq=333] [tid=8696] MapViewOfFile mapping=00000990 result=17A20000 err=0 access=0x00000004 offset=0:0 bytes=0
2026-08-28 08:23:30.412 [seq=334] [tid=8696] CreateFileMappingA input=00000A78 result=00000A88 err=0 name=(null) file=\\?\UNC\psf\Home\Documents\mxd\BeiDou-Server\clien\Data\Item\Consume\0210.img
2026-08-28 08:23:30.417 [seq=335] [tid=8696] MapViewOfFile mapping=00000A88 result=17A60000 err=0 access=0x00000004 offset=0:0 bytes=0
2026-08-28 08:23:30.426 [seq=336] [tid=8696] CreateFileMappingA input=00000848 result=0000098C err=0 name=(null) file=\\?\UNC\psf\Home\Documents\mxd\BeiDou-Server\clien\Data\Item\Consume\0210.img
2026-08-28 08:23:30.430 [seq=337] [tid=8696] MapViewOfFile mapping=0000098C result=18BC0000 err=0 access=0x00000004 offset=0:0 bytes=0
2026-08-28 08:23:30.458 [seq=338] [tid=8696] CreateFileMappingA input=00000A98 result=00000A9C err=0 name=(null) file=\\?\UNC\psf\Home\Documents\mxd\BeiDou-Server\clien\Data\Item\Consume\0204.img
2026-08-28 08:23:30.462 [seq=339] [tid=8696] MapViewOfFile mapping=00000A9C result=17A60000 err=0 access=0x00000004 offset=0:0 bytes=0
2026-08-28 08:23:30.470 [seq=340] [tid=8696] CreateFileMappingA input=00000980 result=00000834 err=0 name=(null) file=\\?\UNC\psf\Home\Documents\mxd\BeiDou-Server\clien\Data\Item\Consume\0204.img
2026-08-28 08:23:30.474 [seq=341] [tid=8696] MapViewOfFile mapping=00000834 result=17AA0000 err=0 access=0x00000004 offset=0:0 bytes=0
2026-08-28 08:23:30.507 [seq=342] [tid=8696] CreateFileMappingA input=000007E8 result=00000818 err=0 name=(null) file=\\?\UNC\psf\Home\Documents\mxd\BeiDou-Server\clien\Data\Item\Consume\0238.img
2026-08-28 08:23:30.512 [seq=343] [tid=8696] MapViewOfFile mapping=00000818 result=18C20000 err=0 access=0x00000004 offset=0:0 bytes=0
2026-08-28 08:23:30.522 [seq=344] [tid=8696] CreateFileMappingA input=000008CC result=000007E4 err=0 name=(null) file=\\?\UNC\psf\Home\Documents\mxd\BeiDou-Server\clien\Data\Item\Consume\0238.img
2026-08-28 08:23:30.525 [seq=345] [tid=8696] MapViewOfFile mapping=000007E4 result=18CC0000 err=0 access=0x00000004 offset=0:0 bytes=0
2026-08-28 08:23:30.558 [seq=346] [tid=8696] CreateFileMappingA input=000007E8 result=00000818 err=0 name=(null) file=\\?\UNC\psf\Home\Documents\mxd\BeiDou-Server\clien\Data\Item\Install\0399.img
2026-08-28 08:23:30.562 [seq=347] [tid=8696] MapViewOfFile mapping=00000818 result=18C20000 err=0 access=0x00000004 offset=0:0 bytes=0
2026-08-28 08:23:30.571 [seq=348] [tid=8696] CreateFileMappingA input=00000984 result=0000084C err=0 name=(null) file=\\?\UNC\psf\Home\Documents\mxd\BeiDou-Server\clien\Data\Item\Install\0399.img
2026-08-28 08:23:30.575 [seq=349] [tid=8696] MapViewOfFile mapping=0000084C result=18C70000 err=0 access=0x00000004 offset=0:0 bytes=0
2026-08-28 08:23:30.592 [seq=350] [tid=8696] CreateFileMappingA input=000007E8 result=00000818 err=0 name=(null) file=\\?\UNC\psf\Home\Documents\mxd\BeiDou-Server\clien\Data\Item\Install\0301.img
2026-08-28 08:23:30.595 [seq=351] [tid=8696] MapViewOfFile mapping=00000818 result=18D60000 err=0 access=0x00000004 offset=0:0 bytes=0
2026-08-28 08:23:30.605 [seq=352] [tid=8696] CreateFileMappingA input=0000090C result=00000348 err=0 name=(null) file=\\?\UNC\psf\Home\Documents\mxd\BeiDou-Server\clien\Data\Item\Install\0301.img
2026-08-28 08:23:30.610 [seq=353] [tid=8696] MapViewOfFile mapping=00000348 result=1A980000 err=0 access=0x00000004 offset=0:0 bytes=0
2026-08-28 08:23:30.993 [seq=354] [tid=8696] CreateFileMappingA input=000008C8 result=000007EC err=0 name=(null) file=\\?\UNC\psf\Home\Documents\mxd\BeiDou-Server\clien\Data\Item\Etc\0426.img
2026-08-28 08:23:30.997 [seq=355] [tid=8696] MapViewOfFile mapping=000007EC result=12C90000 err=0 access=0x00000004 offset=0:0 bytes=0
2026-08-28 08:23:31.010 [seq=356] [tid=8696] CreateFileMappingA input=00000A68 result=00000814 err=0 name=(null) file=\\?\UNC\psf\Home\Documents\mxd\BeiDou-Server\clien\Data\Item\Etc\0426.img
2026-08-28 08:23:31.014 [seq=357] [tid=8696] MapViewOfFile mapping=00000814 result=17A30000 err=0 access=0x00000004 offset=0:0 bytes=0
2026-08-28 08:23:31.021 [seq=358] [tid=8696] CreateFileMappingA input=00000844 result=00000A78 err=0 name=(null) file=\\?\UNC\psf\Home\Documents\mxd\BeiDou-Server\clien\Data\Item\Etc\0430.img
2026-08-28 08:23:31.024 [seq=359] [tid=8696] MapViewOfFile mapping=00000A78 result=12C90000 err=0 access=0x00000004 offset=0:0 bytes=0
2026-08-28 08:23:31.031 [seq=360] [tid=8696] CreateFileMappingA input=000008C8 result=000007FC err=0 name=(null) file=\\?\UNC\psf\Home\Documents\mxd\BeiDou-Server\clien\Data\Item\Etc\0430.img
2026-08-28 08:23:31.040 [seq=361] [tid=8696] MapViewOfFile mapping=000007FC result=17A60000 err=0 access=0x00000004 offset=0:0 bytes=0
2026-08-28 08:23:31.064 [seq=362] [tid=8696] CreateFileMappingA input=00000808 result=00000818 err=0 name=(null) file=\\?\UNC\psf\Home\Documents\mxd\BeiDou-Server\clien\Data\Item\Etc\0431.img
2026-08-28 08:23:31.069 [seq=363] [tid=8696] MapViewOfFile mapping=00000818 result=12C90000 err=0 access=0x00000004 offset=0:0 bytes=0
2026-08-28 08:23:31.088 [seq=364] [tid=8696] CreateFileMappingA input=00000A9C result=00000988 err=0 name=(null) file=\\?\UNC\psf\Home\Documents\mxd\BeiDou-Server\clien\Data\Item\Etc\0431.img
2026-08-28 08:23:31.097 [seq=365] [tid=8696] MapViewOfFile mapping=00000988 result=17A70000 err=0 access=0x00000004 offset=0:0 bytes=0
2026-08-28 08:23:31.107 [seq=366] [tid=8696] CreateFileMappingA input=000007EC result=000007F8 err=0 name=(null) file=\\?\UNC\psf\Home\Documents\mxd\BeiDou-Server\clien\Data\Item\Etc\0425.img
2026-08-28 08:23:31.110 [seq=367] [tid=8696] MapViewOfFile mapping=000007F8 result=17A80000 err=0 access=0x00000004 offset=0:0 bytes=0
2026-08-28 08:23:31.122 [seq=368] [tid=8696] CreateFileMappingA input=00000818 result=00000838 err=0 name=(null) file=\\?\UNC\psf\Home\Documents\mxd\BeiDou-Server\clien\Data\Item\Etc\0425.img
2026-08-28 08:23:31.126 [seq=369] [tid=8696] MapViewOfFile mapping=00000838 result=17AE0000 err=0 access=0x00000004 offset=0:0 bytes=0
2026-08-28 08:23:31.139 [seq=370] [tid=8696] CreateFileMappingA input=00000808 result=00000824 err=0 name=(null) file=\\?\UNC\psf\Home\Documents\mxd\BeiDou-Server\clien\Data\Item\Etc\0421.img
2026-08-28 08:23:31.142 [seq=371] [tid=8696] MapViewOfFile mapping=00000824 result=12C90000 err=0 access=0x00000004 offset=0:0 bytes=0
2026-08-28 08:23:31.154 [seq=372] [tid=8696] CreateFileMappingA input=000008E0 result=00000850 err=0 name=(null) file=\\?\UNC\psf\Home\Documents\mxd\BeiDou-Server\clien\Data\Item\Etc\0421.img
2026-08-28 08:23:31.157 [seq=373] [tid=8696] MapViewOfFile mapping=00000850 result=17A80000 err=0 access=0x00000004 offset=0:0 bytes=0
2026-08-28 08:23:31.165 [seq=374] [tid=8696] CreateFileMappingA input=00000844 result=00000A88 err=0 name=(null) file=\\?\UNC\psf\Home\Documents\mxd\BeiDou-Server\clien\Data\Item\Etc\0408.img
2026-08-28 08:23:31.168 [seq=375] [tid=8696] MapViewOfFile mapping=00000A88 result=12C90000 err=0 access=0x00000004 offset=0:0 bytes=0
2026-08-28 08:23:31.176 [seq=376] [tid=8696] CreateFileMappingA input=00000A98 result=00000A44 err=0 name=(null) file=\\?\UNC\psf\Home\Documents\mxd\BeiDou-Server\clien\Data\Item\Etc\0408.img
2026-08-28 08:23:31.178 [seq=377] [tid=8696] MapViewOfFile mapping=00000A44 result=17A90000 err=0 access=0x00000004 offset=0:0 bytes=0
2026-08-28 08:23:31.186 [seq=378] [tid=8696] CreateFileMappingA input=00000A7C result=000007E8 err=0 name=(null) file=\\?\UNC\psf\Home\Documents\mxd\BeiDou-Server\clien\Data\Item\Etc\0422.img
2026-08-28 08:23:31.188 [seq=379] [tid=8696] MapViewOfFile mapping=000007E8 result=18C20000 err=0 access=0x00000004 offset=0:0 bytes=0
2026-08-28 08:23:31.195 [seq=380] [tid=8696] CreateFileMappingA input=00000A60 result=00000A78 err=0 name=(null) file=\\?\UNC\psf\Home\Documents\mxd\BeiDou-Server\clien\Data\Item\Etc\0422.img
2026-08-28 08:23:31.197 [seq=381] [tid=8696] MapViewOfFile mapping=00000A78 result=18D60000 err=0 access=0x00000004 offset=0:0 bytes=0
2026-08-28 08:23:31.207 [seq=382] [tid=8696] CreateFileMappingA input=00000A5C result=00000A2C err=0 name=(null) file=\\?\UNC\psf\Home\Documents\mxd\BeiDou-Server\clien\Data\Item\Etc\0406.img
2026-08-28 08:23:31.209 [seq=383] [tid=8696] MapViewOfFile mapping=00000A2C result=12C90000 err=0 access=0x00000004 offset=0:0 bytes=0
2026-08-28 08:23:31.216 [seq=384] [tid=8696] CreateFileMappingA input=00000A50 result=00000A64 err=0 name=(null) file=\\?\UNC\psf\Home\Documents\mxd\BeiDou-Server\clien\Data\Item\Etc\0406.img
2026-08-28 08:23:31.220 [seq=385] [tid=8696] MapViewOfFile mapping=00000A64 result=17B00000 err=0 access=0x00000004 offset=0:0 bytes=0
2026-08-28 08:23:31.225 [seq=386] [tid=8696] CreateFileMappingA input=00000A5C result=00000A2C err=0 name=(null) file=\\?\UNC\psf\Home\Documents\mxd\BeiDou-Server\clien\Data\Item\Etc\0413.img
2026-08-28 08:23:31.228 [seq=387] [tid=8696] MapViewOfFile mapping=00000A2C result=12C90000 err=0 access=0x00000004 offset=0:0 bytes=0
2026-08-28 08:23:31.235 [seq=388] [tid=8696] CreateFileMappingA input=00000844 result=00000808 err=0 name=(null) file=\\?\UNC\psf\Home\Documents\mxd\BeiDou-Server\clien\Data\Item\Etc\0413.img
2026-08-28 08:23:31.238 [seq=389] [tid=8696] MapViewOfFile mapping=00000808 result=18C20000 err=0 access=0x00000004 offset=0:0 bytes=0
2026-08-28 08:23:31.243 [seq=390] [tid=8696] CreateFileMappingA input=00000A5C result=00000A2C err=0 name=(null) file=\\?\UNC\psf\Home\Documents\mxd\BeiDou-Server\clien\Data\Item\Etc\0405.img
2026-08-28 08:23:31.245 [seq=391] [tid=8696] MapViewOfFile mapping=00000A2C result=12C90000 err=0 access=0x00000004 offset=0:0 bytes=0
2026-08-28 08:23:31.253 [seq=392] [tid=8696] CreateFileMappingA input=000007F8 result=000008F0 err=0 name=(null) file=\\?\UNC\psf\Home\Documents\mxd\BeiDou-Server\clien\Data\Item\Etc\0405.img
2026-08-28 08:23:31.255 [seq=393] [tid=8696] MapViewOfFile mapping=000008F0 result=18C30000 err=0 access=0x00000004 offset=0:0 bytes=0
2026-08-28 08:23:31.260 [seq=394] [tid=8696] CreateFileMappingA input=00000824 result=00000A88 err=0 name=(null) file=\\?\UNC\psf\Home\Documents\mxd\BeiDou-Server\clien\Data\Item\Etc\0428.img
2026-08-28 08:23:31.263 [seq=395] [tid=8696] MapViewOfFile mapping=00000A88 result=12C90000 err=0 access=0x00000004 offset=0:0 bytes=0
2026-08-28 08:23:31.271 [seq=396] [tid=8696] CreateFileMappingA input=000008A8 result=000009A0 err=0 name=(null) file=\\?\UNC\psf\Home\Documents\mxd\BeiDou-Server\clien\Data\Item\Etc\0428.img
2026-08-28 08:23:31.273 [seq=397] [tid=8696] MapViewOfFile mapping=000009A0 result=18C40000 err=0 access=0x00000004 offset=0:0 bytes=0
2026-08-28 08:23:31.281 [seq=398] [tid=8696] CreateFileMappingA input=00000A5C result=00000A2C err=0 name=(null) file=\\?\UNC\psf\Home\Documents\mxd\BeiDou-Server\clien\Data\Item\Etc\0400.img
2026-08-28 08:23:31.285 [seq=399] [tid=8696] MapViewOfFile mapping=00000A2C result=18D90000 err=0 access=0x00000004 offset=0:0 bytes=0
2026-08-28 08:23:31.291 [seq=400] [tid=8696] CreateFileMappingA input=000007D8 result=000008F4 err=0 name=(null) file=\\?\UNC\psf\Home\Documents\mxd\BeiDou-Server\clien\Data\Item\Etc\0400.img
2026-08-28 08:23:31.294 [seq=401] [tid=8696] MapViewOfFile mapping=000008F4 result=18EE0000 err=0 access=0x00000004 offset=0:0 bytes=0
2026-08-28 08:23:31.332 [seq=402] [tid=8696] CreateFileMappingA input=00000940 result=0000068C err=0 name=(null) file=\\?\UNC\psf\Home\Documents\mxd\BeiDou-Server\clien\Data\Item\Etc\0414.img
2026-08-28 08:23:31.336 [seq=403] [tid=8696] MapViewOfFile mapping=0000068C result=12C90000 err=0 access=0x00000004 offset=0:0 bytes=0
2026-08-28 08:23:31.343 [seq=404] [tid=8696] CreateFileMappingA input=00000A80 result=00000A70 err=0 name=(null) file=\\?\UNC\psf\Home\Documents\mxd\BeiDou-Server\clien\Data\Item\Etc\0414.img
2026-08-28 08:23:31.347 [seq=405] [tid=8696] MapViewOfFile mapping=00000A70 result=18C50000 err=0 access=0x00000004 offset=0:0 bytes=0
2026-08-28 08:23:31.359 [seq=406] [tid=8696] CreateFileMappingA input=00000AAC result=00000AB0 err=0 name=(null) file=\\?\UNC\psf\Home\Documents\mxd\BeiDou-Server\clien\Data\Item\Etc\0401.img
2026-08-28 08:23:31.363 [seq=407] [tid=8696] MapViewOfFile mapping=00000AB0 result=12C90000 err=0 access=0x00000004 offset=0:0 bytes=0
2026-08-28 08:23:31.371 [seq=408] [tid=8696] CreateFileMappingA input=000009F4 result=000009E8 err=0 name=(null) file=\\?\UNC\psf\Home\Documents\mxd\BeiDou-Server\clien\Data\Item\Etc\0401.img
2026-08-28 08:23:31.374 [seq=409] [tid=8696] MapViewOfFile mapping=000009E8 result=18C60000 err=0 access=0x00000004 offset=0:0 bytes=0
2026-08-28 08:23:31.383 [seq=410] [tid=8696] CreateFileMappingA input=00000AB0 result=00000AB4 err=0 name=(null) file=\\?\UNC\psf\Home\Documents\mxd\BeiDou-Server\clien\Data\Item\Etc\0429.img
2026-08-28 08:23:31.386 [seq=411] [tid=8696] MapViewOfFile mapping=00000AB4 result=18D90000 err=0 access=0x00000004 offset=0:0 bytes=0
2026-08-28 08:23:31.394 [seq=412] [tid=8696] CreateFileMappingA input=000007E8 result=00000ABC err=0 name=(null) file=\\?\UNC\psf\Home\Documents\mxd\BeiDou-Server\clien\Data\Item\Etc\0429.img
2026-08-28 08:23:31.399 [seq=413] [tid=8696] MapViewOfFile mapping=00000ABC result=18DD0000 err=0 access=0x00000004 offset=0:0 bytes=0
2026-08-28 08:23:31.410 [seq=414] [tid=8696] CreateFileMappingA input=00000AC0 result=00000AB0 err=0 name=(null) file=\\?\UNC\psf\Home\Documents\mxd\BeiDou-Server\clien\Data\Item\Etc\0417.img
2026-08-28 08:23:31.413 [seq=415] [tid=8696] MapViewOfFile mapping=00000AB0 result=12C90000 err=0 access=0x00000004 offset=0:0 bytes=0
2026-08-28 08:23:31.421 [seq=416] [tid=8696] CreateFileMappingA input=000009DC result=00000AC4 err=0 name=(null) file=\\?\UNC\psf\Home\Documents\mxd\BeiDou-Server\clien\Data\Item\Etc\0417.img
2026-08-28 08:23:31.423 [seq=417] [tid=8696] MapViewOfFile mapping=00000AC4 result=18D90000 err=0 access=0x00000004 offset=0:0 bytes=0
2026-08-28 08:23:31.432 [seq=418] [tid=8696] CreateFileMappingA input=00000AC8 result=0000068C err=0 name=(null) file=\\?\UNC\psf\Home\Documents\mxd\BeiDou-Server\clien\Data\Item\Etc\0403.img
2026-08-28 08:23:31.436 [seq=419] [tid=8696] MapViewOfFile mapping=0000068C result=19030000 err=0 access=0x00000004 offset=0:0 bytes=0
2026-08-28 08:23:31.442 [seq=420] [tid=8696] CreateFileMappingA input=00000A2C result=00000A5C err=0 name=(null) file=\\?\UNC\psf\Home\Documents\mxd\BeiDou-Server\clien\Data\Item\Etc\0403.img
2026-08-28 08:23:31.447 [seq=421] [tid=8696] MapViewOfFile mapping=00000A5C result=191D0000 err=0 access=0x00000004 offset=0:0 bytes=0
2026-08-28 08:23:31.518 [seq=422] [tid=8696] CreateFileMappingA input=000009B0 result=00000940 err=0 name=(null) file=\\?\UNC\psf\Home\Documents\mxd\BeiDou-Server\clien\Data\Item\Etc\0402.img
2026-08-28 08:23:31.522 [seq=423] [tid=8696] MapViewOfFile mapping=00000940 result=12C90000 err=0 access=0x00000004 offset=0:0 bytes=0
2026-08-28 08:23:31.532 [seq=424] [tid=8696] CreateFileMappingA input=00000ACC result=00000AD0 err=0 name=(null) file=\\?\UNC\psf\Home\Documents\mxd\BeiDou-Server\clien\Data\Item\Etc\0402.img
2026-08-28 08:23:31.536 [seq=425] [tid=8696] MapViewOfFile mapping=00000AD0 result=18DA0000 err=0 access=0x00000004 offset=0:0 bytes=0
2026-08-28 08:23:31.572 [seq=426] [tid=8696] CreateFileMappingA input=00000958 result=00000AD4 err=0 name=(null) file=\\?\UNC\psf\Home\Documents\mxd\BeiDou-Server\clien\Data\Item\Etc\0416.img
2026-08-28 08:23:31.577 [seq=427] [tid=8696] MapViewOfFile mapping=00000AD4 result=18E10000 err=0 access=0x00000004 offset=0:0 bytes=0
2026-08-28 08:23:31.588 [seq=428] [tid=8696] CreateFileMappingA input=00000ADC result=00000AE0 err=0 name=(null) file=\\?\UNC\psf\Home\Documents\mxd\BeiDou-Server\clien\Data\Item\Etc\0416.img
2026-08-28 08:23:31.591 [seq=429] [tid=8696] MapViewOfFile mapping=00000AE0 result=18E50000 err=0 access=0x00000004 offset=0:0 bytes=0
2026-08-28 08:23:31.691 [seq=430] [tid=8696] CreateFileMappingA input=000007D8 result=000008F4 err=0 name=(null) file=\\?\UNC\psf\Home\Documents\mxd\BeiDou-Server\clien\Data\Item\Cash\0550.img
2026-08-28 08:23:31.693 [seq=431] [tid=8696] MapViewOfFile mapping=000008F4 result=0FEC0000 err=0 access=0x00000004 offset=0:0 bytes=0
2026-08-28 08:23:31.702 [seq=432] [tid=8696] CreateFileMappingA input=00000A8C result=000009DC err=0 name=(null) file=\\?\UNC\psf\Home\Documents\mxd\BeiDou-Server\clien\Data\Etc\ItemMake.img
2026-08-28 08:23:31.704 [seq=433] [tid=8696] MapViewOfFile mapping=000009DC result=12F90000 err=0 access=0x00000004 offset=0:0 bytes=0
2026-08-28 08:23:31.795 [seq=434] [tid=8696] CreateFileMappingA input=00000A8C result=000009DC err=0 name=(null) file=\\?\UNC\psf\Home\Documents\mxd\BeiDou-Server\clien\Data\Item\Etc\0425.img
2026-08-28 08:23:31.799 [seq=435] [tid=8696] MapViewOfFile mapping=000009DC result=12F90000 err=0 access=0x00000004 offset=0:0 bytes=0
2026-08-28 08:23:31.811 [seq=436] [tid=8696] CreateFileMappingA input=000008F4 result=00000AC4 err=0 name=(null) file=\\?\UNC\psf\Home\Documents\mxd\BeiDou-Server\clien\Data\Item\Etc\0426.img
2026-08-28 08:23:31.815 [seq=437] [tid=8696] MapViewOfFile mapping=00000AC4 result=0FEC0000 err=0 access=0x00000004 offset=0:0 bytes=0
2026-08-28 08:23:31.826 [seq=438] [tid=8696] CreateFileMappingA input=000009C0 result=00000808 err=0 name=(null) file=\\?\UNC\psf\Home\Documents\mxd\BeiDou-Server\clien\Data\Item\Etc\0400.img
2026-08-28 08:23:31.833 [seq=439] [tid=8696] MapViewOfFile mapping=00000808 result=178E0000 err=0 access=0x00000004 offset=0:0 bytes=0
2026-08-28 08:23:31.952 [seq=440] [tid=8696] CreateFileMappingA input=000007D8 result=00000AE0 err=0 name=(null) file=\\?\UNC\psf\Home\Documents\mxd\BeiDou-Server\clien\Data\Morph\1000.img
2026-08-28 08:23:31.958 [seq=441] [tid=8696] MapViewOfFile mapping=00000AE0 result=18AE0000 err=0 access=0x00000004 offset=0:0 bytes=0
2026-08-28 08:23:31.969 [seq=442] [tid=8696] CreateFileMappingA input=00000ADC result=000008A8 err=0 name=(null) file=\\?\UNC\psf\Home\Documents\mxd\BeiDou-Server\clien\Data\Morph\1000.img
2026-08-28 08:23:31.973 [seq=443] [tid=8696] MapViewOfFile mapping=000008A8 result=18BD0000 err=0 access=0x00000004 offset=0:0 bytes=0
2026-08-28 08:23:31.998 [seq=444] [tid=8696] CreateFileMappingA input=00000834 result=00000A90 err=0 name=(null) file=\\?\UNC\psf\Home\Documents\mxd\BeiDou-Server\clien\Data\Morph\0083.img
2026-08-28 08:23:32.007 [seq=445] [tid=8696] MapViewOfFile mapping=00000A90 result=12C90000 err=0 access=0x00000004 offset=0:0 bytes=0
2026-08-28 08:23:32.016 [seq=446] [tid=8696] CreateFileMappingA input=00000A94 result=00000A74 err=0 name=(null) file=\\?\UNC\psf\Home\Documents\mxd\BeiDou-Server\clien\Data\Morph\0083.img
2026-08-28 08:23:32.024 [seq=447] [tid=8696] MapViewOfFile mapping=00000A74 result=12FB0000 err=0 access=0x00000004 offset=0:0 bytes=0
2026-08-28 08:23:32.040 [seq=448] [tid=4800] event=health cpu_core_pct=50.0 working_set_mb=138 commit_mb=117 handles=555 gdi=15 user=23 window=hung last_resource="(none)" resource_offset=0 resource_bytes=0 resource_age_ms=0
2026-08-28 08:23:32.044 [seq=449] [tid=8696] CreateFileMappingA input=00000834 result=00000A90 err=0 name=(null) file=\\?\UNC\psf\Home\Documents\mxd\BeiDou-Server\clien\Data\Morph\0097.img
2026-08-28 08:23:32.047 [seq=450] [tid=8696] MapViewOfFile mapping=00000A90 result=13E40000 err=0 access=0x00000004 offset=0:0 bytes=0
2026-08-28 08:23:32.053 [seq=451] [tid=8696] CreateFileMappingA input=00000A78 result=00000A98 err=0 name=(null) file=\\?\UNC\psf\Home\Documents\mxd\BeiDou-Server\clien\Data\Morph\0097.img
2026-08-28 08:23:32.058 [seq=452] [tid=8696] MapViewOfFile mapping=00000A98 result=17A30000 err=0 access=0x00000004 offset=0:0 bytes=0
2026-08-28 08:23:32.065 [seq=453] [tid=8696] CreateFileMappingA input=00000A44 result=000008E0 err=0 name=(null) file=\\?\UNC\psf\Home\Documents\mxd\BeiDou-Server\clien\Data\Morph\0040.img
2026-08-28 08:23:32.069 [seq=454] [tid=8696] MapViewOfFile mapping=000008E0 result=12C90000 err=0 access=0x00000004 offset=0:0 bytes=0
2026-08-28 08:23:32.074 [seq=455] [tid=8696] CreateFileMappingA input=00000A4C result=00000A84 err=0 name=(null) file=\\?\UNC\psf\Home\Documents\mxd\BeiDou-Server\clien\Data\Morph\0040.img
2026-08-28 08:23:32.077 [seq=456] [tid=8696] MapViewOfFile mapping=00000A84 result=12FC0000 err=0 access=0x00000004 offset=0:0 bytes=0
2026-08-28 08:23:32.092 [seq=457] [tid=8696] CreateFileMappingA input=00000818 result=00000838 err=0 name=(null) file=\\?\UNC\psf\Home\Documents\mxd\BeiDou-Server\clien\Data\Morph\0041.img
2026-08-28 08:23:32.096 [seq=458] [tid=8696] MapViewOfFile mapping=00000838 result=12C90000 err=0 access=0x00000004 offset=0:0 bytes=0
2026-08-28 08:23:32.103 [seq=459] [tid=8696] CreateFileMappingA input=00000A9C result=00000A6C err=0 name=(null) file=\\?\UNC\psf\Home\Documents\mxd\BeiDou-Server\clien\Data\Morph\0041.img
2026-08-28 08:23:32.106 [seq=460] [tid=8696] MapViewOfFile mapping=00000A6C result=12FD0000 err=0 access=0x00000004 offset=0:0 bytes=0
2026-08-28 08:23:32.115 [seq=461] [tid=8696] CreateFileMappingA input=0000091C result=00000964 err=0 name=(null) file=\\?\UNC\psf\Home\Documents\mxd\BeiDou-Server\clien\Data\Morph\0096.img
2026-08-28 08:23:32.119 [seq=462] [tid=8696] MapViewOfFile mapping=00000964 result=13E40000 err=0 access=0x00000004 offset=0:0 bytes=0
2026-08-28 08:23:32.128 [seq=463] [tid=8696] CreateFileMappingA input=00000818 result=00000838 err=0 name=(null) file=\\?\UNC\psf\Home\Documents\mxd\BeiDou-Server\clien\Data\Morph\0096.img
2026-08-28 08:23:32.132 [seq=464] [tid=8696] MapViewOfFile mapping=00000838 result=14FB0000 err=0 access=0x00000004 offset=0:0 bytes=0
2026-08-28 08:23:32.139 [seq=465] [tid=8696] CreateFileMappingA input=000008C8 result=00000A44 err=0 name=(null) file=\\?\UNC\psf\Home\Documents\mxd\BeiDou-Server\clien\Data\Morph\0082.img
2026-08-28 08:23:32.143 [seq=466] [tid=8696] MapViewOfFile mapping=00000A44 result=12C90000 err=0 access=0x00000004 offset=0:0 bytes=0
2026-08-28 08:23:32.286 [seq=467] [tid=8696] CreateFileMappingA input=000007D4 result=000008E0 err=0 name=(null) file=\\?\UNC\psf\Home\Documents\mxd\BeiDou-Server\clien\Data\Morph\0082.img
2026-08-28 08:23:32.293 [seq=468] [tid=8696] MapViewOfFile mapping=000008E0 result=13E40000 err=0 access=0x00000004 offset=0:0 bytes=0
2026-08-28 08:23:32.299 [seq=469] [tid=8696] CreateFileMappingA input=000008C8 result=00000A44 err=0 name=(null) file=\\?\UNC\psf\Home\Documents\mxd\BeiDou-Server\clien\Data\Morph\1001.img
2026-08-28 08:23:32.303 [seq=470] [tid=8696] MapViewOfFile mapping=00000A44 result=18CC0000 err=0 access=0x00000004 offset=0:0 bytes=0
2026-08-28 08:23:32.307 [seq=471] [tid=8696] CreateFileMappingA input=00000988 result=0000091C err=0 name=(null) file=\\?\UNC\psf\Home\Documents\mxd\BeiDou-Server\clien\Data\Morph\1001.img
2026-08-28 08:23:32.312 [seq=472] [tid=8696] MapViewOfFile mapping=0000091C result=18DC0000 err=0 access=0x00000004 offset=0:0 bytes=0
2026-08-28 08:23:32.321 [seq=473] [tid=8696] CreateFileMappingA input=000008C8 result=00000A44 err=0 name=(null) file=\\?\UNC\psf\Home\Documents\mxd\BeiDou-Server\clien\Data\Morph\1003.img
2026-08-28 08:23:32.323 [seq=474] [tid=8696] MapViewOfFile mapping=00000A44 result=17A60000 err=0 access=0x00000004 offset=0:0 bytes=0
2026-08-28 08:23:32.328 [seq=475] [tid=8696] CreateFileMappingA input=00000964 result=00000850 err=0 name=(null) file=\\?\UNC\psf\Home\Documents\mxd\BeiDou-Server\clien\Data\Morph\1003.img
2026-08-28 08:23:32.331 [seq=476] [tid=8696] MapViewOfFile mapping=00000850 result=18AE0000 err=0 access=0x00000004 offset=0:0 bytes=0
2026-08-28 08:23:32.338 [seq=477] [tid=8696] CreateFileMappingA input=00000834 result=00000AE0 err=0 name=(null) file=\\?\UNC\psf\Home\Documents\mxd\BeiDou-Server\clien\Data\Morph\0094.img
2026-08-28 08:23:32.340 [seq=478] [tid=8696] MapViewOfFile mapping=00000AE0 result=13E50000 err=0 access=0x00000004 offset=0:0 bytes=0
2026-08-28 08:23:32.344 [seq=479] [tid=8696] CreateFileMappingA input=000009A0 result=000008D8 err=0 name=(null) file=\\?\UNC\psf\Home\Documents\mxd\BeiDou-Server\clien\Data\Morph\0094.img
2026-08-28 08:23:32.352 [seq=480] [tid=8696] MapViewOfFile mapping=000008D8 result=17A60000 err=0 access=0x00000004 offset=0:0 bytes=0
2026-08-28 08:23:32.376 [seq=481] [tid=8696] CreateFileMappingA input=00000920 result=00000904 err=0 name=(null) file=\\?\UNC\psf\Home\Documents\mxd\BeiDou-Server\clien\Data\Morph\0080.img
2026-08-28 08:23:32.380 [seq=482] [tid=8696] MapViewOfFile mapping=00000904 result=17A80000 err=0 access=0x00000004 offset=0:0 bytes=0
2026-08-28 08:23:32.394 [seq=483] [tid=8696] CreateFileMappingA input=00000A40 result=00000A60 err=0 name=(null) file=\\?\UNC\psf\Home\Documents\mxd\BeiDou-Server\clien\Data\Morph\0080.img
2026-08-28 08:23:32.403 [seq=484] [tid=8696] MapViewOfFile mapping=00000A60 result=17AB0000 err=0 access=0x00000004 offset=0:0 bytes=0
2026-08-28 08:23:32.410 [seq=485] [tid=8696] CreateFileMappingA input=00000920 result=00000904 err=0 name=(null) file=\\?\UNC\psf\Home\Documents\mxd\BeiDou-Server\clien\Data\Morph\0043.img
2026-08-28 08:23:32.413 [seq=486] [tid=8696] MapViewOfFile mapping=00000904 result=12C90000 err=0 access=0x00000004 offset=0:0 bytes=0
2026-08-28 08:23:32.418 [seq=487] [tid=8696] CreateFileMappingA input=00000834 result=00000AE0 err=0 name=(null) file=\\?\UNC\psf\Home\Documents\mxd\BeiDou-Server\clien\Data\Morph\0043.img
2026-08-28 08:23:32.421 [seq=488] [tid=8696] MapViewOfFile mapping=00000AE0 result=13E50000 err=0 access=0x00000004 offset=0:0 bytes=0
2026-08-28 08:23:32.428 [seq=489] [tid=8696] CreateFileMappingA input=00000920 result=00000904 err=0 name=(null) file=\\?\UNC\psf\Home\Documents\mxd\BeiDou-Server\clien\Data\Morph\0042.img
2026-08-28 08:23:32.430 [seq=490] [tid=8696] MapViewOfFile mapping=00000904 result=12C90000 err=0 access=0x00000004 offset=0:0 bytes=0
2026-08-28 08:23:32.440 [seq=491] [tid=8696] CreateFileMappingA input=000008C8 result=00000844 err=0 name=(null) file=\\?\UNC\psf\Home\Documents\mxd\BeiDou-Server\clien\Data\Morph\0042.img
2026-08-28 08:23:32.442 [seq=492] [tid=8696] MapViewOfFile mapping=00000844 result=13E60000 err=0 access=0x00000004 offset=0:0 bytes=0
2026-08-28 08:23:32.447 [seq=493] [tid=8696] CreateFileMappingA input=00000920 result=00000904 err=0 name=(null) file=\\?\UNC\psf\Home\Documents\mxd\BeiDou-Server\clien\Data\Morph\0081.img
2026-08-28 08:23:32.449 [seq=494] [tid=8696] MapViewOfFile mapping=00000904 result=12C90000 err=0 access=0x00000004 offset=0:0 bytes=0
2026-08-28 08:23:32.453 [seq=495] [tid=8696] CreateFileMappingA input=00000A90 result=00000A44 err=0 name=(null) file=\\?\UNC\psf\Home\Documents\mxd\BeiDou-Server\clien\Data\Morph\0081.img
2026-08-28 08:23:32.455 [seq=496] [tid=8696] MapViewOfFile mapping=00000A44 result=17A80000 err=0 access=0x00000004 offset=0:0 bytes=0
2026-08-28 08:23:32.460 [seq=497] [tid=8696] CreateFileMappingA input=00000920 result=00000904 err=0 name=(null) file=\\?\UNC\psf\Home\Documents\mxd\BeiDou-Server\clien\Data\Morph\0095.img
2026-08-28 08:23:32.463 [seq=498] [tid=8696] MapViewOfFile mapping=00000904 result=17A90000 err=0 access=0x00000004 offset=0:0 bytes=0
2026-08-28 08:23:32.471 [seq=499] [tid=8696] CreateFileMappingA input=000007D8 result=00000A50 err=0 name=(null) file=\\?\UNC\psf\Home\Documents\mxd\BeiDou-Server\clien\Data\Morph\0095.img
2026-08-28 08:23:32.473 [seq=500] [tid=8696] MapViewOfFile mapping=00000A50 result=17AE0000 err=0 access=0x00000004 offset=0:0 bytes=0
2026-08-28 08:23:32.487 [seq=501] [tid=8696] CreateFileMappingA input=00000ACC result=00000AD0 err=0 name=(null) file=\\?\UNC\psf\Home\Documents\mxd\BeiDou-Server\clien\Data\Morph\1002.img
2026-08-28 08:23:32.492 [seq=502] [tid=8696] MapViewOfFile mapping=00000AD0 result=12C90000 err=0 access=0x00000004 offset=0:0 bytes=0
2026-08-28 08:23:32.498 [seq=503] [tid=8696] CreateFileMappingA input=000007FC result=00000904 err=0 name=(null) file=\\?\UNC\psf\Home\Documents\mxd\BeiDou-Server\clien\Data\Morph\1002.img
2026-08-28 08:23:32.510 [seq=504] [tid=8696] MapViewOfFile mapping=00000904 result=17A90000 err=0 access=0x00000004 offset=0:0 bytes=0
2026-08-28 08:23:32.520 [seq=505] [tid=8696] CreateFileMappingA input=00000990 result=00000980 err=0 name=(null) file=\\?\UNC\psf\Home\Documents\mxd\BeiDou-Server\clien\Data\Morph\0091.img
2026-08-28 08:23:32.522 [seq=506] [tid=8696] MapViewOfFile mapping=00000980 result=12C90000 err=0 access=0x00000004 offset=0:0 bytes=0
2026-08-28 08:23:32.529 [seq=507] [tid=8696] CreateFileMappingA input=00000A48 result=00000AD0 err=0 name=(null) file=\\?\UNC\psf\Home\Documents\mxd\BeiDou-Server\clien\Data\Morph\0091.img
2026-08-28 08:23:32.534 [seq=508] [tid=8696] MapViewOfFile mapping=00000AD0 result=17AA0000 err=0 access=0x00000004 offset=0:0 bytes=0
2026-08-28 08:23:32.542 [seq=509] [tid=8696] CreateFileMappingA input=00000814 result=00000984 err=0 name=(null) file=\\?\UNC\psf\Home\Documents\mxd\BeiDou-Server\clien\Data\Morph\0085.img
2026-08-28 08:23:32.544 [seq=510] [tid=8696] MapViewOfFile mapping=00000984 result=18B40000 err=0 access=0x00000004 offset=0:0 bytes=0
2026-08-28 08:23:32.552 [seq=511] [tid=8696] CreateFileMappingA input=00000A20 result=00000928 err=0 name=(null) file=\\?\UNC\psf\Home\Documents\mxd\BeiDou-Server\clien\Data\Morph\0085.img
2026-08-28 08:23:32.556 [seq=512] [tid=8696] MapViewOfFile mapping=00000928 result=18CC0000 err=0 access=0x00000004 offset=0:0 bytes=0
2026-08-28 08:23:32.573 [seq=513] [tid=8696] CreateFileMappingA input=00000814 result=00000984 err=0 name=(null) file=\\?\UNC\psf\Home\Documents\mxd\BeiDou-Server\clien\Data\Morph\0084.img
2026-08-28 08:23:32.577 [seq=514] [tid=8696] MapViewOfFile mapping=00000984 result=12C90000 err=0 access=0x00000004 offset=0:0 bytes=0
2026-08-28 08:23:32.589 [seq=515] [tid=8696] CreateFileMappingA input=0000084C result=000009B0 err=0 name=(null) file=\\?\UNC\psf\Home\Documents\mxd\BeiDou-Server\clien\Data\Morph\0084.img
2026-08-28 08:23:32.592 [seq=516] [tid=8696] MapViewOfFile mapping=000009B0 result=17B00000 err=0 access=0x00000004 offset=0:0 bytes=0
2026-08-28 08:23:32.605 [seq=517] [tid=8696] CreateFileMappingA input=00000814 result=00000984 err=0 name=(null) file=\\?\UNC\psf\Home\Documents\mxd\BeiDou-Server\clien\Data\Morph\0090.img
2026-08-28 08:23:32.609 [seq=518] [tid=8696] MapViewOfFile mapping=00000984 result=18B40000 err=0 access=0x00000004 offset=0:0 bytes=0
2026-08-28 08:23:32.621 [seq=519] [tid=8696] CreateFileMappingA input=000009D0 result=00000920 err=0 name=(null) file=\\?\UNC\psf\Home\Documents\mxd\BeiDou-Server\clien\Data\Morph\0090.img
2026-08-28 08:23:32.626 [seq=520] [tid=8696] MapViewOfFile mapping=00000920 result=18B60000 err=0 access=0x00000004 offset=0:0 bytes=0
2026-08-28 08:23:32.640 [seq=521] [tid=8696] CreateFileMappingA input=00000814 result=000007E8 err=0 name=(null) file=\\?\UNC\psf\Home\Documents\mxd\BeiDou-Server\clien\Data\Morph\0086.img
2026-08-28 08:23:32.645 [seq=522] [tid=8696] MapViewOfFile mapping=000007E8 result=12C90000 err=0 access=0x00000004 offset=0:0 bytes=0
2026-08-28 08:23:32.659 [seq=523] [tid=8696] CreateFileMappingA input=000007E4 result=00000A54 err=0 name=(null) file=\\?\UNC\psf\Home\Documents\mxd\BeiDou-Server\clien\Data\Morph\0086.img
2026-08-28 08:23:32.672 [seq=524] [tid=8696] MapViewOfFile mapping=00000A54 result=18B40000 err=0 access=0x00000004 offset=0:0 bytes=0
2026-08-28 08:23:32.684 [seq=525] [tid=8696] CreateFileMappingA input=000008CC result=00000980 err=0 name=(null) file=\\?\UNC\psf\Home\Documents\mxd\BeiDou-Server\clien\Data\Morph\0092.img
2026-08-28 08:23:32.689 [seq=526] [tid=8696] MapViewOfFile mapping=00000980 result=18B80000 err=0 access=0x00000004 offset=0:0 bytes=0
2026-08-28 08:23:32.697 [seq=527] [tid=8696] CreateFileMappingA input=00000A2C result=00000984 err=0 name=(null) file=\\?\UNC\psf\Home\Documents\mxd\BeiDou-Server\clien\Data\Morph\0092.img
2026-08-28 08:23:32.701 [seq=528] [tid=8696] MapViewOfFile mapping=00000984 result=18BA0000 err=0 access=0x00000004 offset=0:0 bytes=0
2026-08-28 08:23:32.707 [seq=529] [tid=8696] CreateFileMappingA input=000009E8 result=000009F4 err=0 name=(null) file=\\?\UNC\psf\Home\Documents\mxd\BeiDou-Server\clien\Data\Morph\0079.img
2026-08-28 08:23:32.710 [seq=530] [tid=8696] MapViewOfFile mapping=000009F4 result=18B80000 err=0 access=0x00000004 offset=0:0 bytes=0
2026-08-28 08:23:32.716 [seq=531] [tid=8696] CreateFileMappingA input=00000A58 result=00000A1C err=0 name=(null) file=\\?\UNC\psf\Home\Documents\mxd\BeiDou-Server\clien\Data\Morph\0079.img
2026-08-28 08:23:32.719 [seq=532] [tid=8696] MapViewOfFile mapping=00000A1C result=18D30000 err=0 access=0x00000004 offset=0:0 bytes=0
2026-08-28 08:23:32.727 [seq=533] [tid=8696] CreateFileMappingA input=00000A80 result=00000A70 err=0 name=(null) file=\\?\UNC\psf\Home\Documents\mxd\BeiDou-Server\clien\Data\Morph\0045.img
2026-08-28 08:23:32.730 [seq=534] [tid=8696] MapViewOfFile mapping=00000A70 result=12C90000 err=0 access=0x00000004 offset=0:0 bytes=0
2026-08-28 08:23:32.735 [seq=535] [tid=8696] CreateFileMappingA input=000008F0 result=000007F8 err=0 name=(null) file=\\?\UNC\psf\Home\Documents\mxd\BeiDou-Server\clien\Data\Morph\0045.img
2026-08-28 08:23:32.740 [seq=536] [tid=8696] MapViewOfFile mapping=000007F8 result=18B50000 err=0 access=0x00000004 offset=0:0 bytes=0
2026-08-28 08:23:32.747 [seq=537] [tid=8696] CreateFileMappingA input=0000090C result=00000348 err=0 name=(null) file=\\?\UNC\psf\Home\Documents\mxd\BeiDou-Server\clien\Data\Morph\0044.img
2026-08-28 08:23:32.752 [seq=538] [tid=8696] MapViewOfFile mapping=00000348 result=12C90000 err=0 access=0x00000004 offset=0:0 bytes=0
2026-08-28 08:23:32.759 [seq=539] [tid=8696] CreateFileMappingA input=000009E8 result=00000980 err=0 name=(null) file=\\?\UNC\psf\Home\Documents\mxd\BeiDou-Server\clien\Data\Morph\0044.img
2026-08-28 08:23:32.762 [seq=540] [tid=8696] MapViewOfFile mapping=00000980 result=18B80000 err=0 access=0x00000004 offset=0:0 bytes=0
2026-08-28 08:23:32.770 [seq=541] [tid=8696] CreateFileMappingA input=0000090C result=00000348 err=0 name=(null) file=\\?\UNC\psf\Home\Documents\mxd\BeiDou-Server\clien\Data\Morph\0078.img
2026-08-28 08:23:32.772 [seq=542] [tid=8696] MapViewOfFile mapping=00000348 result=18D50000 err=0 access=0x00000004 offset=0:0 bytes=0
2026-08-28 08:23:32.779 [seq=543] [tid=8696] CreateFileMappingA input=00000A70 result=000009AC err=0 name=(null) file=\\?\UNC\psf\Home\Documents\mxd\BeiDou-Server\clien\Data\Morph\0078.img
2026-08-28 08:23:32.782 [seq=544] [tid=8696] MapViewOfFile mapping=000009AC result=18D80000 err=0 access=0x00000004 offset=0:0 bytes=0
2026-08-28 08:23:32.790 [seq=545] [tid=8696] CreateFileMappingA input=000008D0 result=000009C8 err=0 name=(null) file=\\?\UNC\psf\Home\Documents\mxd\BeiDou-Server\clien\Data\Morph\0093.img
2026-08-28 08:23:32.793 [seq=546] [tid=8696] MapViewOfFile mapping=000009C8 result=18D50000 err=0 access=0x00000004 offset=0:0 bytes=0
2026-08-28 08:23:32.798 [seq=547] [tid=8696] CreateFileMappingA input=00000998 result=000009A4 err=0 name=(null) file=\\?\UNC\psf\Home\Documents\mxd\BeiDou-Server\clien\Data\Morph\0093.img
2026-08-28 08:23:32.802 [seq=548] [tid=8696] MapViewOfFile mapping=000009A4 result=18EC0000 err=0 access=0x00000004 offset=0:0 bytes=0
2026-08-28 08:23:32.809 [seq=549] [tid=8696] CreateFileMappingA input=000009F4 result=00000A80 err=0 name=(null) file=\\?\UNC\psf\Home\Documents\mxd\BeiDou-Server\clien\Data\Morph\0087.img
2026-08-28 08:23:32.812 [seq=550] [tid=8696] MapViewOfFile mapping=00000A80 result=18EE0000 err=0 access=0x00000004 offset=0:0 bytes=0
2026-08-28 08:23:32.821 [seq=551] [tid=8696] CreateFileMappingA input=00000A3C result=00000944 err=0 name=(null) file=\\?\UNC\psf\Home\Documents\mxd\BeiDou-Server\clien\Data\Morph\0087.img
2026-08-28 08:23:32.824 [seq=552] [tid=8696] MapViewOfFile mapping=00000944 result=18F30000 err=0 access=0x00000004 offset=0:0 bytes=0
2026-08-28 08:23:32.834 [seq=553] [tid=8696] CreateFileMappingA input=000009CC result=000007E0 err=0 name=(null) file=\\?\UNC\psf\Home\Documents\mxd\BeiDou-Server\clien\Data\Morph\0023.img
2026-08-28 08:23:32.838 [seq=554] [tid=8696] MapViewOfFile mapping=000007E0 result=12C90000 err=0 access=0x00000004 offset=0:0 bytes=0
2026-08-28 08:23:32.846 [seq=555] [tid=8696] CreateFileMappingA input=00000AC0 result=00000940 err=0 name=(null) file=\\?\UNC\psf\Home\Documents\mxd\BeiDou-Server\clien\Data\Morph\0023.img
2026-08-28 08:23:32.851 [seq=556] [tid=8696] MapViewOfFile mapping=00000940 result=18B90000 err=0 access=0x00000004 offset=0:0 bytes=0
2026-08-28 08:23:32.861 [seq=557] [tid=8696] CreateFileMappingA input=000009CC result=000007E0 err=0 name=(null) file=\\?\UNC\psf\Home\Documents\mxd\BeiDou-Server\clien\Data\Morph\1103.img
2026-08-28 08:23:32.865 [seq=558] [tid=8696] MapViewOfFile mapping=000007E0 result=18F80000 err=0 access=0x00000004 offset=0:0 bytes=0
2026-08-28 08:23:32.872 [seq=559] [tid=8696] CreateFileMappingA input=00000A80 result=00000954 err=0 name=(null) file=\\?\UNC\psf\Home\Documents\mxd\BeiDou-Server\clien\Data\Morph\1103.img
2026-08-28 08:23:32.876 [seq=560] [tid=8696] MapViewOfFile mapping=00000954 result=18FE0000 err=0 access=0x00000004 offset=0:0 bytes=0
2026-08-28 08:23:32.889 [seq=561] [tid=8696] CreateFileMappingA input=00000A00 result=00000804 err=0 name=(null) file=\\?\UNC\psf\Home\Documents\mxd\BeiDou-Server\clien\Data\Morph\0036.img
2026-08-28 08:23:32.892 [seq=562] [tid=8696] MapViewOfFile mapping=00000804 result=12C90000 err=0 access=0x00000004 offset=0:0 bytes=0
2026-08-28 08:23:32.902 [seq=563] [tid=8696] CreateFileMappingA input=000007E0 result=00000A28 err=0 name=(null) file=\\?\UNC\psf\Home\Documents\mxd\BeiDou-Server\clien\Data\Morph\0036.img
2026-08-28 08:23:32.906 [seq=564] [tid=8696] MapViewOfFile mapping=00000A28 result=18BC0000 err=0 access=0x00000004 offset=0:0 bytes=0
2026-08-28 08:23:32.915 [seq=565] [tid=8696] CreateFileMappingA input=000008D0 result=00000A00 err=0 name=(null) file=\\?\UNC\psf\Home\Documents\mxd\BeiDou-Server\clien\Data\Morph\0022.img
2026-08-28 08:23:32.918 [seq=566] [tid=8696] MapViewOfFile mapping=00000A00 result=12C90000 err=0 access=0x00000004 offset=0:0 bytes=0
2026-08-28 08:23:32.925 [seq=567] [tid=8696] CreateFileMappingA input=00000804 result=0000098C err=0 name=(null) file=\\?\UNC\psf\Home\Documents\mxd\BeiDou-Server\clien\Data\Morph\0022.img
2026-08-28 08:23:32.928 [seq=568] [tid=8696] MapViewOfFile mapping=0000098C result=18D50000 err=0 access=0x00000004 offset=0:0 bytes=0
2026-08-28 08:23:32.936 [seq=569] [tid=8696] CreateFileMappingA input=000009B8 result=00000924 err=0 name=(null) file=\\?\UNC\psf\Home\Documents\mxd\BeiDou-Server\clien\Data\Morph\0008.img
2026-08-28 08:23:32.939 [seq=570] [tid=8696] MapViewOfFile mapping=00000924 result=12C90000 err=0 access=0x00000004 offset=0:0 bytes=0
2026-08-28 08:23:32.944 [seq=571] [tid=8696] CreateFileMappingA input=000009F4 result=000009C8 err=0 name=(null) file=\\?\UNC\psf\Home\Documents\mxd\BeiDou-Server\clien\Data\Morph\0008.img
2026-08-28 08:23:32.948 [seq=572] [tid=8696] MapViewOfFile mapping=000009C8 result=18D60000 err=0 access=0x00000004 offset=0:0 bytes=0
2026-08-28 08:23:32.954 [seq=573] [tid=8696] CreateFileMappingA input=000009B8 result=00000924 err=0 name=(null) file=\\?\UNC\psf\Home\Documents\mxd\BeiDou-Server\clien\Data\Morph\1100.img
2026-08-28 08:23:32.957 [seq=574] [tid=8696] MapViewOfFile mapping=00000924 result=19040000 err=0 access=0x00000004 offset=0:0 bytes=0
2026-08-28 08:23:32.962 [seq=575] [tid=8696] CreateFileMappingA input=00000ABC result=00000A68 err=0 name=(null) file=\\?\UNC\psf\Home\Documents\mxd\BeiDou-Server\clien\Data\Morph\1100.img
2026-08-28 08:23:32.965 [seq=576] [tid=8696] MapViewOfFile mapping=00000A68 result=19130000 err=0 access=0x00000004 offset=0:0 bytes=0
2026-08-28 08:23:32.983 [seq=577] [tid=8696] CreateFileMappingA input=0000090C result=00000AC8 err=0 name=(null) file=\\?\UNC\psf\Home\Documents\mxd\BeiDou-Server\clien\Data\Morph\1101.img
2026-08-28 08:23:32.986 [seq=578] [tid=8696] MapViewOfFile mapping=00000AC8 result=19220000 err=0 access=0x00000004 offset=0:0 bytes=0
2026-08-28 08:23:33.010 [seq=579] [tid=8696] CreateFileMappingA input=000009B8 result=00000848 err=0 name=(null) file=\\?\UNC\psf\Home\Documents\mxd\BeiDou-Server\clien\Data\Morph\1101.img
2026-08-28 08:23:33.015 [seq=580] [tid=8696] MapViewOfFile mapping=00000848 result=19320000 err=0 access=0x00000004 offset=0:0 bytes=0
2026-08-28 08:23:33.051 [seq=581] [tid=8696] CreateFileMappingA input=0000090C result=00000AC8 err=0 name=(null) file=\\?\UNC\psf\Home\Documents\mxd\BeiDou-Server\clien\Data\Morph\0009.img
2026-08-28 08:23:33.058 [seq=582] [tid=8696] MapViewOfFile mapping=00000AC8 result=12C90000 err=0 access=0x00000004 offset=0:0 bytes=0
2026-08-28 08:23:33.071 [seq=583] [tid=8696] CreateFileMappingA input=00000814 result=000008CC err=0 name=(null) file=\\?\UNC\psf\Home\Documents\mxd\BeiDou-Server\clien\Data\Morph\0009.img
2026-08-28 08:23:33.089 [seq=584] [tid=8696] MapViewOfFile mapping=000008CC result=18D70000 err=0 access=0x00000004 offset=0:0 bytes=0
2026-08-28 08:23:33.123 [seq=585] [tid=8696] CreateFileMappingA input=00000A5C result=00000A7C err=0 name=(null) file=\\?\UNC\psf\Home\Documents\mxd\BeiDou-Server\clien\Data\Morph\0021.img
2026-08-28 08:23:33.132 [seq=586] [tid=8696] MapViewOfFile mapping=00000A7C result=12C90000 err=0 access=0x00000004 offset=0:0 bytes=0
2026-08-28 08:23:33.146 [seq=587] [tid=8696] CreateFileMappingA input=00000AC8 result=000009B4 err=0 name=(null) file=\\?\UNC\psf\Home\Documents\mxd\BeiDou-Server\clien\Data\Morph\0021.img
2026-08-28 08:23:33.151 [seq=588] [tid=8696] MapViewOfFile mapping=000009B4 result=18DB0000 err=0 access=0x00000004 offset=0:0 bytes=0
2026-08-28 08:23:33.163 [seq=589] [tid=8696] CreateFileMappingA input=00000A5C result=00000A00 err=0 name=(null) file=\\?\UNC\psf\Home\Documents\mxd\BeiDou-Server\clien\Data\Morph\0025.img
2026-08-28 08:23:33.166 [seq=590] [tid=8696] MapViewOfFile mapping=00000A00 result=12C90000 err=0 access=0x00000004 offset=0:0 bytes=0
2026-08-28 08:23:33.172 [seq=591] [tid=8696] CreateFileMappingA input=000007E8 result=00000A38 err=0 name=(null) file=\\?\UNC\psf\Home\Documents\mxd\BeiDou-Server\clien\Data\Morph\0025.img
2026-08-28 08:23:33.175 [seq=592] [tid=8696] MapViewOfFile mapping=00000A38 result=18EE0000 err=0 access=0x00000004 offset=0:0 bytes=0
2026-08-28 08:23:33.204 [seq=593] [tid=8696] CreateFileMappingA input=00000A5C result=00000A00 err=0 name=(null) file=\\?\UNC\psf\Home\Documents\mxd\BeiDou-Server\clien\Data\Morph\0024.img
2026-08-28 08:23:33.213 [seq=594] [tid=8696] MapViewOfFile mapping=00000A00 result=12C90000 err=0 access=0x00000004 offset=0:0 bytes=0
2026-08-28 08:23:33.337 [seq=595] [tid=8696] CreateFileMappingA input=00000348 result=000009D8 err=0 name=(null) file=\\?\UNC\psf\Home\Documents\mxd\BeiDou-Server\clien\Data\Morph\0024.img
2026-08-28 08:23:33.340 [seq=596] [tid=8696] MapViewOfFile mapping=000009D8 result=18EF0000 err=0 access=0x00000004 offset=0:0 bytes=0
2026-08-28 08:23:33.352 [seq=597] [tid=8696] CreateFileMappingA input=0000090C result=00000994 err=0 name=(null) file=\\?\UNC\psf\Home\Documents\mxd\BeiDou-Server\clien\Data\Morph\0030.img
2026-08-28 08:23:33.356 [seq=598] [tid=8696] MapViewOfFile mapping=00000994 result=12C90000 err=0 access=0x00000004 offset=0:0 bytes=0
2026-08-28 08:23:33.370 [seq=599] [tid=8696] CreateFileMappingA input=0000082C result=00000A5C err=0 name=(null) file=\\?\UNC\psf\Home\Documents\mxd\BeiDou-Server\clien\Data\Morph\0030.img
2026-08-28 08:23:33.372 [seq=600] [tid=8696] MapViewOfFile mapping=00000A5C result=18F00000 err=0 access=0x00000004 offset=0:0 bytes=0
2026-08-28 08:23:33.378 [seq=601] [tid=8696] CreateFileMappingA input=00000900 result=000009E4 err=0 name=(null) file=\\?\UNC\psf\Home\Documents\mxd\BeiDou-Server\clien\Data\Morph\0018.img
2026-08-28 08:23:33.386 [seq=602] [tid=8696] MapViewOfFile mapping=000009E4 result=12C90000 err=0 access=0x00000004 offset=0:0 bytes=0
2026-08-28 08:23:33.390 [seq=603] [tid=8696] CreateFileMappingA input=0000090C result=00000994 err=0 name=(null) file=\\?\UNC\psf\Home\Documents\mxd\BeiDou-Server\clien\Data\Morph\0018.img
2026-08-28 08:23:33.392 [seq=604] [tid=8696] MapViewOfFile mapping=00000994 result=18F10000 err=0 access=0x00000004 offset=0:0 bytes=0
2026-08-28 08:23:33.398 [seq=605] [tid=8696] CreateFileMappingA input=00000824 result=00000AB4 err=0 name=(null) file=\\?\UNC\psf\Home\Documents\mxd\BeiDou-Server\clien\Data\Morph\0026.img
2026-08-28 08:23:33.400 [seq=606] [tid=8696] MapViewOfFile mapping=00000AB4 result=12C90000 err=0 access=0x00000004 offset=0:0 bytes=0
2026-08-28 08:23:33.404 [seq=607] [tid=8696] CreateFileMappingA input=00000A04 result=00000AB8 err=0 name=(null) file=\\?\UNC\psf\Home\Documents\mxd\BeiDou-Server\clien\Data\Morph\0026.img
2026-08-28 08:23:33.406 [seq=608] [tid=8696] MapViewOfFile mapping=00000AB8 result=18F20000 err=0 access=0x00000004 offset=0:0 bytes=0
2026-08-28 08:23:33.411 [seq=609] [tid=8696] CreateFileMappingA input=00000824 result=00000AB4 err=0 name=(null) file=\\?\UNC\psf\Home\Documents\mxd\BeiDou-Server\clien\Data\Morph\0027.img
2026-08-28 08:23:33.413 [seq=610] [tid=8696] MapViewOfFile mapping=00000AB4 result=12C90000 err=0 access=0x00000004 offset=0:0 bytes=0
2026-08-28 08:23:33.418 [seq=611] [tid=8696] CreateFileMappingA input=00000AAC result=000009FC err=0 name=(null) file=\\?\UNC\psf\Home\Documents\mxd\BeiDou-Server\clien\Data\Morph\0027.img
2026-08-28 08:23:33.420 [seq=612] [tid=8696] MapViewOfFile mapping=000009FC result=18F80000 err=0 access=0x00000004 offset=0:0 bytes=0
2026-08-28 08:23:33.452 [seq=613] [tid=8696] CreateFileMappingA input=00000900 result=00000AA8 err=0 name=(null) file=\\?\UNC\psf\Home\Documents\mxd\BeiDou-Server\clien\Data\Morph\0002.img
2026-08-28 08:23:33.457 [seq=614] [tid=8696] MapViewOfFile mapping=00000AA8 result=12C90000 err=0 access=0x00000004 offset=0:0 bytes=0
2026-08-28 08:23:33.473 [seq=615] [tid=8696] CreateFileMappingA input=0000081C result=00000824 err=0 name=(null) file=\\?\UNC\psf\Home\Documents\mxd\BeiDou-Server\clien\Data\Morph\0002.img
2026-08-28 08:23:33.476 [seq=616] [tid=8696] MapViewOfFile mapping=00000824 result=18F90000 err=0 access=0x00000004 offset=0:0 bytes=0
2026-08-28 08:23:33.484 [seq=617] [tid=8696] CreateFileMappingA input=00000900 result=00000AA8 err=0 name=(null) file=\\?\UNC\psf\Home\Documents\mxd\BeiDou-Server\clien\Data\Morph\0016.img
2026-08-28 08:23:33.486 [seq=618] [tid=8696] MapViewOfFile mapping=00000AA8 result=12C90000 err=0 access=0x00000004 offset=0:0 bytes=0
2026-08-28 08:23:33.491 [seq=619] [tid=8696] CreateFileMappingA input=000009F8 result=00000A10 err=0 name=(null) file=\\?\UNC\psf\Home\Documents\mxd\BeiDou-Server\clien\Data\Morph\0016.img
2026-08-28 08:23:33.493 [seq=620] [tid=8696] MapViewOfFile mapping=00000A10 result=18FA0000 err=0 access=0x00000004 offset=0:0 bytes=0
2026-08-28 08:23:33.499 [seq=621] [tid=8696] CreateFileMappingA input=00000AA0 result=00000810 err=0 name=(null) file=\\?\UNC\psf\Home\Documents\mxd\BeiDou-Server\clien\Data\Morph\0017.img
2026-08-28 08:23:33.503 [seq=622] [tid=8696] MapViewOfFile mapping=00000810 result=18FB0000 err=0 access=0x00000004 offset=0:0 bytes=0
2026-08-28 08:23:33.509 [seq=623] [tid=8696] CreateFileMappingA input=00000820 result=00000914 err=0 name=(null) file=\\?\UNC\psf\Home\Documents\mxd\BeiDou-Server\clien\Data\Morph\0017.img
2026-08-28 08:23:33.511 [seq=624] [tid=8696] MapViewOfFile mapping=00000914 result=19040000 err=0 access=0x00000004 offset=0:0 bytes=0
2026-08-28 08:23:33.517 [seq=625] [tid=8696] CreateFileMappingA input=00000AB4 result=000009E4 err=0 name=(null) file=\\?\UNC\psf\Home\Documents\mxd\BeiDou-Server\clien\Data\Morph\0003.img
2026-08-28 08:23:33.519 [seq=626] [tid=8696] MapViewOfFile mapping=000009E4 result=12C90000 err=0 access=0x00000004 offset=0:0 bytes=0
2026-08-28 08:23:33.524 [seq=627] [tid=8696] CreateFileMappingA input=00000A00 result=000007EC err=0 name=(null) file=\\?\UNC\psf\Home\Documents\mxd\BeiDou-Server\clien\Data\Morph\0003.img
2026-08-28 08:23:33.526 [seq=628] [tid=8696] MapViewOfFile mapping=000007EC result=18FB0000 err=0 access=0x00000004 offset=0:0 bytes=0
2026-08-28 08:23:33.532 [seq=629] [tid=8696] CreateFileMappingA input=00000AB4 result=000009E4 err=0 name=(null) file=\\?\UNC\psf\Home\Documents\mxd\BeiDou-Server\clien\Data\Morph\0015.img
2026-08-28 08:23:33.535 [seq=630] [tid=8696] MapViewOfFile mapping=000009E4 result=12C90000 err=0 access=0x00000004 offset=0:0 bytes=0
2026-08-28 08:23:33.541 [seq=631] [tid=8696] CreateFileMappingA input=000007F4 result=00000900 err=0 name=(null) file=\\?\UNC\psf\Home\Documents\mxd\BeiDou-Server\clien\Data\Morph\0015.img
2026-08-28 08:23:33.543 [seq=632] [tid=8696] MapViewOfFile mapping=00000900 result=18FC0000 err=0 access=0x00000004 offset=0:0 bytes=0
2026-08-28 08:23:33.551 [seq=633] [tid=8696] CreateFileMappingA input=00000650 result=00000AA4 err=0 name=(null) file=\\?\UNC\psf\Home\Documents\mxd\BeiDou-Server\clien\Data\Morph\0001.img
2026-08-28 08:23:33.553 [seq=634] [tid=8696] MapViewOfFile mapping=00000AA4 result=12C90000 err=0 access=0x00000004 offset=0:0 bytes=0
2026-08-28 08:23:33.560 [seq=635] [tid=8696] CreateFileMappingA input=000009A8 result=00000810 err=0 name=(null) file=\\?\UNC\psf\Home\Documents\mxd\BeiDou-Server\clien\Data\Morph\0001.img
2026-08-28 08:23:33.564 [seq=636] [tid=8696] MapViewOfFile mapping=00000810 result=18FD0000 err=0 access=0x00000004 offset=0:0 bytes=0
2026-08-28 08:23:33.571 [seq=637] [tid=8696] CreateFileMappingA input=00000650 result=00000AA4 err=0 name=(null) file=\\?\UNC\psf\Home\Documents\mxd\BeiDou-Server\clien\Data\Morph\0029.img
2026-08-28 08:23:33.573 [seq=638] [tid=8696] MapViewOfFile mapping=00000AA4 result=12C90000 err=0 access=0x00000004 offset=0:0 bytes=0
2026-08-28 08:23:33.578 [seq=639] [tid=8696] CreateFileMappingA input=00000AA0 result=00000828 err=0 name=(null) file=\\?\UNC\psf\Home\Documents\mxd\BeiDou-Server\clien\Data\Morph\0029.img
2026-08-28 08:23:33.580 [seq=640] [tid=8696] MapViewOfFile mapping=00000828 result=19060000 err=0 access=0x00000004 offset=0:0 bytes=0
2026-08-28 08:23:33.590 [seq=641] [tid=8696] CreateFileMappingA input=000009E4 result=000008D0 err=0 name=(null) file=\\?\UNC\psf\Home\Documents\mxd\BeiDou-Server\clien\Data\Morph\0028.img
2026-08-28 08:23:33.592 [seq=642] [tid=8696] MapViewOfFile mapping=000008D0 result=12C90000 err=0 access=0x00000004 offset=0:0 bytes=0
2026-08-28 08:23:33.597 [seq=643] [tid=8696] CreateFileMappingA input=00000650 result=00000AA4 err=0 name=(null) file=\\?\UNC\psf\Home\Documents\mxd\BeiDou-Server\clien\Data\Morph\0028.img
2026-08-28 08:23:33.600 [seq=644] [tid=8696] MapViewOfFile mapping=00000AA4 result=19070000 err=0 access=0x00000004 offset=0:0 bytes=0
2026-08-28 08:23:33.606 [seq=645] [tid=8696] CreateFileMappingA input=00000AB4 result=000007DC err=0 name=(null) file=\\?\UNC\psf\Home\Documents\mxd\BeiDou-Server\clien\Data\Morph\0038.img
2026-08-28 08:23:33.608 [seq=646] [tid=8696] MapViewOfFile mapping=000007DC result=12C90000 err=0 access=0x00000004 offset=0:0 bytes=0
2026-08-28 08:23:33.613 [seq=647] [tid=8696] CreateFileMappingA input=000008B0 result=00000908 err=0 name=(null) file=\\?\UNC\psf\Home\Documents\mxd\BeiDou-Server\clien\Data\Morph\0038.img
2026-08-28 08:23:33.619 [seq=648] [tid=8696] MapViewOfFile mapping=00000908 result=19080000 err=0 access=0x00000004 offset=0:0 bytes=0
2026-08-28 08:23:33.625 [seq=649] [tid=8696] CreateFileMappingA input=00000830 result=0000093C err=0 name=(null) file=\\?\UNC\psf\Home\Documents\mxd\BeiDou-Server\clien\Data\Morph\0010.img
2026-08-28 08:23:33.627 [seq=650] [tid=8696] MapViewOfFile mapping=0000093C result=19090000 err=0 access=0x00000004 offset=0:0 bytes=0
2026-08-28 08:23:33.637 [seq=651] [tid=8696] CreateFileMappingA input=000007DC result=00000AB4 err=0 name=(null) file=\\?\UNC\psf\Home\Documents\mxd\BeiDou-Server\clien\Data\Morph\0010.img
2026-08-28 08:23:33.640 [seq=652] [tid=8696] MapViewOfFile mapping=00000AB4 result=190D0000 err=0 access=0x00000004 offset=0:0 bytes=0
2026-08-28 08:23:33.648 [seq=653] [tid=8696] CreateFileMappingA input=00000830 result=0000093C err=0 name=(null) file=\\?\UNC\psf\Home\Documents\mxd\BeiDou-Server\clien\Data\Morph\0004.img
2026-08-28 08:23:33.651 [seq=654] [tid=8696] MapViewOfFile mapping=0000093C result=12C90000 err=0 access=0x00000004 offset=0:0 bytes=0
2026-08-28 08:23:33.658 [seq=655] [tid=8696] CreateFileMappingA input=000008F8 result=000009E4 err=0 name=(null) file=\\?\UNC\psf\Home\Documents\mxd\BeiDou-Server\clien\Data\Morph\0004.img
2026-08-28 08:23:33.677 [seq=656] [tid=8696] MapViewOfFile mapping=000009E4 result=19090000 err=0 access=0x00000004 offset=0:0 bytes=0
2026-08-28 08:23:33.708 [seq=657] [tid=8696] CreateFileMappingA input=0000080C result=0000095C err=0 name=(null) file=\\?\UNC\psf\Home\Documents\mxd\BeiDou-Server\clien\Data\Morph\0005.img
2026-08-28 08:23:33.712 [seq=658] [tid=8696] MapViewOfFile mapping=0000095C result=12C90000 err=0 access=0x00000004 offset=0:0 bytes=0
2026-08-28 08:23:33.721 [seq=659] [tid=8696] CreateFileMappingA input=00000A88 result=00000830 err=0 name=(null) file=\\?\UNC\psf\Home\Documents\mxd\BeiDou-Server\clien\Data\Morph\0005.img
2026-08-28 08:23:33.724 [seq=660] [tid=8696] MapViewOfFile mapping=00000830 result=190A0000 err=0 access=0x00000004 offset=0:0 bytes=0
2026-08-28 08:23:33.734 [seq=661] [tid=8696] CreateFileMappingA input=00000924 result=00000A64 err=0 name=(null) file=\\?\UNC\psf\Home\Documents\mxd\BeiDou-Server\clien\Data\Morph\0011.img
2026-08-28 08:23:33.738 [seq=662] [tid=8696] MapViewOfFile mapping=00000A64 result=19220000 err=0 access=0x00000004 offset=0:0 bytes=0
2026-08-28 08:23:33.750 [seq=663] [tid=8696] CreateFileMappingA input=0000068C result=00000ACC err=0 name=(null) file=\\?\UNC\psf\Home\Documents\mxd\BeiDou-Server\clien\Data\Morph\0011.img
2026-08-28 08:23:33.754 [seq=664] [tid=8696] MapViewOfFile mapping=00000ACC result=19260000 err=0 access=0x00000004 offset=0:0 bytes=0
2026-08-28 08:23:33.763 [seq=665] [tid=8696] CreateFileMappingA input=00000924 result=00000A64 err=0 name=(null) file=\\?\UNC\psf\Home\Documents\mxd\BeiDou-Server\clien\Data\Morph\0039.img
2026-08-28 08:23:33.769 [seq=666] [tid=8696] MapViewOfFile mapping=00000A64 result=12C90000 err=0 access=0x00000004 offset=0:0 bytes=0
2026-08-28 08:23:33.788 [seq=667] [tid=8696] CreateFileMappingA input=000009C4 result=00000934 err=0 name=(null) file=\\?\UNC\psf\Home\Documents\mxd\BeiDou-Server\clien\Data\Morph\0039.img
2026-08-28 08:23:33.791 [seq=668] [tid=8696] MapViewOfFile mapping=00000934 result=190B0000 err=0 access=0x00000004 offset=0:0 bytes=0
2026-08-28 08:23:33.804 [seq=669] [tid=8696] CreateFileMappingA input=000007D0 result=0000080C err=0 name=(null) file=\\?\UNC\psf\Home\Documents\mxd\BeiDou-Server\clien\Data\Morph\0007.img
2026-08-28 08:23:33.807 [seq=670] [tid=8696] MapViewOfFile mapping=0000080C result=12C90000 err=0 access=0x00000004 offset=0:0 bytes=0
2026-08-28 08:23:33.812 [seq=671] [tid=8696] CreateFileMappingA input=00000924 result=00000A64 err=0 name=(null) file=\\?\UNC\psf\Home\Documents\mxd\BeiDou-Server\clien\Data\Morph\0007.img
2026-08-28 08:23:33.816 [seq=672] [tid=8696] MapViewOfFile mapping=00000A64 result=190C0000 err=0 access=0x00000004 offset=0:0 bytes=0
2026-08-28 08:23:33.826 [seq=673] [tid=8696] CreateFileMappingA input=000007D0 result=0000080C err=0 name=(null) file=\\?\UNC\psf\Home\Documents\mxd\BeiDou-Server\clien\Data\Morph\0012.img
2026-08-28 08:23:33.832 [seq=674] [tid=8696] MapViewOfFile mapping=0000080C result=12C90000 err=0 access=0x00000004 offset=0:0 bytes=0
2026-08-28 08:23:33.844 [seq=675] [tid=8696] CreateFileMappingA input=0000095C result=000008D0 err=0 name=(null) file=\\?\UNC\psf\Home\Documents\mxd\BeiDou-Server\clien\Data\Morph\0012.img
2026-08-28 08:23:33.849 [seq=676] [tid=8696] MapViewOfFile mapping=000008D0 result=19110000 err=0 access=0x00000004 offset=0:0 bytes=0
2026-08-28 08:23:33.885 [seq=677] [tid=8696] CreateFileMappingA input=000007D0 result=0000080C err=0 name=(null) file=\\?\UNC\psf\Home\Documents\mxd\BeiDou-Server\clien\Data\Morph\0006.img
2026-08-28 08:23:33.893 [seq=678] [tid=8696] MapViewOfFile mapping=0000080C result=12C90000 err=0 access=0x00000004 offset=0:0 bytes=0
2026-08-28 08:23:33.911 [seq=679] [tid=8696] CreateFileMappingA input=00000918 result=000009BC err=0 name=(null) file=\\?\UNC\psf\Home\Documents\mxd\BeiDou-Server\clien\Data\Morph\0006.img
2026-08-28 08:23:33.918 [seq=680] [tid=8696] MapViewOfFile mapping=000009BC result=19120000 err=0 access=0x00000004 offset=0:0 bytes=0
2026-08-28 08:23:33.927 [seq=681] [tid=8696] CreateFileMappingA input=000007D0 result=00000A30 err=0 name=(null) file=\\?\UNC\psf\Home\Documents\mxd\BeiDou-Server\clien\Data\Morph\0075.img
2026-08-28 08:23:33.931 [seq=682] [tid=8696] MapViewOfFile mapping=00000A30 result=19220000 err=0 access=0x00000004 offset=0:0 bytes=0
2026-08-28 08:23:33.940 [seq=683] [tid=8696] CreateFileMappingA input=00000A24 result=000009E0 err=0 name=(null) file=\\?\UNC\psf\Home\Documents\mxd\BeiDou-Server\clien\Data\Morph\0075.img
2026-08-28 08:23:33.943 [seq=684] [tid=8696] MapViewOfFile mapping=000009E0 result=19240000 err=0 access=0x00000004 offset=0:0 bytes=0
2026-08-28 08:23:33.953 [seq=685] [tid=8696] CreateFileMappingA input=00000990 result=0000093C err=0 name=(null) file=\\?\UNC\psf\Home\Documents\mxd\BeiDou-Server\clien\Data\Morph\0049.img
2026-08-28 08:23:33.957 [seq=686] [tid=8696] MapViewOfFile mapping=0000093C result=12C90000 err=0 access=0x00000004 offset=0:0 bytes=0
2026-08-28 08:23:33.968 [seq=687] [tid=8696] CreateFileMappingA input=000007D0 result=0000099C err=0 name=(null) file=\\?\UNC\psf\Home\Documents\mxd\BeiDou-Server\clien\Data\Morph\0049.img
2026-08-28 08:23:33.972 [seq=688] [tid=8696] MapViewOfFile mapping=0000099C result=19220000 err=0 access=0x00000004 offset=0:0 bytes=0
2026-08-28 08:23:33.989 [seq=689] [tid=8696] CreateFileMappingA input=00000990 result=0000093C err=0 name=(null) file=\\?\UNC\psf\Home\Documents\mxd\BeiDou-Server\clien\Data\Morph\0074.img
2026-08-28 08:23:33.998 [seq=690] [tid=8696] MapViewOfFile mapping=0000093C result=192A0000 err=0 access=0x00000004 offset=0:0 bytes=0
2026-08-28 08:23:34.014 [seq=691] [tid=8696] CreateFileMappingA input=0000080C result=000009D4 err=0 name=(null) file=\\?\UNC\psf\Home\Documents\mxd\BeiDou-Server\clien\Data\Morph\0074.img
2026-08-28 08:23:34.018 [seq=692] [tid=8696] MapViewOfFile mapping=000009D4 result=192C0000 err=0 access=0x00000004 offset=0:0 bytes=0
2026-08-28 08:23:34.029 [seq=693] [tid=8696] CreateFileMappingA input=00000990 result=0000093C err=0 name=(null) file=\\?\UNC\psf\Home\Documents\mxd\BeiDou-Server\clien\Data\Morph\0089.img
2026-08-28 08:23:34.034 [seq=694] [tid=8696] MapViewOfFile mapping=0000093C result=12C90000 err=0 access=0x00000004 offset=0:0 bytes=0
2026-08-28 08:23:34.041 [seq=695] [tid=8696] CreateFileMappingA input=00000A14 result=00000A0C err=0 name=(null) file=\\?\UNC\psf\Home\Documents\mxd\BeiDou-Server\clien\Data\Morph\0089.img
2026-08-28 08:23:34.046 [seq=696] [tid=8696] MapViewOfFile mapping=00000A0C result=19230000 err=0 access=0x00000004 offset=0:0 bytes=0
2026-08-28 08:23:34.058 [seq=697] [tid=8696] CreateFileMappingA input=00000990 result=0000093C err=0 name=(null) file=\\?\UNC\psf\Home\Documents\mxd\BeiDou-Server\clien\Data\Morph\0076.img
2026-08-28 08:23:34.063 [seq=698] [tid=8696] MapViewOfFile mapping=0000093C result=12C90000 err=0 access=0x00000004 offset=0:0 bytes=0
2026-08-28 08:23:34.080 [seq=699] [tid=8696] CreateFileMappingA input=000009EC result=00000AA8 err=0 name=(null) file=\\?\UNC\psf\Home\Documents\mxd\BeiDou-Server\clien\Data\Morph\0076.img
2026-08-28 08:23:34.090 [seq=700] [tid=8696] MapViewOfFile mapping=00000AA8 result=192A0000 err=0 access=0x00000004 offset=0:0 bytes=0
2026-08-28 08:23:34.114 [seq=701] [tid=8696] CreateFileMappingA input=000007F0 result=00000AB0 err=0 name=(null) file=\\?\UNC\psf\Home\Documents\mxd\BeiDou-Server\clien\Data\Morph\0077.img
2026-08-28 08:23:34.169 [seq=702] [tid=8696] MapViewOfFile mapping=00000AB0 result=12C90000 err=0 access=0x00000004 offset=0:0 bytes=0
2026-08-28 08:23:34.191 [seq=703] [tid=8696] CreateFileMappingA input=0000093C result=00000A34 err=0 name=(null) file=\\?\UNC\psf\Home\Documents\mxd\BeiDou-Server\clien\Data\Morph\0077.img
2026-08-28 08:23:34.196 [seq=704] [tid=8696] MapViewOfFile mapping=00000A34 result=192B0000 err=0 access=0x00000004 offset=0:0 bytes=0
2026-08-28 08:23:34.218 [seq=705] [tid=8696] CreateFileMappingA input=000009F0 result=00000A08 err=0 name=(null) file=\\?\UNC\psf\Home\Documents\mxd\BeiDou-Server\clien\Data\Morph\0088.img
2026-08-28 08:23:34.239 [seq=706] [tid=8696] MapViewOfFile mapping=00000A08 result=12C90000 err=0 access=0x00000004 offset=0:0 bytes=0
2026-08-28 08:23:34.477 [seq=707] [tid=8696] CreateFileMappingA input=000007F0 result=00000AB0 err=0 name=(null) file=\\?\UNC\psf\Home\Documents\mxd\BeiDou-Server\clien\Data\Morph\0088.img
2026-08-28 08:23:34.482 [seq=708] [tid=8696] MapViewOfFile mapping=00000AB0 result=192E0000 err=0 access=0x00000004 offset=0:0 bytes=0
2026-08-28 08:23:34.502 [seq=709] [tid=8696] CreateFileMappingA input=000009F0 result=00000A08 err=0 name=(null) file=\\?\UNC\psf\Home\Documents\mxd\BeiDou-Server\clien\Data\Morph\0098.img
2026-08-28 08:23:34.506 [seq=710] [tid=8696] MapViewOfFile mapping=00000A08 result=192F0000 err=0 access=0x00000004 offset=0:0 bytes=0
2026-08-28 08:23:34.513 [seq=711] [tid=8696] CreateFileMappingA input=000009CC result=00000990 err=0 name=(null) file=\\?\UNC\psf\Home\Documents\mxd\BeiDou-Server\clien\Data\Morph\0098.img
2026-08-28 08:23:34.518 [seq=712] [tid=8696] MapViewOfFile mapping=00000990 result=19420000 err=0 access=0x00000004 offset=0:0 bytes=0
2026-08-28 08:23:34.576 [seq=713] [tid=8696] CreateFileMappingA input=00000AD4 result=00000AD8 err=0 name=(null) file=\\?\UNC\psf\Home\Documents\mxd\BeiDou-Server\clien\Data\Morph\0073.img
2026-08-28 08:23:34.582 [seq=714] [tid=8696] MapViewOfFile mapping=00000AD8 result=12C90000 err=0 access=0x00000004 offset=0:0 bytes=0
2026-08-28 08:23:34.591 [seq=715] [tid=8696] CreateFileMappingA input=000009F0 result=0000092C err=0 name=(null) file=\\?\UNC\psf\Home\Documents\mxd\BeiDou-Server\clien\Data\Morph\0073.img
2026-08-28 08:23:34.594 [seq=716] [tid=8696] MapViewOfFile mapping=0000092C result=192F0000 err=0 access=0x00000004 offset=0:0 bytes=0
2026-08-28 08:23:34.603 [seq=717] [tid=8696] CreateFileMappingA input=00000AD4 result=00000AD8 err=0 name=(null) file=\\?\UNC\psf\Home\Documents\mxd\BeiDou-Server\clien\Data\Morph\0072.img
2026-08-28 08:23:34.606 [seq=718] [tid=8696] MapViewOfFile mapping=00000AD8 result=12C90000 err=0 access=0x00000004 offset=0:0 bytes=0
2026-08-28 08:23:34.612 [seq=719] [tid=8696] CreateFileMappingA input=00000A30 result=00000AE4 err=0 name=(null) file=\\?\UNC\psf\Home\Documents\mxd\BeiDou-Server\clien\Data\Morph\0072.img
2026-08-28 08:23:34.614 [seq=720] [tid=8696] MapViewOfFile mapping=00000AE4 result=19300000 err=0 access=0x00000004 offset=0:0 bytes=0
2026-08-28 08:23:34.623 [seq=721] [tid=8696] CreateFileMappingA input=00000A7C result=00000AE8 err=0 name=(null) file=\\?\UNC\psf\Home\Documents\mxd\BeiDou-Server\clien\Data\Morph\0070.img
2026-08-28 08:23:34.625 [seq=722] [tid=8696] MapViewOfFile mapping=00000AE8 result=12C90000 err=0 access=0x00000004 offset=0:0 bytes=0
2026-08-28 08:23:34.637 [seq=723] [tid=8696] CreateFileMappingA input=00000AD4 result=00000A18 err=0 name=(null) file=\\?\UNC\psf\Home\Documents\mxd\BeiDou-Server\clien\Data\Morph\0070.img
2026-08-28 08:23:34.642 [seq=724] [tid=8696] MapViewOfFile mapping=00000A18 result=19310000 err=0 access=0x00000004 offset=0:0 bytes=0
2026-08-28 08:23:34.653 [seq=725] [tid=8696] CreateFileMappingA input=00000A7C result=00000AE8 err=0 name=(null) file=\\?\UNC\psf\Home\Documents\mxd\BeiDou-Server\clien\Data\Morph\0071.img
2026-08-28 08:23:34.656 [seq=726] [tid=8696] MapViewOfFile mapping=00000AE8 result=12C90000 err=0 access=0x00000004 offset=0:0 bytes=0
2026-08-28 08:23:34.669 [seq=727] [tid=8696] CreateFileMappingA input=00000AF8 result=00000AFC err=0 name=(null) file=\\?\UNC\psf\Home\Documents\mxd\BeiDou-Server\clien\Data\Morph\0071.img
2026-08-28 08:23:34.674 [seq=728] [tid=8696] MapViewOfFile mapping=00000AFC result=19440000 err=0 access=0x00000004 offset=0:0 bytes=0
2026-08-28 08:23:34.691 [seq=729] [tid=8696] CreateFileMappingA input=00000AF4 result=00000A7C err=0 name=(null) file=\\?\UNC\psf\Home\Documents\mxd\BeiDou-Server\clien\Data\TamingMob\0002.img
2026-08-28 08:23:34.694 [seq=730] [tid=8696] MapViewOfFile mapping=00000A7C result=12C90000 err=0 access=0x00000004 offset=0:0 bytes=0
2026-08-28 08:23:34.704 [seq=731] [tid=8696] CreateFileMappingA input=00000B08 result=00000B0C err=0 name=(null) file=\\?\UNC\psf\Home\Documents\mxd\BeiDou-Server\clien\Data\TamingMob\0002.img
2026-08-28 08:23:34.707 [seq=732] [tid=8696] MapViewOfFile mapping=00000B0C result=19450000 err=0 access=0x00000004 offset=0:0 bytes=0
2026-08-28 08:23:34.719 [seq=733] [tid=8696] CreateFileMappingA input=00000AF4 result=00000A7C err=0 name=(null) file=\\?\UNC\psf\Home\Documents\mxd\BeiDou-Server\clien\Data\TamingMob\0003.img
2026-08-28 08:23:34.723 [seq=734] [tid=8696] MapViewOfFile mapping=00000A7C result=12C90000 err=0 access=0x00000004 offset=0:0 bytes=0
2026-08-28 08:23:34.729 [seq=735] [tid=8696] CreateFileMappingA input=00000B14 result=00000B18 err=0 name=(null) file=\\?\UNC\psf\Home\Documents\mxd\BeiDou-Server\clien\Data\TamingMob\0003.img
2026-08-28 08:23:34.734 [seq=736] [tid=8696] MapViewOfFile mapping=00000B18 result=19450000 err=0 access=0x00000004 offset=0:0 bytes=0
2026-08-28 08:23:34.740 [seq=737] [tid=8696] CreateFileMappingA input=00000B10 result=00000B08 err=0 name=(null) file=\\?\UNC\psf\Home\Documents\mxd\BeiDou-Server\clien\Data\TamingMob\0001.img
2026-08-28 08:23:34.744 [seq=738] [tid=8696] MapViewOfFile mapping=00000B08 result=12C90000 err=0 access=0x00000004 offset=0:0 bytes=0
2026-08-28 08:23:34.753 [seq=739] [tid=8696] CreateFileMappingA input=00000B0C result=00000AF4 err=0 name=(null) file=\\?\UNC\psf\Home\Documents\mxd\BeiDou-Server\clien\Data\TamingMob\0001.img
2026-08-28 08:23:34.758 [seq=740] [tid=8696] MapViewOfFile mapping=00000AF4 result=19450000 err=0 access=0x00000004 offset=0:0 bytes=0
2026-08-28 08:23:34.769 [seq=741] [tid=8696] CreateFileMappingA input=00000B0C result=00000AF4 err=0 name=(null) file=\\?\UNC\psf\Home\Documents\mxd\BeiDou-Server\clien\Data\TamingMob\0004.img
2026-08-28 08:23:34.771 [seq=742] [tid=8696] MapViewOfFile mapping=00000AF4 result=12C90000 err=0 access=0x00000004 offset=0:0 bytes=0
2026-08-28 08:23:34.780 [seq=743] [tid=8696] CreateFileMappingA input=00000AD8 result=00000B00 err=0 name=(null) file=\\?\UNC\psf\Home\Documents\mxd\BeiDou-Server\clien\Data\TamingMob\0004.img
2026-08-28 08:23:34.785 [seq=744] [tid=8696] MapViewOfFile mapping=00000B00 result=19450000 err=0 access=0x00000004 offset=0:0 bytes=0
2026-08-28 08:23:34.795 [seq=745] [tid=8696] CreateFileMappingA input=00000B08 result=00000A7C err=0 name=(null) file=\\?\UNC\psf\Home\Documents\mxd\BeiDou-Server\clien\Data\TamingMob\0005.img
2026-08-28 08:23:34.801 [seq=746] [tid=8696] MapViewOfFile mapping=00000A7C result=12C90000 err=0 access=0x00000004 offset=0:0 bytes=0
2026-08-28 08:23:34.864 [seq=747] [tid=8696] CreateFileMappingA input=00000B0C result=00000A08 err=0 name=(null) file=\\?\UNC\psf\Home\Documents\mxd\BeiDou-Server\clien\Data\TamingMob\0005.img
2026-08-28 08:23:34.883 [seq=748] [tid=8696] MapViewOfFile mapping=00000A08 result=19450000 err=0 access=0x00000004 offset=0:0 bytes=0
2026-08-28 08:23:34.902 [seq=749] [tid=8696] CreateFileMappingA input=00000B0C result=00000A08 err=0 name=(null) file=\\?\UNC\psf\Home\Documents\mxd\BeiDou-Server\clien\Data\TamingMob\0007.img
2026-08-28 08:23:34.910 [seq=750] [tid=8696] MapViewOfFile mapping=00000A08 result=12C90000 err=0 access=0x00000004 offset=0:0 bytes=0
2026-08-28 08:23:34.926 [seq=751] [tid=8696] CreateFileMappingA input=00000B08 result=00000AEC err=0 name=(null) file=\\?\UNC\psf\Home\Documents\mxd\BeiDou-Server\clien\Data\TamingMob\0007.img
2026-08-28 08:23:34.942 [seq=752] [tid=8696] MapViewOfFile mapping=00000AEC result=19450000 err=0 access=0x00000004 offset=0:0 bytes=0
2026-08-28 08:23:34.960 [seq=753] [tid=8696] CreateFileMappingA input=00000B14 result=00000AF4 err=0 name=(null) file=\\?\UNC\psf\Home\Documents\mxd\BeiDou-Server\clien\Data\TamingMob\0006.img
2026-08-28 08:23:34.967 [seq=754] [tid=8696] MapViewOfFile mapping=00000AF4 result=12C90000 err=0 access=0x00000004 offset=0:0 bytes=0
2026-08-28 08:23:34.976 [seq=755] [tid=8696] CreateFileMappingA input=00000AE8 result=00000B1C err=0 name=(null) file=\\?\UNC\psf\Home\Documents\mxd\BeiDou-Server\clien\Data\TamingMob\0006.img
2026-08-28 08:23:34.981 [seq=756] [tid=8696] MapViewOfFile mapping=00000B1C result=19450000 err=0 access=0x00000004 offset=0:0 bytes=0
2026-08-28 08:23:34.995 [seq=757] [tid=8696] CreateFileMappingA input=00000B20 result=00000B24 err=0 name=(null) file=\\?\UNC\psf\Home\Documents\mxd\BeiDou-Server\clien\Data\String\PetDialog.img
2026-08-28 08:23:35.000 [seq=758] [tid=8696] MapViewOfFile mapping=00000B24 result=19450000 err=0 access=0x00000004 offset=0:0 bytes=0
2026-08-28 08:23:35.043 [seq=759] [tid=8696] CreateFileMappingA input=00000B30 result=00000B28 err=0 name=(null) file=\\?\UNC\psf\Home\Documents\mxd\BeiDou-Server\clien\Data\Item\Pet\5000003.img
2026-08-28 08:23:35.046 [seq=760] [tid=8696] MapViewOfFile mapping=00000B28 result=12C90000 err=0 access=0x00000004 offset=0:0 bytes=0
2026-08-28 08:23:35.054 [seq=761] [tid=8696] CreateFileMappingA input=00000B14 result=00000AF4 err=0 name=(null) file=\\?\UNC\psf\Home\Documents\mxd\BeiDou-Server\clien\Data\Item\Pet\5000003.img
2026-08-28 08:23:35.057 [seq=762] [tid=8696] MapViewOfFile mapping=00000AF4 result=19630000 err=0 access=0x00000004 offset=0:0 bytes=0
2026-08-28 08:23:35.174 [seq=763] [tid=8696] CreateFileMappingA input=00000AF0 result=00000B30 err=0 name=(null) file=\\?\UNC\psf\Home\Documents\mxd\BeiDou-Server\clien\Data\Item\Pet\5000017.img
2026-08-28 08:23:35.216 [seq=764] [tid=8696] MapViewOfFile mapping=00000B30 result=19640000 err=0 access=0x00000004 offset=0:0 bytes=0
2026-08-28 08:23:35.231 [seq=765] [tid=8696] CreateFileMappingA input=00000B04 result=00000B28 err=0 name=(null) file=\\?\UNC\psf\Home\Documents\mxd\BeiDou-Server\clien\Data\Item\Pet\5000017.img
2026-08-28 08:23:35.236 [seq=766] [tid=8696] MapViewOfFile mapping=00000B28 result=19670000 err=0 access=0x00000004 offset=0:0 bytes=0
2026-08-28 08:23:35.278 [seq=767] [tid=8696] CreateFileMappingA input=00000AF0 result=00000B30 err=0 name=(null) file=\\?\UNC\psf\Home\Documents\mxd\BeiDou-Server\clien\Data\Item\Pet\5000229.img
2026-08-28 08:23:35.280 [seq=768] [tid=8696] MapViewOfFile mapping=00000B30 result=196A0000 err=0 access=0x00000004 offset=0:0 bytes=0
2026-08-28 08:23:35.286 [seq=769] [tid=8696] CreateFileMappingA input=00000B10 result=00000B2C err=0 name=(null) file=\\?\UNC\psf\Home\Documents\mxd\BeiDou-Server\clien\Data\Item\Pet\5000229.img
2026-08-28 08:23:35.289 [seq=770] [tid=8696] MapViewOfFile mapping=00000B2C result=19710000 err=0 access=0x00000004 offset=0:0 bytes=0
2026-08-28 08:23:35.338 [seq=771] [tid=8696] CreateFileMappingA input=00000B38 result=00000B3C err=0 name=(null) file=\\?\UNC\psf\Home\Documents\mxd\BeiDou-Server\clien\Data\Item\Pet\5000201.img
2026-08-28 08:23:35.457 [seq=772] [tid=8696] MapViewOfFile mapping=00000B3C result=196A0000 err=0 access=0x00000004 offset=0:0 bytes=0
2026-08-28 08:23:35.463 [seq=773] [tid=8696] CreateFileMappingA input=00000AF0 result=00000B30 err=0 name=(null) file=\\?\UNC\psf\Home\Documents\mxd\BeiDou-Server\clien\Data\Item\Pet\5000201.img
2026-08-28 08:23:35.468 [seq=774] [tid=8696] MapViewOfFile mapping=00000B30 result=19780000 err=0 access=0x00000004 offset=0:0 bytes=0
2026-08-28 08:23:35.541 [seq=775] [tid=8696] CreateFileMappingA input=00000B40 result=00000B38 err=0 name=(null) file=\\?\UNC\psf\Home\Documents\mxd\BeiDou-Server\clien\Data\Item\Pet\5000215.img
2026-08-28 08:23:35.543 [seq=776] [tid=8696] MapViewOfFile mapping=00000B38 result=19640000 err=0 access=0x00000004 offset=0:0 bytes=0
2026-08-28 08:23:35.549 [seq=777] [tid=8696] CreateFileMappingA input=00000B48 result=00000B4C err=0 name=(null) file=\\?\UNC\psf\Home\Documents\mxd\BeiDou-Server\clien\Data\Item\Pet\5000215.img
2026-08-28 08:23:35.552 [seq=778] [tid=8696] MapViewOfFile mapping=00000B4C result=196A0000 err=0 access=0x00000004 offset=0:0 bytes=0
2026-08-28 08:23:35.638 [seq=779] [tid=8696] CreateFileMappingA input=00000B40 result=00000B38 err=0 name=(null) file=\\?\UNC\psf\Home\Documents\mxd\BeiDou-Server\clien\Data\Item\Pet\5000375.img
2026-08-28 08:23:35.642 [seq=780] [tid=8696] MapViewOfFile mapping=00000B38 result=12C90000 err=0 access=0x00000004 offset=0:0 bytes=0
2026-08-28 08:23:35.647 [seq=781] [tid=8696] CreateFileMappingA input=00000AD8 result=00000B44 err=0 name=(null) file=\\?\UNC\psf\Home\Documents\mxd\BeiDou-Server\clien\Data\Item\Pet\5000375.img
2026-08-28 08:23:35.651 [seq=782] [tid=8696] MapViewOfFile mapping=00000B44 result=19640000 err=0 access=0x00000004 offset=0:0 bytes=0
2026-08-28 08:23:35.689 [seq=783] [tid=8696] CreateFileMappingA input=00000B34 result=00000B00 err=0 name=(null) file=\\?\UNC\psf\Home\Documents\mxd\BeiDou-Server\clien\Data\Item\Pet\5000413.img
2026-08-28 08:23:35.691 [seq=784] [tid=8696] MapViewOfFile mapping=00000B00 result=19650000 err=0 access=0x00000004 offset=0:0 bytes=0
2026-08-28 08:23:35.696 [seq=785] [tid=8696] CreateFileMappingA input=00000B3C result=00000B50 err=0 name=(null) file=\\?\UNC\psf\Home\Documents\mxd\BeiDou-Server\clien\Data\Item\Pet\5000413.img
2026-08-28 08:23:35.698 [seq=786] [tid=8696] MapViewOfFile mapping=00000B50 result=196C0000 err=0 access=0x00000004 offset=0:0 bytes=0
2026-08-28 08:23:35.725 [seq=787] [tid=8696] CreateFileMappingA input=00000B18 result=00000B0C err=0 name=(null) file=\\?\UNC\psf\Home\Documents\mxd\BeiDou-Server\clien\Data\Item\Pet\5000407.img
2026-08-28 08:23:35.727 [seq=788] [tid=8696] MapViewOfFile mapping=00000B0C result=12C90000 err=0 access=0x00000004 offset=0:0 bytes=0
2026-08-28 08:23:35.737 [seq=789] [tid=8696] CreateFileMappingA input=00000B00 result=00000AE8 err=0 name=(null) file=\\?\UNC\psf\Home\Documents\mxd\BeiDou-Server\clien\Data\Item\Pet\5000407.img
2026-08-28 08:23:35.740 [seq=790] [tid=8696] MapViewOfFile mapping=00000AE8 result=19650000 err=0 access=0x00000004 offset=0:0 bytes=0
2026-08-28 08:23:35.790 [seq=791] [tid=8696] CreateFileMappingA input=00000B54 result=00000B34 err=0 name=(null) file=\\?\UNC\psf\Home\Documents\mxd\BeiDou-Server\clien\Data\Item\Pet\5000176.img
2026-08-28 08:23:35.793 [seq=792] [tid=8696] MapViewOfFile mapping=00000B34 result=196E0000 err=0 access=0x00000004 offset=0:0 bytes=0
2026-08-28 08:23:35.798 [seq=793] [tid=8696] CreateFileMappingA input=00000A08 result=00000B38 err=0 name=(null) file=\\?\UNC\psf\Home\Documents\mxd\BeiDou-Server\clien\Data\Item\Pet\5000176.img
2026-08-28 08:23:35.800 [seq=794] [tid=8696] MapViewOfFile mapping=00000B38 result=197C0000 err=0 access=0x00000004 offset=0:0 bytes=0
2026-08-28 08:23:35.838 [seq=795] [tid=8696] CreateFileMappingA input=00000B1C result=00000B18 err=0 name=(null) file=\\?\UNC\psf\Home\Documents\mxd\BeiDou-Server\clien\Data\Item\Pet\5000406.img
2026-08-28 08:23:35.840 [seq=796] [tid=8696] MapViewOfFile mapping=00000B18 result=12C90000 err=0 access=0x00000004 offset=0:0 bytes=0
2026-08-28 08:23:35.847 [seq=797] [tid=8696] CreateFileMappingA input=00000B0C result=00000B40 err=0 name=(null) file=\\?\UNC\psf\Home\Documents\mxd\BeiDou-Server\clien\Data\Item\Pet\5000406.img
2026-08-28 08:23:35.850 [seq=798] [tid=8696] MapViewOfFile mapping=00000B40 result=19660000 err=0 access=0x00000004 offset=0:0 bytes=0
2026-08-28 08:23:35.909 [seq=799] [tid=8696] CreateFileMappingA input=00000B1C result=00000B18 err=0 name=(null) file=\\?\UNC\psf\Home\Documents\mxd\BeiDou-Server\clien\Data\Item\Pet\5000412.img
2026-08-28 08:23:35.913 [seq=800] [tid=8696] MapViewOfFile mapping=00000B18 result=196E0000 err=0 access=0x00000004 offset=0:0 bytes=0
2026-08-28 08:23:35.920 [seq=801] [tid=8696] CreateFileMappingA input=00000B5C result=00000B58 err=0 name=(null) file=\\?\UNC\psf\Home\Documents\mxd\BeiDou-Server\clien\Data\Item\Pet\5000412.img
2026-08-28 08:23:35.922 [seq=802] [tid=8696] MapViewOfFile mapping=00000B58 result=197E0000 err=0 access=0x00000004 offset=0:0 bytes=0
2026-08-28 08:23:35.954 [seq=803] [tid=8696] CreateFileMappingA input=00000B08 result=00000AEC err=0 name=(null) file=\\?\UNC\psf\Home\Documents\mxd\BeiDou-Server\clien\Data\Item\Pet\5000214.img
2026-08-28 08:23:35.957 [seq=804] [tid=8696] MapViewOfFile mapping=00000AEC result=19800000 err=0 access=0x00000004 offset=0:0 bytes=0
2026-08-28 08:23:35.965 [seq=805] [tid=8696] CreateFileMappingA input=00000B68 result=00000B6C err=0 name=(null) file=\\?\UNC\psf\Home\Documents\mxd\BeiDou-Server\clien\Data\Item\Pet\5000214.img
2026-08-28 08:23:35.969 [seq=806] [tid=8696] MapViewOfFile mapping=00000B6C result=19870000 err=0 access=0x00000004 offset=0:0 bytes=0
2026-08-28 08:23:36.010 [seq=807] [tid=8696] CreateFileMappingA input=00000B74 result=00000B54 err=0 name=(null) file=\\?\UNC\psf\Home\Documents\mxd\BeiDou-Server\clien\Data\Item\Pet\5000228.img
2026-08-28 08:23:36.013 [seq=808] [tid=8696] MapViewOfFile mapping=00000B54 result=19800000 err=0 access=0x00000004 offset=0:0 bytes=0
2026-08-28 08:23:36.023 [seq=809] [tid=8696] CreateFileMappingA input=00000B08 result=00000B78 err=0 name=(null) file=\\?\UNC\psf\Home\Documents\mxd\BeiDou-Server\clien\Data\Item\Pet\5000228.img
2026-08-28 08:23:36.027 [seq=810] [tid=8696] MapViewOfFile mapping=00000B78 result=198E0000 err=0 access=0x00000004 offset=0:0 bytes=0
2026-08-28 08:23:36.080 [seq=811] [tid=8696] CreateFileMappingA input=00000B60 result=00000B1C err=0 name=(null) file=\\?\UNC\psf\Home\Documents\mxd\BeiDou-Server\clien\Data\Item\Pet\5000016.img
2026-08-28 08:23:36.083 [seq=812] [tid=8696] MapViewOfFile mapping=00000B1C result=19800000 err=0 access=0x00000004 offset=0:0 bytes=0
2026-08-28 08:23:36.088 [seq=813] [tid=8696] CreateFileMappingA input=00000B80 result=00000B84 err=0 name=(null) file=\\?\UNC\psf\Home\Documents\mxd\BeiDou-Server\clien\Data\Item\Pet\5000016.img
2026-08-28 08:23:36.090 [seq=814] [tid=8696] MapViewOfFile mapping=00000B84 result=19940000 err=0 access=0x00000004 offset=0:0 bytes=0
2026-08-28 08:23:36.135 [seq=815] [tid=8696] CreateFileMappingA input=00000B18 result=00000B70 err=0 name=(null) file=\\?\UNC\psf\Home\Documents\mxd\BeiDou-Server\clien\Data\Item\Pet\5000002.img
2026-08-28 08:23:36.137 [seq=816] [tid=8696] MapViewOfFile mapping=00000B70 result=12C90000 err=0 access=0x00000004 offset=0:0 bytes=0
2026-08-28 08:23:36.148 [seq=817] [tid=8696] CreateFileMappingA input=00000B7C result=00000B34 err=0 name=(null) file=\\?\UNC\psf\Home\Documents\mxd\BeiDou-Server\clien\Data\Item\Pet\5000002.img
2026-08-28 08:23:36.155 [seq=818] [tid=8696] MapViewOfFile mapping=00000B34 result=196E0000 err=0 access=0x00000004 offset=0:0 bytes=0
2026-08-28 08:23:36.232 [seq=819] [tid=8696] CreateFileMappingA input=00000AEC result=00000B64 err=0 name=(null) file=\\?\UNC\psf\Home\Documents\mxd\BeiDou-Server\clien\Data\Item\Pet\5000028.img
2026-08-28 08:23:36.235 [seq=820] [tid=8696] MapViewOfFile mapping=00000B64 result=196F0000 err=0 access=0x00000004 offset=0:0 bytes=0
2026-08-28 08:23:36.246 [seq=821] [tid=8696] CreateFileMappingA input=00000B88 result=00000B70 err=0 name=(null) file=\\?\UNC\psf\Home\Documents\mxd\BeiDou-Server\clien\Data\Item\Pet\5000028.img
2026-08-28 08:23:36.256 [seq=822] [tid=8696] MapViewOfFile mapping=00000B70 result=19800000 err=0 access=0x00000004 offset=0:0 bytes=0
2026-08-28 08:23:36.273 [seq=823] [tid=8696] CreateFileMappingA input=00000AEC result=00000B64 err=0 name=(null) file=\\?\UNC\psf\Home\Documents\mxd\BeiDou-Server\clien\Data\Item\Pet\5000014.img
2026-08-28 08:23:36.276 [seq=824] [tid=8696] MapViewOfFile mapping=00000B64 result=196F0000 err=0 access=0x00000004 offset=0:0 bytes=0
2026-08-28 08:23:36.282 [seq=825] [tid=8696] CreateFileMappingA input=00000B60 result=00000B8C err=0 name=(null) file=\\?\UNC\psf\Home\Documents\mxd\BeiDou-Server\clien\Data\Item\Pet\5000014.img
2026-08-28 08:23:36.286 [seq=826] [tid=8696] MapViewOfFile mapping=00000B8C result=19820000 err=0 access=0x00000004 offset=0:0 bytes=0
2026-08-28 08:23:36.329 [seq=827] [tid=8696] CreateFileMappingA input=00000B54 result=00000B74 err=0 name=(null) file=\\?\UNC\psf\Home\Documents\mxd\BeiDou-Server\clien\Data\Item\Pet\5000000.img
2026-08-28 08:23:36.331 [seq=828] [tid=8696] MapViewOfFile mapping=00000B74 result=12C90000 err=0 access=0x00000004 offset=0:0 bytes=0
2026-08-28 08:23:36.338 [seq=829] [tid=8696] CreateFileMappingA input=00000B1C result=00000AEC err=0 name=(null) file=\\?\UNC\psf\Home\Documents\mxd\BeiDou-Server\clien\Data\Item\Pet\5000000.img
2026-08-28 08:23:36.341 [seq=830] [tid=8696] MapViewOfFile mapping=00000AEC result=196F0000 err=0 access=0x00000004 offset=0:0 bytes=0
2026-08-28 08:23:36.503 [seq=831] [tid=8696] CreateFileMappingA input=00000958 result=00000B90 err=0 name=(null) file=\\?\UNC\psf\Home\Documents\mxd\BeiDou-Server\clien\Data\Item\Pet\5000216.img
2026-08-28 08:23:36.511 [seq=832] [tid=8696] MapViewOfFile mapping=00000B90 result=19840000 err=0 access=0x00000004 offset=0:0 bytes=0
2026-08-28 08:23:36.591 [seq=833] [tid=8696] CreateFileMappingA input=00000B74 result=00000A7C err=0 name=(null) file=\\?\UNC\psf\Home\Documents\mxd\BeiDou-Server\clien\Data\Item\Pet\5000216.img
2026-08-28 08:23:36.603 [seq=834] [tid=8696] MapViewOfFile mapping=00000A7C result=199A0000 err=0 access=0x00000004 offset=0:0 bytes=0
2026-08-28 08:23:36.707 [seq=835] [tid=8696] CreateFileMappingA input=00000448 result=00000B54 err=0 name=(null) file=\\?\UNC\psf\Home\Documents\mxd\BeiDou-Server\clien\Data\Item\Pet\5000202.img
2026-08-28 08:23:36.711 [seq=836] [tid=8696] MapViewOfFile mapping=00000B54 result=19840000 err=0 access=0x00000004 offset=0:0 bytes=0
2026-08-28 08:23:36.722 [seq=837] [tid=8696] CreateFileMappingA input=00000958 result=00000B90 err=0 name=(null) file=\\?\UNC\psf\Home\Documents\mxd\BeiDou-Server\clien\Data\Item\Pet\5000202.img
2026-08-28 08:23:36.725 [seq=838] [tid=8696] MapViewOfFile mapping=00000B90 result=199C0000 err=0 access=0x00000004 offset=0:0 bytes=0
2026-08-28 08:23:36.796 [seq=839] [tid=8696] CreateFileMappingA input=0000079C result=00000B64 err=0 name=(null) file=\\?\UNC\psf\Home\Documents\mxd\BeiDou-Server\clien\Data\Item\Pet\5000362.img
2026-08-28 08:23:36.804 [seq=840] [tid=8696] MapViewOfFile mapping=00000B64 result=19840000 err=0 access=0x00000004 offset=0:0 bytes=0
2026-08-28 08:23:36.812 [seq=841] [tid=8696] CreateFileMappingA input=00000448 result=00000B54 err=0 name=(null) file=\\?\UNC\psf\Home\Documents\mxd\BeiDou-Server\clien\Data\Item\Pet\5000362.img
2026-08-28 08:23:36.822 [seq=842] [tid=8696] MapViewOfFile mapping=00000B54 result=199E0000 err=0 access=0x00000004 offset=0:0 bytes=0
2026-08-28 08:23:36.861 [seq=843] [tid=8696] CreateFileMappingA input=00000BA0 result=00000BA4 err=0 name=(null) file=\\?\UNC\psf\Home\Documents\mxd\BeiDou-Server\clien\Data\Item\Pet\5000404.img
2026-08-28 08:23:36.864 [seq=844] [tid=8696] MapViewOfFile mapping=00000BA4 result=12C90000 err=0 access=0x00000004 offset=0:0 bytes=0
2026-08-28 08:23:36.875 [seq=845] [tid=8696] CreateFileMappingA input=00000B64 result=00000B98 err=0 name=(null) file=\\?\UNC\psf\Home\Documents\mxd\BeiDou-Server\clien\Data\Item\Pet\5000404.img
2026-08-28 08:23:36.879 [seq=846] [tid=8696] MapViewOfFile mapping=00000B98 result=19700000 err=0 access=0x00000004 offset=0:0 bytes=0
2026-08-28 08:23:36.916 [seq=847] [tid=8696] CreateFileMappingA input=00000B9C result=00000BAC err=0 name=(null) file=\\?\UNC\psf\Home\Documents\mxd\BeiDou-Server\clien\Data\Item\Pet\5000410.img
2026-08-28 08:23:36.920 [seq=848] [tid=8696] MapViewOfFile mapping=00000BAC result=19A00000 err=0 access=0x00000004 offset=0:0 bytes=0
2026-08-28 08:23:36.930 [seq=849] [tid=8696] CreateFileMappingA input=00000BB0 result=00000BB4 err=0 name=(null) file=\\?\UNC\psf\Home\Documents\mxd\BeiDou-Server\clien\Data\Item\Pet\5000410.img
2026-08-28 08:23:36.933 [seq=850] [tid=8696] MapViewOfFile mapping=00000BB4 result=19A40000 err=0 access=0x00000004 offset=0:0 bytes=0
2026-08-28 08:23:36.956 [seq=851] [tid=8696] CreateFileMappingA input=00000B94 result=00000774 err=0 name=(null) file=\\?\UNC\psf\Home\Documents\mxd\BeiDou-Server\clien\Data\Item\Pet\5000376.img
2026-08-28 08:23:36.959 [seq=852] [tid=8696] MapViewOfFile mapping=00000774 result=12C90000 err=0 access=0x00000004 offset=0:0 bytes=0
2026-08-28 08:23:36.965 [seq=853] [tid=8696] CreateFileMappingA input=00000BA8 result=00000BA0 err=0 name=(null) file=\\?\UNC\psf\Home\Documents\mxd\BeiDou-Server\clien\Data\Item\Pet\5000376.img
2026-08-28 08:23:36.968 [seq=854] [tid=8696] MapViewOfFile mapping=00000BA0 result=19840000 err=0 access=0x00000004 offset=0:0 bytes=0
2026-08-28 08:23:37.011 [seq=855] [tid=8696] CreateFileMappingA input=00000B18 result=00000BC4 err=0 name=(null) file=\\?\UNC\psf\Home\Documents\mxd\BeiDou-Server\clien\Data\Item\Pet\5000389.img
2026-08-28 08:23:37.014 [seq=856] [tid=8696] MapViewOfFile mapping=00000BC4 result=19850000 err=0 access=0x00000004 offset=0:0 bytes=0
2026-08-28 08:23:37.023 [seq=857] [tid=8696] CreateFileMappingA input=0000079C result=00000B94 err=0 name=(null) file=\\?\UNC\psf\Home\Documents\mxd\BeiDou-Server\clien\Data\Item\Pet\5000389.img
2026-08-28 08:23:37.026 [seq=858] [tid=8696] MapViewOfFile mapping=00000B94 result=19A00000 err=0 access=0x00000004 offset=0:0 bytes=0
2026-08-28 08:23:37.065 [seq=859] [tid=8696] CreateFileMappingA input=00000B18 result=00000BC8 err=0 name=(null) file=\\?\UNC\psf\Home\Documents\mxd\BeiDou-Server\clien\Data\Item\Pet\5000606.img
2026-08-28 08:23:37.077 [seq=860] [tid=8696] MapViewOfFile mapping=00000BC8 result=19A80000 err=0 access=0x00000004 offset=0:0 bytes=0
2026-08-28 08:23:37.090 [seq=861] [tid=8696] CreateFileMappingA input=00000BC0 result=00000BBC err=0 name=(null) file=\\?\UNC\psf\Home\Documents\mxd\BeiDou-Server\clien\Data\Item\Pet\5000606.img
2026-08-28 08:23:37.093 [seq=862] [tid=8696] MapViewOfFile mapping=00000BBC result=19AC0000 err=0 access=0x00000004 offset=0:0 bytes=0
2026-08-28 08:23:37.139 [seq=863] [tid=8696] CreateFileMappingA input=00000BCC result=00000BD0 err=0 name=(null) file=\\?\UNC\psf\Home\Documents\mxd\BeiDou-Server\clien\Data\Item\Pet\5000388.img
2026-08-28 08:23:37.141 [seq=864] [tid=8696] MapViewOfFile mapping=00000BD0 result=19850000 err=0 access=0x00000004 offset=0:0 bytes=0
2026-08-28 08:23:37.149 [seq=865] [tid=8696] CreateFileMappingA input=00000774 result=00000BC4 err=0 name=(null) file=\\?\UNC\psf\Home\Documents\mxd\BeiDou-Server\clien\Data\Item\Pet\5000388.img
2026-08-28 08:23:37.154 [seq=866] [tid=8696] MapViewOfFile mapping=00000BC4 result=19A20000 err=0 access=0x00000004 offset=0:0 bytes=0
2026-08-28 08:23:37.184 [seq=867] [tid=8696] CreateFileMappingA input=00000BDC result=00000BE0 err=0 name=(null) file=\\?\UNC\psf\Home\Documents\mxd\BeiDou-Server\clien\Data\Item\Pet\5000411.img
2026-08-28 08:23:37.188 [seq=868] [tid=8696] MapViewOfFile mapping=00000BE0 result=19850000 err=0 access=0x00000004 offset=0:0 bytes=0
2026-08-28 08:23:37.197 [seq=869] [tid=8696] CreateFileMappingA input=00000BE4 result=00000BD8 err=0 name=(null) file=\\?\UNC\psf\Home\Documents\mxd\BeiDou-Server\clien\Data\Item\Pet\5000411.img
2026-08-28 08:23:37.199 [seq=870] [tid=8696] MapViewOfFile mapping=00000BD8 result=19A80000 err=0 access=0x00000004 offset=0:0 bytes=0
2026-08-28 08:23:37.234 [seq=871] [tid=8696] CreateFileMappingA input=00000BE8 result=00000B18 err=0 name=(null) file=\\?\UNC\psf\Home\Documents\mxd\BeiDou-Server\clien\Data\Item\Pet\5000377.img
2026-08-28 08:23:37.237 [seq=872] [tid=8696] MapViewOfFile mapping=00000B18 result=12C90000 err=0 access=0x00000004 offset=0:0 bytes=0
2026-08-28 08:23:37.243 [seq=873] [tid=8696] CreateFileMappingA input=00000BCC result=00000BDC err=0 name=(null) file=\\?\UNC\psf\Home\Documents\mxd\BeiDou-Server\clien\Data\Item\Pet\5000377.img
2026-08-28 08:23:37.245 [seq=874] [tid=8696] MapViewOfFile mapping=00000BDC result=19850000 err=0 access=0x00000004 offset=0:0 bytes=0
2026-08-28 08:23:37.309 [seq=875] [tid=8696] CreateFileMappingA input=00000BF8 result=00000BD0 err=0 name=(null) file=\\?\UNC\psf\Home\Documents\mxd\BeiDou-Server\clien\Data\Item\Pet\5000363.img
2026-08-28 08:23:37.314 [seq=876] [tid=8696] MapViewOfFile mapping=00000BD0 result=12C90000 err=0 access=0x00000004 offset=0:0 bytes=0
2026-08-28 08:23:37.321 [seq=877] [tid=8696] CreateFileMappingA input=00000BC8 result=00000BAC err=0 name=(null) file=\\?\UNC\psf\Home\Documents\mxd\BeiDou-Server\clien\Data\Item\Pet\5000363.img
2026-08-28 08:23:37.323 [seq=878] [tid=8696] MapViewOfFile mapping=00000BAC result=19860000 err=0 access=0x00000004 offset=0:0 bytes=0
2026-08-28 08:23:37.350 [seq=879] [tid=8696] CreateFileMappingA input=00000B18 result=00000BF4 err=0 name=(null) file=\\?\UNC\psf\Home\Documents\mxd\BeiDou-Server\clien\Data\Item\Pet\5000405.img
2026-08-28 08:23:37.352 [seq=880] [tid=8696] MapViewOfFile mapping=00000BF4 result=12C90000 err=0 access=0x00000004 offset=0:0 bytes=0
2026-08-28 08:23:37.357 [seq=881] [tid=8696] CreateFileMappingA input=00000BE8 result=00000BE0 err=0 name=(null) file=\\?\UNC\psf\Home\Documents\mxd\BeiDou-Server\clien\Data\Item\Pet\5000405.img
2026-08-28 08:23:37.359 [seq=882] [tid=8696] MapViewOfFile mapping=00000BE0 result=19AA0000 err=0 access=0x00000004 offset=0:0 bytes=0
2026-08-28 08:23:37.394 [seq=883] [tid=8696] CreateFileMappingA input=00000BFC result=00000BF8 err=0 name=(null) file=\\?\UNC\psf\Home\Documents\mxd\BeiDou-Server\clien\Data\Item\Pet\5000203.img
2026-08-28 08:23:37.398 [seq=884] [tid=8696] MapViewOfFile mapping=00000BF8 result=19B00000 err=0 access=0x00000004 offset=0:0 bytes=0
2026-08-28 08:23:37.406 [seq=885] [tid=8696] CreateFileMappingA input=00000BD4 result=00000B18 err=0 name=(null) file=\\?\UNC\psf\Home\Documents\mxd\BeiDou-Server\clien\Data\Item\Pet\5000203.img
2026-08-28 08:23:37.408 [seq=886] [tid=8696] MapViewOfFile mapping=00000B18 result=19B20000 err=0 access=0x00000004 offset=0:0 bytes=0
2026-08-28 08:23:37.526 [seq=887] [tid=4800] event=health cpu_core_pct=56.0 working_set_mb=143 commit_mb=117 handles=758 gdi=15 user=23 window=hung last_resource="(none)" resource_offset=0 resource_bytes=0 resource_age_ms=0
2026-08-28 08:23:37.571 [seq=888] [tid=8696] CreateFileMappingA input=00000BFC result=00000BF8 err=0 name=(null) file=\\?\UNC\psf\Home\Documents\mxd\BeiDou-Server\clien\Data\Item\Pet\5000217.img
2026-08-28 08:23:37.684 [seq=889] [tid=8696] MapViewOfFile mapping=00000BF8 result=19B00000 err=0 access=0x00000004 offset=0:0 bytes=0
2026-08-28 08:23:37.794 [seq=890] [tid=8696] CreateFileMappingA input=00000B9C result=00000BB8 err=0 name=(null) file=\\?\UNC\psf\Home\Documents\mxd\BeiDou-Server\clien\Data\Item\Pet\5000217.img
2026-08-28 08:23:37.799 [seq=891] [tid=8696] MapViewOfFile mapping=00000BB8 result=19B40000 err=0 access=0x00000004 offset=0:0 bytes=0
2026-08-28 08:23:37.897 [seq=892] [tid=8696] CreateFileMappingA input=00000BFC result=00000BF8 err=0 name=(null) file=\\?\UNC\psf\Home\Documents\mxd\BeiDou-Server\clien\Data\Item\Pet\5000001.img
2026-08-28 08:23:37.899 [seq=893] [tid=8696] MapViewOfFile mapping=00000BF8 result=12C90000 err=0 access=0x00000004 offset=0:0 bytes=0
2026-08-28 08:23:37.905 [seq=894] [tid=8696] CreateFileMappingA input=00000BF4 result=00000BA4 err=0 name=(null) file=\\?\UNC\psf\Home\Documents\mxd\BeiDou-Server\clien\Data\Item\Pet\5000001.img
2026-08-28 08:23:37.908 [seq=895] [tid=8696] MapViewOfFile mapping=00000BA4 result=19AB0000 err=0 access=0x00000004 offset=0:0 bytes=0
2026-08-28 08:23:37.965 [seq=896] [tid=8696] CreateFileMappingA input=00000BEC result=00000BFC err=0 name=(null) file=\\?\UNC\psf\Home\Documents\mxd\BeiDou-Server\clien\Data\Item\Pet\5000015.img
2026-08-28 08:23:37.970 [seq=897] [tid=8696] MapViewOfFile mapping=00000BFC result=19B00000 err=0 access=0x00000004 offset=0:0 bytes=0
2026-08-28 08:23:37.980 [seq=898] [tid=8696] CreateFileMappingA input=00000BD0 result=00000BF8 err=0 name=(null) file=\\?\UNC\psf\Home\Documents\mxd\BeiDou-Server\clien\Data\Item\Pet\5000015.img
2026-08-28 08:23:37.985 [seq=899] [tid=8696] MapViewOfFile mapping=00000BF8 result=19B60000 err=0 access=0x00000004 offset=0:0 bytes=0
2026-08-28 08:23:38.066 [seq=900] [tid=8696] CreateFileMappingA input=00000BEC result=00000BFC err=0 name=(null) file=\\?\UNC\psf\Home\Documents\mxd\BeiDou-Server\clien\Data\Item\Pet\5000029.img
2026-08-28 08:23:38.096 [seq=901] [tid=8696] MapViewOfFile mapping=00000BFC result=19B00000 err=0 access=0x00000004 offset=0:0 bytes=0
2026-08-28 08:23:38.106 [seq=902] [tid=8696] CreateFileMappingA input=00000BF0 result=00000C04 err=0 name=(null) file=\\?\UNC\psf\Home\Documents\mxd\BeiDou-Server\clien\Data\Item\Pet\5000029.img
2026-08-28 08:23:38.108 [seq=903] [tid=8696] MapViewOfFile mapping=00000C04 result=19B80000 err=0 access=0x00000004 offset=0:0 bytes=0
2026-08-28 08:23:38.150 [seq=904] [tid=8696] CreateFileMappingA input=00000BEC result=00000BFC err=0 name=(null) file=\\?\UNC\psf\Home\Documents\mxd\BeiDou-Server\clien\Data\Item\Pet\5000011.img
2026-08-28 08:23:38.153 [seq=905] [tid=8696] MapViewOfFile mapping=00000BFC result=12C90000 err=0 access=0x00000004 offset=0:0 bytes=0
2026-08-28 08:23:38.160 [seq=906] [tid=8696] CreateFileMappingA input=00000C08 result=00000C10 err=0 name=(null) file=\\?\UNC\psf\Home\Documents\mxd\BeiDou-Server\clien\Data\Item\Pet\5000011.img
2026-08-28 08:23:38.162 [seq=907] [tid=8696] MapViewOfFile mapping=00000C10 result=19B00000 err=0 access=0x00000004 offset=0:0 bytes=0
2026-08-28 08:23:38.202 [seq=908] [tid=8696] CreateFileMappingA input=00000BEC result=00000BFC err=0 name=(null) file=\\?\UNC\psf\Home\Documents\mxd\BeiDou-Server\clien\Data\Item\Pet\5000005.img
2026-08-28 08:23:38.205 [seq=909] [tid=8696] MapViewOfFile mapping=00000BFC result=12C90000 err=0 access=0x00000004 offset=0:0 bytes=0
2026-08-28 08:23:38.210 [seq=910] [tid=8696] CreateFileMappingA input=00000C14 result=00000C18 err=0 name=(null) file=\\?\UNC\psf\Home\Documents\mxd\BeiDou-Server\clien\Data\Item\Pet\5000005.img
2026-08-28 08:23:38.212 [seq=911] [tid=8696] MapViewOfFile mapping=00000C18 result=19B10000 err=0 access=0x00000004 offset=0:0 bytes=0
2026-08-28 08:23:38.246 [seq=912] [tid=8696] CreateFileMappingA input=00000C1C result=00000C0C err=0 name=(null) file=\\?\UNC\psf\Home\Documents\mxd\BeiDou-Server\clien\Data\Item\Pet\5000039.img
2026-08-28 08:23:38.249 [seq=913] [tid=8696] MapViewOfFile mapping=00000C0C result=12C90000 err=0 access=0x00000004 offset=0:0 bytes=0
2026-08-28 08:23:38.255 [seq=914] [tid=8696] CreateFileMappingA input=00000BEC result=00000C24 err=0 name=(null) file=\\?\UNC\psf\Home\Documents\mxd\BeiDou-Server\clien\Data\Item\Pet\5000039.img
2026-08-28 08:23:38.257 [seq=915] [tid=8696] MapViewOfFile mapping=00000C24 result=19BA0000 err=0 access=0x00000004 offset=0:0 bytes=0
2026-08-28 08:23:38.308 [seq=916] [tid=8696] CreateFileMappingA input=00000BFC result=00000C20 err=0 name=(null) file=\\?\UNC\psf\Home\Documents\mxd\BeiDou-Server\clien\Data\Item\Pet\5000213.img
2026-08-28 08:23:38.313 [seq=917] [tid=8696] MapViewOfFile mapping=00000C20 result=19BB0000 err=0 access=0x00000004 offset=0:0 bytes=0
2026-08-28 08:23:38.333 [seq=918] [tid=8696] CreateFileMappingA input=00000C1C result=00000C2C err=0 name=(null) file=\\?\UNC\psf\Home\Documents\mxd\BeiDou-Server\clien\Data\Item\Pet\5000213.img
2026-08-28 08:23:38.345 [seq=919] [tid=8696] MapViewOfFile mapping=00000C2C result=19C30000 err=0 access=0x00000004 offset=0:0 bytes=0
2026-08-28 08:23:38.404 [seq=920] [tid=8696] CreateFileMappingA input=00000BFC result=00000C30 err=0 name=(null) file=\\?\UNC\psf\Home\Documents\mxd\BeiDou-Server\clien\Data\Item\Pet\5000207.img
2026-08-28 08:23:38.406 [seq=921] [tid=8696] MapViewOfFile mapping=00000C30 result=19BB0000 err=0 access=0x00000004 offset=0:0 bytes=0
2026-08-28 08:23:38.412 [seq=922] [tid=8696] CreateFileMappingA input=00000C0C result=00000C28 err=0 name=(null) file=\\?\UNC\psf\Home\Documents\mxd\BeiDou-Server\clien\Data\Item\Pet\5000207.img
2026-08-28 08:23:38.414 [seq=923] [tid=8696] MapViewOfFile mapping=00000C28 result=19BE0000 err=0 access=0x00000004 offset=0:0 bytes=0
2026-08-28 08:23:38.557 [seq=924] [tid=8696] CreateFileMappingA input=00000C34 result=00000C40 err=0 name=(null) file=\\?\UNC\psf\Home\Documents\mxd\BeiDou-Server\clien\Data\Item\Pet\5000367.img
2026-08-28 08:23:38.570 [seq=925] [tid=8696] MapViewOfFile mapping=00000C40 result=19BB0000 err=0 access=0x00000004 offset=0:0 bytes=0
2026-08-28 08:23:38.588 [seq=926] [tid=8696] CreateFileMappingA input=00000BFC result=00000C44 err=0 name=(null) file=\\?\UNC\psf\Home\Documents\mxd\BeiDou-Server\clien\Data\Item\Pet\5000367.img
2026-08-28 08:23:38.600 [seq=927] [tid=8696] MapViewOfFile mapping=00000C44 result=19C10000 err=0 access=0x00000004 offset=0:0 bytes=0
2026-08-28 08:23:38.678 [seq=928] [tid=8696] CreateFileMappingA input=00000C48 result=00000C54 err=0 name=(null) file=\\?\UNC\psf\Home\Documents\mxd\BeiDou-Server\clien\Data\Item\Pet\5000415.img
2026-08-28 08:23:38.687 [seq=929] [tid=8696] MapViewOfFile mapping=00000C54 result=12C90000 err=0 access=0x00000004 offset=0:0 bytes=0
2026-08-28 08:23:38.705 [seq=930] [tid=8696] CreateFileMappingA input=00000C4C result=00000C58 err=0 name=(null) file=\\?\UNC\psf\Home\Documents\mxd\BeiDou-Server\clien\Data\Item\Pet\5000415.img
2026-08-28 08:23:38.710 [seq=931] [tid=8696] MapViewOfFile mapping=00000C58 result=19BB0000 err=0 access=0x00000004 offset=0:0 bytes=0
2026-08-28 08:23:38.754 [seq=932] [tid=8696] CreateFileMappingA input=00000C48 result=00000C54 err=0 name=(null) file=\\?\UNC\psf\Home\Documents\mxd\BeiDou-Server\clien\Data\Item\Pet\5000429.img
2026-08-28 08:23:38.756 [seq=933] [tid=8696] MapViewOfFile mapping=00000C54 result=12C90000 err=0 access=0x00000004 offset=0:0 bytes=0
2026-08-28 08:23:38.761 [seq=934] [tid=8696] CreateFileMappingA input=00000C38 result=00000C20 err=0 name=(null) file=\\?\UNC\psf\Home\Documents\mxd\BeiDou-Server\clien\Data\Item\Pet\5000429.img
2026-08-28 08:23:38.764 [seq=935] [tid=8696] MapViewOfFile mapping=00000C20 result=19BC0000 err=0 access=0x00000004 offset=0:0 bytes=0
2026-08-28 08:23:38.799 [seq=936] [tid=8696] CreateFileMappingA input=00000C48 result=00000C54 err=0 name=(null) file=\\?\UNC\psf\Home\Documents\mxd\BeiDou-Server\clien\Data\Item\Pet\5000171.img
2026-08-28 08:23:38.802 [seq=937] [tid=8696] MapViewOfFile mapping=00000C54 result=19CB0000 err=0 access=0x00000004 offset=0:0 bytes=0
2026-08-28 08:23:38.811 [seq=938] [tid=8696] CreateFileMappingA input=00000C60 result=00000C50 err=0 name=(null) file=\\?\UNC\psf\Home\Documents\mxd\BeiDou-Server\clien\Data\Item\Pet\5000171.img
2026-08-28 08:23:38.813 [seq=939] [tid=8696] MapViewOfFile mapping=00000C50 result=19CF0000 err=0 access=0x00000004 offset=0:0 bytes=0
2026-08-28 08:23:38.872 [seq=940] [tid=8696] CreateFileMappingA input=00000C40 result=00000C34 err=0 name=(null) file=\\?\UNC\psf\Home\Documents\mxd\BeiDou-Server\clien\Data\Item\Pet\5000616.img
2026-08-28 08:23:38.879 [seq=941] [tid=8696] MapViewOfFile mapping=00000C34 result=19CB0000 err=0 access=0x00000004 offset=0:0 bytes=0
2026-08-28 08:23:38.890 [seq=942] [tid=8696] CreateFileMappingA input=00000C48 result=00000C54 err=0 name=(null) file=\\?\UNC\psf\Home\Documents\mxd\BeiDou-Server\clien\Data\Item\Pet\5000616.img
2026-08-28 08:23:38.893 [seq=943] [tid=8696] MapViewOfFile mapping=00000C54 result=19D30000 err=0 access=0x00000004 offset=0:0 bytes=0
2026-08-28 08:23:38.957 [seq=944] [tid=8696] CreateFileMappingA input=00000C40 result=00000C34 err=0 name=(null) file=\\?\UNC\psf\Home\Documents\mxd\BeiDou-Server\clien\Data\Item\Pet\5000428.img
2026-08-28 08:23:38.961 [seq=945] [tid=8696] MapViewOfFile mapping=00000C34 result=19CB0000 err=0 access=0x00000004 offset=0:0 bytes=0
2026-08-28 08:23:38.972 [seq=946] [tid=8696] CreateFileMappingA input=00000C64 result=00000C68 err=0 name=(null) file=\\?\UNC\psf\Home\Documents\mxd\BeiDou-Server\clien\Data\Item\Pet\5000428.img
2026-08-28 08:23:38.975 [seq=947] [tid=8696] MapViewOfFile mapping=00000C68 result=19D70000 err=0 access=0x00000004 offset=0:0 bytes=0
2026-08-28 08:23:39.018 [seq=948] [tid=8696] CreateFileMappingA input=00000C70 result=00000C6C err=0 name=(null) file=\\?\UNC\psf\Home\Documents\mxd\BeiDou-Server\clien\Data\Item\Pet\5000414.img
2026-08-28 08:23:39.021 [seq=949] [tid=8696] MapViewOfFile mapping=00000C6C result=19CB0000 err=0 access=0x00000004 offset=0:0 bytes=0
2026-08-28 08:23:39.026 [seq=950] [tid=8696] CreateFileMappingA input=00000C74 result=00000C30 err=0 name=(null) file=\\?\UNC\psf\Home\Documents\mxd\BeiDou-Server\clien\Data\Item\Pet\5000414.img
2026-08-28 08:23:39.028 [seq=951] [tid=8696] MapViewOfFile mapping=00000C30 result=19DA0000 err=0 access=0x00000004 offset=0:0 bytes=0
2026-08-28 08:23:39.130 [seq=952] [tid=8696] CreateFileMappingA input=00000C70 result=00000C6C err=0 name=(null) file=\\?\UNC\psf\Home\Documents\mxd\BeiDou-Server\clien\Data\Item\Pet\5000366.img
2026-08-28 08:23:39.144 [seq=953] [tid=8696] MapViewOfFile mapping=00000C6C result=19CB0000 err=0 access=0x00000004 offset=0:0 bytes=0
2026-08-28 08:23:39.186 [seq=954] [tid=8696] CreateFileMappingA input=00000C40 result=00000C34 err=0 name=(null) file=\\?\UNC\psf\Home\Documents\mxd\BeiDou-Server\clien\Data\Item\Pet\5000366.img
2026-08-28 08:23:39.191 [seq=955] [tid=8696] MapViewOfFile mapping=00000C34 result=19CD0000 err=0 access=0x00000004 offset=0:0 bytes=0
2026-08-28 08:23:39.253 [seq=956] [tid=8696] CreateFileMappingA input=00000C70 result=00000C6C err=0 name=(null) file=\\?\UNC\psf\Home\Documents\mxd\BeiDou-Server\clien\Data\Item\Pet\5000206.img
2026-08-28 08:23:39.258 [seq=957] [tid=8696] MapViewOfFile mapping=00000C6C result=19CB0000 err=0 access=0x00000004 offset=0:0 bytes=0
2026-08-28 08:23:39.264 [seq=958] [tid=8696] CreateFileMappingA input=00000C78 result=00000C7C err=0 name=(null) file=\\?\UNC\psf\Home\Documents\mxd\BeiDou-Server\clien\Data\Item\Pet\5000206.img
2026-08-28 08:23:39.266 [seq=959] [tid=8696] MapViewOfFile mapping=00000C7C result=19DD0000 err=0 access=0x00000004 offset=0:0 bytes=0
2026-08-28 08:23:39.320 [seq=960] [tid=8696] CreateFileMappingA input=00000C80 result=00000C84 err=0 name=(null) file=\\?\UNC\psf\Home\Documents\mxd\BeiDou-Server\clien\Data\Item\Pet\5000212.img
2026-08-28 08:23:39.322 [seq=961] [tid=8696] MapViewOfFile mapping=00000C84 result=19DF0000 err=0 access=0x00000004 offset=0:0 bytes=0
2026-08-28 08:23:39.329 [seq=962] [tid=8696] CreateFileMappingA input=00000C3C result=00000C5C err=0 name=(null) file=\\?\UNC\psf\Home\Documents\mxd\BeiDou-Server\clien\Data\Item\Pet\5000212.img
2026-08-28 08:23:39.331 [seq=963] [tid=8696] MapViewOfFile mapping=00000C5C result=19E50000 err=0 access=0x00000004 offset=0:0 bytes=0
2026-08-28 08:23:39.387 [seq=964] [tid=8696] CreateFileMappingA input=00000C70 result=00000C6C err=0 name=(null) file=\\?\UNC\psf\Home\Documents\mxd\BeiDou-Server\clien\Data\Item\Pet\5000038.img
2026-08-28 08:23:39.391 [seq=965] [tid=8696] MapViewOfFile mapping=00000C6C result=19CB0000 err=0 access=0x00000004 offset=0:0 bytes=0
2026-08-28 08:23:39.399 [seq=966] [tid=8696] CreateFileMappingA input=00000C80 result=00000C8C err=0 name=(null) file=\\?\UNC\psf\Home\Documents\mxd\BeiDou-Server\clien\Data\Item\Pet\5000038.img
2026-08-28 08:23:39.402 [seq=967] [tid=8696] MapViewOfFile mapping=00000C8C result=19DF0000 err=0 access=0x00000004 offset=0:0 bytes=0
2026-08-28 08:23:39.455 [seq=968] [tid=8696] CreateFileMappingA input=00000C70 result=00000C6C err=0 name=(null) file=\\?\UNC\psf\Home\Documents\mxd\BeiDou-Server\clien\Data\Item\Pet\5000004.img
2026-08-28 08:23:39.458 [seq=969] [tid=8696] MapViewOfFile mapping=00000C6C result=12C90000 err=0 access=0x00000004 offset=0:0 bytes=0
2026-08-28 08:23:39.468 [seq=970] [tid=8696] CreateFileMappingA input=00000C90 result=00000C94 err=0 name=(null) file=\\?\UNC\psf\Home\Documents\mxd\BeiDou-Server\clien\Data\Item\Pet\5000004.img
2026-08-28 08:23:39.473 [seq=971] [tid=8696] MapViewOfFile mapping=00000C94 result=19BD0000 err=0 access=0x00000004 offset=0:0 bytes=0
2026-08-28 08:23:39.622 [seq=972] [tid=8696] CreateFileMappingA input=00000C70 result=00000C6C err=0 name=(null) file=\\?\UNC\psf\Home\Documents\mxd\BeiDou-Server\clien\Data\Item\Pet\5000010.img
2026-08-28 08:23:39.626 [seq=973] [tid=8696] MapViewOfFile mapping=00000C6C result=12C90000 err=0 access=0x00000004 offset=0:0 bytes=0
2026-08-28 08:23:39.637 [seq=974] [tid=8696] CreateFileMappingA input=00000C9C result=00000CA0 err=0 name=(null) file=\\?\UNC\psf\Home\Documents\mxd\BeiDou-Server\clien\Data\Item\Pet\5000010.img
2026-08-28 08:23:39.648 [seq=975] [tid=8696] MapViewOfFile mapping=00000CA0 result=19CB0000 err=0 access=0x00000004 offset=0:0 bytes=0
2026-08-28 08:23:39.718 [seq=976] [tid=8696] CreateFileMappingA input=00000C98 result=00000CA8 err=0 name=(null) file=\\?\UNC\psf\Home\Documents\mxd\BeiDou-Server\clien\Data\Item\Pet\5000006.img
2026-08-28 08:23:39.720 [seq=977] [tid=8696] MapViewOfFile mapping=00000CA8 result=12C90000 err=0 access=0x00000004 offset=0:0 bytes=0
2026-08-28 08:23:39.728 [seq=978] [tid=8696] CreateFileMappingA input=00000C6C result=00000C70 err=0 name=(null) file=\\?\UNC\psf\Home\Documents\mxd\BeiDou-Server\clien\Data\Item\Pet\5000006.img
2026-08-28 08:23:39.731 [seq=979] [tid=8696] MapViewOfFile mapping=00000C70 result=19CC0000 err=0 access=0x00000004 offset=0:0 bytes=0
2026-08-28 08:23:39.785 [seq=980] [tid=8696] CreateFileMappingA input=00000C98 result=00000CA8 err=0 name=(null) file=\\?\UNC\psf\Home\Documents\mxd\BeiDou-Server\clien\Data\Item\Pet\5000012.img
2026-08-28 08:23:39.788 [seq=981] [tid=8696] MapViewOfFile mapping=00000CA8 result=12C90000 err=0 access=0x00000004 offset=0:0 bytes=0
2026-08-28 08:23:39.795 [seq=982] [tid=8696] CreateFileMappingA input=00000CAC result=00000C88 err=0 name=(null) file=\\?\UNC\psf\Home\Documents\mxd\BeiDou-Server\clien\Data\Item\Pet\5000012.img
2026-08-28 08:23:39.801 [seq=983] [tid=8696] MapViewOfFile mapping=00000C88 result=19E10000 err=0 access=0x00000004 offset=0:0 bytes=0
2026-08-28 08:23:39.858 [seq=984] [tid=8696] CreateFileMappingA input=00000CB0 result=00000CB8 err=0 name=(null) file=\\?\UNC\psf\Home\Documents\mxd\BeiDou-Server\clien\Data\Item\Pet\5000204.img
2026-08-28 08:23:39.861 [seq=985] [tid=8696] MapViewOfFile mapping=00000CB8 result=19E20000 err=0 access=0x00000004 offset=0:0 bytes=0
2026-08-28 08:23:39.866 [seq=986] [tid=8696] CreateFileMappingA input=00000CA4 result=00000C84 err=0 name=(null) file=\\?\UNC\psf\Home\Documents\mxd\BeiDou-Server\clien\Data\Item\Pet\5000204.img
2026-08-28 08:23:39.868 [seq=987] [tid=8696] MapViewOfFile mapping=00000C84 result=19EB0000 err=0 access=0x00000004 offset=0:0 bytes=0
2026-08-28 08:23:39.907 [seq=988] [tid=8696] CreateFileMappingA input=00000CC0 result=00000CC4 err=0 name=(null) file=\\?\UNC\psf\Home\Documents\mxd\BeiDou-Server\clien\Data\Item\Pet\5000210.img
2026-08-28 08:23:39.909 [seq=989] [tid=8696] MapViewOfFile mapping=00000CC4 result=12C90000 err=0 access=0x00000004 offset=0:0 bytes=0
2026-08-28 08:23:39.914 [seq=990] [tid=8696] CreateFileMappingA input=00000CB0 result=00000CB8 err=0 name=(null) file=\\?\UNC\psf\Home\Documents\mxd\BeiDou-Server\clien\Data\Item\Pet\5000210.img
2026-08-28 08:23:39.917 [seq=991] [tid=8696] MapViewOfFile mapping=00000CB8 result=19E20000 err=0 access=0x00000004 offset=0:0 bytes=0
2026-08-28 08:23:39.967 [seq=992] [tid=4800] event=health cpu_core_pct=60.2 working_set_mb=145 commit_mb=117 handles=810 gdi=15 user=23 window=hung last_resource="(none)" resource_offset=0 resource_bytes=0 resource_age_ms=0
2026-08-28 08:23:39.971 [seq=993] [tid=8696] CreateFileMappingA input=00000CCC result=00000CD0 err=0 name=(null) file=\\?\UNC\psf\Home\Documents\mxd\BeiDou-Server\clien\Data\Item\Pet\5000238.img
2026-08-28 08:23:39.974 [seq=994] [tid=8696] MapViewOfFile mapping=00000CD0 result=19ED0000 err=0 access=0x00000004 offset=0:0 bytes=0
2026-08-28 08:23:39.979 [seq=995] [tid=8696] CreateFileMappingA input=00000CC8 result=00000CBC err=0 name=(null) file=\\?\UNC\psf\Home\Documents\mxd\BeiDou-Server\clien\Data\Item\Pet\5000238.img
2026-08-28 08:23:39.982 [seq=996] [tid=8696] MapViewOfFile mapping=00000CBC result=19F30000 err=0 access=0x00000004 offset=0:0 bytes=0
2026-08-28 08:23:40.039 [seq=997] [tid=8696] CreateFileMappingA input=00000CCC result=00000CD0 err=0 name=(null) file=\\?\UNC\psf\Home\Documents\mxd\BeiDou-Server\clien\Data\Item\Pet\5000589.img
2026-08-28 08:23:40.042 [seq=998] [tid=8696] MapViewOfFile mapping=00000CD0 result=12C90000 err=0 access=0x00000004 offset=0:0 bytes=0
2026-08-28 08:23:40.052 [seq=999] [tid=8696] CreateFileMappingA input=00000CC4 result=00000CC0 err=0 name=(null) file=\\?\UNC\psf\Home\Documents\mxd\BeiDou-Server\clien\Data\Item\Pet\5000589.img
2026-08-28 08:23:40.058 [seq=1000] [tid=8696] MapViewOfFile mapping=00000CC0 result=19E30000 err=0 access=0x00000004 offset=0:0 bytes=0
2026-08-28 08:23:40.081 [seq=1001] [tid=8696] CreateFileMappingA input=00000CD4 result=00000CCC err=0 name=(null) file=\\?\UNC\psf\Home\Documents\mxd\BeiDou-Server\clien\Data\Item\Pet\5000416.img
2026-08-28 08:23:40.085 [seq=1002] [tid=8696] MapViewOfFile mapping=00000CCC result=19ED0000 err=0 access=0x00000004 offset=0:0 bytes=0
2026-08-28 08:23:40.097 [seq=1003] [tid=8696] CreateFileMappingA input=00000CE4 result=00000CB4 err=0 name=(null) file=\\?\UNC\psf\Home\Documents\mxd\BeiDou-Server\clien\Data\Item\Pet\5000416.img
2026-08-28 08:23:40.101 [seq=1004] [tid=8696] MapViewOfFile mapping=00000CB4 result=19EF0000 err=0 access=0x00000004 offset=0:0 bytes=0
2026-08-28 08:23:40.158 [seq=1005] [tid=8696] CreateFileMappingA input=00000CD0 result=00000CE8 err=0 name=(null) file=\\?\UNC\psf\Home\Documents\mxd\BeiDou-Server\clien\Data\Item\Pet\5000370.img
2026-08-28 08:23:40.163 [seq=1006] [tid=8696] MapViewOfFile mapping=00000CE8 result=19ED0000 err=0 access=0x00000004 offset=0:0 bytes=0
2026-08-28 08:23:40.170 [seq=1007] [tid=8696] CreateFileMappingA input=00000CEC result=00000CDC err=0 name=(null) file=\\?\UNC\psf\Home\Documents\mxd\BeiDou-Server\clien\Data\Item\Pet\5000370.img
2026-08-28 08:23:40.174 [seq=1008] [tid=8696] MapViewOfFile mapping=00000CDC result=19F10000 err=0 access=0x00000004 offset=0:0 bytes=0
2026-08-28 08:23:40.238 [seq=1009] [tid=8696] CreateFileMappingA input=00000CE0 result=00000CD4 err=0 name=(null) file=\\?\UNC\psf\Home\Documents\mxd\BeiDou-Server\clien\Data\Item\Pet\5000364.img
2026-08-28 08:23:40.241 [seq=1010] [tid=8696] MapViewOfFile mapping=00000CD4 result=12C90000 err=0 access=0x00000004 offset=0:0 bytes=0
2026-08-28 08:23:40.251 [seq=1011] [tid=8696] CreateFileMappingA input=00000CF4 result=00000CCC err=0 name=(null) file=\\?\UNC\psf\Home\Documents\mxd\BeiDou-Server\clien\Data\Item\Pet\5000364.img
2026-08-28 08:23:40.259 [seq=1012] [tid=8696] MapViewOfFile mapping=00000CCC result=19E40000 err=0 access=0x00000004 offset=0:0 bytes=0
2026-08-28 08:23:40.304 [seq=1013] [tid=8696] CreateFileMappingA input=00000CFC result=00000CE0 err=0 name=(null) file=\\?\UNC\psf\Home\Documents\mxd\BeiDou-Server\clien\Data\Item\Pet\5000402.img
2026-08-28 08:23:40.311 [seq=1014] [tid=8696] MapViewOfFile mapping=00000CE0 result=19ED0000 err=0 access=0x00000004 offset=0:0 bytes=0
2026-08-28 08:23:40.318 [seq=1015] [tid=8696] CreateFileMappingA input=00000D00 result=00000CD4 err=0 name=(null) file=\\?\UNC\psf\Home\Documents\mxd\BeiDou-Server\clien\Data\Item\Pet\5000402.img
2026-08-28 08:23:40.321 [seq=1016] [tid=8696] MapViewOfFile mapping=00000CD4 result=19F90000 err=0 access=0x00000004 offset=0:0 bytes=0
2026-08-28 08:23:40.391 [seq=1017] [tid=8696] CreateFileMappingA input=00000CE0 result=00000D08 err=0 name=(null) file=\\?\UNC\psf\Home\Documents\mxd\BeiDou-Server\clien\Data\Item\Pet\5000358.img
2026-08-28 08:23:40.411 [seq=1018] [tid=8696] MapViewOfFile mapping=00000D08 result=19ED0000 err=0 access=0x00000004 offset=0:0 bytes=0
2026-08-28 08:23:40.467 [seq=1019] [tid=8696] CreateFileMappingA input=00000D04 result=00000CF8 err=0 name=(null) file=\\?\UNC\psf\Home\Documents\mxd\BeiDou-Server\clien\Data\Item\Pet\5000358.img
2026-08-28 08:23:40.477 [seq=1020] [tid=8696] MapViewOfFile mapping=00000CF8 result=19FB0000 err=0 access=0x00000004 offset=0:0 bytes=0
2026-08-28 08:23:40.838 [seq=1021] [tid=8696] CreateFileMappingA input=00000CFC result=00000D0C err=0 name=(null) file=\\?\UNC\psf\Home\Documents\mxd\BeiDou-Server\clien\Data\Item\Pet\5000365.img
2026-08-28 08:23:40.856 [seq=1022] [tid=8696] MapViewOfFile mapping=00000D0C result=19ED0000 err=0 access=0x00000004 offset=0:0 bytes=0
2026-08-28 08:23:40.917 [seq=1023] [tid=8696] CreateFileMappingA input=00000D08 result=00000CE0 err=0 name=(null) file=\\?\UNC\psf\Home\Documents\mxd\BeiDou-Server\clien\Data\Item\Pet\5000365.img
2026-08-28 08:23:40.919 [seq=1024] [tid=8696] MapViewOfFile mapping=00000CE0 result=19FD0000 err=0 access=0x00000004 offset=0:0 bytes=0
2026-08-28 08:23:41.141 [seq=1025] [tid=4800] event=health cpu_core_pct=38.3 working_set_mb=146 commit_mb=117 handles=826 gdi=15 user=23 window=hung last_resource="(none)" resource_offset=0 resource_bytes=0 resource_age_ms=0
2026-08-28 08:23:41.171 [seq=1026] [tid=8696] CreateFileMappingA input=00000D14 result=00000CE8 err=0 name=(null) file=\\?\UNC\psf\Home\Documents\mxd\BeiDou-Server\clien\Data\Item\Pet\5000403.img
2026-08-28 08:23:41.176 [seq=1027] [tid=8696] MapViewOfFile mapping=00000CE8 result=12C90000 err=0 access=0x00000004 offset=0:0 bytes=0
2026-08-28 08:23:41.183 [seq=1028] [tid=8696] CreateFileMappingA input=00000CF0 result=00000CD0 err=0 name=(null) file=\\?\UNC\psf\Home\Documents\mxd\BeiDou-Server\clien\Data\Item\Pet\5000403.img
2026-08-28 08:23:41.186 [seq=1029] [tid=8696] MapViewOfFile mapping=00000CD0 result=19ED0000 err=0 access=0x00000004 offset=0:0 bytes=0
2026-08-28 08:23:41.265 [seq=1030] [tid=8696] CreateFileMappingA input=00000CE8 result=00000D10 err=0 name=(null) file=\\?\UNC\psf\Home\Documents\mxd\BeiDou-Server\clien\Data\Item\Pet\5000417.img
2026-08-28 08:23:41.269 [seq=1031] [tid=8696] MapViewOfFile mapping=00000D10 result=19FF0000 err=0 access=0x00000004 offset=0:0 bytes=0
2026-08-28 08:23:41.277 [seq=1032] [tid=8696] CreateFileMappingA input=00000D20 result=00000D24 err=0 name=(null) file=\\?\UNC\psf\Home\Documents\mxd\BeiDou-Server\clien\Data\Item\Pet\5000417.img
2026-08-28 08:23:41.280 [seq=1033] [tid=8696] MapViewOfFile mapping=00000D24 result=1A010000 err=0 access=0x00000004 offset=0:0 bytes=0
2026-08-28 08:23:41.329 [seq=1034] [tid=8696] CreateFileMappingA input=00000D18 result=00000D1C err=0 name=(null) file=\\?\UNC\psf\Home\Documents\mxd\BeiDou-Server\clien\Data\Item\Pet\5000371.img
2026-08-28 08:23:41.331 [seq=1035] [tid=8696] MapViewOfFile mapping=00000D1C result=1A030000 err=0 access=0x00000004 offset=0:0 bytes=0
2026-08-28 08:23:41.339 [seq=1036] [tid=8696] CreateFileMappingA input=00000D28 result=00000CE8 err=0 name=(null) file=\\?\UNC\psf\Home\Documents\mxd\BeiDou-Server\clien\Data\Item\Pet\5000371.img
2026-08-28 08:23:41.342 [seq=1037] [tid=8696] MapViewOfFile mapping=00000CE8 result=1A060000 err=0 access=0x00000004 offset=0:0 bytes=0
2026-08-28 08:23:41.393 [seq=1038] [tid=8696] CreateFileMappingA input=00000D18 result=00000D1C err=0 name=(null) file=\\?\UNC\psf\Home\Documents\mxd\BeiDou-Server\clien\Data\Item\Pet\5000239.img
2026-08-28 08:23:41.396 [seq=1039] [tid=8696] MapViewOfFile mapping=00000D1C result=1A090000 err=0 access=0x00000004 offset=0:0 bytes=0
2026-08-28 08:23:41.403 [seq=1040] [tid=8696] CreateFileMappingA input=00000CD8 result=00000C98 err=0 name=(null) file=\\?\UNC\psf\Home\Documents\mxd\BeiDou-Server\clien\Data\Item\Pet\5000239.img
2026-08-28 08:23:41.407 [seq=1041] [tid=8696] MapViewOfFile mapping=00000C98 result=1A0E0000 err=0 access=0x00000004 offset=0:0 bytes=0
2026-08-28 08:23:41.463 [seq=1042] [tid=8696] CreateFileMappingA input=00000D10 result=00000D38 err=0 name=(null) file=\\?\UNC\psf\Home\Documents\mxd\BeiDou-Server\clien\Data\Item\Pet\5000211.img
2026-08-28 08:23:41.467 [seq=1043] [tid=8696] MapViewOfFile mapping=00000D38 result=19FF0000 err=0 access=0x00000004 offset=0:0 bytes=0
2026-08-28 08:23:41.479 [seq=1044] [tid=8696] CreateFileMappingA input=00000D14 result=00000CA8 err=0 name=(null) file=\\?\UNC\psf\Home\Documents\mxd\BeiDou-Server\clien\Data\Item\Pet\5000211.img
2026-08-28 08:23:41.484 [seq=1045] [tid=8696] MapViewOfFile mapping=00000CA8 result=1A030000 err=0 access=0x00000004 offset=0:0 bytes=0
2026-08-28 08:23:41.538 [seq=1046] [tid=8696] CreateFileMappingA input=00000D10 result=00000D38 err=0 name=(null) file=\\?\UNC\psf\Home\Documents\mxd\BeiDou-Server\clien\Data\Item\Pet\5000205.img
2026-08-28 08:23:41.542 [seq=1047] [tid=8696] MapViewOfFile mapping=00000D38 result=19FF0000 err=0 access=0x00000004 offset=0:0 bytes=0
2026-08-28 08:23:41.561 [seq=1048] [tid=8696] CreateFileMappingA input=00000D18 result=00000D1C err=0 name=(null) file=\\?\UNC\psf\Home\Documents\mxd\BeiDou-Server\clien\Data\Item\Pet\5000205.img
2026-08-28 08:23:41.562 [seq=1049] [tid=8696] MapViewOfFile mapping=00000D1C result=1A090000 err=0 access=0x00000004 offset=0:0 bytes=0
2026-08-28 08:23:42.156 [seq=1050] [tid=8696] CreateFileMappingA input=00000D2C result=00000D0C err=0 name=(null) file=\\?\UNC\psf\Home\Documents\mxd\BeiDou-Server\clien\Data\Item\Pet\5000013.img
2026-08-28 08:23:42.165 [seq=1051] [tid=8696] MapViewOfFile mapping=00000D0C result=12C90000 err=0 access=0x00000004 offset=0:0 bytes=0
2026-08-28 08:23:42.188 [seq=1052] [tid=8696] CreateFileMappingA input=00000D40 result=00000D10 err=0 name=(null) file=\\?\UNC\psf\Home\Documents\mxd\BeiDou-Server\clien\Data\Item\Pet\5000013.img
2026-08-28 08:23:42.191 [seq=1053] [tid=8696] MapViewOfFile mapping=00000D10 result=19EE0000 err=0 access=0x00000004 offset=0:0 bytes=0
2026-08-28 08:23:42.257 [seq=1054] [tid=8696] CreateFileMappingA input=00000D3C result=00000D4C err=0 name=(null) file=\\?\UNC\psf\Home\Documents\mxd\BeiDou-Server\clien\Data\Item\Pet\5000007.img
2026-08-28 08:23:42.262 [seq=1055] [tid=8696] MapViewOfFile mapping=00000D4C result=12C90000 err=0 access=0x00000004 offset=0:0 bytes=0
2026-08-28 08:23:42.274 [seq=1056] [tid=8696] CreateFileMappingA input=00000D38 result=00000D34 err=0 name=(null) file=\\?\UNC\psf\Home\Documents\mxd\BeiDou-Server\clien\Data\Item\Pet\5000007.img
2026-08-28 08:23:42.278 [seq=1057] [tid=8696] MapViewOfFile mapping=00000D34 result=19FF0000 err=0 access=0x00000004 offset=0:0 bytes=0
2026-08-28 08:23:42.327 [seq=1058] [tid=4800] event=health cpu_core_pct=38.9 working_set_mb=146 commit_mb=117 handles=842 gdi=15 user=23 window=hung last_resource="(none)" resource_offset=0 resource_bytes=0 resource_age_ms=0
2026-08-28 08:23:42.350 [seq=1059] [tid=8696] CreateFileMappingA input=00000D0C result=00000D50 err=0 name=(null) file=\\?\UNC\psf\Home\Documents\mxd\BeiDou-Server\clien\Data\Item\Pet\5000048.img
2026-08-28 08:23:42.358 [seq=1060] [tid=8696] MapViewOfFile mapping=00000D50 result=1A0B0000 err=0 access=0x00000004 offset=0:0 bytes=0
2026-08-28 08:23:42.371 [seq=1061] [tid=8696] CreateFileMappingA input=00000D3C result=00000D4C err=0 name=(null) file=\\?\UNC\psf\Home\Documents\mxd\BeiDou-Server\clien\Data\Item\Pet\5000048.img
2026-08-28 08:23:42.375 [seq=1062] [tid=8696] MapViewOfFile mapping=00000D4C result=1A130000 err=0 access=0x00000004 offset=0:0 bytes=0
2026-08-28 08:23:42.454 [seq=1063] [tid=8696] CreateFileMappingA input=00000D58 result=00000D0C err=0 name=(null) file=\\?\UNC\psf\Home\Documents\mxd\BeiDou-Server\clien\Data\Item\Pet\5000060.img
2026-08-28 08:23:42.458 [seq=1064] [tid=8696] MapViewOfFile mapping=00000D0C result=1A160000 err=0 access=0x00000004 offset=0:0 bytes=0
2026-08-28 08:23:42.469 [seq=1065] [tid=8696] CreateFileMappingA input=00000D44 result=00000D5C err=0 name=(null) file=\\?\UNC\psf\Home\Documents\mxd\BeiDou-Server\clien\Data\Item\Pet\5000060.img
2026-08-28 08:23:42.473 [seq=1066] [tid=8696] MapViewOfFile mapping=00000D5C result=1A1A0000 err=0 access=0x00000004 offset=0:0 bytes=0
2026-08-28 08:23:42.610 [seq=1067] [tid=8696] CreateFileMappingA input=00000D6C result=00000D70 err=0 name=(null) file=\\?\UNC\psf\Home\Documents\mxd\BeiDou-Server\clien\Data\Item\Pet\5000074.img
2026-08-28 08:23:42.622 [seq=1068] [tid=8696] MapViewOfFile mapping=00000D70 result=1A0B0000 err=0 access=0x00000004 offset=0:0 bytes=0
2026-08-28 08:23:42.639 [seq=1069] [tid=8696] CreateFileMappingA input=00000D50 result=00000D60 err=0 name=(null) file=\\?\UNC\psf\Home\Documents\mxd\BeiDou-Server\clien\Data\Item\Pet\5000074.img
2026-08-28 08:23:42.649 [seq=1070] [tid=8696] MapViewOfFile mapping=00000D60 result=1A160000 err=0 access=0x00000004 offset=0:0 bytes=0
2026-08-28 08:23:42.945 [seq=1071] [tid=8696] CreateFileMappingA input=00000D7C result=00000D80 err=0 name=(null) file=\\?\UNC\psf\Home\Documents\mxd\BeiDou-Server\clien\Data\Item\Pet\5000276.img
2026-08-28 08:23:42.971 [seq=1072] [tid=8696] MapViewOfFile mapping=00000D80 result=1A0B0000 err=0 access=0x00000004 offset=0:0 bytes=0
2026-08-28 08:23:42.987 [seq=1073] [tid=8696] CreateFileMappingA input=00000D6C result=00000D84 err=0 name=(null) file=\\?\UNC\psf\Home\Documents\mxd\BeiDou-Server\clien\Data\Item\Pet\5000276.img
2026-08-28 08:23:42.994 [seq=1074] [tid=8696] MapViewOfFile mapping=00000D84 result=1A180000 err=0 access=0x00000004 offset=0:0 bytes=0
2026-08-28 08:23:43.172 [seq=1075] [tid=8696] CreateFileMappingA input=00000D58 result=00000D0C err=0 name=(null) file=\\?\UNC\psf\Home\Documents\mxd\BeiDou-Server\clien\Data\Item\Pet\5000289.img
2026-08-28 08:23:43.177 [seq=1076] [tid=8696] MapViewOfFile mapping=00000D0C result=1A1E0000 err=0 access=0x00000004 offset=0:0 bytes=0
2026-08-28 08:23:43.191 [seq=1077] [tid=8696] CreateFileMappingA input=00000D80 result=00000D74 err=0 name=(null) file=\\?\UNC\psf\Home\Documents\mxd\BeiDou-Server\clien\Data\Item\Pet\5000289.img
2026-08-28 08:23:43.198 [seq=1078] [tid=8696] MapViewOfFile mapping=00000D74 result=1A220000 err=0 access=0x00000004 offset=0:0 bytes=0
2026-08-28 08:23:43.271 [seq=1079] [tid=8696] CreateFileMappingA input=00000D90 result=00000D78 err=0 name=(null) file=\\?\UNC\psf\Home\Documents\mxd\BeiDou-Server\clien\Data\Item\Pet\5000470.img
2026-08-28 08:23:43.274 [seq=1080] [tid=8696] MapViewOfFile mapping=00000D78 result=12C90000 err=0 access=0x00000004 offset=0:0 bytes=0
2026-08-28 08:23:43.284 [seq=1081] [tid=8696] CreateFileMappingA input=00000D70 result=00000D68 err=0 name=(null) file=\\?\UNC\psf\Home\Documents\mxd\BeiDou-Server\clien\Data\Item\Pet\5000470.img
2026-08-28 08:23:43.291 [seq=1082] [tid=8696] MapViewOfFile mapping=00000D68 result=1A000000 err=0 access=0x00000004 offset=0:0 bytes=0
2026-08-28 08:23:43.337 [seq=1083] [tid=8696] CreateFileMappingA input=00000D90 result=00000D78 err=0 name=(null) file=\\?\UNC\psf\Home\Documents\mxd\BeiDou-Server\clien\Data\Item\Pet\5000316.img
2026-08-28 08:23:43.340 [seq=1084] [tid=8696] MapViewOfFile mapping=00000D78 result=1A0B0000 err=0 access=0x00000004 offset=0:0 bytes=0
2026-08-28 08:23:43.355 [seq=1085] [tid=8696] CreateFileMappingA input=00000D8C result=00000D58 err=0 name=(null) file=\\?\UNC\psf\Home\Documents\mxd\BeiDou-Server\clien\Data\Item\Pet\5000316.img
2026-08-28 08:23:43.357 [seq=1086] [tid=8696] MapViewOfFile mapping=00000D58 result=1A1E0000 err=0 access=0x00000004 offset=0:0 bytes=0
2026-08-28 08:23:43.407 [seq=1087] [tid=8696] CreateFileMappingA input=00000D90 result=00000D78 err=0 name=(null) file=\\?\UNC\psf\Home\Documents\mxd\BeiDou-Server\clien\Data\Item\Pet\5001008.img
2026-08-28 08:23:43.410 [seq=1088] [tid=8696] MapViewOfFile mapping=00000D78 result=1A260000 err=0 access=0x00000004 offset=0:0 bytes=0
2026-08-28 08:23:43.427 [seq=1089] [tid=8696] CreateFileMappingA input=00000DA0 result=00000D2C err=0 name=(null) file=\\?\UNC\psf\Home\Documents\mxd\BeiDou-Server\clien\Data\Item\Pet\5001008.img
2026-08-28 08:23:43.429 [seq=1090] [tid=8696] MapViewOfFile mapping=00000D2C result=1A2F0000 err=0 access=0x00000004 offset=0:0 bytes=0
2026-08-28 08:23:43.712 [seq=1091] [tid=4800] event=health cpu_core_pct=49.3 working_set_mb=147 commit_mb=117 handles=859 gdi=15 user=23 window=hung last_resource="(none)" resource_offset=0 resource_bytes=0 resource_age_ms=0
2026-08-28 08:23:43.791 [seq=1092] [tid=8696] CreateFileMappingA input=00000D94 result=00000D54 err=0 name=(null) file=\\?\UNC\psf\Home\Documents\mxd\BeiDou-Server\clien\Data\Item\Pet\5000302.img
2026-08-28 08:23:43.796 [seq=1093] [tid=8696] MapViewOfFile mapping=00000D54 result=1A2A0000 err=0 access=0x00000004 offset=0:0 bytes=0
2026-08-28 08:23:44.730 [seq=1094] [tid=8696] CreateFileMappingA input=00000CFC result=00000D7C err=0 name=(null) file=\\?\UNC\psf\Home\Documents\mxd\BeiDou-Server\clien\Data\Item\Pet\5000128.img
2026-08-28 08:23:44.740 [seq=1095] [tid=8696] MapViewOfFile mapping=00000D7C result=12C90000 err=0 access=0x00000004 offset=0:0 bytes=0
2026-08-28 08:23:44.777 [seq=1096] [tid=4800] event=health cpu_core_pct=40.2 working_set_mb=147 commit_mb=117 handles=862 gdi=15 user=23 window=hung last_resource="(none)" resource_offset=0 resource_bytes=0 resource_age_ms=0
2026-08-28 08:23:45.131 [seq=1097] [tid=8696] CreateFileMappingA input=00000D90 result=00000D64 err=0 name=(null) file=\\?\UNC\psf\Home\Documents\mxd\BeiDou-Server\clien\Data\Item\Pet\5000114.img
2026-08-28 08:23:45.143 [seq=1098] [tid=8696] MapViewOfFile mapping=00000D64 result=1A260000 err=0 access=0x00000004 offset=0:0 bytes=0
2026-08-28 08:23:45.164 [seq=1099] [tid=8696] CreateFileMappingA input=00000D7C result=00000D98 err=0 name=(null) file=\\?\UNC\psf\Home\Documents\mxd\BeiDou-Server\clien\Data\Item\Pet\5000114.img
2026-08-28 08:23:45.168 [seq=1100] [tid=8696] MapViewOfFile mapping=00000D98 result=1A380000 err=0 access=0x00000004 offset=0:0 bytes=0
2026-08-28 08:23:45.234 [seq=1101] [tid=8696] CreateFileMappingA input=00000D90 result=00000D64 err=0 name=(null) file=\\?\UNC\psf\Home\Documents\mxd\BeiDou-Server\clien\Data\Item\Pet\5000100.img
2026-08-28 08:23:45.240 [seq=1102] [tid=8696] MapViewOfFile mapping=00000D64 result=1A0B0000 err=0 access=0x00000004 offset=0:0 bytes=0
2026-08-28 08:23:45.256 [seq=1103] [tid=8696] CreateFileMappingA input=00000D78 result=00000D30 err=0 name=(null) file=\\?\UNC\psf\Home\Documents\mxd\BeiDou-Server\clien\Data\Item\Pet\5000100.img
2026-08-28 08:23:45.260 [seq=1104] [tid=8696] MapViewOfFile mapping=00000D30 result=1A260000 err=0 access=0x00000004 offset=0:0 bytes=0
2026-08-28 08:23:45.414 [seq=1105] [tid=8696] CreateFileMappingA input=00000D90 result=00000D64 err=0 name=(null) file=\\?\UNC\psf\Home\Documents\mxd\BeiDou-Server\clien\Data\Item\Pet\5000101.img
2026-08-28 08:23:45.420 [seq=1106] [tid=8696] MapViewOfFile mapping=00000D64 result=1A0B0000 err=0 access=0x00000004 offset=0:0 bytes=0
2026-08-28 08:23:45.437 [seq=1107] [tid=8696] CreateFileMappingA input=00000DAC result=00000DB0 err=0 name=(null) file=\\?\UNC\psf\Home\Documents\mxd\BeiDou-Server\clien\Data\Item\Pet\5000101.img
2026-08-28 08:23:45.441 [seq=1108] [tid=8696] MapViewOfFile mapping=00000DB0 result=1A200000 err=0 access=0x00000004 offset=0:0 bytes=0
2026-08-28 08:23:45.549 [seq=1109] [tid=8696] CreateFileMappingA input=00000D90 result=00000DB4 err=0 name=(null) file=\\?\UNC\psf\Home\Documents\mxd\BeiDou-Server\clien\Data\Item\Pet\5000115.img
2026-08-28 08:23:45.557 [seq=1110] [tid=8696] MapViewOfFile mapping=00000DB4 result=1A3C0000 err=0 access=0x00000004 offset=0:0 bytes=0
2026-08-28 08:23:45.568 [seq=1111] [tid=8696] CreateFileMappingA input=00000DA8 result=00000DBC err=0 name=(null) file=\\?\UNC\psf\Home\Documents\mxd\BeiDou-Server\clien\Data\Item\Pet\5000115.img
2026-08-28 08:23:45.573 [seq=1112] [tid=8696] MapViewOfFile mapping=00000DBC result=1A430000 err=0 access=0x00000004 offset=0:0 bytes=0
2026-08-28 08:23:45.618 [seq=1113] [tid=8696] CreateFileMappingA input=00000DCC result=00000DB8 err=0 name=(null) file=\\?\UNC\psf\Home\Documents\mxd\BeiDou-Server\clien\Data\Item\Pet\5000303.img
2026-08-28 08:23:45.622 [seq=1114] [tid=8696] MapViewOfFile mapping=00000DB8 result=1A3C0000 err=0 access=0x00000004 offset=0:0 bytes=0
2026-08-28 08:23:45.630 [seq=1115] [tid=8696] CreateFileMappingA input=00000D90 result=00000DB4 err=0 name=(null) file=\\?\UNC\psf\Home\Documents\mxd\BeiDou-Server\clien\Data\Item\Pet\5000303.img
2026-08-28 08:23:45.634 [seq=1116] [tid=8696] MapViewOfFile mapping=00000DB4 result=1A4A0000 err=0 access=0x00000004 offset=0:0 bytes=0
2026-08-28 08:23:45.723 [seq=1117] [tid=8696] CreateFileMappingA input=00000D64 result=00000DC8 err=0 name=(null) file=\\?\UNC\psf\Home\Documents\mxd\BeiDou-Server\clien\Data\Item\Pet\5000471.img
2026-08-28 08:23:45.725 [seq=1118] [tid=8696] MapViewOfFile mapping=00000DC8 result=12C90000 err=0 access=0x00000004 offset=0:0 bytes=0
2026-08-28 08:23:45.735 [seq=1119] [tid=8696] CreateFileMappingA input=00000DD0 result=00000D48 err=0 name=(null) file=\\?\UNC\psf\Home\Documents\mxd\BeiDou-Server\clien\Data\Item\Pet\5000471.img
2026-08-28 08:23:45.744 [seq=1120] [tid=8696] MapViewOfFile mapping=00000D48 result=1A0B0000 err=0 access=0x00000004 offset=0:0 bytes=0
2026-08-28 08:23:45.818 [seq=1121] [tid=8696] CreateFileMappingA input=00000DD4 result=00000DDC err=0 name=(null) file=\\?\UNC\psf\Home\Documents\mxd\BeiDou-Server\clien\Data\Item\Pet\5001009.img
2026-08-28 08:23:45.822 [seq=1122] [tid=8696] MapViewOfFile mapping=00000DDC result=1A500000 err=0 access=0x00000004 offset=0:0 bytes=0
2026-08-28 08:23:45.829 [seq=1123] [tid=8696] CreateFileMappingA input=00000DC0 result=00000DE4 err=0 name=(null) file=\\?\UNC\psf\Home\Documents\mxd\BeiDou-Server\clien\Data\Item\Pet\5001009.img
2026-08-28 08:23:45.831 [seq=1124] [tid=8696] MapViewOfFile mapping=00000DE4 result=1A5A0000 err=0 access=0x00000004 offset=0:0 bytes=0
2026-08-28 08:23:45.850 [seq=1125] [tid=8696] CreateFileMappingA input=00000DE0 result=00000D64 err=0 name=(null) file=\\?\UNC\psf\Home\Documents\mxd\BeiDou-Server\clien\Data\Item\Pet\5000317.img
2026-08-28 08:23:45.853 [seq=1126] [tid=8696] MapViewOfFile mapping=00000D64 result=1A3C0000 err=0 access=0x00000004 offset=0:0 bytes=0
2026-08-28 08:23:45.863 [seq=1127] [tid=8696] CreateFileMappingA input=00000DEC result=00000DE8 err=0 name=(null) file=\\?\UNC\psf\Home\Documents\mxd\BeiDou-Server\clien\Data\Item\Pet\5000317.img
2026-08-28 08:23:45.869 [seq=1128] [tid=8696] MapViewOfFile mapping=00000DE8 result=1A500000 err=0 access=0x00000004 offset=0:0 bytes=0
2026-08-28 08:23:46.044 [seq=1129] [tid=4800] event=health cpu_core_pct=70.1 working_set_mb=148 commit_mb=118 handles=876 gdi=15 user=23 window=hung last_resource="(none)" resource_offset=0 resource_bytes=0 resource_age_ms=0
2026-08-28 08:23:46.056 [seq=1130] [tid=8696] CreateFileMappingA input=00000E04 result=00000E08 err=0 name=(null) file=\\?\UNC\psf\Home\Documents\mxd\BeiDou-Server\clien\Data\Item\Pet\5000459.img
2026-08-28 08:23:46.083 [seq=1131] [tid=8696] MapViewOfFile mapping=00000E08 result=1A0C0000 err=0 access=0x00000004 offset=0:0 bytes=0
2026-08-28 08:23:46.240 [seq=1132] [tid=8696] CreateFileMappingA input=00000DB8 result=00000DC4 err=0 name=(null) file=\\?\UNC\psf\Home\Documents\mxd\BeiDou-Server\clien\Data\Item\Pet\5000288.img
2026-08-28 08:23:46.245 [seq=1133] [tid=8696] MapViewOfFile mapping=00000DC4 result=1A3C0000 err=0 access=0x00000004 offset=0:0 bytes=0
2026-08-28 08:23:46.330 [seq=1134] [tid=8696] CreateFileMappingA input=00000DE0 result=00000D9C err=0 name=(null) file=\\?\UNC\psf\Home\Documents\mxd\BeiDou-Server\clien\Data\Item\Pet\5000288.img
2026-08-28 08:23:46.333 [seq=1135] [tid=8696] MapViewOfFile mapping=00000D9C result=1A550000 err=0 access=0x00000004 offset=0:0 bytes=0
2026-08-28 08:23:46.421 [seq=1136] [tid=8696] CreateFileMappingA input=00000DF8 result=00000DF4 err=0 name=(null) file=\\?\UNC\psf\Home\Documents\mxd\BeiDou-Server\clien\Data\Item\Pet\5000277.img
2026-08-28 08:23:46.440 [seq=1137] [tid=8696] MapViewOfFile mapping=00000DF4 result=1A3C0000 err=0 access=0x00000004 offset=0:0 bytes=0
2026-08-28 08:23:46.456 [seq=1138] [tid=8696] CreateFileMappingA input=00000DD4 result=00000DDC err=0 name=(null) file=\\?\UNC\psf\Home\Documents\mxd\BeiDou-Server\clien\Data\Item\Pet\5000277.img
2026-08-28 08:23:46.459 [seq=1139] [tid=8696] MapViewOfFile mapping=00000DDC result=1A3E0000 err=0 access=0x00000004 offset=0:0 bytes=0
2026-08-28 08:23:46.530 [seq=1140] [tid=8696] CreateFileMappingA input=00000DF8 result=00000DF4 err=0 name=(null) file=\\?\UNC\psf\Home\Documents\mxd\BeiDou-Server\clien\Data\Item\Pet\5000075.img
2026-08-28 08:23:46.534 [seq=1141] [tid=8696] MapViewOfFile mapping=00000DF4 result=1A3C0000 err=0 access=0x00000004 offset=0:0 bytes=0
2026-08-28 08:23:46.541 [seq=1142] [tid=8696] CreateFileMappingA input=00000DB8 result=00000D64 err=0 name=(null) file=\\?\UNC\psf\Home\Documents\mxd\BeiDou-Server\clien\Data\Item\Pet\5000075.img
2026-08-28 08:23:46.544 [seq=1143] [tid=8696] MapViewOfFile mapping=00000D64 result=1A400000 err=0 access=0x00000004 offset=0:0 bytes=0
2026-08-28 08:23:46.593 [seq=1144] [tid=8696] CreateFileMappingA input=00000E00 result=00000E10 err=0 name=(null) file=\\?\UNC\psf\Home\Documents\mxd\BeiDou-Server\clien\Data\Item\Pet\5000061.img
2026-08-28 08:23:46.607 [seq=1145] [tid=8696] MapViewOfFile mapping=00000E10 result=1A3C0000 err=0 access=0x00000004 offset=0:0 bytes=0
2026-08-28 08:23:46.618 [seq=1146] [tid=8696] CreateFileMappingA input=00000E0C result=00000DF8 err=0 name=(null) file=\\?\UNC\psf\Home\Documents\mxd\BeiDou-Server\clien\Data\Item\Pet\5000061.img
2026-08-28 08:23:46.621 [seq=1147] [tid=8696] MapViewOfFile mapping=00000DF8 result=1A640000 err=0 access=0x00000004 offset=0:0 bytes=0
2026-08-28 08:23:46.648 [seq=1148] [tid=8696] CreateFileMappingA input=00000DF4 result=00000DD8 err=0 name=(null) file=\\?\UNC\psf\Home\Documents\mxd\BeiDou-Server\clien\Data\Item\Pet\5000707.img
2026-08-28 08:23:46.652 [seq=1149] [tid=8696] MapViewOfFile mapping=00000DD8 result=1A3C0000 err=0 access=0x00000004 offset=0:0 bytes=0
2026-08-28 08:23:46.660 [seq=1150] [tid=8696] CreateFileMappingA input=00000DC4 result=00000DCC err=0 name=(null) file=\\?\UNC\psf\Home\Documents\mxd\BeiDou-Server\clien\Data\Item\Pet\5000707.img
2026-08-28 08:23:46.664 [seq=1151] [tid=8696] MapViewOfFile mapping=00000DCC result=1A660000 err=0 access=0x00000004 offset=0:0 bytes=0
2026-08-28 08:23:46.716 [seq=1152] [tid=8696] CreateFileMappingA input=00000DC8 result=00000E00 err=0 name=(null) file=\\?\UNC\psf\Home\Documents\mxd\BeiDou-Server\clien\Data\Item\Pet\5000049.img
2026-08-28 08:23:46.719 [seq=1153] [tid=8696] MapViewOfFile mapping=00000E00 result=1A680000 err=0 access=0x00000004 offset=0:0 bytes=0
2026-08-28 08:23:46.728 [seq=1154] [tid=8696] CreateFileMappingA input=00000DF0 result=00000DF4 err=0 name=(null) file=\\?\UNC\psf\Home\Documents\mxd\BeiDou-Server\clien\Data\Item\Pet\5000049.img
2026-08-28 08:23:46.735 [seq=1155] [tid=8696] MapViewOfFile mapping=00000DF4 result=1A6E0000 err=0 access=0x00000004 offset=0:0 bytes=0
2026-08-28 08:23:46.868 [seq=1156] [tid=8696] CreateFileMappingA input=00000CFC result=00000E10 err=0 name=(null) file=\\?\UNC\psf\Home\Documents\mxd\BeiDou-Server\clien\Data\Item\Pet\5000077.img
2026-08-28 08:23:46.872 [seq=1157] [tid=8696] MapViewOfFile mapping=00000E10 result=1A680000 err=0 access=0x00000004 offset=0:0 bytes=0
2026-08-28 08:23:46.882 [seq=1158] [tid=8696] CreateFileMappingA input=00000E1C result=00000E20 err=0 name=(null) file=\\?\UNC\psf\Home\Documents\mxd\BeiDou-Server\clien\Data\Item\Pet\5000077.img
2026-08-28 08:23:46.885 [seq=1159] [tid=8696] MapViewOfFile mapping=00000E20 result=1A740000 err=0 access=0x00000004 offset=0:0 bytes=0
2026-08-28 08:23:46.922 [seq=1160] [tid=8696] CreateFileMappingA input=00000E18 result=00000CFC err=0 name=(null) file=\\?\UNC\psf\Home\Documents\mxd\BeiDou-Server\clien\Data\Item\Pet\5000063.img
2026-08-28 08:23:46.924 [seq=1161] [tid=8696] MapViewOfFile mapping=00000CFC result=1A680000 err=0 access=0x00000004 offset=0:0 bytes=0
2026-08-28 08:23:46.930 [seq=1162] [tid=8696] CreateFileMappingA input=00000DD8 result=00000DFC err=0 name=(null) file=\\?\UNC\psf\Home\Documents\mxd\BeiDou-Server\clien\Data\Item\Pet\5000063.img
2026-08-28 08:23:46.932 [seq=1163] [tid=8696] MapViewOfFile mapping=00000DFC result=1A6B0000 err=0 access=0x00000004 offset=0:0 bytes=0
2026-08-28 08:23:47.100 [seq=1164] [tid=8696] CreateFileMappingA input=00000E18 result=00000CFC err=0 name=(null) file=\\?\UNC\psf\Home\Documents\mxd\BeiDou-Server\clien\Data\Item\Pet\5000088.img
2026-08-28 08:23:47.106 [seq=1165] [tid=8696] MapViewOfFile mapping=00000CFC result=1A3C0000 err=0 access=0x00000004 offset=0:0 bytes=0
2026-08-28 08:23:47.119 [seq=1166] [tid=8696] CreateFileMappingA input=00000E00 result=00000DA4 err=0 name=(null) file=\\?\UNC\psf\Home\Documents\mxd\BeiDou-Server\clien\Data\Item\Pet\5000088.img
2026-08-28 08:23:47.134 [seq=1167] [tid=8696] MapViewOfFile mapping=00000DA4 result=1A680000 err=0 access=0x00000004 offset=0:0 bytes=0
2026-08-28 08:23:47.197 [seq=1168] [tid=4800] event=health cpu_core_pct=65.3 working_set_mb=149 commit_mb=118 handles=896 gdi=15 user=23 window=hung last_resource="(none)" resource_offset=0 resource_bytes=0 resource_age_ms=0
2026-08-28 08:23:47.200 [seq=1169] [tid=8696] CreateFileMappingA input=00000E10 result=00000E14 err=0 name=(null) file=\\?\UNC\psf\Home\Documents\mxd\BeiDou-Server\clien\Data\Item\Pet\5000249.img
2026-08-28 08:23:47.204 [seq=1170] [tid=8696] MapViewOfFile mapping=00000E14 result=1A0D0000 err=0 access=0x00000004 offset=0:0 bytes=0
2026-08-28 08:23:47.271 [seq=1171] [tid=8696] CreateFileMappingA input=00000E2C result=00000E30 err=0 name=(null) file=\\?\UNC\psf\Home\Documents\mxd\BeiDou-Server\clien\Data\Item\Pet\5000275.img
2026-08-28 08:23:47.275 [seq=1172] [tid=8696] MapViewOfFile mapping=00000E30 result=1A3C0000 err=0 access=0x00000004 offset=0:0 bytes=0
2026-08-28 08:23:47.285 [seq=1173] [tid=8696] CreateFileMappingA input=00000E34 result=00000CFC err=0 name=(null) file=\\?\UNC\psf\Home\Documents\mxd\BeiDou-Server\clien\Data\Item\Pet\5000275.img
2026-08-28 08:23:47.292 [seq=1174] [tid=8696] MapViewOfFile mapping=00000CFC result=1A790000 err=0 access=0x00000004 offset=0:0 bytes=0
2026-08-28 08:23:47.349 [seq=1175] [tid=8696] CreateFileMappingA input=00000E40 result=00000E2C err=0 name=(null) file=\\?\UNC\psf\Home\Documents\mxd\BeiDou-Server\clien\Data\Item\Pet\5000261.img
2026-08-28 08:23:47.352 [seq=1176] [tid=8696] MapViewOfFile mapping=00000E2C result=1A3C0000 err=0 access=0x00000004 offset=0:0 bytes=0
2026-08-28 08:23:47.361 [seq=1177] [tid=8696] CreateFileMappingA input=00000E18 result=00000E38 err=0 name=(null) file=\\?\UNC\psf\Home\Documents\mxd\BeiDou-Server\clien\Data\Item\Pet\5000261.img
2026-08-28 08:23:47.364 [seq=1178] [tid=8696] MapViewOfFile mapping=00000E38 result=1A7B0000 err=0 access=0x00000004 offset=0:0 bytes=0
2026-08-28 08:23:47.411 [seq=1179] [tid=8696] CreateFileMappingA input=00000E40 result=00000E2C err=0 name=(null) file=\\?\UNC\psf\Home\Documents\mxd\BeiDou-Server\clien\Data\Item\Pet\5000301.img
2026-08-28 08:23:47.414 [seq=1180] [tid=8696] MapViewOfFile mapping=00000E2C result=1A7D0000 err=0 access=0x00000004 offset=0:0 bytes=0
2026-08-28 08:23:47.425 [seq=1181] [tid=8696] CreateFileMappingA input=00000E3C result=00000E30 err=0 name=(null) file=\\?\UNC\psf\Home\Documents\mxd\BeiDou-Server\clien\Data\Item\Pet\5000301.img
2026-08-28 08:23:47.430 [seq=1182] [tid=8696] MapViewOfFile mapping=00000E30 result=1A800000 err=0 access=0x00000004 offset=0:0 bytes=0
2026-08-28 08:23:47.514 [seq=1183] [tid=8696] CreateFileMappingA input=00000E50 result=00000E54 err=0 name=(null) file=\\?\UNC\psf\Home\Documents\mxd\BeiDou-Server\clien\Data\Item\Pet\5000315.img
2026-08-28 08:23:47.526 [seq=1184] [tid=8696] MapViewOfFile mapping=00000E54 result=12C90000 err=0 access=0x00000004 offset=0:0 bytes=0
2026-08-28 08:23:47.540 [seq=1185] [tid=8696] CreateFileMappingA input=00000E24 result=00000DC8 err=0 name=(null) file=\\?\UNC\psf\Home\Documents\mxd\BeiDou-Server\clien\Data\Item\Pet\5000315.img
2026-08-28 08:23:47.545 [seq=1186] [tid=8696] MapViewOfFile mapping=00000DC8 result=1A290000 err=0 access=0x00000004 offset=0:0 bytes=0
2026-08-28 08:23:47.634 [seq=1187] [tid=8696] CreateFileMappingA input=00000E4C result=00000E2C err=0 name=(null) file=\\?\UNC\psf\Home\Documents\mxd\BeiDou-Server\clien\Data\Item\Pet\5000473.img
2026-08-28 08:23:47.637 [seq=1188] [tid=8696] MapViewOfFile mapping=00000E2C result=1A7D0000 err=0 access=0x00000004 offset=0:0 bytes=0
2026-08-28 08:23:47.648 [seq=1189] [tid=8696] CreateFileMappingA input=00000E58 result=00000E28 err=0 name=(null) file=\\?\UNC\psf\Home\Documents\mxd\BeiDou-Server\clien\Data\Item\Pet\5000473.img
2026-08-28 08:23:47.652 [seq=1190] [tid=8696] MapViewOfFile mapping=00000E28 result=1A830000 err=0 access=0x00000004 offset=0:0 bytes=0
2026-08-28 08:23:47.718 [seq=1191] [tid=8696] CreateFileMappingA input=00000E4C result=00000E2C err=0 name=(null) file=\\?\UNC\psf\Home\Documents\mxd\BeiDou-Server\clien\Data\Item\Pet\5000103.img
2026-08-28 08:23:47.722 [seq=1192] [tid=8696] MapViewOfFile mapping=00000E2C result=1A3C0000 err=0 access=0x00000004 offset=0:0 bytes=0
2026-08-28 08:23:47.730 [seq=1193] [tid=8696] CreateFileMappingA input=00000E68 result=00000E64 err=0 name=(null) file=\\?\UNC\psf\Home\Documents\mxd\BeiDou-Server\clien\Data\Item\Pet\5000103.img
2026-08-28 08:23:47.734 [seq=1194] [tid=8696] MapViewOfFile mapping=00000E64 result=1A7D0000 err=0 access=0x00000004 offset=0:0 bytes=0
2026-08-28 08:23:47.780 [seq=1195] [tid=8696] CreateFileMappingA input=00000E74 result=00000E78 err=0 name=(null) file=\\?\UNC\psf\Home\Documents\mxd\BeiDou-Server\clien\Data\Item\Pet\5000117.img
2026-08-28 08:23:47.783 [seq=1196] [tid=8696] MapViewOfFile mapping=00000E78 result=1A3C0000 err=0 access=0x00000004 offset=0:0 bytes=0
2026-08-28 08:23:47.793 [seq=1197] [tid=8696] CreateFileMappingA input=00000E7C result=00000E2C err=0 name=(null) file=\\?\UNC\psf\Home\Documents\mxd\BeiDou-Server\clien\Data\Item\Pet\5000117.img
2026-08-28 08:23:47.797 [seq=1198] [tid=8696] MapViewOfFile mapping=00000E2C result=1A860000 err=0 access=0x00000004 offset=0:0 bytes=0
2026-08-28 08:23:47.830 [seq=1199] [tid=8696] CreateFileMappingA input=00000E70 result=00000E60 err=0 name=(null) file=\\?\UNC\psf\Home\Documents\mxd\BeiDou-Server\clien\Data\Item\Pet\5000116.img
2026-08-28 08:23:47.835 [seq=1200] [tid=8696] MapViewOfFile mapping=00000E60 result=1A880000 err=0 access=0x00000004 offset=0:0 bytes=0
2026-08-28 08:23:47.843 [seq=1201] [tid=8696] CreateFileMappingA input=00000E80 result=00000E54 err=0 name=(null) file=\\?\UNC\psf\Home\Documents\mxd\BeiDou-Server\clien\Data\Item\Pet\5000116.img
2026-08-28 08:23:47.845 [seq=1202] [tid=8696] MapViewOfFile mapping=00000E54 result=1A8B0000 err=0 access=0x00000004 offset=0:0 bytes=0
2026-08-28 08:23:47.883 [seq=1203] [tid=8696] CreateFileMappingA input=00000E40 result=00000E50 err=0 name=(null) file=\\?\UNC\psf\Home\Documents\mxd\BeiDou-Server\clien\Data\Item\Pet\5000102.img
2026-08-28 08:23:47.885 [seq=1204] [tid=8696] MapViewOfFile mapping=00000E50 result=1A8E0000 err=0 access=0x00000004 offset=0:0 bytes=0
2026-08-28 08:23:47.897 [seq=1205] [tid=8696] CreateFileMappingA input=00000E70 result=00000E60 err=0 name=(null) file=\\?\UNC\psf\Home\Documents\mxd\BeiDou-Server\clien\Data\Item\Pet\5000102.img
2026-08-28 08:23:47.905 [seq=1206] [tid=8696] MapViewOfFile mapping=00000E60 result=1A920000 err=0 access=0x00000004 offset=0:0 bytes=0
2026-08-28 08:23:47.965 [seq=1207] [tid=8696] CreateFileMappingA input=00000E74 result=00000E4C err=0 name=(null) file=\\?\UNC\psf\Home\Documents\mxd\BeiDou-Server\clien\Data\Item\Pet\5000314.img
2026-08-28 08:23:47.969 [seq=1208] [tid=8696] MapViewOfFile mapping=00000E4C result=1A880000 err=0 access=0x00000004 offset=0:0 bytes=0
2026-08-28 08:23:47.978 [seq=1209] [tid=8696] CreateFileMappingA input=00000E40 result=00000E50 err=0 name=(null) file=\\?\UNC\psf\Home\Documents\mxd\BeiDou-Server\clien\Data\Item\Pet\5000314.img
2026-08-28 08:23:47.982 [seq=1210] [tid=8696] MapViewOfFile mapping=00000E50 result=1A8E0000 err=0 access=0x00000004 offset=0:0 bytes=0
2026-08-28 08:23:48.178 [seq=1211] [tid=8696] CreateFileMappingA input=00000E74 result=00000E4C err=0 name=(null) file=\\?\UNC\psf\Home\Documents\mxd\BeiDou-Server\clien\Data\Item\Pet\5000466.img
2026-08-28 08:23:48.182 [seq=1212] [tid=8696] MapViewOfFile mapping=00000E4C result=1A3C0000 err=0 access=0x00000004 offset=0:0 bytes=0
2026-08-28 08:23:48.190 [seq=1213] [tid=8696] CreateFileMappingA input=00000E6C result=00000E88 err=0 name=(null) file=\\?\UNC\psf\Home\Documents\mxd\BeiDou-Server\clien\Data\Item\Pet\5000466.img
2026-08-28 08:23:48.193 [seq=1214] [tid=8696] MapViewOfFile mapping=00000E88 result=1A880000 err=0 access=0x00000004 offset=0:0 bytes=0
2026-08-28 08:23:48.321 [seq=1215] [tid=8696] CreateFileMappingA input=00000E8C result=00000E94 err=0 name=(null) file=\\?\UNC\psf\Home\Documents\mxd\BeiDou-Server\clien\Data\Item\Pet\5000300.img
2026-08-28 08:23:48.329 [seq=1216] [tid=8696] MapViewOfFile mapping=00000E94 result=1A960000 err=0 access=0x00000004 offset=0:0 bytes=0
2026-08-28 08:23:48.356 [seq=1217] [tid=8696] CreateFileMappingA input=00000E74 result=00000E4C err=0 name=(null) file=\\?\UNC\psf\Home\Documents\mxd\BeiDou-Server\clien\Data\Item\Pet\5000300.img
2026-08-28 08:23:48.361 [seq=1218] [tid=8696] MapViewOfFile mapping=00000E4C result=1A9A0000 err=0 access=0x00000004 offset=0:0 bytes=0
2026-08-28 08:23:48.451 [seq=1219] [tid=8696] CreateFileMappingA input=00000E8C result=00000E94 err=0 name=(null) file=\\?\UNC\psf\Home\Documents\mxd\BeiDou-Server\clien\Data\Item\Pet\5000328.img
2026-08-28 08:23:48.457 [seq=1220] [tid=8696] MapViewOfFile mapping=00000E94 result=1A960000 err=0 access=0x00000004 offset=0:0 bytes=0
2026-08-28 08:23:48.489 [seq=1221] [tid=4800] event=health cpu_core_pct=60.9 working_set_mb=152 commit_mb=120 handles=926 gdi=15 user=23 window=hung last_resource="(none)" resource_offset=0 resource_bytes=0 resource_age_ms=0
2026-08-28 08:23:48.556 [seq=1222] [tid=8696] CreateFileMappingA input=00000E78 result=00000E44 err=0 name=(null) file=\\?\UNC\psf\Home\Documents\mxd\BeiDou-Server\clien\Data\Item\Pet\5000274.img
2026-08-28 08:23:48.559 [seq=1223] [tid=8696] MapViewOfFile mapping=00000E44 result=1A3C0000 err=0 access=0x00000004 offset=0:0 bytes=0
2026-08-28 08:23:48.568 [seq=1224] [tid=8696] CreateFileMappingA input=00000E90 result=00000E8C err=0 name=(null) file=\\?\UNC\psf\Home\Documents\mxd\BeiDou-Server\clien\Data\Item\Pet\5000274.img
2026-08-28 08:23:48.572 [seq=1225] [tid=8696] MapViewOfFile mapping=00000E8C result=1A960000 err=0 access=0x00000004 offset=0:0 bytes=0
2026-08-28 08:23:48.631 [seq=1226] [tid=8696] CreateFileMappingA input=00000E84 result=00000E44 err=0 name=(null) file=\\?\UNC\psf\Home\Documents\mxd\BeiDou-Server\clien\Data\Item\Pet\5000089.img
2026-08-28 08:23:48.636 [seq=1227] [tid=8696] MapViewOfFile mapping=00000E44 result=1A3C0000 err=0 access=0x00000004 offset=0:0 bytes=0
2026-08-28 08:23:48.645 [seq=1228] [tid=8696] CreateFileMappingA input=00000EA0 result=00000EA4 err=0 name=(null) file=\\?\UNC\psf\Home\Documents\mxd\BeiDou-Server\clien\Data\Item\Pet\5000089.img
2026-08-28 08:23:48.648 [seq=1229] [tid=8696] MapViewOfFile mapping=00000EA4 result=1A980000 err=0 access=0x00000004 offset=0:0 bytes=0
2026-08-28 08:23:48.704 [seq=1230] [tid=8696] CreateFileMappingA input=00000E84 result=00000E44 err=0 name=(null) file=\\?\UNC\psf\Home\Documents\mxd\BeiDou-Server\clien\Data\Item\Pet\5000062.img
2026-08-28 08:23:48.709 [seq=1231] [tid=8696] MapViewOfFile mapping=00000E44 result=1A3C0000 err=0 access=0x00000004 offset=0:0 bytes=0
2026-08-28 08:23:48.723 [seq=1232] [tid=8696] CreateFileMappingA input=00000EB0 result=00000EB4 err=0 name=(null) file=\\?\UNC\psf\Home\Documents\mxd\BeiDou-Server\clien\Data\Item\Pet\5000062.img
2026-08-28 08:23:48.727 [seq=1233] [tid=8696] MapViewOfFile mapping=00000EB4 result=1AA20000 err=0 access=0x00000004 offset=0:0 bytes=0
2026-08-28 08:23:48.758 [seq=1234] [tid=8696] CreateFileMappingA input=00000EAC result=00000E78 err=0 name=(null) file=\\?\UNC\psf\Home\Documents\mxd\BeiDou-Server\clien\Data\Item\Pet\5000076.img
2026-08-28 08:23:48.761 [seq=1235] [tid=8696] MapViewOfFile mapping=00000E78 result=12C90000 err=0 access=0x00000004 offset=0:0 bytes=0
2026-08-28 08:23:48.773 [seq=1236] [tid=8696] CreateFileMappingA input=00000E84 result=00000E48 err=0 name=(null) file=\\?\UNC\psf\Home\Documents\mxd\BeiDou-Server\clien\Data\Item\Pet\5000076.img
2026-08-28 08:23:48.777 [seq=1237] [tid=8696] MapViewOfFile mapping=00000E48 result=1A2E0000 err=0 access=0x00000004 offset=0:0 bytes=0
2026-08-28 08:23:48.831 [seq=1238] [tid=8696] CreateFileMappingA input=00000EAC result=00000E78 err=0 name=(null) file=\\?\UNC\psf\Home\Documents\mxd\BeiDou-Server\clien\Data\Item\Pet\5000072.img
2026-08-28 08:23:48.834 [seq=1239] [tid=8696] MapViewOfFile mapping=00000E78 result=1A3C0000 err=0 access=0x00000004 offset=0:0 bytes=0
2026-08-28 08:23:48.841 [seq=1240] [tid=8696] CreateFileMappingA input=00000E94 result=00000EB8 err=0 name=(null) file=\\?\UNC\psf\Home\Documents\mxd\BeiDou-Server\clien\Data\Item\Pet\5000072.img
2026-08-28 08:23:48.843 [seq=1241] [tid=8696] MapViewOfFile mapping=00000EB8 result=1AA40000 err=0 access=0x00000004 offset=0:0 bytes=0
2026-08-28 08:23:48.892 [seq=1242] [tid=8696] CreateFileMappingA input=00000ECC result=00000ED0 err=0 name=(null) file=\\?\UNC\psf\Home\Documents\mxd\BeiDou-Server\clien\Data\Item\Pet\5000066.img
2026-08-28 08:23:48.894 [seq=1243] [tid=8696] MapViewOfFile mapping=00000ED0 result=1AA60000 err=0 access=0x00000004 offset=0:0 bytes=0
2026-08-28 08:23:48.900 [seq=1244] [tid=8696] CreateFileMappingA input=00000EA8 result=00000E44 err=0 name=(null) file=\\?\UNC\psf\Home\Documents\mxd\BeiDou-Server\clien\Data\Item\Pet\5000066.img
2026-08-28 08:23:48.902 [seq=1245] [tid=8696] MapViewOfFile mapping=00000E44 result=1AAC0000 err=0 access=0x00000004 offset=0:0 bytes=0
2026-08-28 08:23:48.993 [seq=1246] [tid=8696] CreateFileMappingA input=00000EC8 result=00000ECC err=0 name=(null) file=\\?\UNC\psf\Home\Documents\mxd\BeiDou-Server\clien\Data\Item\Pet\5000099.img
2026-08-28 08:23:48.997 [seq=1247] [tid=8696] MapViewOfFile mapping=00000ECC result=1A3C0000 err=0 access=0x00000004 offset=0:0 bytes=0
2026-08-28 08:23:49.004 [seq=1248] [tid=8696] CreateFileMappingA input=00000E78 result=00000EC4 err=0 name=(null) file=\\?\UNC\psf\Home\Documents\mxd\BeiDou-Server\clien\Data\Item\Pet\5000099.img
2026-08-28 08:23:49.007 [seq=1249] [tid=8696] MapViewOfFile mapping=00000EC4 result=1AA60000 err=0 access=0x00000004 offset=0:0 bytes=0
2026-08-28 08:23:49.042 [seq=1250] [tid=8696] CreateFileMappingA input=00000EC0 result=00000EBC err=0 name=(null) file=\\?\UNC\psf\Home\Documents\mxd\BeiDou-Server\clien\Data\Item\Pet\5000270.img
2026-08-28 08:23:49.044 [seq=1251] [tid=8696] MapViewOfFile mapping=00000EBC result=1A3C0000 err=0 access=0x00000004 offset=0:0 bytes=0
2026-08-28 08:23:49.058 [seq=1252] [tid=8696] CreateFileMappingA input=00000E9C result=00000ED4 err=0 name=(null) file=\\?\UNC\psf\Home\Documents\mxd\BeiDou-Server\clien\Data\Item\Pet\5000270.img
2026-08-28 08:23:49.061 [seq=1253] [tid=8696] MapViewOfFile mapping=00000ED4 result=1AA80000 err=0 access=0x00000004 offset=0:0 bytes=0
2026-08-28 08:23:49.234 [seq=1254] [tid=8696] CreateFileMappingA input=00000EDC result=00000EC8 err=0 name=(null) file=\\?\UNC\psf\Home\Documents\mxd\BeiDou-Server\clien\Data\Item\Pet\5000264.img
2026-08-28 08:23:49.242 [seq=1255] [tid=8696] MapViewOfFile mapping=00000EC8 result=1A3C0000 err=0 access=0x00000004 offset=0:0 bytes=0
2026-08-28 08:23:49.253 [seq=1256] [tid=8696] CreateFileMappingA input=00000EE0 result=00000EE4 err=0 name=(null) file=\\?\UNC\psf\Home\Documents\mxd\BeiDou-Server\clien\Data\Item\Pet\5000264.img
2026-08-28 08:23:49.266 [seq=1257] [tid=8696] MapViewOfFile mapping=00000EE4 result=1AAA0000 err=0 access=0x00000004 offset=0:0 bytes=0
2026-08-28 08:23:49.385 [seq=1258] [tid=8696] CreateFileMappingA input=00000EDC result=00000EC8 err=0 name=(null) file=\\?\UNC\psf\Home\Documents\mxd\BeiDou-Server\clien\Data\Item\Pet\5000258.img
2026-08-28 08:23:49.407 [seq=1259] [tid=8696] MapViewOfFile mapping=00000EC8 result=1A3C0000 err=0 access=0x00000004 offset=0:0 bytes=0
2026-08-28 08:23:49.472 [seq=1260] [tid=8696] CreateFileMappingA input=00000EF0 result=00000EF4 err=0 name=(null) file=\\?\UNC\psf\Home\Documents\mxd\BeiDou-Server\clien\Data\Item\Pet\5000258.img
2026-08-28 08:23:49.487 [seq=1261] [tid=8696] MapViewOfFile mapping=00000EF4 result=1AB20000 err=0 access=0x00000004 offset=0:0 bytes=0
2026-08-28 08:23:49.651 [seq=1262] [tid=4800] event=health cpu_core_pct=59.9 working_set_mb=153 commit_mb=121 handles=946 gdi=15 user=23 window=hung last_resource="(none)" resource_offset=0 resource_bytes=0 resource_age_ms=0
2026-08-28 08:23:49.659 [seq=1263] [tid=8696] CreateFileMappingA input=00000ED8 result=00000ECC err=0 name=(null) file=\\?\UNC\psf\Home\Documents\mxd\BeiDou-Server\clien\Data\Item\Pet\5000304.img
2026-08-28 08:23:49.664 [seq=1264] [tid=8696] MapViewOfFile mapping=00000ECC result=1AB40000 err=0 access=0x00000004 offset=0:0 bytes=0
2026-08-28 08:23:49.681 [seq=1265] [tid=8696] CreateFileMappingA input=00000EBC result=00000EAC err=0 name=(null) file=\\?\UNC\psf\Home\Documents\mxd\BeiDou-Server\clien\Data\Item\Pet\5000304.img
2026-08-28 08:23:49.739 [seq=1266] [tid=8696] MapViewOfFile mapping=00000EAC result=1AB90000 err=0 access=0x00000004 offset=0:0 bytes=0
2026-08-28 08:23:49.878 [seq=1267] [tid=8696] CreateFileMappingA input=00000EDC result=00000EEC err=0 name=(null) file=\\?\UNC\psf\Home\Documents\mxd\BeiDou-Server\clien\Data\Item\Pet\5000462.img
2026-08-28 08:23:49.884 [seq=1268] [tid=8696] MapViewOfFile mapping=00000EEC result=1A3C0000 err=0 access=0x00000004 offset=0:0 bytes=0
2026-08-28 08:23:49.893 [seq=1269] [tid=8696] CreateFileMappingA input=00000EC0 result=00000ECC err=0 name=(null) file=\\?\UNC\psf\Home\Documents\mxd\BeiDou-Server\clien\Data\Item\Pet\5000462.img
2026-08-28 08:23:49.897 [seq=1270] [tid=8696] MapViewOfFile mapping=00000ECC result=1AB40000 err=0 access=0x00000004 offset=0:0 bytes=0
2026-08-28 08:23:49.997 [seq=1271] [tid=8696] CreateFileMappingA input=00000EE8 result=00000ED8 err=0 name=(null) file=\\?\UNC\psf\Home\Documents\mxd\BeiDou-Server\clien\Data\Item\Pet\5000476.img
2026-08-28 08:23:50.011 [seq=1272] [tid=8696] MapViewOfFile mapping=00000ED8 result=1AB60000 err=0 access=0x00000004 offset=0:0 bytes=0
2026-08-28 08:23:50.041 [seq=1273] [tid=8696] CreateFileMappingA input=00000EDC result=00000ED0 err=0 name=(null) file=\\?\UNC\psf\Home\Documents\mxd\BeiDou-Server\clien\Data\Item\Pet\5000476.img
2026-08-28 08:23:50.046 [seq=1274] [tid=8696] MapViewOfFile mapping=00000ED0 result=1ABE0000 err=0 access=0x00000004 offset=0:0 bytes=0
2026-08-28 08:23:50.128 [seq=1275] [tid=8696] CreateFileMappingA input=00000EF8 result=00000EFC err=0 name=(null) file=\\?\UNC\psf\Home\Documents\mxd\BeiDou-Server\clien\Data\Item\Pet\5000310.img
2026-08-28 08:23:50.132 [seq=1276] [tid=8696] MapViewOfFile mapping=00000EFC result=1AC10000 err=0 access=0x00000004 offset=0:0 bytes=0
2026-08-28 08:23:50.143 [seq=1277] [tid=8696] CreateFileMappingA input=00000EC8 result=00000EEC err=0 name=(null) file=\\?\UNC\psf\Home\Documents\mxd\BeiDou-Server\clien\Data\Item\Pet\5000310.img
2026-08-28 08:23:50.153 [seq=1278] [tid=8696] MapViewOfFile mapping=00000EEC result=1AC50000 err=0 access=0x00000004 offset=0:0 bytes=0
2026-08-28 08:23:50.382 [seq=1279] [tid=8696] CreateFileMappingA input=00000F04 result=00000F08 err=0 name=(null) file=\\?\UNC\psf\Home\Documents\mxd\BeiDou-Server\clien\Data\Item\Pet\5000106.img
2026-08-28 08:23:50.391 [seq=1280] [tid=8696] MapViewOfFile mapping=00000F08 result=1A3C0000 err=0 access=0x00000004 offset=0:0 bytes=0
2026-08-28 08:23:50.419 [seq=1281] [tid=8696] CreateFileMappingA input=00000EE8 result=00000F00 err=0 name=(null) file=\\?\UNC\psf\Home\Documents\mxd\BeiDou-Server\clien\Data\Item\Pet\5000106.img
2026-08-28 08:23:50.423 [seq=1282] [tid=8696] MapViewOfFile mapping=00000F00 result=1AB60000 err=0 access=0x00000004 offset=0:0 bytes=0
2026-08-28 08:23:50.453 [seq=1283] [tid=8696] CreateFileMappingA input=00000F04 result=00000F08 err=0 name=(null) file=\\?\UNC\psf\Home\Documents\mxd\BeiDou-Server\clien\Data\Item\Pet\5000112.img
2026-08-28 08:23:50.458 [seq=1284] [tid=8696] MapViewOfFile mapping=00000F08 result=12C90000 err=0 access=0x00000004 offset=0:0 bytes=0
2026-08-28 08:23:50.475 [seq=1285] [tid=8696] CreateFileMappingA input=00000F0C result=00000ED8 err=0 name=(null) file=\\?\UNC\psf\Home\Documents\mxd\BeiDou-Server\clien\Data\Item\Pet\5000112.img
2026-08-28 08:23:50.478 [seq=1286] [tid=8696] MapViewOfFile mapping=00000ED8 result=1A3C0000 err=0 access=0x00000004 offset=0:0 bytes=0
2026-08-28 08:23:50.542 [seq=1287] [tid=8696] CreateFileMappingA input=00000EFC result=00000EF8 err=0 name=(null) file=\\?\UNC\psf\Home\Documents\mxd\BeiDou-Server\clien\Data\Item\Pet\5000113.img
2026-08-28 08:23:50.544 [seq=1288] [tid=8696] MapViewOfFile mapping=00000EF8 result=12C90000 err=0 access=0x00000004 offset=0:0 bytes=0
2026-08-28 08:23:50.553 [seq=1289] [tid=8696] CreateFileMappingA input=00000F04 result=00000F18 err=0 name=(null) file=\\?\UNC\psf\Home\Documents\mxd\BeiDou-Server\clien\Data\Item\Pet\5000113.img
2026-08-28 08:23:50.558 [seq=1290] [tid=8696] MapViewOfFile mapping=00000F18 result=1A3D0000 err=0 access=0x00000004 offset=0:0 bytes=0
2026-08-28 08:23:51.191 [seq=1291] [tid=4800] event=health cpu_core_pct=47.8 working_set_mb=155 commit_mb=122 handles=960 gdi=15 user=23 window=hung last_resource="(none)" resource_offset=0 resource_bytes=0 resource_age_ms=0
2026-08-28 08:23:51.233 [seq=1292] [tid=8696] CreateFileMappingA input=00000EFC result=00000EF8 err=0 name=(null) file=\\?\UNC\psf\Home\Documents\mxd\BeiDou-Server\clien\Data\Item\Pet\5000107.img
2026-08-28 08:23:51.246 [seq=1293] [tid=8696] MapViewOfFile mapping=00000EF8 result=1AC10000 err=0 access=0x00000004 offset=0:0 bytes=0
2026-08-28 08:23:51.282 [seq=1294] [tid=8696] CreateFileMappingA input=00000F2C result=00000F30 err=0 name=(null) file=\\?\UNC\psf\Home\Documents\mxd\BeiDou-Server\clien\Data\Item\Pet\5000107.img
2026-08-28 08:23:51.403 [seq=1295] [tid=8696] MapViewOfFile mapping=00000F30 result=1AC30000 err=0 access=0x00000004 offset=0:0 bytes=0
2026-08-28 08:23:51.462 [seq=1296] [tid=8696] CreateFileMappingA input=00000EFC result=00000EF8 err=0 name=(null) file=\\?\UNC\psf\Home\Documents\mxd\BeiDou-Server\clien\Data\Item\Pet\5000311.img
2026-08-28 08:23:51.470 [seq=1297] [tid=8696] MapViewOfFile mapping=00000EF8 result=1AC90000 err=0 access=0x00000004 offset=0:0 bytes=0
2026-08-28 08:23:51.483 [seq=1298] [tid=8696] CreateFileMappingA input=00000F38 result=00000F34 err=0 name=(null) file=\\?\UNC\psf\Home\Documents\mxd\BeiDou-Server\clien\Data\Item\Pet\5000311.img
2026-08-28 08:23:51.487 [seq=1299] [tid=8696] MapViewOfFile mapping=00000F34 result=1ACD0000 err=0 access=0x00000004 offset=0:0 bytes=0
2026-08-28 08:23:51.619 [seq=1300] [tid=8696] CreateFileMappingA input=00000F40 result=00000F14 err=0 name=(null) file=\\?\UNC\psf\Home\Documents\mxd\BeiDou-Server\clien\Data\Item\Pet\5000305.img
2026-08-28 08:23:51.638 [seq=1301] [tid=8696] MapViewOfFile mapping=00000F14 result=1AC90000 err=0 access=0x00000004 offset=0:0 bytes=0
2026-08-28 08:23:51.656 [seq=1302] [tid=8696] CreateFileMappingA input=00000F44 result=00000EF8 err=0 name=(null) file=\\?\UNC\psf\Home\Documents\mxd\BeiDou-Server\clien\Data\Item\Pet\5000305.img
2026-08-28 08:23:51.661 [seq=1303] [tid=8696] MapViewOfFile mapping=00000EF8 result=1AD10000 err=0 access=0x00000004 offset=0:0 bytes=0
2026-08-28 08:23:51.782 [seq=1304] [tid=8696] CreateFileMappingA input=00000F28 result=00000EFC err=0 name=(null) file=\\?\UNC\psf\Home\Documents\mxd\BeiDou-Server\clien\Data\Item\Pet\5000271.img
2026-08-28 08:23:51.787 [seq=1305] [tid=8696] MapViewOfFile mapping=00000EFC result=12C90000 err=0 access=0x00000004 offset=0:0 bytes=0
2026-08-28 08:23:51.815 [seq=1306] [tid=8696] CreateFileMappingA input=00000F40 result=00000F14 err=0 name=(null) file=\\?\UNC\psf\Home\Documents\mxd\BeiDou-Server\clien\Data\Item\Pet\5000271.img
2026-08-28 08:23:51.852 [seq=1307] [tid=8696] MapViewOfFile mapping=00000F14 result=1A420000 err=0 access=0x00000004 offset=0:0 bytes=0
2026-08-28 08:23:51.951 [seq=1308] [tid=8696] CreateFileMappingA input=00000F4C result=00000F50 err=0 name=(null) file=\\?\UNC\psf\Home\Documents\mxd\BeiDou-Server\clien\Data\Item\Pet\5000098.img
2026-08-28 08:23:51.957 [seq=1309] [tid=8696] MapViewOfFile mapping=00000F50 result=1AC10000 err=0 access=0x00000004 offset=0:0 bytes=0
2026-08-28 08:23:51.971 [seq=1310] [tid=8696] CreateFileMappingA input=00000F28 result=00000F54 err=0 name=(null) file=\\?\UNC\psf\Home\Documents\mxd\BeiDou-Server\clien\Data\Item\Pet\5000098.img
2026-08-28 08:23:51.976 [seq=1311] [tid=8696] MapViewOfFile mapping=00000F54 result=1AC90000 err=0 access=0x00000004 offset=0:0 bytes=0
2026-08-28 08:23:52.103 [seq=1312] [tid=8696] CreateFileMappingA input=00000F4C result=00000F50 err=0 name=(null) file=\\?\UNC\psf\Home\Documents\mxd\BeiDou-Server\clien\Data\Item\Pet\5000067.img
2026-08-28 08:23:52.110 [seq=1313] [tid=8696] MapViewOfFile mapping=00000F50 result=1AD50000 err=0 access=0x00000004 offset=0:0 bytes=0
2026-08-28 08:23:52.156 [seq=1314] [tid=8696] CreateFileMappingA input=00000F48 result=00000F5C err=0 name=(null) file=\\?\UNC\psf\Home\Documents\mxd\BeiDou-Server\clien\Data\Item\Pet\5000067.img
2026-08-28 08:23:52.166 [seq=1315] [tid=8696] MapViewOfFile mapping=00000F5C result=1ADA0000 err=0 access=0x00000004 offset=0:0 bytes=0
2026-08-28 08:23:52.290 [seq=1316] [tid=8696] CreateFileMappingA input=00000F4C result=00000F50 err=0 name=(null) file=\\?\UNC\psf\Home\Documents\mxd\BeiDou-Server\clien\Data\Item\Pet\5000701.img
2026-08-28 08:23:52.297 [seq=1317] [tid=8696] MapViewOfFile mapping=00000F50 result=12C90000 err=0 access=0x00000004 offset=0:0 bytes=0
2026-08-28 08:23:52.320 [seq=1318] [tid=8696] CreateFileMappingA input=00000F3C result=00000F58 err=0 name=(null) file=\\?\UNC\psf\Home\Documents\mxd\BeiDou-Server\clien\Data\Item\Pet\5000701.img
2026-08-28 08:23:52.440 [seq=1319] [tid=8696] MapViewOfFile mapping=00000F58 result=1A590000 err=0 access=0x00000004 offset=0:0 bytes=0
2026-08-28 08:23:52.476 [seq=1320] [tid=8696] CreateFileMappingA input=00000F60 result=00000F08 err=0 name=(null) file=\\?\UNC\psf\Home\Documents\mxd\BeiDou-Server\clien\Data\Item\Pet\5000073.img
2026-08-28 08:23:52.482 [seq=1321] [tid=8696] MapViewOfFile mapping=00000F08 result=1AC10000 err=0 access=0x00000004 offset=0:0 bytes=0
2026-08-28 08:23:52.497 [seq=1322] [tid=8696] CreateFileMappingA input=00000F64 result=00000F50 err=0 name=(null) file=\\?\UNC\psf\Home\Documents\mxd\BeiDou-Server\clien\Data\Item\Pet\5000073.img
2026-08-28 08:23:52.501 [seq=1323] [tid=8696] MapViewOfFile mapping=00000F50 result=1ACB0000 err=0 access=0x00000004 offset=0:0 bytes=0
2026-08-28 08:23:52.553 [seq=1324] [tid=8696] CreateFileMappingA input=00000F4C result=00000F20 err=0 name=(null) file=\\?\UNC\psf\Home\Documents\mxd\BeiDou-Server\clien\Data\Item\Pet\5000065.img
2026-08-28 08:23:52.559 [seq=1325] [tid=8696] MapViewOfFile mapping=00000F20 result=1AC10000 err=0 access=0x00000004 offset=0:0 bytes=0
2026-08-28 08:23:52.569 [seq=1326] [tid=8696] CreateFileMappingA input=00000F60 result=00000F08 err=0 name=(null) file=\\?\UNC\psf\Home\Documents\mxd\BeiDou-Server\clien\Data\Item\Pet\5000065.img
2026-08-28 08:23:52.573 [seq=1327] [tid=8696] MapViewOfFile mapping=00000F08 result=1AD50000 err=0 access=0x00000004 offset=0:0 bytes=0
2026-08-28 08:23:52.625 [seq=1328] [tid=8696] CreateFileMappingA input=00000F24 result=00000F4C err=0 name=(null) file=\\?\UNC\psf\Home\Documents\mxd\BeiDou-Server\clien\Data\Item\Pet\5000071.img
2026-08-28 08:23:52.629 [seq=1329] [tid=8696] MapViewOfFile mapping=00000F4C result=1AC10000 err=0 access=0x00000004 offset=0:0 bytes=0
2026-08-28 08:23:52.637 [seq=1330] [tid=8696] CreateFileMappingA input=00000F68 result=00000EFC err=0 name=(null) file=\\?\UNC\psf\Home\Documents\mxd\BeiDou-Server\clien\Data\Item\Pet\5000071.img
2026-08-28 08:23:52.640 [seq=1331] [tid=8696] MapViewOfFile mapping=00000EFC result=1AD70000 err=0 access=0x00000004 offset=0:0 bytes=0
2026-08-28 08:23:52.689 [seq=1332] [tid=8696] CreateFileMappingA input=00000F24 result=00000F4C err=0 name=(null) file=\\?\UNC\psf\Home\Documents\mxd\BeiDou-Server\clien\Data\Item\Pet\5000059.img
2026-08-28 08:23:52.691 [seq=1333] [tid=8696] MapViewOfFile mapping=00000F4C result=1ADF0000 err=0 access=0x00000004 offset=0:0 bytes=0
2026-08-28 08:23:52.700 [seq=1334] [tid=8696] CreateFileMappingA input=00000F74 result=00000F10 err=0 name=(null) file=\\?\UNC\psf\Home\Documents\mxd\BeiDou-Server\clien\Data\Item\Pet\5000059.img
2026-08-28 08:23:52.703 [seq=1335] [tid=8696] MapViewOfFile mapping=00000F10 result=1AE30000 err=0 access=0x00000004 offset=0:0 bytes=0
2026-08-28 08:23:52.786 [seq=1336] [tid=8696] CreateFileMappingA input=00000F6C result=00000F24 err=0 name=(null) file=\\?\UNC\psf\Home\Documents\mxd\BeiDou-Server\clien\Data\Item\Pet\5000267.img
2026-08-28 08:23:52.794 [seq=1337] [tid=8696] MapViewOfFile mapping=00000F24 result=1ADF0000 err=0 access=0x00000004 offset=0:0 bytes=0
2026-08-28 08:23:52.813 [seq=1338] [tid=8696] CreateFileMappingA input=00000F4C result=00000F7C err=0 name=(null) file=\\?\UNC\psf\Home\Documents\mxd\BeiDou-Server\clien\Data\Item\Pet\5000267.img
2026-08-28 08:23:52.818 [seq=1339] [tid=8696] MapViewOfFile mapping=00000F7C result=1BE40000 err=0 access=0x00000004 offset=0:0 bytes=0
2026-08-28 08:23:52.907 [seq=1340] [tid=8696] CreateFileMappingA input=00000F6C result=00000F24 err=0 name=(null) file=\\?\UNC\psf\Home\Documents\mxd\BeiDou-Server\clien\Data\Item\Pet\5000273.img
2026-08-28 08:23:52.913 [seq=1341] [tid=8696] MapViewOfFile mapping=00000F24 result=12C90000 err=0 access=0x00000004 offset=0:0 bytes=0
2026-08-28 08:23:52.924 [seq=1342] [tid=8696] CreateFileMappingA input=00000F1C result=00000F20 err=0 name=(null) file=\\?\UNC\psf\Home\Documents\mxd\BeiDou-Server\clien\Data\Item\Pet\5000273.img
2026-08-28 08:23:52.929 [seq=1343] [tid=8696] MapViewOfFile mapping=00000F20 result=1A6A0000 err=0 access=0x00000004 offset=0:0 bytes=0
2026-08-28 08:23:52.980 [seq=1344] [tid=8696] CreateFileMappingA input=00000F70 result=00000F6C err=0 name=(null) file=\\?\UNC\psf\Home\Documents\mxd\BeiDou-Server\clien\Data\Item\Pet\5000529.img
2026-08-28 08:23:52.985 [seq=1345] [tid=8696] MapViewOfFile mapping=00000F6C result=1ADF0000 err=0 access=0x00000004 offset=0:0 bytes=0
2026-08-28 08:23:52.999 [seq=1346] [tid=8696] CreateFileMappingA input=00000F84 result=00000F88 err=0 name=(null) file=\\?\UNC\psf\Home\Documents\mxd\BeiDou-Server\clien\Data\Item\Pet\5000529.img
2026-08-28 08:23:53.011 [seq=1347] [tid=8696] MapViewOfFile mapping=00000F88 result=1BE80000 err=0 access=0x00000004 offset=0:0 bytes=0
2026-08-28 08:23:53.069 [seq=1348] [tid=8696] CreateFileMappingA input=00000F94 result=00000F98 err=0 name=(null) file=\\?\UNC\psf\Home\Documents\mxd\BeiDou-Server\clien\Data\Item\Pet\5000298.img
2026-08-28 08:23:53.073 [seq=1349] [tid=8696] MapViewOfFile mapping=00000F98 result=1AC10000 err=0 access=0x00000004 offset=0:0 bytes=0
2026-08-28 08:23:53.082 [seq=1350] [tid=8696] CreateFileMappingA input=00000F9C result=00000F70 err=0 name=(null) file=\\?\UNC\psf\Home\Documents\mxd\BeiDou-Server\clien\Data\Item\Pet\5000298.img
2026-08-28 08:23:53.086 [seq=1351] [tid=8696] MapViewOfFile mapping=00000F70 result=1ADF0000 err=0 access=0x00000004 offset=0:0 bytes=0
2026-08-28 08:23:53.138 [seq=1352] [tid=8696] CreateFileMappingA input=00000FA0 result=00000FA4 err=0 name=(null) file=\\?\UNC\psf\Home\Documents\mxd\BeiDou-Server\clien\Data\Item\Pet\5000475.img
2026-08-28 08:23:53.144 [seq=1353] [tid=8696] MapViewOfFile mapping=00000FA4 result=1AC10000 err=0 access=0x00000004 offset=0:0 bytes=0
2026-08-28 08:23:53.156 [seq=1354] [tid=8696] CreateFileMappingA input=00000F24 result=00000F78 err=0 name=(null) file=\\?\UNC\psf\Home\Documents\mxd\BeiDou-Server\clien\Data\Item\Pet\5000475.img
2026-08-28 08:23:53.159 [seq=1355] [tid=8696] MapViewOfFile mapping=00000F78 result=1AE10000 err=0 access=0x00000004 offset=0:0 bytes=0
2026-08-28 08:23:53.228 [seq=1356] [tid=8696] CreateFileMappingA input=00000F98 result=00000F94 err=0 name=(null) file=\\?\UNC\psf\Home\Documents\mxd\BeiDou-Server\clien\Data\Item\Pet\5000461.img
2026-08-28 08:23:53.270 [seq=1357] [tid=8696] MapViewOfFile mapping=00000F94 result=1AC10000 err=0 access=0x00000004 offset=0:0 bytes=0
2026-08-28 08:23:53.285 [seq=1358] [tid=8696] CreateFileMappingA input=00000FA0 result=00000FA8 err=0 name=(null) file=\\?\UNC\psf\Home\Documents\mxd\BeiDou-Server\clien\Data\Item\Pet\5000461.img
2026-08-28 08:23:53.299 [seq=1359] [tid=8696] MapViewOfFile mapping=00000FA8 result=1BEC0000 err=0 access=0x00000004 offset=0:0 bytes=0
2026-08-28 08:23:53.382 [seq=1360] [tid=8696] CreateFileMappingA input=00000FB0 result=00000FB4 err=0 name=(null) file=\\?\UNC\psf\Home\Documents\mxd\BeiDou-Server\clien\Data\Item\Pet\5000307.img
2026-08-28 08:23:53.487 [seq=1361] [tid=8696] MapViewOfFile mapping=00000FB4 result=1BEE0000 err=0 access=0x00000004 offset=0:0 bytes=0
2026-08-28 08:23:53.523 [seq=1362] [tid=8696] CreateFileMappingA input=00000F98 result=00000FAC err=0 name=(null) file=\\?\UNC\psf\Home\Documents\mxd\BeiDou-Server\clien\Data\Item\Pet\5000307.img
2026-08-28 08:23:53.538 [seq=1363] [tid=8696] MapViewOfFile mapping=00000FAC result=1BF20000 err=0 access=0x00000004 offset=0:0 bytes=0
2026-08-28 08:23:53.586 [seq=1364] [tid=4800] event=health cpu_core_pct=39.7 working_set_mb=159 commit_mb=125 handles=996 gdi=15 user=23 window=hung last_resource="(none)" resource_offset=0 resource_bytes=0 resource_age_ms=0
2026-08-28 08:23:53.621 [seq=1365] [tid=8696] CreateFileMappingA input=00000F94 result=00000F8C err=0 name=(null) file=\\?\UNC\psf\Home\Documents\mxd\BeiDou-Server\clien\Data\Item\Pet\5000111.img
2026-08-28 08:23:53.624 [seq=1366] [tid=8696] MapViewOfFile mapping=00000F8C result=12C90000 err=0 access=0x00000004 offset=0:0 bytes=0
2026-08-28 08:23:53.638 [seq=1367] [tid=8696] CreateFileMappingA input=00000F90 result=00000FB0 err=0 name=(null) file=\\?\UNC\psf\Home\Documents\mxd\BeiDou-Server\clien\Data\Item\Pet\5000111.img
2026-08-28 08:23:53.641 [seq=1368] [tid=8696] MapViewOfFile mapping=00000FB0 result=1A7F0000 err=0 access=0x00000004 offset=0:0 bytes=0
2026-08-28 08:23:53.679 [seq=1369] [tid=8696] CreateFileMappingA input=00000FB4 result=00000FB8 err=0 name=(null) file=\\?\UNC\psf\Home\Documents\mxd\BeiDou-Server\clien\Data\Item\Pet\5000105.img
2026-08-28 08:23:53.683 [seq=1370] [tid=8696] MapViewOfFile mapping=00000FB8 result=1AC10000 err=0 access=0x00000004 offset=0:0 bytes=0
2026-08-28 08:23:53.696 [seq=1371] [tid=8696] CreateFileMappingA input=00000F6C result=00000FA4 err=0 name=(null) file=\\?\UNC\psf\Home\Documents\mxd\BeiDou-Server\clien\Data\Item\Pet\5000105.img
2026-08-28 08:23:53.700 [seq=1372] [tid=8696] MapViewOfFile mapping=00000FA4 result=1BEE0000 err=0 access=0x00000004 offset=0:0 bytes=0
2026-08-28 08:23:53.803 [seq=1373] [tid=8696] CreateFileMappingA input=00000FB4 result=00000FB8 err=0 name=(null) file=\\?\UNC\psf\Home\Documents\mxd\BeiDou-Server\clien\Data\Item\Pet\5000104.img
2026-08-28 08:23:53.811 [seq=1374] [tid=8696] MapViewOfFile mapping=00000FB8 result=1AC10000 err=0 access=0x00000004 offset=0:0 bytes=0
2026-08-28 08:23:53.831 [seq=1375] [tid=8696] CreateFileMappingA input=00000FC0 result=00000FBC err=0 name=(null) file=\\?\UNC\psf\Home\Documents\mxd\BeiDou-Server\clien\Data\Item\Pet\5000104.img
2026-08-28 08:23:53.838 [seq=1376] [tid=8696] MapViewOfFile mapping=00000FBC result=1BF00000 err=0 access=0x00000004 offset=0:0 bytes=0
2026-08-28 08:23:53.902 [seq=1377] [tid=8696] CreateFileMappingA input=00000F8C result=00000F80 err=0 name=(null) file=\\?\UNC\psf\Home\Documents\mxd\BeiDou-Server\clien\Data\Item\Pet\5000110.img
2026-08-28 08:23:53.911 [seq=1378] [tid=8696] MapViewOfFile mapping=00000F80 result=1AC10000 err=0 access=0x00000004 offset=0:0 bytes=0
2026-08-28 08:23:53.933 [seq=1379] [tid=8696] CreateFileMappingA input=00000FB8 result=00000F94 err=0 name=(null) file=\\?\UNC\psf\Home\Documents\mxd\BeiDou-Server\clien\Data\Item\Pet\5000110.img
2026-08-28 08:23:53.940 [seq=1380] [tid=8696] MapViewOfFile mapping=00000F94 result=1BF60000 err=0 access=0x00000004 offset=0:0 bytes=0
2026-08-28 08:23:54.007 [seq=1381] [tid=8696] CreateFileMappingA input=00000FC8 result=00000F8C err=0 name=(null) file=\\?\UNC\psf\Home\Documents\mxd\BeiDou-Server\clien\Data\Item\Pet\5000448.img
2026-08-28 08:23:54.012 [seq=1382] [tid=8696] MapViewOfFile mapping=00000F8C result=1AC10000 err=0 access=0x00000004 offset=0:0 bytes=0
2026-08-28 08:23:54.028 [seq=1383] [tid=8696] CreateFileMappingA input=00000FB4 result=00000FCC err=0 name=(null) file=\\?\UNC\psf\Home\Documents\mxd\BeiDou-Server\clien\Data\Item\Pet\5000448.img
2026-08-28 08:23:54.045 [seq=1384] [tid=8696] MapViewOfFile mapping=00000FCC result=1BF80000 err=0 access=0x00000004 offset=0:0 bytes=0
2026-08-28 08:23:54.157 [seq=1385] [tid=8696] CreateFileMappingA input=00000FDC result=00000FD8 err=0 name=(null) file=\\?\UNC\psf\Home\Documents\mxd\BeiDou-Server\clien\Data\Item\Pet\5000460.img
2026-08-28 08:23:54.164 [seq=1386] [tid=8696] MapViewOfFile mapping=00000FD8 result=1AC10000 err=0 access=0x00000004 offset=0:0 bytes=0
2026-08-28 08:23:54.193 [seq=1387] [tid=8696] CreateFileMappingA input=00000F8C result=00000FE0 err=0 name=(null) file=\\?\UNC\psf\Home\Documents\mxd\BeiDou-Server\clien\Data\Item\Pet\5000460.img
2026-08-28 08:23:54.205 [seq=1388] [tid=8696] MapViewOfFile mapping=00000FE0 result=1BFA0000 err=0 access=0x00000004 offset=0:0 bytes=0
2026-08-28 08:23:54.271 [seq=1389] [tid=8696] CreateFileMappingA input=00000FDC result=00000FD8 err=0 name=(null) file=\\?\UNC\psf\Home\Documents\mxd\BeiDou-Server\clien\Data\Item\Pet\5000306.img
2026-08-28 08:23:54.279 [seq=1390] [tid=8696] MapViewOfFile mapping=00000FD8 result=1BFC0000 err=0 access=0x00000004 offset=0:0 bytes=0
2026-08-28 08:23:54.311 [seq=1391] [tid=8696] CreateFileMappingA input=00000FC8 result=00000FD4 err=0 name=(null) file=\\?\UNC\psf\Home\Documents\mxd\BeiDou-Server\clien\Data\Item\Pet\5000306.img
2026-08-28 08:23:54.318 [seq=1392] [tid=8696] MapViewOfFile mapping=00000FD4 result=1C000000 err=0 access=0x00000004 offset=0:0 bytes=0
2026-08-28 08:23:54.379 [seq=1393] [tid=8696] CreateFileMappingA input=00000FD0 result=00000FD8 err=0 name=(null) file=\\?\UNC\psf\Home\Documents\mxd\BeiDou-Server\clien\Data\Item\Pet\5000474.img
2026-08-28 08:23:54.389 [seq=1394] [tid=8696] MapViewOfFile mapping=00000FD8 result=1AC10000 err=0 access=0x00000004 offset=0:0 bytes=0
2026-08-28 08:23:54.403 [seq=1395] [tid=8696] CreateFileMappingA input=00000FC4 result=00000F80 err=0 name=(null) file=\\?\UNC\psf\Home\Documents\mxd\BeiDou-Server\clien\Data\Item\Pet\5000474.img
2026-08-28 08:23:54.413 [seq=1396] [tid=8696] MapViewOfFile mapping=00000F80 result=1BFC0000 err=0 access=0x00000004 offset=0:0 bytes=0
2026-08-28 08:23:54.593 [seq=1397] [tid=8696] CreateFileMappingA input=00000FE8 result=00000FD0 err=0 name=(null) file=\\?\UNC\psf\Home\Documents\mxd\BeiDou-Server\clien\Data\Item\Pet\5000299.img
2026-08-28 08:23:54.597 [seq=1398] [tid=8696] MapViewOfFile mapping=00000FD0 result=1C040000 err=0 access=0x00000004 offset=0:0 bytes=0
2026-08-28 08:23:54.610 [seq=1399] [tid=8696] CreateFileMappingA input=00000FE4 result=00000FF0 err=0 name=(null) file=\\?\UNC\psf\Home\Documents\mxd\BeiDou-Server\clien\Data\Item\Pet\5000299.img
2026-08-28 08:23:54.614 [seq=1400] [tid=8696] MapViewOfFile mapping=00000FF0 result=1C080000 err=0 access=0x00000004 offset=0:0 bytes=0
2026-08-28 08:23:54.687 [seq=1401] [tid=8696] CreateFileMappingA input=00000FE8 result=00000FD0 err=0 name=(null) file=\\?\UNC\psf\Home\Documents\mxd\BeiDou-Server\clien\Data\Item\Pet\5000528.img
2026-08-28 08:23:54.692 [seq=1402] [tid=8696] MapViewOfFile mapping=00000FD0 result=1C0C0000 err=0 access=0x00000004 offset=0:0 bytes=0
2026-08-28 08:23:54.705 [seq=1403] [tid=8696] CreateFileMappingA input=00000FDC result=00000FEC err=0 name=(null) file=\\?\UNC\psf\Home\Documents\mxd\BeiDou-Server\clien\Data\Item\Pet\5000528.img
2026-08-28 08:23:54.718 [seq=1404] [tid=8696] MapViewOfFile mapping=00000FEC result=1C120000 err=0 access=0x00000004 offset=0:0 bytes=0
2026-08-28 08:23:54.812 [seq=1405] [tid=8696] CreateFileMappingA input=00000FF4 result=00000FE8 err=0 name=(null) file=\\?\UNC\psf\Home\Documents\mxd\BeiDou-Server\clien\Data\Item\Pet\5000272.img
2026-08-28 08:23:54.817 [seq=1406] [tid=8696] MapViewOfFile mapping=00000FE8 result=12C90000 err=0 access=0x00000004 offset=0:0 bytes=0
2026-08-28 08:23:54.826 [seq=1407] [tid=4800] event=health cpu_core_pct=40.0 working_set_mb=160 commit_mb=126 handles=1016 gdi=15 user=23 window=hung last_resource="(none)" resource_offset=0 resource_bytes=0 resource_age_ms=0
2026-08-28 08:23:54.878 [seq=1408] [tid=8696] CreateFileMappingA input=00000FD0 result=00000FF4 err=0 name=(null) file=\\?\UNC\psf\Home\Documents\mxd\BeiDou-Server\clien\Data\Item\Pet\5000058.img
2026-08-28 08:23:54.882 [seq=1409] [tid=8696] MapViewOfFile mapping=00000FF4 result=1C040000 err=0 access=0x00000004 offset=0:0 bytes=0
2026-08-28 08:23:54.893 [seq=1410] [tid=8696] CreateFileMappingA input=00000FE8 result=00000FD8 err=0 name=(null) file=\\?\UNC\psf\Home\Documents\mxd\BeiDou-Server\clien\Data\Item\Pet\5000058.img
2026-08-28 08:23:54.897 [seq=1411] [tid=8696] MapViewOfFile mapping=00000FD8 result=1C0C0000 err=0 access=0x00000004 offset=0:0 bytes=0
2026-08-28 08:23:54.983 [seq=1412] [tid=8696] CreateFileMappingA input=00000FD0 result=00000FF4 err=0 name=(null) file=\\?\UNC\psf\Home\Documents\mxd\BeiDou-Server\clien\Data\Item\Pet\5000070.img
2026-08-28 08:23:54.992 [seq=1413] [tid=8696] MapViewOfFile mapping=00000FF4 result=1AC10000 err=0 access=0x00000004 offset=0:0 bytes=0
2026-08-28 08:23:55.008 [seq=1414] [tid=8696] CreateFileMappingA input=00001014 result=00001010 err=0 name=(null) file=\\?\UNC\psf\Home\Documents\mxd\BeiDou-Server\clien\Data\Item\Pet\5000070.img
2026-08-28 08:23:55.016 [seq=1415] [tid=8696] MapViewOfFile mapping=00001010 result=1BFE0000 err=0 access=0x00000004 offset=0:0 bytes=0
2026-08-28 08:23:55.088 [seq=1416] [tid=8696] CreateFileMappingA input=00000FD0 result=00000FF4 err=0 name=(null) file=\\?\UNC\psf\Home\Documents\mxd\BeiDou-Server\clien\Data\Item\Pet\5000064.img
2026-08-28 08:23:55.095 [seq=1417] [tid=8696] MapViewOfFile mapping=00000FF4 result=1AC10000 err=0 access=0x00000004 offset=0:0 bytes=0
2026-08-28 08:23:55.106 [seq=1418] [tid=8696] CreateFileMappingA input=0000101C result=00001008 err=0 name=(null) file=\\?\UNC\psf\Home\Documents\mxd\BeiDou-Server\clien\Data\Item\Pet\5000064.img
2026-08-28 08:23:55.108 [seq=1419] [tid=8696] MapViewOfFile mapping=00001008 result=1C040000 err=0 access=0x00000004 offset=0:0 bytes=0
2026-08-28 08:23:55.163 [seq=1420] [tid=8696] CreateFileMappingA input=00001020 result=00001024 err=0 name=(null) file=\\?\UNC\psf\Home\Documents\mxd\BeiDou-Server\clien\Data\Item\Pet\5000069.img
2026-08-28 08:23:55.168 [seq=1421] [tid=8696] MapViewOfFile mapping=00001024 result=1C0F0000 err=0 access=0x00000004 offset=0:0 bytes=0
2026-08-28 08:23:55.175 [seq=1422] [tid=8696] CreateFileMappingA input=00000FF4 result=00001028 err=0 name=(null) file=\\?\UNC\psf\Home\Documents\mxd\BeiDou-Server\clien\Data\Item\Pet\5000069.img
2026-08-28 08:23:55.179 [seq=1423] [tid=8696] MapViewOfFile mapping=00001028 result=1C180000 err=0 access=0x00000004 offset=0:0 bytes=0
2026-08-28 08:23:55.207 [seq=1424] [tid=8696] CreateFileMappingA input=00001020 result=00001024 err=0 name=(null) file=\\?\UNC\psf\Home\Documents\mxd\BeiDou-Server\clien\Data\Item\Pet\5000041.img
2026-08-28 08:23:55.210 [seq=1425] [tid=8696] MapViewOfFile mapping=00001024 result=1AC10000 err=0 access=0x00000004 offset=0:0 bytes=0
2026-08-28 08:23:55.217 [seq=1426] [tid=8696] CreateFileMappingA input=00001030 result=00001004 err=0 name=(null) file=\\?\UNC\psf\Home\Documents\mxd\BeiDou-Server\clien\Data\Item\Pet\5000041.img
2026-08-28 08:23:55.223 [seq=1427] [tid=8696] MapViewOfFile mapping=00001004 result=1C060000 err=0 access=0x00000004 offset=0:0 bytes=0
2026-08-28 08:23:55.302 [seq=1428] [tid=8696] CreateFileMappingA input=00001020 result=0000100C err=0 name=(null) file=\\?\UNC\psf\Home\Documents\mxd\BeiDou-Server\clien\Data\Item\Pet\5000727.img
2026-08-28 08:23:55.309 [seq=1429] [tid=8696] MapViewOfFile mapping=0000100C result=1AC10000 err=0 access=0x00000004 offset=0:0 bytes=0
2026-08-28 08:23:55.346 [seq=1430] [tid=8696] CreateFileMappingA input=0000103C result=00001038 err=0 name=(null) file=\\?\UNC\psf\Home\Documents\mxd\BeiDou-Server\clien\Data\Item\Pet\5000727.img
2026-08-28 08:23:55.358 [seq=1431] [tid=8696] MapViewOfFile mapping=00001038 result=1C0F0000 err=0 access=0x00000004 offset=0:0 bytes=0
2026-08-28 08:23:55.411 [seq=1432] [tid=8696] CreateFileMappingA input=00001040 result=00001044 err=0 name=(null) file=\\?\UNC\psf\Home\Documents\mxd\BeiDou-Server\clien\Data\Item\Pet\5000055.img
2026-08-28 08:23:55.418 [seq=1433] [tid=8696] MapViewOfFile mapping=00001044 result=1C1B0000 err=0 access=0x00000004 offset=0:0 bytes=0
2026-08-28 08:23:55.433 [seq=1434] [tid=8696] CreateFileMappingA input=00001024 result=00001018 err=0 name=(null) file=\\?\UNC\psf\Home\Documents\mxd\BeiDou-Server\clien\Data\Item\Pet\5000055.img
2026-08-28 08:23:55.439 [seq=1435] [tid=8696] MapViewOfFile mapping=00001018 result=1C230000 err=0 access=0x00000004 offset=0:0 bytes=0
2026-08-28 08:23:55.620 [seq=1436] [tid=8696] CreateFileMappingA input=00001054 result=00001058 err=0 name=(null) file=\\?\UNC\psf\Home\Documents\mxd\BeiDou-Server\clien\Data\Item\Pet\5000082.img
2026-08-28 08:23:55.623 [seq=1437] [tid=8696] MapViewOfFile mapping=00001058 result=1C1B0000 err=0 access=0x00000004 offset=0:0 bytes=0
2026-08-28 08:23:55.630 [seq=1438] [tid=8696] CreateFileMappingA input=00001048 result=00001040 err=0 name=(null) file=\\?\UNC\psf\Home\Documents\mxd\BeiDou-Server\clien\Data\Item\Pet\5000082.img
2026-08-28 08:23:55.634 [seq=1439] [tid=8696] MapViewOfFile mapping=00001040 result=1C1E0000 err=0 access=0x00000004 offset=0:0 bytes=0
2026-08-28 08:23:55.724 [seq=1440] [tid=8696] CreateFileMappingA input=00001054 result=00001060 err=0 name=(null) file=\\?\UNC\psf\Home\Documents\mxd\BeiDou-Server\clien\Data\Item\Pet\5000096.img
2026-08-28 08:23:55.732 [seq=1441] [tid=8696] MapViewOfFile mapping=00001060 result=1AC10000 err=0 access=0x00000004 offset=0:0 bytes=0
2026-08-28 08:23:55.753 [seq=1442] [tid=8696] CreateFileMappingA input=00001068 result=00001064 err=0 name=(null) file=\\?\UNC\psf\Home\Documents\mxd\BeiDou-Server\clien\Data\Item\Pet\5000096.img
2026-08-28 08:23:55.760 [seq=1443] [tid=8696] MapViewOfFile mapping=00001064 result=1C1B0000 err=0 access=0x00000004 offset=0:0 bytes=0
2026-08-28 08:23:55.908 [seq=1444] [tid=8696] CreateFileMappingA input=00001020 result=0000106C err=0 name=(null) file=\\?\UNC\psf\Home\Documents\mxd\BeiDou-Server\clien\Data\Item\Pet\5000243.img
2026-08-28 08:23:55.914 [seq=1445] [tid=8696] MapViewOfFile mapping=0000106C result=1AC10000 err=0 access=0x00000004 offset=0:0 bytes=0
2026-08-28 08:23:55.933 [seq=1446] [tid=8696] CreateFileMappingA input=0000104C result=00001050 err=0 name=(null) file=\\?\UNC\psf\Home\Documents\mxd\BeiDou-Server\clien\Data\Item\Pet\5000243.img
2026-08-28 08:23:55.939 [seq=1447] [tid=8696] MapViewOfFile mapping=00001050 result=1C210000 err=0 access=0x00000004 offset=0:0 bytes=0
2026-08-28 08:23:56.011 [seq=1448] [tid=8696] CreateFileMappingA input=00001080 result=00001084 err=0 name=(null) file=\\?\UNC\psf\Home\Documents\mxd\BeiDou-Server\clien\Data\Item\Pet\5000257.img
2026-08-28 08:23:56.019 [seq=1449] [tid=8696] MapViewOfFile mapping=00001084 result=1AC10000 err=0 access=0x00000004 offset=0:0 bytes=0
2026-08-28 08:23:56.030 [seq=1450] [tid=8696] CreateFileMappingA input=00001090 result=00001094 err=0 name=(null) file=\\?\UNC\psf\Home\Documents\mxd\BeiDou-Server\clien\Data\Item\Pet\5000257.img
2026-08-28 08:23:56.036 [seq=1451] [tid=8696] MapViewOfFile mapping=00001094 result=1C2B0000 err=0 access=0x00000004 offset=0:0 bytes=0
2026-08-28 08:23:56.099 [seq=1452] [tid=8696] CreateFileMappingA input=0000108C result=00001020 err=0 name=(null) file=\\?\UNC\psf\Home\Documents\mxd\BeiDou-Server\clien\Data\Item\Pet\5000294.img
2026-08-28 08:23:56.104 [seq=1453] [tid=8696] MapViewOfFile mapping=00001020 result=1AC10000 err=0 access=0x00000004 offset=0:0 bytes=0
2026-08-28 08:23:56.130 [seq=1454] [tid=8696] CreateFileMappingA input=00000FD0 result=00001084 err=0 name=(null) file=\\?\UNC\psf\Home\Documents\mxd\BeiDou-Server\clien\Data\Item\Pet\5000294.img
2026-08-28 08:23:56.136 [seq=1455] [tid=8696] MapViewOfFile mapping=00001084 result=1C2D0000 err=0 access=0x00000004 offset=0:0 bytes=0
2026-08-28 08:23:56.209 [seq=1456] [tid=8696] CreateFileMappingA input=0000102C result=00001080 err=0 name=(null) file=\\?\UNC\psf\Home\Documents\mxd\BeiDou-Server\clien\Data\Item\Pet\5001015.img
2026-08-28 08:23:56.215 [seq=1457] [tid=8696] MapViewOfFile mapping=00001080 result=1C2F0000 err=0 access=0x00000004 offset=0:0 bytes=0
2026-08-28 08:23:56.227 [seq=1458] [tid=8696] CreateFileMappingA input=00001044 result=00001070 err=0 name=(null) file=\\?\UNC\psf\Home\Documents\mxd\BeiDou-Server\clien\Data\Item\Pet\5001015.img
2026-08-28 08:23:56.239 [seq=1459] [tid=8696] MapViewOfFile mapping=00001070 result=1C3E0000 err=0 access=0x00000004 offset=0:0 bytes=0
2026-08-28 08:23:56.279 [seq=1460] [tid=8696] CreateFileMappingA input=0000102C result=00001080 err=0 name=(null) file=\\?\UNC\psf\Home\Documents\mxd\BeiDou-Server\clien\Data\Item\Pet\5001001.img
2026-08-28 08:23:56.286 [seq=1461] [tid=8696] MapViewOfFile mapping=00001080 result=1C2F0000 err=0 access=0x00000004 offset=0:0 bytes=0
2026-08-28 08:23:56.312 [seq=1462] [tid=8696] CreateFileMappingA input=00001074 result=0000107C err=0 name=(null) file=\\?\UNC\psf\Home\Documents\mxd\BeiDou-Server\clien\Data\Item\Pet\5001001.img
2026-08-28 08:23:56.319 [seq=1463] [tid=8696] MapViewOfFile mapping=0000107C result=1C4D0000 err=0 access=0x00000004 offset=0:0 bytes=0
2026-08-28 08:23:56.351 [seq=1464] [tid=8696] CreateFileMappingA input=0000102C result=00001080 err=0 name=(null) file=\\?\UNC\psf\Home\Documents\mxd\BeiDou-Server\clien\Data\Item\Pet\5000479.img
2026-08-28 08:23:56.362 [seq=1465] [tid=8696] MapViewOfFile mapping=00001080 result=1C2F0000 err=0 access=0x00000004 offset=0:0 bytes=0
2026-08-28 08:23:56.403 [seq=1466] [tid=8696] CreateFileMappingA input=00001054 result=00001034 err=0 name=(null) file=\\?\UNC\psf\Home\Documents\mxd\BeiDou-Server\clien\Data\Item\Pet\5000479.img
2026-08-28 08:23:56.410 [seq=1467] [tid=8696] MapViewOfFile mapping=00001034 result=1C320000 err=0 access=0x00000004 offset=0:0 bytes=0
2026-08-28 08:23:56.467 [seq=1468] [tid=8696] CreateFileMappingA input=0000109C result=000010A0 err=0 name=(null) file=\\?\UNC\psf\Home\Documents\mxd\BeiDou-Server\clien\Data\Item\Pet\5000445.img
2026-08-28 08:23:56.472 [seq=1469] [tid=8696] MapViewOfFile mapping=000010A0 result=12C90000 err=0 access=0x00000004 offset=0:0 bytes=0
2026-08-28 08:23:56.482 [seq=1470] [tid=8696] CreateFileMappingA input=0000102C result=000010A4 err=0 name=(null) file=\\?\UNC\psf\Home\Documents\mxd\BeiDou-Server\clien\Data\Item\Pet\5000445.img
2026-08-28 08:23:56.485 [seq=1471] [tid=8696] MapViewOfFile mapping=000010A4 result=1A910000 err=0 access=0x00000004 offset=0:0 bytes=0
2026-08-28 08:23:56.651 [seq=1472] [tid=8696] CreateFileMappingA input=0000109C result=000010A0 err=0 name=(null) file=\\?\UNC\psf\Home\Documents\mxd\BeiDou-Server\clien\Data\Item\Pet\5000109.img
2026-08-28 08:23:56.667 [seq=1473] [tid=8696] MapViewOfFile mapping=000010A0 result=1C350000 err=0 access=0x00000004 offset=0:0 bytes=0
2026-08-28 08:23:56.694 [seq=1474] [tid=8696] CreateFileMappingA input=00001060 result=0000100C err=0 name=(null) file=\\?\UNC\psf\Home\Documents\mxd\BeiDou-Server\clien\Data\Item\Pet\5000109.img
2026-08-28 08:23:56.703 [seq=1475] [tid=8696] MapViewOfFile mapping=0000100C result=1C390000 err=0 access=0x00000004 offset=0:0 bytes=0
2026-08-28 08:23:56.789 [seq=1476] [tid=8696] CreateFileMappingA input=0000109C result=000010A0 err=0 name=(null) file=\\?\UNC\psf\Home\Documents\mxd\BeiDou-Server\clien\Data\Item\Pet\5000121.img
2026-08-28 08:23:56.800 [seq=1477] [tid=8696] MapViewOfFile mapping=000010A0 result=12C90000 err=0 access=0x00000004 offset=0:0 bytes=0
2026-08-28 08:23:56.823 [seq=1478] [tid=8696] CreateFileMappingA input=00001020 result=0000108C err=0 name=(null) file=\\?\UNC\psf\Home\Documents\mxd\BeiDou-Server\clien\Data\Item\Pet\5000121.img
2026-08-28 08:23:56.835 [seq=1479] [tid=8696] MapViewOfFile mapping=0000108C result=1AB80000 err=0 access=0x00000004 offset=0:0 bytes=0
2026-08-28 08:23:56.886 [seq=1480] [tid=8696] CreateFileMappingA input=0000109C result=000010A0 err=0 name=(null) file=\\?\UNC\psf\Home\Documents\mxd\BeiDou-Server\clien\Data\Item\Pet\5000120.img
2026-08-28 08:23:56.891 [seq=1481] [tid=8696] MapViewOfFile mapping=000010A0 result=1C2F0000 err=0 access=0x00000004 offset=0:0 bytes=0
2026-08-28 08:23:56.906 [seq=1482] [tid=8696] CreateFileMappingA input=00001058 result=0000105C err=0 name=(null) file=\\?\UNC\psf\Home\Documents\mxd\BeiDou-Server\clien\Data\Item\Pet\5000120.img
2026-08-28 08:23:56.912 [seq=1483] [tid=8696] MapViewOfFile mapping=0000105C result=1C350000 err=0 access=0x00000004 offset=0:0 bytes=0
2026-08-28 08:23:57.031 [seq=1484] [tid=8696] CreateFileMappingA input=00001098 result=00001088 err=0 name=(null) file=\\?\UNC\psf\Home\Documents\mxd\BeiDou-Server\clien\Data\Item\Pet\5000108.img
2026-08-28 08:23:57.042 [seq=1485] [tid=8696] MapViewOfFile mapping=00001088 result=1C2F0000 err=0 access=0x00000004 offset=0:0 bytes=0
2026-08-28 08:23:57.056 [seq=1486] [tid=8696] CreateFileMappingA input=00001080 result=000010A8 err=0 name=(null) file=\\?\UNC\psf\Home\Documents\mxd\BeiDou-Server\clien\Data\Item\Pet\5000108.img
2026-08-28 08:23:57.060 [seq=1487] [tid=8696] MapViewOfFile mapping=000010A8 result=1C570000 err=0 access=0x00000004 offset=0:0 bytes=0
2026-08-28 08:23:57.131 [seq=1488] [tid=8696] CreateFileMappingA input=00001098 result=00001088 err=0 name=(null) file=\\?\UNC\psf\Home\Documents\mxd\BeiDou-Server\clien\Data\Item\Pet\5000322.img
2026-08-28 08:23:57.136 [seq=1489] [tid=8696] MapViewOfFile mapping=00001088 result=1AC10000 err=0 access=0x00000004 offset=0:0 bytes=0
2026-08-28 08:23:57.150 [seq=1490] [tid=8696] CreateFileMappingA input=0000109C result=0000106C err=0 name=(null) file=\\?\UNC\psf\Home\Documents\mxd\BeiDou-Server\clien\Data\Item\Pet\5000322.img
2026-08-28 08:23:57.156 [seq=1491] [tid=8696] MapViewOfFile mapping=0000106C result=1C2F0000 err=0 access=0x00000004 offset=0:0 bytes=0
2026-08-28 08:23:57.254 [seq=1492] [tid=8696] CreateFileMappingA input=00001098 result=00001088 err=0 name=(null) file=\\?\UNC\psf\Home\Documents\mxd\BeiDou-Server\clien\Data\Item\Pet\5000444.img
2026-08-28 08:23:57.262 [seq=1493] [tid=8696] MapViewOfFile mapping=00001088 result=1AC10000 err=0 access=0x00000004 offset=0:0 bytes=0
2026-08-28 08:23:57.278 [seq=1494] [tid=8696] CreateFileMappingA input=000010AC result=000010B0 err=0 name=(null) file=\\?\UNC\psf\Home\Documents\mxd\BeiDou-Server\clien\Data\Item\Pet\5000444.img
2026-08-28 08:23:57.287 [seq=1495] [tid=8696] MapViewOfFile mapping=000010B0 result=1C5A0000 err=0 access=0x00000004 offset=0:0 bytes=0
2026-08-28 08:23:57.383 [seq=1496] [tid=8696] CreateFileMappingA input=00001098 result=00001088 err=0 name=(null) file=\\?\UNC\psf\Home\Documents\mxd\BeiDou-Server\clien\Data\Item\Pet\5001000.img
2026-08-28 08:23:57.392 [seq=1497] [tid=8696] MapViewOfFile mapping=00001088 result=1C5C0000 err=0 access=0x00000004 offset=0:0 bytes=0
2026-08-28 08:23:57.409 [seq=1498] [tid=8696] CreateFileMappingA input=00001078 result=000010B4 err=0 name=(null) file=\\?\UNC\psf\Home\Documents\mxd\BeiDou-Server\clien\Data\Item\Pet\5001000.img
2026-08-28 08:23:57.415 [seq=1499] [tid=8696] MapViewOfFile mapping=000010B4 result=1C660000 err=0 access=0x00000004 offset=0:0 bytes=0
2026-08-28 08:23:57.462 [seq=1500] [tid=8696] CreateFileMappingA input=00001098 result=00001088 err=0 name=(null) file=\\?\UNC\psf\Home\Documents\mxd\BeiDou-Server\clien\Data\Item\Pet\5001014.img
2026-08-28 08:23:57.470 [seq=1501] [tid=8696] MapViewOfFile mapping=00001088 result=1C5C0000 err=0 access=0x00000004 offset=0:0 bytes=0
2026-08-28 08:23:57.485 [seq=1502] [tid=8696] CreateFileMappingA input=000010C4 result=000010C8 err=0 name=(null) file=\\?\UNC\psf\Home\Documents\mxd\BeiDou-Server\clien\Data\Item\Pet\5001014.img
2026-08-28 08:23:57.490 [seq=1503] [tid=8696] MapViewOfFile mapping=000010C8 result=1C700000 err=0 access=0x00000004 offset=0:0 bytes=0
2026-08-28 08:23:57.526 [seq=1504] [tid=8696] CreateFileMappingA input=000010B8 result=00001098 err=0 name=(null) file=\\?\UNC\psf\Home\Documents\mxd\BeiDou-Server\clien\Data\Item\Pet\5000295.img
2026-08-28 08:23:57.531 [seq=1505] [tid=8696] MapViewOfFile mapping=00001098 result=1AC10000 err=0 access=0x00000004 offset=0:0 bytes=0
2026-08-28 08:23:57.707 [seq=1506] [tid=8696] CreateFileMappingA input=000010D0 result=000010D4 err=0 name=(null) file=\\?\UNC\psf\Home\Documents\mxd\BeiDou-Server\clien\Data\Item\Pet\5000295.img
2026-08-28 08:23:57.723 [seq=1507] [tid=8696] MapViewOfFile mapping=000010D4 result=1C5C0000 err=0 access=0x00000004 offset=0:0 bytes=0
2026-08-28 08:23:57.844 [seq=1508] [tid=8696] CreateFileMappingA input=00001088 result=000010C0 err=0 name=(null) file=\\?\UNC\psf\Home\Documents\mxd\BeiDou-Server\clien\Data\Item\Pet\5000281.img
2026-08-28 08:23:57.849 [seq=1509] [tid=8696] MapViewOfFile mapping=000010C0 result=1C5E0000 err=0 access=0x00000004 offset=0:0 bytes=0
2026-08-28 08:23:57.866 [seq=1510] [tid=8696] CreateFileMappingA input=000010BC result=000010B8 err=0 name=(null) file=\\?\UNC\psf\Home\Documents\mxd\BeiDou-Server\clien\Data\Item\Pet\5000281.img
2026-08-28 08:23:57.872 [seq=1511] [tid=8696] MapViewOfFile mapping=000010B8 result=1C780000 err=0 access=0x00000004 offset=0:0 bytes=0
2026-08-28 08:23:58.098 [seq=1512] [tid=8696] CreateFileMappingA input=00001088 result=000010C0 err=0 name=(null) file=\\?\UNC\psf\Home\Documents\mxd\BeiDou-Server\clien\Data\Item\Pet\5000256.img
2026-08-28 08:23:58.104 [seq=1513] [tid=8696] MapViewOfFile mapping=000010C0 result=1AC10000 err=0 access=0x00000004 offset=0:0 bytes=0
2026-08-28 08:23:58.124 [seq=1514] [tid=8696] CreateFileMappingA input=00001098 result=000010D8 err=0 name=(null) file=\\?\UNC\psf\Home\Documents\mxd\BeiDou-Server\clien\Data\Item\Pet\5000256.img
2026-08-28 08:23:58.128 [seq=1515] [tid=8696] MapViewOfFile mapping=000010D8 result=1C5E0000 err=0 access=0x00000004 offset=0:0 bytes=0
2026-08-28 08:23:58.188 [seq=1516] [tid=8696] CreateFileMappingA input=000010E4 result=000010E8 err=0 name=(null) file=\\?\UNC\psf\Home\Documents\mxd\BeiDou-Server\clien\Data\Item\Pet\5000097.img
2026-08-28 08:23:58.192 [seq=1517] [tid=8696] MapViewOfFile mapping=000010E8 result=1AC10000 err=0 access=0x00000004 offset=0:0 bytes=0
2026-08-28 08:23:58.214 [seq=1518] [tid=8696] CreateFileMappingA input=000010C0 result=000010EC err=0 name=(null) file=\\?\UNC\psf\Home\Documents\mxd\BeiDou-Server\clien\Data\Item\Pet\5000097.img
2026-08-28 08:23:58.218 [seq=1519] [tid=8696] MapViewOfFile mapping=000010EC result=1C600000 err=0 access=0x00000004 offset=0:0 bytes=0
2026-08-28 08:23:58.947 [seq=1520] [tid=4800] event=health cpu_core_pct=41.5 working_set_mb=166 commit_mb=130 handles=1074 gdi=15 user=23 window=hung last_resource="(none)" resource_offset=0 resource_bytes=0 resource_age_ms=0
2026-08-28 08:23:59.278 [seq=1521] [tid=8696] CreateFileMappingA input=000010E4 result=00001088 err=0 name=(null) file=\\?\UNC\psf\Home\Documents\mxd\BeiDou-Server\clien\Data\Item\Pet\5000083.img
2026-08-28 08:23:59.330 [seq=1522] [tid=8696] MapViewOfFile mapping=00001088 result=1AC10000 err=0 access=0x00000004 offset=0:0 bytes=0
2026-08-28 08:23:59.463 [seq=1523] [tid=8696] CreateFileMappingA input=000010F0 result=000010E8 err=0 name=(null) file=\\?\UNC\psf\Home\Documents\mxd\BeiDou-Server\clien\Data\Item\Pet\5000083.img
2026-08-28 08:23:59.476 [seq=1524] [tid=8696] MapViewOfFile mapping=000010E8 result=1C620000 err=0 access=0x00000004 offset=0:0 bytes=0
2026-08-28 08:23:59.603 [seq=1525] [tid=8696] CreateFileMappingA input=00001100 result=00001104 err=0 name=(null) file=\\?\UNC\psf\Home\Documents\mxd\BeiDou-Server\clien\Data\Item\Pet\5000054.img
2026-08-28 08:23:59.612 [seq=1526] [tid=8696] MapViewOfFile mapping=00001104 result=12C90000 err=0 access=0x00000004 offset=0:0 bytes=0
2026-08-28 08:23:59.664 [seq=1527] [tid=8696] CreateFileMappingA input=0000110C result=00001108 err=0 name=(null) file=\\?\UNC\psf\Home\Documents\mxd\BeiDou-Server\clien\Data\Item\Pet\5000054.img
2026-08-28 08:23:59.682 [seq=1528] [tid=8696] MapViewOfFile mapping=00001108 result=1AC10000 err=0 access=0x00000004 offset=0:0 bytes=0
2026-08-28 08:23:59.748 [seq=1529] [tid=8696] CreateFileMappingA input=000010FC result=00001100 err=0 name=(null) file=\\?\UNC\psf\Home\Documents\mxd\BeiDou-Server\clien\Data\Item\Pet\5000040.img
2026-08-28 08:23:59.752 [seq=1530] [tid=8696] MapViewOfFile mapping=00001100 result=1C7E0000 err=0 access=0x00000004 offset=0:0 bytes=0
2026-08-28 08:23:59.775 [seq=1531] [tid=8696] CreateFileMappingA input=00001104 result=000010DC err=0 name=(null) file=\\?\UNC\psf\Home\Documents\mxd\BeiDou-Server\clien\Data\Item\Pet\5000040.img
2026-08-28 08:23:59.784 [seq=1532] [tid=8696] MapViewOfFile mapping=000010DC result=1C860000 err=0 access=0x00000004 offset=0:0 bytes=0
2026-08-28 08:24:00.240 [seq=1533] [tid=4800] event=health cpu_core_pct=28.4 working_set_mb=167 commit_mb=130 handles=1081 gdi=15 user=23 window=hung last_resource="(none)" resource_offset=0 resource_bytes=0 resource_age_ms=0
2026-08-28 08:24:00.267 [seq=1534] [tid=8696] CreateFileMappingA input=00001110 result=0000111C err=0 name=(null) file=\\?\UNC\psf\Home\Documents\mxd\BeiDou-Server\clien\Data\Item\Pet\5000068.img
2026-08-28 08:24:00.314 [seq=1535] [tid=8696] MapViewOfFile mapping=0000111C result=1C7E0000 err=0 access=0x00000004 offset=0:0 bytes=0
2026-08-28 08:24:00.435 [seq=1536] [tid=8696] CreateFileMappingA input=00001114 result=00001088 err=0 name=(null) file=\\?\UNC\psf\Home\Documents\mxd\BeiDou-Server\clien\Data\Item\Pet\5000056.img
2026-08-28 08:24:00.456 [seq=1537] [tid=8696] MapViewOfFile mapping=00001088 result=1C640000 err=0 access=0x00000004 offset=0:0 bytes=0
2026-08-28 08:24:00.543 [seq=1538] [tid=8696] CreateFileMappingA input=00001124 result=00001128 err=0 name=(null) file=\\?\UNC\psf\Home\Documents\mxd\BeiDou-Server\clien\Data\Item\Pet\5000056.img
2026-08-28 08:24:00.552 [seq=1539] [tid=8696] MapViewOfFile mapping=00001128 result=1C800000 err=0 access=0x00000004 offset=0:0 bytes=0
2026-08-28 08:24:00.652 [seq=1540] [tid=8696] CreateFileMappingA input=00001114 result=00001088 err=0 name=(null) file=\\?\UNC\psf\Home\Documents\mxd\BeiDou-Server\clien\Data\Item\Pet\5000042.img
2026-08-28 08:24:00.659 [seq=1541] [tid=8696] MapViewOfFile mapping=00001088 result=1C820000 err=0 access=0x00000004 offset=0:0 bytes=0
2026-08-28 08:24:00.693 [seq=1542] [tid=8696] CreateFileMappingA input=0000112C result=00001130 err=0 name=(null) file=\\?\UNC\psf\Home\Documents\mxd\BeiDou-Server\clien\Data\Item\Pet\5000042.img
2026-08-28 08:24:00.702 [seq=1543] [tid=8696] MapViewOfFile mapping=00001130 result=1C8E0000 err=0 access=0x00000004 offset=0:0 bytes=0
2026-08-28 08:24:00.899 [seq=1544] [tid=8696] CreateFileMappingA input=00001138 result=00001134 err=0 name=(null) file=\\?\UNC\psf\Home\Documents\mxd\BeiDou-Server\clien\Data\Item\Pet\5000095.img
2026-08-28 08:24:00.907 [seq=1545] [tid=8696] MapViewOfFile mapping=00001134 result=1C640000 err=0 access=0x00000004 offset=0:0 bytes=0
2026-08-28 08:24:00.919 [seq=1546] [tid=8696] CreateFileMappingA input=000010F8 result=000010F4 err=0 name=(null) file=\\?\UNC\psf\Home\Documents\mxd\BeiDou-Server\clien\Data\Item\Pet\5000095.img
2026-08-28 08:24:00.924 [seq=1547] [tid=8696] MapViewOfFile mapping=000010F4 result=1C820000 err=0 access=0x00000004 offset=0:0 bytes=0
2026-08-28 08:24:00.980 [seq=1548] [tid=8696] CreateFileMappingA input=00001138 result=00001134 err=0 name=(null) file=\\?\UNC\psf\Home\Documents\mxd\BeiDou-Server\clien\Data\Item\Pet\5000081.img
2026-08-28 08:24:00.983 [seq=1549] [tid=8696] MapViewOfFile mapping=00001134 result=1C640000 err=0 access=0x00000004 offset=0:0 bytes=0
2026-08-28 08:24:00.990 [seq=1550] [tid=8696] CreateFileMappingA input=00001120 result=00001088 err=0 name=(null) file=\\?\UNC\psf\Home\Documents\mxd\BeiDou-Server\clien\Data\Item\Pet\5000081.img
2026-08-28 08:24:00.994 [seq=1551] [tid=8696] MapViewOfFile mapping=00001088 result=1C840000 err=0 access=0x00000004 offset=0:0 bytes=0
2026-08-28 08:24:01.044 [seq=1552] [tid=8696] CreateFileMappingA input=000010E4 result=00001114 err=0 name=(null) file=\\?\UNC\psf\Home\Documents\mxd\BeiDou-Server\clien\Data\Item\Pet\5000268.img
2026-08-28 08:24:01.050 [seq=1553] [tid=8696] MapViewOfFile mapping=00001114 result=1C910000 err=0 access=0x00000004 offset=0:0 bytes=0
2026-08-28 08:24:01.065 [seq=1554] [tid=8696] CreateFileMappingA input=00001140 result=00001144 err=0 name=(null) file=\\?\UNC\psf\Home\Documents\mxd\BeiDou-Server\clien\Data\Item\Pet\5000268.img
2026-08-28 08:24:01.070 [seq=1555] [tid=8696] MapViewOfFile mapping=00001144 result=1C950000 err=0 access=0x00000004 offset=0:0 bytes=0
2026-08-28 08:24:01.176 [seq=1556] [tid=8696] CreateFileMappingA input=000010E0 result=000010E4 err=0 name=(null) file=\\?\UNC\psf\Home\Documents\mxd\BeiDou-Server\clien\Data\Item\Pet\5000240.img
2026-08-28 08:24:01.195 [seq=1557] [tid=8696] MapViewOfFile mapping=000010E4 result=1C910000 err=0 access=0x00000004 offset=0:0 bytes=0
2026-08-28 08:24:01.211 [seq=1558] [tid=8696] CreateFileMappingA input=00001118 result=0000113C err=0 name=(null) file=\\?\UNC\psf\Home\Documents\mxd\BeiDou-Server\clien\Data\Item\Pet\5000240.img
2026-08-28 08:24:01.218 [seq=1559] [tid=8696] MapViewOfFile mapping=0000113C result=1C990000 err=0 access=0x00000004 offset=0:0 bytes=0
2026-08-28 08:24:01.368 [seq=1560] [tid=8696] CreateFileMappingA input=000010FC result=00001114 err=0 name=(null) file=\\?\UNC\psf\Home\Documents\mxd\BeiDou-Server\clien\Data\Item\Pet\5000297.img
2026-08-28 08:24:01.374 [seq=1561] [tid=8696] MapViewOfFile mapping=00001114 result=1C640000 err=0 access=0x00000004 offset=0:0 bytes=0
2026-08-28 08:24:01.391 [seq=1562] [tid=8696] CreateFileMappingA input=000010CC result=000010E0 err=0 name=(null) file=\\?\UNC\psf\Home\Documents\mxd\BeiDou-Server\clien\Data\Item\Pet\5000297.img
2026-08-28 08:24:01.396 [seq=1563] [tid=8696] MapViewOfFile mapping=000010E0 result=1C910000 err=0 access=0x00000004 offset=0:0 bytes=0
2026-08-28 08:24:01.475 [seq=1564] [tid=4800] event=health cpu_core_pct=40.7 working_set_mb=169 commit_mb=132 handles=1096 gdi=15 user=23 window=hung last_resource="(none)" resource_offset=0 resource_bytes=0 resource_age_ms=0
2026-08-28 08:24:01.508 [seq=1565] [tid=8696] CreateFileMappingA input=00001100 result=0000114C err=0 name=(null) file=\\?\UNC\psf\Home\Documents\mxd\BeiDou-Server\clien\Data\Item\Pet\5000283.img
2026-08-28 08:24:01.519 [seq=1566] [tid=8696] MapViewOfFile mapping=0000114C result=1CA40000 err=0 access=0x00000004 offset=0:0 bytes=0
2026-08-28 08:24:01.591 [seq=1567] [tid=8696] CreateFileMappingA input=000010FC result=00001150 err=0 name=(null) file=\\?\UNC\psf\Home\Documents\mxd\BeiDou-Server\clien\Data\Item\Pet\5001002.img
2026-08-28 08:24:01.595 [seq=1568] [tid=8696] MapViewOfFile mapping=00001150 result=1CAB0000 err=0 access=0x00000004 offset=0:0 bytes=0
2026-08-28 08:24:01.603 [seq=1569] [tid=8696] CreateFileMappingA input=00001114 result=00001134 err=0 name=(null) file=\\?\UNC\psf\Home\Documents\mxd\BeiDou-Server\clien\Data\Item\Pet\5001002.img
2026-08-28 08:24:01.607 [seq=1570] [tid=8696] MapViewOfFile mapping=00001134 result=1CB50000 err=0 access=0x00000004 offset=0:0 bytes=0
2026-08-28 08:24:01.633 [seq=1571] [tid=8696] CreateFileMappingA input=00001148 result=000010E4 err=0 name=(null) file=\\?\UNC\psf\Home\Documents\mxd\BeiDou-Server\clien\Data\Item\Pet\5000308.img
2026-08-28 08:24:01.636 [seq=1572] [tid=8696] MapViewOfFile mapping=000010E4 result=1C9D0000 err=0 access=0x00000004 offset=0:0 bytes=0
2026-08-28 08:24:01.643 [seq=1573] [tid=8696] CreateFileMappingA input=000010FC result=000010A0 err=0 name=(null) file=\\?\UNC\psf\Home\Documents\mxd\BeiDou-Server\clien\Data\Item\Pet\5000308.img
2026-08-28 08:24:01.646 [seq=1574] [tid=8696] MapViewOfFile mapping=000010A0 result=1CAB0000 err=0 access=0x00000004 offset=0:0 bytes=0
2026-08-28 08:24:01.708 [seq=1575] [tid=8696] CreateFileMappingA input=00001154 result=00001158 err=0 name=(null) file=\\?\UNC\psf\Home\Documents\mxd\BeiDou-Server\clien\Data\Item\Pet\5001016.img
2026-08-28 08:24:01.713 [seq=1576] [tid=8696] MapViewOfFile mapping=00001158 result=1CBF0000 err=0 access=0x00000004 offset=0:0 bytes=0
2026-08-28 08:24:01.725 [seq=1577] [tid=8696] CreateFileMappingA input=00001148 result=000010E4 err=0 name=(null) file=\\?\UNC\psf\Home\Documents\mxd\BeiDou-Server\clien\Data\Item\Pet\5001016.img
2026-08-28 08:24:01.728 [seq=1578] [tid=8696] MapViewOfFile mapping=000010E4 result=1CCE0000 err=0 access=0x00000004 offset=0:0 bytes=0
2026-08-28 08:24:01.755 [seq=1579] [tid=8696] CreateFileMappingA input=00001138 result=00001150 err=0 name=(null) file=\\?\UNC\psf\Home\Documents\mxd\BeiDou-Server\clien\Data\Item\Pet\5000446.img
2026-08-28 08:24:01.761 [seq=1580] [tid=8696] MapViewOfFile mapping=00001150 result=1C640000 err=0 access=0x00000004 offset=0:0 bytes=0
2026-08-28 08:24:01.770 [seq=1581] [tid=8696] CreateFileMappingA input=0000115C result=00001154 err=0 name=(null) file=\\?\UNC\psf\Home\Documents\mxd\BeiDou-Server\clien\Data\Item\Pet\5000446.img
2026-08-28 08:24:01.775 [seq=1582] [tid=8696] MapViewOfFile mapping=00001154 result=1C930000 err=0 access=0x00000004 offset=0:0 bytes=0
2026-08-28 08:24:01.825 [seq=1583] [tid=8696] CreateFileMappingA input=00001138 result=00001150 err=0 name=(null) file=\\?\UNC\psf\Home\Documents\mxd\BeiDou-Server\clien\Data\Item\Pet\5000320.img
2026-08-28 08:24:01.828 [seq=1584] [tid=8696] MapViewOfFile mapping=00001150 result=1C640000 err=0 access=0x00000004 offset=0:0 bytes=0
2026-08-28 08:24:01.843 [seq=1585] [tid=8696] CreateFileMappingA input=00001160 result=0000116C err=0 name=(null) file=\\?\UNC\psf\Home\Documents\mxd\BeiDou-Server\clien\Data\Item\Pet\5000320.img
2026-08-28 08:24:01.848 [seq=1586] [tid=8696] MapViewOfFile mapping=0000116C result=1C9D0000 err=0 access=0x00000004 offset=0:0 bytes=0
2026-08-28 08:24:01.895 [seq=1587] [tid=8696] CreateFileMappingA input=00001168 result=00001164 err=0 name=(null) file=\\?\UNC\psf\Home\Documents\mxd\BeiDou-Server\clien\Data\Item\Pet\5000452.img
2026-08-28 08:24:01.898 [seq=1588] [tid=8696] MapViewOfFile mapping=00001164 result=1C9F0000 err=0 access=0x00000004 offset=0:0 bytes=0
2026-08-28 08:24:01.909 [seq=1589] [tid=8696] CreateFileMappingA input=00001138 result=00001150 err=0 name=(null) file=\\?\UNC\psf\Home\Documents\mxd\BeiDou-Server\clien\Data\Item\Pet\5000452.img
2026-08-28 08:24:01.912 [seq=1590] [tid=8696] MapViewOfFile mapping=00001150 result=1CAF0000 err=0 access=0x00000004 offset=0:0 bytes=0
2026-08-28 08:24:01.963 [seq=1591] [tid=8696] CreateFileMappingA input=00001170 result=00001174 err=0 name=(null) file=\\?\UNC\psf\Home\Documents\mxd\BeiDou-Server\clien\Data\Item\Pet\5000122.img
2026-08-28 08:24:01.966 [seq=1592] [tid=8696] MapViewOfFile mapping=00001174 result=1C9F0000 err=0 access=0x00000004 offset=0:0 bytes=0
2026-08-28 08:24:01.982 [seq=1593] [tid=8696] CreateFileMappingA input=00001168 result=00001184 err=0 name=(null) file=\\?\UNC\psf\Home\Documents\mxd\BeiDou-Server\clien\Data\Item\Pet\5000122.img
2026-08-28 08:24:01.990 [seq=1594] [tid=8696] MapViewOfFile mapping=00001184 result=1CBF0000 err=0 access=0x00000004 offset=0:0 bytes=0
2026-08-28 08:24:02.042 [seq=1595] [tid=8696] CreateFileMappingA input=00001180 result=00001158 err=0 name=(null) file=\\?\UNC\psf\Home\Documents\mxd\BeiDou-Server\clien\Data\Item\Pet\5000137.img
2026-08-28 08:24:02.050 [seq=1596] [tid=8696] MapViewOfFile mapping=00001158 result=1C640000 err=0 access=0x00000004 offset=0:0 bytes=0
2026-08-28 08:24:02.070 [seq=1597] [tid=8696] CreateFileMappingA input=0000119C result=00001194 err=0 name=(null) file=\\?\UNC\psf\Home\Documents\mxd\BeiDou-Server\clien\Data\Item\Pet\5000137.img
2026-08-28 08:24:02.076 [seq=1598] [tid=8696] MapViewOfFile mapping=00001194 result=1C9F0000 err=0 access=0x00000004 offset=0:0 bytes=0
2026-08-28 08:24:02.152 [seq=1599] [tid=8696] CreateFileMappingA input=00001180 result=00001158 err=0 name=(null) file=\\?\UNC\psf\Home\Documents\mxd\BeiDou-Server\clien\Data\Item\Pet\5000123.img
2026-08-28 08:24:02.160 [seq=1600] [tid=8696] MapViewOfFile mapping=00001158 result=1C640000 err=0 access=0x00000004 offset=0:0 bytes=0
2026-08-28 08:24:02.175 [seq=1601] [tid=8696] CreateFileMappingA input=000011A8 result=000011A4 err=0 name=(null) file=\\?\UNC\psf\Home\Documents\mxd\BeiDou-Server\clien\Data\Item\Pet\5000123.img
2026-08-28 08:24:02.183 [seq=1602] [tid=8696] MapViewOfFile mapping=000011A4 result=1CA10000 err=0 access=0x00000004 offset=0:0 bytes=0
2026-08-28 08:24:02.214 [seq=1603] [tid=8696] CreateFileMappingA input=00001180 result=000011AC err=0 name=(null) file=\\?\UNC\psf\Home\Documents\mxd\BeiDou-Server\clien\Data\Item\Pet\5000447.img
2026-08-28 08:24:02.219 [seq=1604] [tid=8696] MapViewOfFile mapping=000011AC result=1C640000 err=0 access=0x00000004 offset=0:0 bytes=0
2026-08-28 08:24:02.231 [seq=1605] [tid=8696] CreateFileMappingA input=00001198 result=000011BC err=0 name=(null) file=\\?\UNC\psf\Home\Documents\mxd\BeiDou-Server\clien\Data\Item\Pet\5000447.img
2026-08-28 08:24:02.236 [seq=1606] [tid=8696] MapViewOfFile mapping=000011BC result=1CB30000 err=0 access=0x00000004 offset=0:0 bytes=0
2026-08-28 08:24:02.278 [seq=1607] [tid=8696] CreateFileMappingA input=00001180 result=000011AC err=0 name=(null) file=\\?\UNC\psf\Home\Documents\mxd\BeiDou-Server\clien\Data\Item\Pet\5000321.img
2026-08-28 08:24:02.284 [seq=1608] [tid=8696] MapViewOfFile mapping=000011AC result=1C640000 err=0 access=0x00000004 offset=0:0 bytes=0
2026-08-28 08:24:02.300 [seq=1609] [tid=8696] CreateFileMappingA input=000011DC result=000011D8 err=0 name=(null) file=\\?\UNC\psf\Home\Documents\mxd\BeiDou-Server\clien\Data\Item\Pet\5000321.img
2026-08-28 08:24:02.307 [seq=1610] [tid=8696] MapViewOfFile mapping=000011D8 result=1CC30000 err=0 access=0x00000004 offset=0:0 bytes=0
2026-08-28 08:24:02.778 [seq=1611] [tid=4800] event=health cpu_core_pct=45.4 working_set_mb=172 commit_mb=134 handles=1120 gdi=15 user=23 window=hung last_resource="(none)" resource_offset=0 resource_bytes=0 resource_age_ms=0
2026-08-28 08:24:02.794 [seq=1612] [tid=8696] CreateFileMappingA input=000011EC result=000011F0 err=0 name=(null) file=\\?\UNC\psf\Home\Documents\mxd\BeiDou-Server\clien\Data\Item\Pet\5001017.img
2026-08-28 08:24:02.799 [seq=1613] [tid=8696] MapViewOfFile mapping=000011F0 result=1CEC0000 err=0 access=0x00000004 offset=0:0 bytes=0
2026-08-28 08:24:02.835 [seq=1614] [tid=8696] CreateFileMappingA input=00001180 result=000011AC err=0 name=(null) file=\\?\UNC\psf\Home\Documents\mxd\BeiDou-Server\clien\Data\Item\Pet\5000309.img
2026-08-28 08:24:02.840 [seq=1615] [tid=8696] MapViewOfFile mapping=000011AC result=1CC50000 err=0 access=0x00000004 offset=0:0 bytes=0
2026-08-28 08:24:02.851 [seq=1616] [tid=8696] CreateFileMappingA input=000011C4 result=000011E8 err=0 name=(null) file=\\?\UNC\psf\Home\Documents\mxd\BeiDou-Server\clien\Data\Item\Pet\5000309.img
2026-08-28 08:24:02.856 [seq=1617] [tid=8696] MapViewOfFile mapping=000011E8 result=1CC90000 err=0 access=0x00000004 offset=0:0 bytes=0
2026-08-28 08:24:02.903 [seq=1618] [tid=8696] CreateFileMappingA input=000011D0 result=000011CC err=0 name=(null) file=\\?\UNC\psf\Home\Documents\mxd\BeiDou-Server\clien\Data\Item\Pet\5001003.img
2026-08-28 08:24:02.908 [seq=1619] [tid=8696] MapViewOfFile mapping=000011CC result=1CDD0000 err=0 access=0x00000004 offset=0:0 bytes=0
2026-08-28 08:24:02.916 [seq=1620] [tid=8696] CreateFileMappingA input=000011C8 result=000011B8 err=0 name=(null) file=\\?\UNC\psf\Home\Documents\mxd\BeiDou-Server\clien\Data\Item\Pet\5001003.img
2026-08-28 08:24:02.920 [seq=1621] [tid=8696] MapViewOfFile mapping=000011B8 result=1CFB0000 err=0 access=0x00000004 offset=0:0 bytes=0
2026-08-28 08:24:02.959 [seq=1622] [tid=8696] CreateFileMappingA input=000011A0 result=000011B4 err=0 name=(null) file=\\?\UNC\psf\Home\Documents\mxd\BeiDou-Server\clien\Data\Item\Pet\5000282.img
2026-08-28 08:24:02.969 [seq=1623] [tid=8696] MapViewOfFile mapping=000011B4 result=1CDD0000 err=0 access=0x00000004 offset=0:0 bytes=0
2026-08-28 08:24:02.981 [seq=1624] [tid=8696] CreateFileMappingA input=000011D4 result=000011E4 err=0 name=(null) file=\\?\UNC\psf\Home\Documents\mxd\BeiDou-Server\clien\Data\Item\Pet\5000282.img
2026-08-28 08:24:02.986 [seq=1625] [tid=8696] MapViewOfFile mapping=000011E4 result=1CE40000 err=0 access=0x00000004 offset=0:0 bytes=0
2026-08-28 08:24:03.063 [seq=1626] [tid=8696] CreateFileMappingA input=00001158 result=00001170 err=0 name=(null) file=\\?\UNC\psf\Home\Documents\mxd\BeiDou-Server\clien\Data\Item\Pet\5000296.img
2026-08-28 08:24:03.067 [seq=1627] [tid=8696] MapViewOfFile mapping=00001170 result=1C640000 err=0 access=0x00000004 offset=0:0 bytes=0
2026-08-28 08:24:03.088 [seq=1628] [tid=8696] CreateFileMappingA input=000011D0 result=000011A0 err=0 name=(null) file=\\?\UNC\psf\Home\Documents\mxd\BeiDou-Server\clien\Data\Item\Pet\5000296.img
2026-08-28 08:24:03.095 [seq=1629] [tid=8696] MapViewOfFile mapping=000011A0 result=1CC50000 err=0 access=0x00000004 offset=0:0 bytes=0
2026-08-28 08:24:03.149 [seq=1630] [tid=8696] CreateFileMappingA input=000011C0 result=00001180 err=0 name=(null) file=\\?\UNC\psf\Home\Documents\mxd\BeiDou-Server\clien\Data\Item\Pet\5000255.img
2026-08-28 08:24:03.152 [seq=1631] [tid=8696] MapViewOfFile mapping=00001180 result=12C90000 err=0 access=0x00000004 offset=0:0 bytes=0
2026-08-28 08:24:03.162 [seq=1632] [tid=8696] CreateFileMappingA input=000011F4 result=000011F8 err=0 name=(null) file=\\?\UNC\psf\Home\Documents\mxd\BeiDou-Server\clien\Data\Item\Pet\5000255.img
2026-08-28 08:24:03.165 [seq=1633] [tid=8696] MapViewOfFile mapping=000011F8 result=1AC20000 err=0 access=0x00000004 offset=0:0 bytes=0
2026-08-28 08:24:03.235 [seq=1634] [tid=8696] CreateFileMappingA input=000011FC result=0000118C err=0 name=(null) file=\\?\UNC\psf\Home\Documents\mxd\BeiDou-Server\clien\Data\Item\Pet\5000269.img
2026-08-28 08:24:03.239 [seq=1635] [tid=8696] MapViewOfFile mapping=0000118C result=12C90000 err=0 access=0x00000004 offset=0:0 bytes=0
2026-08-28 08:24:03.252 [seq=1636] [tid=8696] CreateFileMappingA input=000011E0 result=00001204 err=0 name=(null) file=\\?\UNC\psf\Home\Documents\mxd\BeiDou-Server\clien\Data\Item\Pet\5000269.img
2026-08-28 08:24:03.278 [seq=1637] [tid=8696] MapViewOfFile mapping=00001204 result=1AD90000 err=0 access=0x00000004 offset=0:0 bytes=0
2026-08-28 08:24:03.475 [seq=1638] [tid=8696] CreateFileMappingA input=000011FC result=0000118C err=0 name=(null) file=\\?\UNC\psf\Home\Documents\mxd\BeiDou-Server\clien\Data\Item\Pet\5000080.img
2026-08-28 08:24:03.486 [seq=1639] [tid=8696] MapViewOfFile mapping=0000118C result=1CDD0000 err=0 access=0x00000004 offset=0:0 bytes=0
2026-08-28 08:24:03.505 [seq=1640] [tid=8696] CreateFileMappingA input=000011B0 result=00001214 err=0 name=(null) file=\\?\UNC\psf\Home\Documents\mxd\BeiDou-Server\clien\Data\Item\Pet\5000080.img
2026-08-28 08:24:03.508 [seq=1641] [tid=8696] MapViewOfFile mapping=00001214 result=1CE00000 err=0 access=0x00000004 offset=0:0 bytes=0
2026-08-28 08:24:03.548 [seq=1642] [tid=8696] CreateFileMappingA input=00001174 result=00001190 err=0 name=(null) file=\\?\UNC\psf\Home\Documents\mxd\BeiDou-Server\clien\Data\Item\Pet\5000094.img
2026-08-28 08:24:03.555 [seq=1643] [tid=8696] MapViewOfFile mapping=00001190 result=1CDD0000 err=0 access=0x00000004 offset=0:0 bytes=0
2026-08-28 08:24:03.575 [seq=1644] [tid=8696] CreateFileMappingA input=000011AC result=000011C0 err=0 name=(null) file=\\?\UNC\psf\Home\Documents\mxd\BeiDou-Server\clien\Data\Item\Pet\5000094.img
2026-08-28 08:24:03.583 [seq=1645] [tid=8696] MapViewOfFile mapping=000011C0 result=1D070000 err=0 access=0x00000004 offset=0:0 bytes=0
2026-08-28 08:24:03.668 [seq=1646] [tid=8696] CreateFileMappingA input=00001158 result=00001200 err=0 name=(null) file=\\?\UNC\psf\Home\Documents\mxd\BeiDou-Server\clien\Data\Item\Pet\5000043.img
2026-08-28 08:24:03.670 [seq=1647] [tid=8696] MapViewOfFile mapping=00001200 result=1D0A0000 err=0 access=0x00000004 offset=0:0 bytes=0
2026-08-28 08:24:03.686 [seq=1648] [tid=8696] CreateFileMappingA input=00001164 result=00001178 err=0 name=(null) file=\\?\UNC\psf\Home\Documents\mxd\BeiDou-Server\clien\Data\Item\Pet\5000043.img
2026-08-28 08:24:03.693 [seq=1649] [tid=8696] MapViewOfFile mapping=00001178 result=1D100000 err=0 access=0x00000004 offset=0:0 bytes=0
2026-08-28 08:24:04.660 [seq=1650] [tid=4800] event=health cpu_core_pct=44.2 working_set_mb=174 commit_mb=136 handles=1140 gdi=15 user=23 window=hung last_resource="(none)" resource_offset=0 resource_bytes=0 resource_age_ms=0
2026-08-28 08:24:04.683 [seq=1651] [tid=8696] CreateFileMappingA input=00001174 result=00001190 err=0 name=(null) file=\\?\UNC\psf\Home\Documents\mxd\BeiDou-Server\clien\Data\Item\Pet\5000057.img
2026-08-28 08:24:04.688 [seq=1652] [tid=8696] MapViewOfFile mapping=00001190 result=1C640000 err=0 access=0x00000004 offset=0:0 bytes=0
2026-08-28 08:24:04.701 [seq=1653] [tid=8696] CreateFileMappingA input=00001200 result=00001208 err=0 name=(null) file=\\?\UNC\psf\Home\Documents\mxd\BeiDou-Server\clien\Data\Item\Pet\5000057.img
2026-08-28 08:24:04.705 [seq=1654] [tid=8696] MapViewOfFile mapping=00001208 result=1CC70000 err=0 access=0x00000004 offset=0:0 bytes=0
2026-08-28 08:24:04.750 [seq=1655] [tid=8696] CreateFileMappingA input=0000118C result=00001218 err=0 name=(null) file=\\?\UNC\psf\Home\Documents\mxd\BeiDou-Server\clien\Data\Item\Pet\5000053.img
2026-08-28 08:24:04.753 [seq=1656] [tid=8696] MapViewOfFile mapping=00001218 result=1D160000 err=0 access=0x00000004 offset=0:0 bytes=0
2026-08-28 08:24:04.760 [seq=1657] [tid=8696] CreateFileMappingA input=00001220 result=00001224 err=0 name=(null) file=\\?\UNC\psf\Home\Documents\mxd\BeiDou-Server\clien\Data\Item\Pet\5000053.img
2026-08-28 08:24:04.763 [seq=1658] [tid=8696] MapViewOfFile mapping=00001224 result=1D1E0000 err=0 access=0x00000004 offset=0:0 bytes=0
2026-08-28 08:24:04.827 [seq=1659] [tid=8696] CreateFileMappingA input=0000118C result=00001218 err=0 name=(null) file=\\?\UNC\psf\Home\Documents\mxd\BeiDou-Server\clien\Data\Item\Pet\5000047.img
2026-08-28 08:24:04.830 [seq=1660] [tid=8696] MapViewOfFile mapping=00001218 result=1C640000 err=0 access=0x00000004 offset=0:0 bytes=0
2026-08-28 08:24:04.836 [seq=1661] [tid=8696] CreateFileMappingA input=0000117C result=000011FC err=0 name=(null) file=\\?\UNC\psf\Home\Documents\mxd\BeiDou-Server\clien\Data\Item\Pet\5000047.img
2026-08-28 08:24:04.840 [seq=1662] [tid=8696] MapViewOfFile mapping=000011FC result=1CDD0000 err=0 access=0x00000004 offset=0:0 bytes=0
2026-08-28 08:24:04.852 [seq=1663] [tid=8696] CreateFileMappingA input=0000118C result=00001218 err=0 name=(null) file=\\?\UNC\psf\Home\Documents\mxd\BeiDou-Server\clien\Data\Item\Pet\5000090.img
2026-08-28 08:24:04.857 [seq=1664] [tid=8696] MapViewOfFile mapping=00001218 result=1C640000 err=0 access=0x00000004 offset=0:0 bytes=0
2026-08-28 08:24:04.863 [seq=1665] [tid=8696] CreateFileMappingA input=0000122C result=00001228 err=0 name=(null) file=\\?\UNC\psf\Home\Documents\mxd\BeiDou-Server\clien\Data\Item\Pet\5000090.img
2026-08-28 08:24:04.867 [seq=1666] [tid=8696] MapViewOfFile mapping=00001228 result=1D0A0000 err=0 access=0x00000004 offset=0:0 bytes=0
2026-08-28 08:24:04.908 [seq=1667] [tid=8696] CreateFileMappingA input=000011CC result=0000123C err=0 name=(null) file=\\?\UNC\psf\Home\Documents\mxd\BeiDou-Server\clien\Data\Item\Pet\5000084.img
2026-08-28 08:24:04.913 [seq=1668] [tid=8696] MapViewOfFile mapping=0000123C result=1D0C0000 err=0 access=0x00000004 offset=0:0 bytes=0
2026-08-28 08:24:04.919 [seq=1669] [tid=8696] CreateFileMappingA input=00001244 result=00001248 err=0 name=(null) file=\\?\UNC\psf\Home\Documents\mxd\BeiDou-Server\clien\Data\Item\Pet\5000084.img
2026-08-28 08:24:04.922 [seq=1670] [tid=8696] MapViewOfFile mapping=00001248 result=1D160000 err=0 access=0x00000004 offset=0:0 bytes=0
2026-08-28 08:24:04.974 [seq=1671] [tid=8696] CreateFileMappingA input=000011B4 result=00001210 err=0 name=(null) file=\\?\UNC\psf\Home\Documents\mxd\BeiDou-Server\clien\Data\Item\Pet\5000251.img
2026-08-28 08:24:04.978 [seq=1672] [tid=8696] MapViewOfFile mapping=00001210 result=1C640000 err=0 access=0x00000004 offset=0:0 bytes=0
2026-08-28 08:24:04.990 [seq=1673] [tid=8696] CreateFileMappingA input=00001240 result=000011CC err=0 name=(null) file=\\?\UNC\psf\Home\Documents\mxd\BeiDou-Server\clien\Data\Item\Pet\5000251.img
2026-08-28 08:24:04.993 [seq=1674] [tid=8696] MapViewOfFile mapping=000011CC result=1D0C0000 err=0 access=0x00000004 offset=0:0 bytes=0
2026-08-28 08:24:05.036 [seq=1675] [tid=8696] CreateFileMappingA input=00001158 result=0000121C err=0 name=(null) file=\\?\UNC\psf\Home\Documents\mxd\BeiDou-Server\clien\Data\Item\Pet\5000245.img
2026-08-28 08:24:05.040 [seq=1676] [tid=8696] MapViewOfFile mapping=0000121C result=12C90000 err=0 access=0x00000004 offset=0:0 bytes=0
2026-08-28 08:24:05.047 [seq=1677] [tid=8696] CreateFileMappingA input=00001218 result=0000118C err=0 name=(null) file=\\?\UNC\psf\Home\Documents\mxd\BeiDou-Server\clien\Data\Item\Pet\5000245.img
2026-08-28 08:24:05.050 [seq=1678] [tid=8696] MapViewOfFile mapping=0000118C result=1C110000 err=0 access=0x00000004 offset=0:0 bytes=0
2026-08-28 08:24:05.087 [seq=1679] [tid=8696] CreateFileMappingA input=00001158 result=0000121C err=0 name=(null) file=\\?\UNC\psf\Home\Documents\mxd\BeiDou-Server\clien\Data\Item\Pet\5000292.img
2026-08-28 08:24:05.092 [seq=1680] [tid=8696] MapViewOfFile mapping=0000121C result=1C640000 err=0 access=0x00000004 offset=0:0 bytes=0
2026-08-28 08:24:05.099 [seq=1681] [tid=8696] CreateFileMappingA input=00001234 result=0000120C err=0 name=(null) file=\\?\UNC\psf\Home\Documents\mxd\BeiDou-Server\clien\Data\Item\Pet\5000292.img
2026-08-28 08:24:05.103 [seq=1682] [tid=8696] MapViewOfFile mapping=0000120C result=1D0E0000 err=0 access=0x00000004 offset=0:0 bytes=0
2026-08-28 08:24:05.148 [seq=1683] [tid=8696] CreateFileMappingA input=00001238 result=00001210 err=0 name=(null) file=\\?\UNC\psf\Home\Documents\mxd\BeiDou-Server\clien\Data\Item\Pet\5000443.img
2026-08-28 08:24:05.153 [seq=1684] [tid=8696] MapViewOfFile mapping=00001210 result=1C640000 err=0 access=0x00000004 offset=0:0 bytes=0
2026-08-28 08:24:05.166 [seq=1685] [tid=8696] CreateFileMappingA input=000011B4 result=0000124C err=0 name=(null) file=\\?\UNC\psf\Home\Documents\mxd\BeiDou-Server\clien\Data\Item\Pet\5000443.img
2026-08-28 08:24:05.169 [seq=1686] [tid=8696] MapViewOfFile mapping=0000124C result=1D190000 err=0 access=0x00000004 offset=0:0 bytes=0
2026-08-28 08:24:05.215 [seq=1687] [tid=8696] CreateFileMappingA input=0000121C result=00001238 err=0 name=(null) file=\\?\UNC\psf\Home\Documents\mxd\BeiDou-Server\clien\Data\Item\Pet\5000331.img
2026-08-28 08:24:05.217 [seq=1688] [tid=8696] MapViewOfFile mapping=00001238 result=1C640000 err=0 access=0x00000004 offset=0:0 bytes=0
2026-08-28 08:24:05.224 [seq=1689] [tid=8696] CreateFileMappingA input=00001170 result=00001180 err=0 name=(null) file=\\?\UNC\psf\Home\Documents\mxd\BeiDou-Server\clien\Data\Item\Pet\5000331.img
2026-08-28 08:24:05.226 [seq=1690] [tid=8696] MapViewOfFile mapping=00001180 result=1D1B0000 err=0 access=0x00000004 offset=0:0 bytes=0
2026-08-28 08:24:05.260 [seq=1691] [tid=8696] CreateFileMappingA input=0000121C result=00001238 err=0 name=(null) file=\\?\UNC\psf\Home\Documents\mxd\BeiDou-Server\clien\Data\Item\Pet\5001007.img
2026-08-28 08:24:05.263 [seq=1692] [tid=8696] MapViewOfFile mapping=00001238 result=1D260000 err=0 access=0x00000004 offset=0:0 bytes=0
2026-08-28 08:24:05.270 [seq=1693] [tid=8696] CreateFileMappingA input=0000123C result=00001250 err=0 name=(null) file=\\?\UNC\psf\Home\Documents\mxd\BeiDou-Server\clien\Data\Item\Pet\5001007.img
2026-08-28 08:24:05.274 [seq=1694] [tid=8696] MapViewOfFile mapping=00001250 result=1D2F0000 err=0 access=0x00000004 offset=0:0 bytes=0
2026-08-28 08:24:05.298 [seq=1695] [tid=8696] CreateFileMappingA input=0000121C result=00001238 err=0 name=(null) file=\\?\UNC\psf\Home\Documents\mxd\BeiDou-Server\clien\Data\Item\Pet\5001013.img
2026-08-28 08:24:05.302 [seq=1696] [tid=8696] MapViewOfFile mapping=00001238 result=1D260000 err=0 access=0x00000004 offset=0:0 bytes=0
2026-08-28 08:24:05.317 [seq=1697] [tid=8696] CreateFileMappingA input=00001190 result=00001254 err=0 name=(null) file=\\?\UNC\psf\Home\Documents\mxd\BeiDou-Server\clien\Data\Item\Pet\5001013.img
2026-08-28 08:24:05.326 [seq=1698] [tid=8696] MapViewOfFile mapping=00001254 result=1D380000 err=0 access=0x00000004 offset=0:0 bytes=0
2026-08-28 08:24:05.367 [seq=1699] [tid=8696] CreateFileMappingA input=00001174 result=00001258 err=0 name=(null) file=\\?\UNC\psf\Home\Documents\mxd\BeiDou-Server\clien\Data\Item\Pet\5000127.img
2026-08-28 08:24:05.372 [seq=1700] [tid=8696] MapViewOfFile mapping=00001258 result=12C90000 err=0 access=0x00000004 offset=0:0 bytes=0
2026-08-28 08:24:05.383 [seq=1701] [tid=8696] CreateFileMappingA input=00001188 result=0000125C err=0 name=(null) file=\\?\UNC\psf\Home\Documents\mxd\BeiDou-Server\clien\Data\Item\Pet\5000127.img
2026-08-28 08:24:05.387 [seq=1702] [tid=8696] MapViewOfFile mapping=0000125C result=1C1D0000 err=0 access=0x00000004 offset=0:0 bytes=0
2026-08-28 08:24:05.426 [seq=1703] [tid=8696] CreateFileMappingA input=00001230 result=00001238 err=0 name=(null) file=\\?\UNC\psf\Home\Documents\mxd\BeiDou-Server\clien\Data\Item\Pet\5000126.img
2026-08-28 08:24:05.431 [seq=1704] [tid=8696] MapViewOfFile mapping=00001238 result=12C90000 err=0 access=0x00000004 offset=0:0 bytes=0
2026-08-28 08:24:05.441 [seq=1705] [tid=8696] CreateFileMappingA input=00001210 result=0000121C err=0 name=(null) file=\\?\UNC\psf\Home\Documents\mxd\BeiDou-Server\clien\Data\Item\Pet\5000126.img
2026-08-28 08:24:05.445 [seq=1706] [tid=8696] MapViewOfFile mapping=0000121C result=1C310000 err=0 access=0x00000004 offset=0:0 bytes=0
2026-08-28 08:24:05.512 [seq=1707] [tid=8696] CreateFileMappingA input=00001268 result=0000126C err=0 name=(null) file=\\?\UNC\psf\Home\Documents\mxd\BeiDou-Server\clien\Data\Item\Pet\5001012.img
2026-08-28 08:24:05.514 [seq=1708] [tid=8696] MapViewOfFile mapping=0000126C result=1D260000 err=0 access=0x00000004 offset=0:0 bytes=0
2026-08-28 08:24:05.522 [seq=1709] [tid=8696] CreateFileMappingA input=00001278 result=0000127C err=0 name=(null) file=\\?\UNC\psf\Home\Documents\mxd\BeiDou-Server\clien\Data\Item\Pet\5001012.img
2026-08-28 08:24:05.527 [seq=1710] [tid=8696] MapViewOfFile mapping=0000127C result=1D400000 err=0 access=0x00000004 offset=0:0 bytes=0
2026-08-28 08:24:05.557 [seq=1711] [tid=8696] CreateFileMappingA input=00001264 result=00001230 err=0 name=(null) file=\\?\UNC\psf\Home\Documents\mxd\BeiDou-Server\clien\Data\Item\Pet\5001006.img
2026-08-28 08:24:05.561 [seq=1712] [tid=8696] MapViewOfFile mapping=00001230 result=1D260000 err=0 access=0x00000004 offset=0:0 bytes=0
2026-08-28 08:24:05.575 [seq=1713] [tid=8696] CreateFileMappingA input=0000126C result=00001280 err=0 name=(null) file=\\?\UNC\psf\Home\Documents\mxd\BeiDou-Server\clien\Data\Item\Pet\5001006.img
2026-08-28 08:24:05.580 [seq=1714] [tid=8696] MapViewOfFile mapping=00001280 result=1D480000 err=0 access=0x00000004 offset=0:0 bytes=0
2026-08-28 08:24:05.610 [seq=1715] [tid=8696] CreateFileMappingA input=00001158 result=00001268 err=0 name=(null) file=\\?\UNC\psf\Home\Documents\mxd\BeiDou-Server\clien\Data\Item\Pet\5000456.img
2026-08-28 08:24:05.615 [seq=1716] [tid=8696] MapViewOfFile mapping=00001268 result=12C90000 err=0 access=0x00000004 offset=0:0 bytes=0
2026-08-28 08:24:05.727 [seq=1717] [tid=8696] CreateFileMappingA input=00001264 result=00001230 err=0 name=(null) file=\\?\UNC\psf\Home\Documents\mxd\BeiDou-Server\clien\Data\Item\Pet\5000456.img
2026-08-28 08:24:05.734 [seq=1718] [tid=8696] MapViewOfFile mapping=00001230 result=1C380000 err=0 access=0x00000004 offset=0:0 bytes=0
2026-08-28 08:24:05.771 [seq=1719] [tid=8696] CreateFileMappingA input=00001158 result=00001268 err=0 name=(null) file=\\?\UNC\psf\Home\Documents\mxd\BeiDou-Server\clien\Data\Item\Pet\5000330.img
2026-08-28 08:24:05.776 [seq=1720] [tid=8696] MapViewOfFile mapping=00001268 result=1C640000 err=0 access=0x00000004 offset=0:0 bytes=0
2026-08-28 08:24:05.791 [seq=1721] [tid=8696] CreateFileMappingA input=0000128C result=00001298 err=0 name=(null) file=\\?\UNC\psf\Home\Documents\mxd\BeiDou-Server\clien\Data\Item\Pet\5000330.img
2026-08-28 08:24:05.796 [seq=1722] [tid=8696] MapViewOfFile mapping=00001298 result=1D260000 err=0 access=0x00000004 offset=0:0 bytes=0
2026-08-28 08:24:05.826 [seq=1723] [tid=4800] event=health cpu_core_pct=38.8 working_set_mb=178 commit_mb=138 handles=1176 gdi=15 user=23 window=hung last_resource="(none)" resource_offset=0 resource_bytes=0 resource_age_ms=0
2026-08-28 08:24:05.869 [seq=1724] [tid=8696] CreateFileMappingA input=00001274 result=0000129C err=0 name=(null) file=\\?\UNC\psf\Home\Documents\mxd\BeiDou-Server\clien\Data\Item\Pet\5000324.img
2026-08-28 08:24:05.878 [seq=1725] [tid=8696] MapViewOfFile mapping=0000129C result=1D280000 err=0 access=0x00000004 offset=0:0 bytes=0
2026-08-28 08:24:05.886 [seq=1726] [tid=8696] CreateFileMappingA input=00001270 result=00001288 err=0 name=(null) file=\\?\UNC\psf\Home\Documents\mxd\BeiDou-Server\clien\Data\Item\Pet\5000324.img
2026-08-28 08:24:05.892 [seq=1727] [tid=8696] MapViewOfFile mapping=00001288 result=1D510000 err=0 access=0x00000004 offset=0:0 bytes=0
2026-08-28 08:24:05.931 [seq=1728] [tid=8696] CreateFileMappingA input=000012A8 result=000012AC err=0 name=(null) file=\\?\UNC\psf\Home\Documents\mxd\BeiDou-Server\clien\Data\Item\Pet\5000287.img
2026-08-28 08:24:05.935 [seq=1729] [tid=8696] MapViewOfFile mapping=000012AC result=1D280000 err=0 access=0x00000004 offset=0:0 bytes=0
2026-08-28 08:24:05.962 [seq=1730] [tid=8696] CreateFileMappingA input=000012A0 result=000012B0 err=0 name=(null) file=\\?\UNC\psf\Home\Documents\mxd\BeiDou-Server\clien\Data\Item\Pet\5000287.img
2026-08-28 08:24:05.969 [seq=1731] [tid=8696] MapViewOfFile mapping=000012B0 result=1D550000 err=0 access=0x00000004 offset=0:0 bytes=0
2026-08-28 08:24:06.139 [seq=1732] [tid=8696] CreateFileMappingA input=000012A8 result=000012AC err=0 name=(null) file=\\?\UNC\psf\Home\Documents\mxd\BeiDou-Server\clien\Data\Item\Pet\5000293.img
2026-08-28 08:24:06.146 [seq=1733] [tid=8696] MapViewOfFile mapping=000012AC result=1C640000 err=0 access=0x00000004 offset=0:0 bytes=0
2026-08-28 08:24:06.163 [seq=1734] [tid=8696] CreateFileMappingA input=00001268 result=000012C4 err=0 name=(null) file=\\?\UNC\psf\Home\Documents\mxd\BeiDou-Server\clien\Data\Item\Pet\5000293.img
2026-08-28 08:24:06.169 [seq=1735] [tid=8696] MapViewOfFile mapping=000012C4 result=1D280000 err=0 access=0x00000004 offset=0:0 bytes=0
2026-08-28 08:24:06.231 [seq=1736] [tid=8696] CreateFileMappingA input=000012B8 result=00001294 err=0 name=(null) file=\\?\UNC\psf\Home\Documents\mxd\BeiDou-Server\clien\Data\Item\Pet\5000244.img
2026-08-28 08:24:06.236 [seq=1737] [tid=8696] MapViewOfFile mapping=00001294 result=1C640000 err=0 access=0x00000004 offset=0:0 bytes=0
2026-08-28 08:24:06.245 [seq=1738] [tid=8696] CreateFileMappingA input=000012B4 result=00001238 err=0 name=(null) file=\\?\UNC\psf\Home\Documents\mxd\BeiDou-Server\clien\Data\Item\Pet\5000244.img
2026-08-28 08:24:06.248 [seq=1739] [tid=8696] MapViewOfFile mapping=00001238 result=1D2A0000 err=0 access=0x00000004 offset=0:0 bytes=0
2026-08-28 08:24:06.294 [seq=1740] [tid=8696] CreateFileMappingA input=000012B8 result=00001294 err=0 name=(null) file=\\?\UNC\psf\Home\Documents\mxd\BeiDou-Server\clien\Data\Item\Pet\5000250.img
2026-08-28 08:24:06.298 [seq=1741] [tid=8696] MapViewOfFile mapping=00001294 result=12C90000 err=0 access=0x00000004 offset=0:0 bytes=0
2026-08-28 08:24:06.308 [seq=1742] [tid=8696] CreateFileMappingA input=000012C8 result=000012AC err=0 name=(null) file=\\?\UNC\psf\Home\Documents\mxd\BeiDou-Server\clien\Data\Item\Pet\5000250.img
2026-08-28 08:24:06.312 [seq=1743] [tid=8696] MapViewOfFile mapping=000012AC result=1C3D0000 err=0 access=0x00000004 offset=0:0 bytes=0
2026-08-28 08:24:06.367 [seq=1744] [tid=8696] CreateFileMappingA input=000012B8 result=00001294 err=0 name=(null) file=\\?\UNC\psf\Home\Documents\mxd\BeiDou-Server\clien\Data\Item\Pet\5000085.img
2026-08-28 08:24:06.371 [seq=1745] [tid=8696] MapViewOfFile mapping=00001294 result=1D2C0000 err=0 access=0x00000004 offset=0:0 bytes=0
2026-08-28 08:24:06.377 [seq=1746] [tid=8696] CreateFileMappingA input=00001290 result=000012BC err=0 name=(null) file=\\?\UNC\psf\Home\Documents\mxd\BeiDou-Server\clien\Data\Item\Pet\5000085.img
2026-08-28 08:24:06.381 [seq=1747] [tid=8696] MapViewOfFile mapping=000012BC result=1D590000 err=0 access=0x00000004 offset=0:0 bytes=0
2026-08-28 08:24:06.438 [seq=1748] [tid=8696] CreateFileMappingA input=000012C0 result=000012A4 err=0 name=(null) file=\\?\UNC\psf\Home\Documents\mxd\BeiDou-Server\clien\Data\Item\Pet\5000091.img
2026-08-28 08:24:06.442 [seq=1749] [tid=8696] MapViewOfFile mapping=000012A4 result=1C640000 err=0 access=0x00000004 offset=0:0 bytes=0
2026-08-28 08:24:06.455 [seq=1750] [tid=8696] CreateFileMappingA input=00001260 result=000012A8 err=0 name=(null) file=\\?\UNC\psf\Home\Documents\mxd\BeiDou-Server\clien\Data\Item\Pet\5000091.img
2026-08-28 08:24:06.460 [seq=1751] [tid=8696] MapViewOfFile mapping=000012A8 result=1D2C0000 err=0 access=0x00000004 offset=0:0 bytes=0
2026-08-28 08:24:06.563 [seq=1752] [tid=8696] CreateFileMappingA input=000012CC result=000012D0 err=0 name=(null) file=\\?\UNC\psf\Home\Documents\mxd\BeiDou-Server\clien\Data\Item\Pet\5000046.img
2026-08-28 08:24:06.569 [seq=1753] [tid=8696] MapViewOfFile mapping=000012D0 result=1E590000 err=0 access=0x00000004 offset=0:0 bytes=0
2026-08-28 08:24:06.588 [seq=1754] [tid=8696] CreateFileMappingA input=000012D4 result=000012D8 err=0 name=(null) file=\\?\UNC\psf\Home\Documents\mxd\BeiDou-Server\clien\Data\Item\Pet\5000046.img
2026-08-28 08:24:06.594 [seq=1755] [tid=8696] MapViewOfFile mapping=000012D8 result=1E5C0000 err=0 access=0x00000004 offset=0:0 bytes=0
2026-08-28 08:24:06.645 [seq=1756] [tid=8696] CreateFileMappingA input=000012CC result=000012D0 err=0 name=(null) file=\\?\UNC\psf\Home\Documents\mxd\BeiDou-Server\clien\Data\Item\Pet\5000052.img
2026-08-28 08:24:06.649 [seq=1757] [tid=8696] MapViewOfFile mapping=000012D0 result=1E5F0000 err=0 access=0x00000004 offset=0:0 bytes=0
2026-08-28 08:24:06.664 [seq=1758] [tid=8696] CreateFileMappingA input=0000129C result=00001274 err=0 name=(null) file=\\?\UNC\psf\Home\Documents\mxd\BeiDou-Server\clien\Data\Item\Pet\5000052.img
2026-08-28 08:24:06.704 [seq=1759] [tid=8696] MapViewOfFile mapping=00001274 result=1E670000 err=0 access=0x00000004 offset=0:0 bytes=0
2026-08-28 08:24:06.863 [seq=1760] [tid=8696] CreateFileMappingA input=000012CC result=000012D0 err=0 name=(null) file=\\?\UNC\psf\Home\Documents\mxd\BeiDou-Server\clien\Data\Item\Pet\5000722.img
2026-08-28 08:24:06.868 [seq=1761] [tid=8696] MapViewOfFile mapping=000012D0 result=1E590000 err=0 access=0x00000004 offset=0:0 bytes=0
2026-08-28 08:24:06.884 [seq=1762] [tid=8696] CreateFileMappingA input=000012B8 result=00001284 err=0 name=(null) file=\\?\UNC\psf\Home\Documents\mxd\BeiDou-Server\clien\Data\Item\Pet\5000722.img
2026-08-28 08:24:06.946 [seq=1763] [tid=8696] MapViewOfFile mapping=00001284 result=1E5F0000 err=0 access=0x00000004 offset=0:0 bytes=0
2026-08-28 08:24:07.025 [seq=1764] [tid=4800] event=health cpu_core_pct=46.7 working_set_mb=180 commit_mb=140 handles=1196 gdi=15 user=23 window=hung last_resource="(none)" resource_offset=0 resource_bytes=0 resource_age_ms=0
2026-08-28 08:24:07.159 [seq=1765] [tid=8696] CreateFileMappingA input=000012C0 result=000012A4 err=0 name=(null) file=\\?\UNC\psf\Home\Documents\mxd\BeiDou-Server\clien\Data\Item\Pet\5000044.img
2026-08-28 08:24:07.252 [seq=1766] [tid=8696] MapViewOfFile mapping=000012A4 result=12C90000 err=0 access=0x00000004 offset=0:0 bytes=0
2026-08-28 08:24:07.378 [seq=1767] [tid=8696] CreateFileMappingA input=00001258 result=00001174 err=0 name=(null) file=\\?\UNC\psf\Home\Documents\mxd\BeiDou-Server\clien\Data\Item\Pet\5000044.img
2026-08-28 08:24:07.386 [seq=1768] [tid=8696] MapViewOfFile mapping=00001174 result=1C640000 err=0 access=0x00000004 offset=0:0 bytes=0
2026-08-28 08:24:08.144 [seq=1769] [tid=8696] CreateFileMappingA input=000012D0 result=00001158 err=0 name=(null) file=\\?\UNC\psf\Home\Documents\mxd\BeiDou-Server\clien\Data\Item\Pet\5000050.img
2026-08-28 08:24:08.192 [seq=1770] [tid=8696] MapViewOfFile mapping=00001158 result=1E6F0000 err=0 access=0x00000004 offset=0:0 bytes=0
2026-08-28 08:24:08.236 [seq=1771] [tid=8696] CreateFileMappingA input=000012C0 result=000012DC err=0 name=(null) file=\\?\UNC\psf\Home\Documents\mxd\BeiDou-Server\clien\Data\Item\Pet\5000050.img
2026-08-28 08:24:08.256 [seq=1772] [tid=8696] MapViewOfFile mapping=000012DC result=1E750000 err=0 access=0x00000004 offset=0:0 bytes=0
2026-08-28 08:24:08.640 [seq=1773] [tid=8696] CreateFileMappingA input=000012D0 result=00001158 err=0 name=(null) file=\\?\UNC\psf\Home\Documents\mxd\BeiDou-Server\clien\Data\Item\Pet\5000078.img
2026-08-28 08:24:08.667 [seq=1774] [tid=8696] MapViewOfFile mapping=00001158 result=1E590000 err=0 access=0x00000004 offset=0:0 bytes=0
2026-08-28 08:24:08.708 [seq=1775] [tid=8696] CreateFileMappingA input=000012E8 result=000012EC err=0 name=(null) file=\\?\UNC\psf\Home\Documents\mxd\BeiDou-Server\clien\Data\Item\Pet\5000078.img
2026-08-28 08:24:08.880 [seq=1776] [tid=8696] MapViewOfFile mapping=000012EC result=1E620000 err=0 access=0x00000004 offset=0:0 bytes=0
2026-08-28 08:24:09.303 [seq=1777] [tid=8696] CreateFileMappingA input=000012A4 result=000012F0 err=0 name=(null) file=\\?\UNC\psf\Home\Documents\mxd\BeiDou-Server\clien\Data\Item\Pet\5000087.img
2026-08-28 08:24:09.321 [seq=1778] [tid=8696] MapViewOfFile mapping=000012F0 result=1E590000 err=0 access=0x00000004 offset=0:0 bytes=0
2026-08-28 08:24:09.514 [seq=1779] [tid=8696] CreateFileMappingA input=000012E0 result=000012CC err=0 name=(null) file=\\?\UNC\psf\Home\Documents\mxd\BeiDou-Server\clien\Data\Item\Pet\5000087.img
2026-08-28 08:24:09.561 [seq=1780] [tid=8696] MapViewOfFile mapping=000012CC result=1E640000 err=0 access=0x00000004 offset=0:0 bytes=0
2026-08-28 08:24:09.841 [seq=1781] [tid=8696] CreateFileMappingA input=00001304 result=00001308 err=0 name=(null) file=\\?\UNC\psf\Home\Documents\mxd\BeiDou-Server\clien\Data\Item\Pet\5000093.img
2026-08-28 08:24:09.850 [seq=1782] [tid=8696] MapViewOfFile mapping=00001308 result=1E590000 err=0 access=0x00000004 offset=0:0 bytes=0
2026-08-28 08:24:09.873 [seq=1783] [tid=8696] CreateFileMappingA input=00001300 result=000012FC err=0 name=(null) file=\\?\UNC\psf\Home\Documents\mxd\BeiDou-Server\clien\Data\Item\Pet\5000093.img
2026-08-28 08:24:09.880 [seq=1784] [tid=8696] MapViewOfFile mapping=000012FC result=1E6F0000 err=0 access=0x00000004 offset=0:0 bytes=0
2026-08-28 08:24:10.045 [seq=1785] [tid=8696] CreateFileMappingA input=0000130C result=00001310 err=0 name=(null) file=\\?\UNC\psf\Home\Documents\mxd\BeiDou-Server\clien\Data\Item\Pet\5000252.img
2026-08-28 08:24:10.050 [seq=1786] [tid=8696] MapViewOfFile mapping=00001310 result=1E590000 err=0 access=0x00000004 offset=0:0 bytes=0
2026-08-28 08:24:10.091 [seq=1787] [tid=8696] CreateFileMappingA input=00001318 result=00001314 err=0 name=(null) file=\\?\UNC\psf\Home\Documents\mxd\BeiDou-Server\clien\Data\Item\Pet\5000252.img
2026-08-28 08:24:10.094 [seq=1788] [tid=8696] MapViewOfFile mapping=00001314 result=1E710000 err=0 access=0x00000004 offset=0:0 bytes=0
2026-08-28 08:24:10.181 [seq=1789] [tid=8696] CreateFileMappingA input=00001310 result=00001158 err=0 name=(null) file=\\?\UNC\psf\Home\Documents\mxd\BeiDou-Server\clien\Data\Item\Pet\5000285.img
2026-08-28 08:24:10.184 [seq=1790] [tid=8696] MapViewOfFile mapping=00001158 result=1E590000 err=0 access=0x00000004 offset=0:0 bytes=0
2026-08-28 08:24:10.192 [seq=1791] [tid=8696] CreateFileMappingA input=0000130C result=00001328 err=0 name=(null) file=\\?\UNC\psf\Home\Documents\mxd\BeiDou-Server\clien\Data\Item\Pet\5000285.img
2026-08-28 08:24:10.193 [seq=1792] [tid=8696] MapViewOfFile mapping=00001328 result=1E7B0000 err=0 access=0x00000004 offset=0:0 bytes=0
2026-08-28 08:24:10.283 [seq=1793] [tid=8696] CreateFileMappingA input=00001310 result=00001158 err=0 name=(null) file=\\?\UNC\psf\Home\Documents\mxd\BeiDou-Server\clien\Data\Item\Pet\5000291.img
2026-08-28 08:24:10.286 [seq=1794] [tid=8696] MapViewOfFile mapping=00001158 result=1E590000 err=0 access=0x00000004 offset=0:0 bytes=0
2026-08-28 08:24:10.300 [seq=1795] [tid=8696] CreateFileMappingA input=00001294 result=00001304 err=0 name=(null) file=\\?\UNC\psf\Home\Documents\mxd\BeiDou-Server\clien\Data\Item\Pet\5000291.img
2026-08-28 08:24:10.307 [seq=1796] [tid=8696] MapViewOfFile mapping=00001304 result=1E7E0000 err=0 access=0x00000004 offset=0:0 bytes=0
2026-08-28 08:24:10.742 [seq=1797] [tid=4800] event=health cpu_core_pct=34.0 working_set_mb=182 commit_mb=142 handles=1212 gdi=15 user=23 window=hung last_resource="(none)" resource_offset=0 resource_bytes=0 resource_age_ms=0
2026-08-28 08:24:11.059 [seq=1798] [tid=8696] CreateFileMappingA input=00001324 result=000012D0 err=0 name=(null) file=\\?\UNC\psf\Home\Documents\mxd\BeiDou-Server\clien\Data\Item\Pet\5000332.img
2026-08-28 08:24:11.071 [seq=1799] [tid=8696] MapViewOfFile mapping=000012D0 result=1E590000 err=0 access=0x00000004 offset=0:0 bytes=0
2026-08-28 08:24:11.167 [seq=1800] [tid=8696] CreateFileMappingA input=00001308 result=000012E4 err=0 name=(null) file=\\?\UNC\psf\Home\Documents\mxd\BeiDou-Server\clien\Data\Item\Pet\5000332.img
2026-08-28 08:24:11.301 [seq=1801] [tid=8696] MapViewOfFile mapping=000012E4 result=1E800000 err=0 access=0x00000004 offset=0:0 bytes=0
2026-08-28 08:24:11.510 [seq=1802] [tid=8696] CreateFileMappingA input=00001324 result=000012D0 err=0 name=(null) file=\\?\UNC\psf\Home\Documents\mxd\BeiDou-Server\clien\Data\Item\Pet\5001010.img
2026-08-28 08:24:11.517 [seq=1803] [tid=8696] MapViewOfFile mapping=000012D0 result=1E820000 err=0 access=0x00000004 offset=0:0 bytes=0
2026-08-28 08:24:11.573 [seq=1804] [tid=8696] CreateFileMappingA input=00001330 result=00001338 err=0 name=(null) file=\\?\UNC\psf\Home\Documents\mxd\BeiDou-Server\clien\Data\Item\Pet\5001010.img
2026-08-28 08:24:11.576 [seq=1805] [tid=8696] MapViewOfFile mapping=00001338 result=1E8C0000 err=0 access=0x00000004 offset=0:0 bytes=0
2026-08-28 08:24:11.621 [seq=1806] [tid=8696] CreateFileMappingA input=00001334 result=0000132C err=0 name=(null) file=\\?\UNC\psf\Home\Documents\mxd\BeiDou-Server\clien\Data\Item\Pet\5000468.img
2026-08-28 08:24:11.642 [seq=1807] [tid=8696] MapViewOfFile mapping=0000132C result=1E590000 err=0 access=0x00000004 offset=0:0 bytes=0
2026-08-28 08:24:11.660 [seq=1808] [tid=8696] CreateFileMappingA input=000012A4 result=00001310 err=0 name=(null) file=\\?\UNC\psf\Home\Documents\mxd\BeiDou-Server\clien\Data\Item\Pet\5000468.img
2026-08-28 08:24:11.676 [seq=1809] [tid=8696] MapViewOfFile mapping=00001310 result=1E820000 err=0 access=0x00000004 offset=0:0 bytes=0
2026-08-28 08:24:12.344 [seq=1810] [tid=4800] event=health cpu_core_pct=29.3 working_set_mb=183 commit_mb=143 handles=1218 gdi=15 user=23 window=hung last_resource="(none)" resource_offset=0 resource_bytes=0 resource_age_ms=0
2026-08-28 08:24:12.445 [seq=1811] [tid=8696] CreateFileMappingA input=00001334 result=0000132C err=0 name=(null) file=\\?\UNC\psf\Home\Documents\mxd\BeiDou-Server\clien\Data\Item\Pet\5001004.img
2026-08-28 08:24:12.487 [seq=1812] [tid=8696] MapViewOfFile mapping=0000132C result=1E960000 err=0 access=0x00000004 offset=0:0 bytes=0
2026-08-28 08:24:12.522 [seq=1813] [tid=8696] CreateFileMappingA input=00001344 result=00001348 err=0 name=(null) file=\\?\UNC\psf\Home\Documents\mxd\BeiDou-Server\clien\Data\Item\Pet\5001004.img
2026-08-28 08:24:12.531 [seq=1814] [tid=8696] MapViewOfFile mapping=00001348 result=1EA20000 err=0 access=0x00000004 offset=0:0 bytes=0
2026-08-28 08:24:12.571 [seq=1815] [tid=8696] CreateFileMappingA input=0000133C result=00001334 err=0 name=(null) file=\\?\UNC\psf\Home\Documents\mxd\BeiDou-Server\clien\Data\Item\Pet\5000483.img
2026-08-28 08:24:12.577 [seq=1816] [tid=8696] MapViewOfFile mapping=00001334 result=1E590000 err=0 access=0x00000004 offset=0:0 bytes=0
2026-08-28 08:24:12.586 [seq=1817] [tid=8696] CreateFileMappingA input=00001324 result=0000132C err=0 name=(null) file=\\?\UNC\psf\Home\Documents\mxd\BeiDou-Server\clien\Data\Item\Pet\5000483.img
2026-08-28 08:24:12.591 [seq=1818] [tid=8696] MapViewOfFile mapping=0000132C result=1E840000 err=0 access=0x00000004 offset=0:0 bytes=0
2026-08-28 08:24:12.832 [seq=1819] [tid=8696] CreateFileMappingA input=00001320 result=0000131C err=0 name=(null) file=\\?\UNC\psf\Home\Documents\mxd\BeiDou-Server\clien\Data\Item\Pet\5000124.img
2026-08-28 08:24:12.836 [seq=1820] [tid=8696] MapViewOfFile mapping=0000131C result=1E590000 err=0 access=0x00000004 offset=0:0 bytes=0
2026-08-28 08:24:12.845 [seq=1821] [tid=8696] CreateFileMappingA input=000012F4 result=000012F0 err=0 name=(null) file=\\?\UNC\psf\Home\Documents\mxd\BeiDou-Server\clien\Data\Item\Pet\5000124.img
2026-08-28 08:24:12.849 [seq=1822] [tid=8696] MapViewOfFile mapping=000012F0 result=1E860000 err=0 access=0x00000004 offset=0:0 bytes=0
2026-08-28 08:24:12.892 [seq=1823] [tid=8696] CreateFileMappingA input=00001320 result=00001350 err=0 name=(null) file=\\?\UNC\psf\Home\Documents\mxd\BeiDou-Server\clien\Data\Item\Pet\5000118.img
2026-08-28 08:24:12.898 [seq=1824] [tid=8696] MapViewOfFile mapping=00001350 result=1E590000 err=0 access=0x00000004 offset=0:0 bytes=0
2026-08-28 08:24:12.909 [seq=1825] [tid=8696] CreateFileMappingA input=0000133C result=00001334 err=0 name=(null) file=\\?\UNC\psf\Home\Documents\mxd\BeiDou-Server\clien\Data\Item\Pet\5000118.img
2026-08-28 08:24:12.916 [seq=1826] [tid=8696] MapViewOfFile mapping=00001334 result=1E880000 err=0 access=0x00000004 offset=0:0 bytes=0
2026-08-28 08:24:13.218 [seq=1827] [tid=8696] CreateFileMappingA input=00001320 result=00001350 err=0 name=(null) file=\\?\UNC\psf\Home\Documents\mxd\BeiDou-Server\clien\Data\Item\Pet\5000119.img
2026-08-28 08:24:13.224 [seq=1828] [tid=8696] MapViewOfFile mapping=00001350 result=1E590000 err=0 access=0x00000004 offset=0:0 bytes=0
2026-08-28 08:24:13.261 [seq=1829] [tid=8696] CreateFileMappingA input=0000134C result=000012D0 err=0 name=(null) file=\\?\UNC\psf\Home\Documents\mxd\BeiDou-Server\clien\Data\Item\Pet\5000119.img
2026-08-28 08:24:13.287 [seq=1830] [tid=8696] MapViewOfFile mapping=000012D0 result=1E8A0000 err=0 access=0x00000004 offset=0:0 bytes=0
2026-08-28 08:24:13.384 [seq=1831] [tid=8696] CreateFileMappingA input=0000131C result=00001354 err=0 name=(null) file=\\?\UNC\psf\Home\Documents\mxd\BeiDou-Server\clien\Data\Item\Pet\5000125.img
2026-08-28 08:24:13.390 [seq=1832] [tid=8696] MapViewOfFile mapping=00001354 result=1E590000 err=0 access=0x00000004 offset=0:0 bytes=0
2026-08-28 08:24:13.401 [seq=1833] [tid=8696] CreateFileMappingA input=00001358 result=00001320 err=0 name=(null) file=\\?\UNC\psf\Home\Documents\mxd\BeiDou-Server\clien\Data\Item\Pet\5000125.img
2026-08-28 08:24:13.406 [seq=1834] [tid=8696] MapViewOfFile mapping=00001320 result=1E960000 err=0 access=0x00000004 offset=0:0 bytes=0
2026-08-28 08:24:13.481 [seq=1835] [tid=8696] CreateFileMappingA input=00001158 result=0000131C err=0 name=(null) file=\\?\UNC\psf\Home\Documents\mxd\BeiDou-Server\clien\Data\Item\Pet\5001005.img
2026-08-28 08:24:13.488 [seq=1836] [tid=8696] MapViewOfFile mapping=0000131C result=1EAE0000 err=0 access=0x00000004 offset=0:0 bytes=0
2026-08-28 08:24:13.560 [seq=1837] [tid=4800] event=health cpu_core_pct=29.9 working_set_mb=185 commit_mb=144 handles=1232 gdi=15 user=23 window=hung last_resource="(none)" resource_offset=0 resource_bytes=0 resource_age_ms=0
2026-08-28 08:24:13.596 [seq=1838] [tid=8696] CreateFileMappingA input=00001158 result=0000136C err=0 name=(null) file=\\?\UNC\psf\Home\Documents\mxd\BeiDou-Server\clien\Data\Item\Pet\5001011.img
2026-08-28 08:24:13.600 [seq=1839] [tid=8696] MapViewOfFile mapping=0000136C result=1E980000 err=0 access=0x00000004 offset=0:0 bytes=0
2026-08-28 08:24:13.609 [seq=1840] [tid=8696] CreateFileMappingA input=000012F8 result=00001340 err=0 name=(null) file=\\?\UNC\psf\Home\Documents\mxd\BeiDou-Server\clien\Data\Item\Pet\5001011.img
2026-08-28 08:24:13.612 [seq=1841] [tid=8696] MapViewOfFile mapping=00001340 result=1EAE0000 err=0 access=0x00000004 offset=0:0 bytes=0
2026-08-28 08:24:13.637 [seq=1842] [tid=8696] CreateFileMappingA input=00001354 result=00001158 err=0 name=(null) file=\\?\UNC\psf\Home\Documents\mxd\BeiDou-Server\clien\Data\Item\Pet\5000469.img
2026-08-28 08:24:13.641 [seq=1843] [tid=8696] MapViewOfFile mapping=00001158 result=1E590000 err=0 access=0x00000004 offset=0:0 bytes=0
2026-08-28 08:24:13.649 [seq=1844] [tid=8696] CreateFileMappingA input=00001370 result=00001374 err=0 name=(null) file=\\?\UNC\psf\Home\Documents\mxd\BeiDou-Server\clien\Data\Item\Pet\5000469.img
2026-08-28 08:24:13.653 [seq=1845] [tid=8696] MapViewOfFile mapping=00001374 result=1E980000 err=0 access=0x00000004 offset=0:0 bytes=0
2026-08-28 08:24:13.760 [seq=1846] [tid=8696] CreateFileMappingA input=00001380 result=00001384 err=0 name=(null) file=\\?\UNC\psf\Home\Documents\mxd\BeiDou-Server\clien\Data\Item\Pet\5000290.img
2026-08-28 08:24:13.771 [seq=1847] [tid=8696] MapViewOfFile mapping=00001384 result=1E590000 err=0 access=0x00000004 offset=0:0 bytes=0
2026-08-28 08:24:13.789 [seq=1848] [tid=8696] CreateFileMappingA input=00001364 result=00001368 err=0 name=(null) file=\\?\UNC\psf\Home\Documents\mxd\BeiDou-Server\clien\Data\Item\Pet\5000290.img
2026-08-28 08:24:13.794 [seq=1849] [tid=8696] MapViewOfFile mapping=00001368 result=1E9A0000 err=0 access=0x00000004 offset=0:0 bytes=0
2026-08-28 08:24:13.945 [seq=1850] [tid=8696] CreateFileMappingA input=00001354 result=0000136C err=0 name=(null) file=\\?\UNC\psf\Home\Documents\mxd\BeiDou-Server\clien\Data\Item\Pet\5000284.img
2026-08-28 08:24:13.952 [seq=1851] [tid=8696] MapViewOfFile mapping=0000136C result=1E9C0000 err=0 access=0x00000004 offset=0:0 bytes=0
2026-08-28 08:24:14.140 [seq=1852] [tid=8696] CreateFileMappingA input=00001360 result=00001380 err=0 name=(null) file=\\?\UNC\psf\Home\Documents\mxd\BeiDou-Server\clien\Data\Item\Pet\5000284.img
2026-08-28 08:24:14.193 [seq=1853] [tid=8696] MapViewOfFile mapping=00001380 result=1EC60000 err=0 access=0x00000004 offset=0:0 bytes=0
2026-08-28 08:24:14.421 [seq=1854] [tid=8696] CreateFileMappingA input=00001354 result=0000136C err=0 name=(null) file=\\?\UNC\psf\Home\Documents\mxd\BeiDou-Server\clien\Data\Item\Pet\5000253.img
2026-08-28 08:24:14.428 [seq=1855] [tid=8696] MapViewOfFile mapping=0000136C result=1E590000 err=0 access=0x00000004 offset=0:0 bytes=0
2026-08-28 08:24:14.472 [seq=1856] [tid=8696] CreateFileMappingA input=00001378 result=0000137C err=0 name=(null) file=\\?\UNC\psf\Home\Documents\mxd\BeiDou-Server\clien\Data\Item\Pet\5000253.img
2026-08-28 08:24:14.476 [seq=1857] [tid=8696] MapViewOfFile mapping=0000137C result=1E9C0000 err=0 access=0x00000004 offset=0:0 bytes=0
2026-08-28 08:24:14.600 [seq=1858] [tid=8696] CreateFileMappingA input=00001388 result=0000138C err=0 name=(null) file=\\?\UNC\psf\Home\Documents\mxd\BeiDou-Server\clien\Data\Item\Pet\5000247.img
2026-08-28 08:24:14.603 [seq=1859] [tid=8696] MapViewOfFile mapping=0000138C result=1E590000 err=0 access=0x00000004 offset=0:0 bytes=0
2026-08-28 08:24:14.612 [seq=1860] [tid=8696] CreateFileMappingA input=00001398 result=00001394 err=0 name=(null) file=\\?\UNC\psf\Home\Documents\mxd\BeiDou-Server\clien\Data\Item\Pet\5000247.img
2026-08-28 08:24:14.616 [seq=1861] [tid=8696] MapViewOfFile mapping=00001394 result=1E9F0000 err=0 access=0x00000004 offset=0:0 bytes=0
2026-08-28 08:24:14.843 [seq=1862] [tid=4800] event=health cpu_core_pct=48.1 working_set_mb=186 commit_mb=145 handles=1242 gdi=15 user=23 window=hung last_resource="(none)" resource_offset=0 resource_bytes=0 resource_age_ms=0
2026-08-28 08:24:14.851 [seq=1863] [tid=8696] CreateFileMappingA input=000013A4 result=0000138C err=0 name=(null) file=\\?\UNC\psf\Home\Documents\mxd\BeiDou-Server\clien\Data\Item\Pet\5000092.img
2026-08-28 08:24:14.855 [seq=1864] [tid=8696] MapViewOfFile mapping=0000138C result=1EB80000 err=0 access=0x00000004 offset=0:0 bytes=0
2026-08-28 08:24:14.966 [seq=1865] [tid=8696] CreateFileMappingA input=00001354 result=00001390 err=0 name=(null) file=\\?\UNC\psf\Home\Documents\mxd\BeiDou-Server\clien\Data\Item\Pet\5000086.img
2026-08-28 08:24:14.971 [seq=1866] [tid=8696] MapViewOfFile mapping=00001390 result=1ECB0000 err=0 access=0x00000004 offset=0:0 bytes=0
2026-08-28 08:24:14.982 [seq=1867] [tid=8696] CreateFileMappingA input=00001384 result=00001388 err=0 name=(null) file=\\?\UNC\psf\Home\Documents\mxd\BeiDou-Server\clien\Data\Item\Pet\5000086.img
2026-08-28 08:24:14.985 [seq=1868] [tid=8696] MapViewOfFile mapping=00001388 result=1ECF0000 err=0 access=0x00000004 offset=0:0 bytes=0
2026-08-28 08:24:15.163 [seq=1869] [tid=8696] CreateFileMappingA input=000013A8 result=0000139C err=0 name=(null) file=\\?\UNC\psf\Home\Documents\mxd\BeiDou-Server\clien\Data\Item\Pet\5000079.img
2026-08-28 08:24:15.168 [seq=1870] [tid=8696] MapViewOfFile mapping=0000139C result=1E590000 err=0 access=0x00000004 offset=0:0 bytes=0
2026-08-28 08:24:15.180 [seq=1871] [tid=8696] CreateFileMappingA input=00001390 result=000013B0 err=0 name=(null) file=\\?\UNC\psf\Home\Documents\mxd\BeiDou-Server\clien\Data\Item\Pet\5000079.img
2026-08-28 08:24:15.184 [seq=1872] [tid=8696] MapViewOfFile mapping=000013B0 result=1ECB0000 err=0 access=0x00000004 offset=0:0 bytes=0
2026-08-28 08:24:15.229 [seq=1873] [tid=8696] CreateFileMappingA input=000013B8 result=000013B4 err=0 name=(null) file=\\?\UNC\psf\Home\Documents\mxd\BeiDou-Server\clien\Data\Item\Pet\5000051.img
2026-08-28 08:24:15.234 [seq=1874] [tid=8696] MapViewOfFile mapping=000013B4 result=1ED30000 err=0 access=0x00000004 offset=0:0 bytes=0
2026-08-28 08:24:15.249 [seq=1875] [tid=8696] CreateFileMappingA input=000013A8 result=0000139C err=0 name=(null) file=\\?\UNC\psf\Home\Documents\mxd\BeiDou-Server\clien\Data\Item\Pet\5000051.img
2026-08-28 08:24:15.253 [seq=1876] [tid=8696] MapViewOfFile mapping=0000139C result=1EDB0000 err=0 access=0x00000004 offset=0:0 bytes=0
2026-08-28 08:24:15.409 [seq=1877] [tid=8696] CreateFileMappingA input=000013AC result=000013B8 err=0 name=(null) file=\\?\UNC\psf\Home\Documents\mxd\BeiDou-Server\clien\Data\Item\Pet\5000723.img
2026-08-28 08:24:15.414 [seq=1878] [tid=8696] MapViewOfFile mapping=000013B8 result=1E590000 err=0 access=0x00000004 offset=0:0 bytes=0
2026-08-28 08:24:15.435 [seq=1879] [tid=8696] CreateFileMappingA input=000013BC result=000013C0 err=0 name=(null) file=\\?\UNC\psf\Home\Documents\mxd\BeiDou-Server\clien\Data\Item\Pet\5000723.img
2026-08-28 08:24:15.439 [seq=1880] [tid=8696] MapViewOfFile mapping=000013C0 result=1ED30000 err=0 access=0x00000004 offset=0:0 bytes=0
2026-08-28 08:24:15.506 [seq=1881] [tid=8696] CreateFileMappingA input=000013C8 result=000013CC err=0 name=(null) file=\\?\UNC\psf\Home\Documents\mxd\BeiDou-Server\clien\Data\Item\Pet\5000045.img
2026-08-28 08:24:15.511 [seq=1882] [tid=8696] MapViewOfFile mapping=000013CC result=1E590000 err=0 access=0x00000004 offset=0:0 bytes=0
2026-08-28 08:24:15.521 [seq=1883] [tid=8696] CreateFileMappingA input=000013D8 result=000013DC err=0 name=(null) file=\\?\UNC\psf\Home\Documents\mxd\BeiDou-Server\clien\Data\Item\Pet\5000045.img
2026-08-28 08:24:15.527 [seq=1884] [tid=8696] MapViewOfFile mapping=000013DC result=1ED60000 err=0 access=0x00000004 offset=0:0 bytes=0
2026-08-28 08:24:15.600 [seq=1885] [tid=8696] CreateFileMappingA input=000013A0 result=000013B4 err=0 name=(null) file=\\?\UNC\psf\Home\Documents\mxd\BeiDou-Server\clien\Data\Item\Pet\5000022.img
2026-08-28 08:24:15.607 [seq=1886] [tid=8696] MapViewOfFile mapping=000013B4 result=12C90000 err=0 access=0x00000004 offset=0:0 bytes=0
2026-08-28 08:24:15.618 [seq=1887] [tid=8696] CreateFileMappingA input=000013AC result=000013C8 err=0 name=(null) file=\\?\UNC\psf\Home\Documents\mxd\BeiDou-Server\clien\Data\Item\Pet\5000022.img
2026-08-28 08:24:15.624 [seq=1888] [tid=8696] MapViewOfFile mapping=000013C8 result=1C650000 err=0 access=0x00000004 offset=0:0 bytes=0
2026-08-28 08:24:15.682 [seq=1889] [tid=8696] CreateFileMappingA input=000013E0 result=000013E4 err=0 name=(null) file=\\?\UNC\psf\Home\Documents\mxd\BeiDou-Server\clien\Data\Item\Pet\5000036.img
2026-08-28 08:24:15.685 [seq=1890] [tid=8696] MapViewOfFile mapping=000013E4 result=1E590000 err=0 access=0x00000004 offset=0:0 bytes=0
2026-08-28 08:24:15.698 [seq=1891] [tid=8696] CreateFileMappingA input=000013E8 result=000013EC err=0 name=(null) file=\\?\UNC\psf\Home\Documents\mxd\BeiDou-Server\clien\Data\Item\Pet\5000036.img
2026-08-28 08:24:15.703 [seq=1892] [tid=8696] MapViewOfFile mapping=000013EC result=1EE30000 err=0 access=0x00000004 offset=0:0 bytes=0
2026-08-28 08:24:15.782 [seq=1893] [tid=8696] CreateFileMappingA input=000013E0 result=000013E4 err=0 name=(null) file=\\?\UNC\psf\Home\Documents\mxd\BeiDou-Server\clien\Data\Item\Pet\5000208.img
2026-08-28 08:24:15.786 [seq=1894] [tid=8696] MapViewOfFile mapping=000013E4 result=1EE60000 err=0 access=0x00000004 offset=0:0 bytes=0
2026-08-28 08:24:15.809 [seq=1895] [tid=8696] CreateFileMappingA input=000013D0 result=000013CC err=0 name=(null) file=\\?\UNC\psf\Home\Documents\mxd\BeiDou-Server\clien\Data\Item\Pet\5000208.img
2026-08-28 08:24:15.902 [seq=1896] [tid=8696] MapViewOfFile mapping=000013CC result=1EEA0000 err=0 access=0x00000004 offset=0:0 bytes=0
2026-08-28 08:24:15.977 [seq=1897] [tid=8696] CreateFileMappingA input=0000131C result=000013D4 err=0 name=(null) file=\\?\UNC\psf\Home\Documents\mxd\BeiDou-Server\clien\Data\Item\Pet\5000591.img
2026-08-28 08:24:15.980 [seq=1898] [tid=8696] MapViewOfFile mapping=000013D4 result=12C90000 err=0 access=0x00000004 offset=0:0 bytes=0
2026-08-28 08:24:15.989 [seq=1899] [tid=8696] CreateFileMappingA input=000013C4 result=0000136C err=0 name=(null) file=\\?\UNC\psf\Home\Documents\mxd\BeiDou-Server\clien\Data\Item\Pet\5000591.img
2026-08-28 08:24:15.993 [seq=1900] [tid=8696] MapViewOfFile mapping=0000136C result=1CA30000 err=0 access=0x00000004 offset=0:0 bytes=0
2026-08-28 08:24:16.017 [seq=1901] [tid=8696] CreateFileMappingA input=0000131C result=000013E4 err=0 name=(null) file=\\?\UNC\psf\Home\Documents\mxd\BeiDou-Server\clien\Data\Item\Pet\5000368.img
2026-08-28 08:24:16.023 [seq=1902] [tid=8696] MapViewOfFile mapping=000013E4 result=12C90000 err=0 access=0x00000004 offset=0:0 bytes=0
2026-08-28 08:24:16.042 [seq=1903] [tid=8696] CreateFileMappingA input=00001158 result=000013D4 err=0 name=(null) file=\\?\UNC\psf\Home\Documents\mxd\BeiDou-Server\clien\Data\Item\Pet\5000368.img
2026-08-28 08:24:16.045 [seq=1904] [tid=8696] MapViewOfFile mapping=000013D4 result=1CCD0000 err=0 access=0x00000004 offset=0:0 bytes=0
2026-08-28 08:24:16.056 [seq=1905] [tid=4800] event=health cpu_core_pct=46.8 working_set_mb=189 commit_mb=148 handles=1266 gdi=15 user=23 window=hung last_resource="(none)" resource_offset=0 resource_bytes=0 resource_age_ms=0
2026-08-28 08:24:16.197 [seq=1906] [tid=8696] CreateFileMappingA input=000013E0 result=000013F0 err=0 name=(null) file=\\?\UNC\psf\Home\Documents\mxd\BeiDou-Server\clien\Data\Item\Pet\5000354.img
2026-08-28 08:24:16.202 [seq=1907] [tid=8696] MapViewOfFile mapping=000013F0 result=1E590000 err=0 access=0x00000004 offset=0:0 bytes=0
2026-08-28 08:24:16.213 [seq=1908] [tid=8696] CreateFileMappingA input=000013A0 result=00001354 err=0 name=(null) file=\\?\UNC\psf\Home\Documents\mxd\BeiDou-Server\clien\Data\Item\Pet\5000354.img
2026-08-28 08:24:16.217 [seq=1909] [tid=8696] MapViewOfFile mapping=00001354 result=1ECD0000 err=0 access=0x00000004 offset=0:0 bytes=0
2026-08-28 08:24:16.301 [seq=1910] [tid=8696] CreateFileMappingA input=000013B8 result=000013E0 err=0 name=(null) file=\\?\UNC\psf\Home\Documents\mxd\BeiDou-Server\clien\Data\Item\Pet\5000432.img
2026-08-28 08:24:16.308 [seq=1911] [tid=8696] MapViewOfFile mapping=000013E0 result=12C90000 err=0 access=0x00000004 offset=0:0 bytes=0
2026-08-28 08:24:16.324 [seq=1912] [tid=8696] CreateFileMappingA input=000013B4 result=0000131C err=0 name=(null) file=\\?\UNC\psf\Home\Documents\mxd\BeiDou-Server\clien\Data\Item\Pet\5000432.img
2026-08-28 08:24:16.327 [seq=1913] [tid=8696] MapViewOfFile mapping=0000131C result=1CDF0000 err=0 access=0x00000004 offset=0:0 bytes=0
2026-08-28 08:24:16.392 [seq=1914] [tid=8696] CreateFileMappingA input=000013B8 result=000013E0 err=0 name=(null) file=\\?\UNC\psf\Home\Documents\mxd\BeiDou-Server\clien\Data\Item\Pet\5000426.img
2026-08-28 08:24:16.400 [seq=1915] [tid=8696] MapViewOfFile mapping=000013E0 result=1E590000 err=0 access=0x00000004 offset=0:0 bytes=0
2026-08-28 08:24:16.409 [seq=1916] [tid=8696] CreateFileMappingA input=000013E4 result=000013F8 err=0 name=(null) file=\\?\UNC\psf\Home\Documents\mxd\BeiDou-Server\clien\Data\Item\Pet\5000426.img
2026-08-28 08:24:16.415 [seq=1917] [tid=8696] MapViewOfFile mapping=000013F8 result=1ED90000 err=0 access=0x00000004 offset=0:0 bytes=0
2026-08-28 08:24:16.518 [seq=1918] [tid=8696] CreateFileMappingA input=000013B8 result=000013E0 err=0 name=(null) file=\\?\UNC\psf\Home\Documents\mxd\BeiDou-Server\clien\Data\Item\Pet\5000383.img
2026-08-28 08:24:16.530 [seq=1919] [tid=8696] MapViewOfFile mapping=000013E0 result=1E590000 err=0 access=0x00000004 offset=0:0 bytes=0
2026-08-28 08:24:16.553 [seq=1920] [tid=8696] CreateFileMappingA input=000013F4 result=000013FC err=0 name=(null) file=\\?\UNC\psf\Home\Documents\mxd\BeiDou-Server\clien\Data\Item\Pet\5000383.img
2026-08-28 08:24:16.562 [seq=1921] [tid=8696] MapViewOfFile mapping=000013FC result=1EE60000 err=0 access=0x00000004 offset=0:0 bytes=0
2026-08-28 08:24:16.630 [seq=1922] [tid=8696] CreateFileMappingA input=000013B8 result=000013E0 err=0 name=(null) file=\\?\UNC\psf\Home\Documents\mxd\BeiDou-Server\clien\Data\Item\Pet\5000631.img
2026-08-28 08:24:16.636 [seq=1923] [tid=8696] MapViewOfFile mapping=000013E0 result=1E590000 err=0 access=0x00000004 offset=0:0 bytes=0
2026-08-28 08:24:16.648 [seq=1924] [tid=8696] CreateFileMappingA input=000013F0 result=00001404 err=0 name=(null) file=\\?\UNC\psf\Home\Documents\mxd\BeiDou-Server\clien\Data\Item\Pet\5000631.img
2026-08-28 08:24:16.651 [seq=1925] [tid=8696] MapViewOfFile mapping=00001404 result=1EEE0000 err=0 access=0x00000004 offset=0:0 bytes=0
2026-08-28 08:24:16.695 [seq=1926] [tid=8696] CreateFileMappingA input=0000140C result=00001408 err=0 name=(null) file=\\?\UNC\psf\Home\Documents\mxd\BeiDou-Server\clien\Data\Item\Pet\5000382.img
2026-08-28 08:24:16.700 [seq=1927] [tid=8696] MapViewOfFile mapping=00001408 result=1E590000 err=0 access=0x00000004 offset=0:0 bytes=0
2026-08-28 08:24:16.709 [seq=1928] [tid=8696] CreateFileMappingA input=00001414 result=00001418 err=0 name=(null) file=\\?\UNC\psf\Home\Documents\mxd\BeiDou-Server\clien\Data\Item\Pet\5000382.img
2026-08-28 08:24:16.716 [seq=1929] [tid=8696] MapViewOfFile mapping=00001418 result=1EF10000 err=0 access=0x00000004 offset=0:0 bytes=0
2026-08-28 08:24:16.781 [seq=1930] [tid=8696] CreateFileMappingA input=0000140C result=00001408 err=0 name=(null) file=\\?\UNC\psf\Home\Documents\mxd\BeiDou-Server\clien\Data\Item\Pet\5000427.img
2026-08-28 08:24:16.785 [seq=1931] [tid=8696] MapViewOfFile mapping=00001408 result=1E590000 err=0 access=0x00000004 offset=0:0 bytes=0
2026-08-28 08:24:16.793 [seq=1932] [tid=8696] CreateFileMappingA input=00001410 result=000013E0 err=0 name=(null) file=\\?\UNC\psf\Home\Documents\mxd\BeiDou-Server\clien\Data\Item\Pet\5000427.img
2026-08-28 08:24:16.799 [seq=1933] [tid=8696] MapViewOfFile mapping=000013E0 result=1EE80000 err=0 access=0x00000004 offset=0:0 bytes=0
2026-08-28 08:24:16.856 [seq=1934] [tid=8696] CreateFileMappingA input=000013B8 result=0000140C err=0 name=(null) file=\\?\UNC\psf\Home\Documents\mxd\BeiDou-Server\clien\Data\Item\Pet\5000341.img
2026-08-28 08:24:16.860 [seq=1935] [tid=8696] MapViewOfFile mapping=0000140C result=1E590000 err=0 access=0x00000004 offset=0:0 bytes=0
2026-08-28 08:24:16.878 [seq=1936] [tid=8696] CreateFileMappingA input=00001408 result=0000141C err=0 name=(null) file=\\?\UNC\psf\Home\Documents\mxd\BeiDou-Server\clien\Data\Item\Pet\5000341.img
2026-08-28 08:24:16.882 [seq=1937] [tid=8696] MapViewOfFile mapping=0000141C result=1EF40000 err=0 access=0x00000004 offset=0:0 bytes=0
2026-08-28 08:24:16.924 [seq=1938] [tid=8696] CreateFileMappingA input=0000142C result=00001430 err=0 name=(null) file=\\?\UNC\psf\Home\Documents\mxd\BeiDou-Server\clien\Data\Item\Pet\5000433.img
2026-08-28 08:24:16.927 [seq=1939] [tid=8696] MapViewOfFile mapping=00001430 result=12C90000 err=0 access=0x00000004 offset=0:0 bytes=0
2026-08-28 08:24:16.934 [seq=1940] [tid=8696] CreateFileMappingA input=0000143C result=00001440 err=0 name=(null) file=\\?\UNC\psf\Home\Documents\mxd\BeiDou-Server\clien\Data\Item\Pet\5000433.img
2026-08-28 08:24:16.937 [seq=1941] [tid=8696] MapViewOfFile mapping=00001440 result=1CE30000 err=0 access=0x00000004 offset=0:0 bytes=0
2026-08-28 08:24:16.988 [seq=1942] [tid=8696] CreateFileMappingA input=0000142C result=0000144C err=0 name=(null) file=\\?\UNC\psf\Home\Documents\mxd\BeiDou-Server\clien\Data\Item\Pet\5000369.img
2026-08-28 08:24:16.993 [seq=1943] [tid=8696] MapViewOfFile mapping=0000144C result=1E590000 err=0 access=0x00000004 offset=0:0 bytes=0
2026-08-28 08:24:17.020 [seq=1944] [tid=8696] CreateFileMappingA input=00001430 result=00001448 err=0 name=(null) file=\\?\UNC\psf\Home\Documents\mxd\BeiDou-Server\clien\Data\Item\Pet\5000369.img
2026-08-28 08:24:17.024 [seq=1945] [tid=8696] MapViewOfFile mapping=00001448 result=1EF60000 err=0 access=0x00000004 offset=0:0 bytes=0
2026-08-28 08:24:17.070 [seq=1946] [tid=8696] CreateFileMappingA input=0000140C result=000013B8 err=0 name=(null) file=\\?\UNC\psf\Home\Documents\mxd\BeiDou-Server\clien\Data\Item\Pet\5000590.img
2026-08-28 08:24:17.073 [seq=1947] [tid=8696] MapViewOfFile mapping=000013B8 result=12C90000 err=0 access=0x00000004 offset=0:0 bytes=0
2026-08-28 08:24:17.080 [seq=1948] [tid=8696] CreateFileMappingA input=00001450 result=0000142C err=0 name=(null) file=\\?\UNC\psf\Home\Documents\mxd\BeiDou-Server\clien\Data\Item\Pet\5000590.img
2026-08-28 08:24:17.082 [seq=1949] [tid=8696] MapViewOfFile mapping=0000142C result=1CEB0000 err=0 access=0x00000004 offset=0:0 bytes=0
2026-08-28 08:24:17.101 [seq=1950] [tid=8696] CreateFileMappingA input=0000140C result=000013B8 err=0 name=(null) file=\\?\UNC\psf\Home\Documents\mxd\BeiDou-Server\clien\Data\Item\Pet\5000221.img
2026-08-28 08:24:17.103 [seq=1951] [tid=8696] MapViewOfFile mapping=000013B8 result=12C90000 err=0 access=0x00000004 offset=0:0 bytes=0
2026-08-28 08:24:17.111 [seq=1952] [tid=8696] CreateFileMappingA input=00001428 result=00001424 err=0 name=(null) file=\\?\UNC\psf\Home\Documents\mxd\BeiDou-Server\clien\Data\Item\Pet\5000221.img
2026-08-28 08:24:17.113 [seq=1953] [tid=8696] MapViewOfFile mapping=00001424 result=1D1D0000 err=0 access=0x00000004 offset=0:0 bytes=0
2026-08-28 08:24:17.290 [seq=1954] [tid=4800] event=health cpu_core_pct=51.9 working_set_mb=193 commit_mb=150 handles=1290 gdi=15 user=23 window=hung last_resource="(none)" resource_offset=0 resource_bytes=0 resource_age_ms=0
2026-08-28 08:24:17.306 [seq=1955] [tid=8696] CreateFileMappingA input=00001468 result=00001454 err=0 name=(null) file=\\?\UNC\psf\Home\Documents\mxd\BeiDou-Server\clien\Data\Item\Pet\5000209.img
2026-08-28 08:24:17.315 [seq=1956] [tid=8696] MapViewOfFile mapping=00001454 result=1EFC0000 err=0 access=0x00000004 offset=0:0 bytes=0
2026-08-28 08:24:17.390 [seq=1957] [tid=8696] CreateFileMappingA input=00001474 result=0000146C err=0 name=(null) file=\\?\UNC\psf\Home\Documents\mxd\BeiDou-Server\clien\Data\Item\Pet\5000037.img
2026-08-28 08:24:17.395 [seq=1958] [tid=8696] MapViewOfFile mapping=0000146C result=12C90000 err=0 access=0x00000004 offset=0:0 bytes=0
2026-08-28 08:24:17.406 [seq=1959] [tid=8696] CreateFileMappingA input=00001458 result=00001420 err=0 name=(null) file=\\?\UNC\psf\Home\Documents\mxd\BeiDou-Server\clien\Data\Item\Pet\5000037.img
2026-08-28 08:24:17.409 [seq=1960] [tid=8696] MapViewOfFile mapping=00001420 result=1D2E0000 err=0 access=0x00000004 offset=0:0 bytes=0
2026-08-28 08:24:17.445 [seq=1961] [tid=8696] CreateFileMappingA input=00001474 result=0000140C err=0 name=(null) file=\\?\UNC\psf\Home\Documents\mxd\BeiDou-Server\clien\Data\Item\Pet\5000023.img
2026-08-28 08:24:17.449 [seq=1962] [tid=8696] MapViewOfFile mapping=0000140C result=12C90000 err=0 access=0x00000004 offset=0:0 bytes=0
2026-08-28 08:24:17.457 [seq=1963] [tid=8696] CreateFileMappingA input=0000145C result=0000146C err=0 name=(null) file=\\?\UNC\psf\Home\Documents\mxd\BeiDou-Server\clien\Data\Item\Pet\5000023.img
2026-08-28 08:24:17.459 [seq=1964] [tid=8696] MapViewOfFile mapping=0000146C result=1E590000 err=0 access=0x00000004 offset=0:0 bytes=0
2026-08-28 08:24:17.501 [seq=1965] [tid=8696] CreateFileMappingA input=00001460 result=000013B8 err=0 name=(null) file=\\?\UNC\psf\Home\Documents\mxd\BeiDou-Server\clien\Data\Item\Pet\5000009.img
2026-08-28 08:24:17.505 [seq=1966] [tid=8696] MapViewOfFile mapping=000013B8 result=12C90000 err=0 access=0x00000004 offset=0:0 bytes=0
2026-08-28 08:24:17.511 [seq=1967] [tid=8696] CreateFileMappingA input=00001464 result=0000144C err=0 name=(null) file=\\?\UNC\psf\Home\Documents\mxd\BeiDou-Server\clien\Data\Item\Pet\5000009.img
2026-08-28 08:24:17.518 [seq=1968] [tid=8696] MapViewOfFile mapping=0000144C result=1E5A0000 err=0 access=0x00000004 offset=0:0 bytes=0
2026-08-28 08:24:17.569 [seq=1969] [tid=8696] CreateFileMappingA input=00001434 result=0000140C err=0 name=(null) file=\\?\UNC\psf\Home\Documents\mxd\BeiDou-Server\clien\Data\Item\Pet\5000035.img
2026-08-28 08:24:17.571 [seq=1970] [tid=8696] MapViewOfFile mapping=0000140C result=1F000000 err=0 access=0x00000004 offset=0:0 bytes=0
2026-08-28 08:24:17.578 [seq=1971] [tid=8696] CreateFileMappingA input=00001470 result=00001478 err=0 name=(null) file=\\?\UNC\psf\Home\Documents\mxd\BeiDou-Server\clien\Data\Item\Pet\5000035.img
2026-08-28 08:24:17.581 [seq=1972] [tid=8696] MapViewOfFile mapping=00001478 result=1F050000 err=0 access=0x00000004 offset=0:0 bytes=0
2026-08-28 08:24:17.621 [seq=1973] [tid=8696] CreateFileMappingA input=00001438 result=00001444 err=0 name=(null) file=\\?\UNC\psf\Home\Documents\mxd\BeiDou-Server\clien\Data\Item\Pet\5000021.img
2026-08-28 08:24:17.624 [seq=1974] [tid=8696] MapViewOfFile mapping=00001444 result=12C90000 err=0 access=0x00000004 offset=0:0 bytes=0
2026-08-28 08:24:17.630 [seq=1975] [tid=8696] CreateFileMappingA input=00001434 result=0000140C err=0 name=(null) file=\\?\UNC\psf\Home\Documents\mxd\BeiDou-Server\clien\Data\Item\Pet\5000021.img
2026-08-28 08:24:17.634 [seq=1976] [tid=8696] MapViewOfFile mapping=0000140C result=1E5B0000 err=0 access=0x00000004 offset=0:0 bytes=0
2026-08-28 08:24:17.676 [seq=1977] [tid=8696] CreateFileMappingA input=00001438 result=0000147C err=0 name=(null) file=\\?\UNC\psf\Home\Documents\mxd\BeiDou-Server\clien\Data\Item\Pet\5000237.img
2026-08-28 08:24:17.680 [seq=1978] [tid=8696] MapViewOfFile mapping=0000147C result=1EF80000 err=0 access=0x00000004 offset=0:0 bytes=0
2026-08-28 08:24:17.685 [seq=1979] [tid=8696] CreateFileMappingA input=00001488 result=0000148C err=0 name=(null) file=\\?\UNC\psf\Home\Documents\mxd\BeiDou-Server\clien\Data\Item\Pet\5000237.img
2026-08-28 08:24:17.689 [seq=1980] [tid=8696] MapViewOfFile mapping=0000148C result=1EFA0000 err=0 access=0x00000004 offset=0:0 bytes=0
2026-08-28 08:24:17.723 [seq=1981] [tid=8696] CreateFileMappingA input=00001494 result=00001498 err=0 name=(null) file=\\?\UNC\psf\Home\Documents\mxd\BeiDou-Server\clien\Data\Item\Pet\5000343.img
2026-08-28 08:24:17.726 [seq=1982] [tid=8696] MapViewOfFile mapping=00001498 result=12C90000 err=0 access=0x00000004 offset=0:0 bytes=0
2026-08-28 08:24:17.731 [seq=1983] [tid=8696] CreateFileMappingA input=00001438 result=000014A0 err=0 name=(null) file=\\?\UNC\psf\Home\Documents\mxd\BeiDou-Server\clien\Data\Item\Pet\5000343.img
2026-08-28 08:24:17.734 [seq=1984] [tid=8696] MapViewOfFile mapping=000014A0 result=1E660000 err=0 access=0x00000004 offset=0:0 bytes=0
2026-08-28 08:24:17.762 [seq=1985] [tid=8696] CreateFileMappingA input=0000147C result=000014A4 err=0 name=(null) file=\\?\UNC\psf\Home\Documents\mxd\BeiDou-Server\clien\Data\Item\Pet\5000425.img
2026-08-28 08:24:17.764 [seq=1986] [tid=8696] MapViewOfFile mapping=000014A4 result=1F000000 err=0 access=0x00000004 offset=0:0 bytes=0
2026-08-28 08:24:17.771 [seq=1987] [tid=8696] CreateFileMappingA input=00001498 result=0000149C err=0 name=(null) file=\\?\UNC\psf\Home\Documents\mxd\BeiDou-Server\clien\Data\Item\Pet\5000425.img
2026-08-28 08:24:17.773 [seq=1988] [tid=8696] MapViewOfFile mapping=0000149C result=1F0A0000 err=0 access=0x00000004 offset=0:0 bytes=0
2026-08-28 08:24:17.809 [seq=1989] [tid=8696] CreateFileMappingA input=0000147C result=000014A4 err=0 name=(null) file=\\?\UNC\psf\Home\Documents\mxd\BeiDou-Server\clien\Data\Item\Pet\5000431.img
2026-08-28 08:24:17.812 [seq=1990] [tid=8696] MapViewOfFile mapping=000014A4 result=12C90000 err=0 access=0x00000004 offset=0:0 bytes=0
2026-08-28 08:24:17.818 [seq=1991] [tid=8696] CreateFileMappingA input=00001494 result=000014B0 err=0 name=(null) file=\\?\UNC\psf\Home\Documents\mxd\BeiDou-Server\clien\Data\Item\Pet\5000431.img
2026-08-28 08:24:17.822 [seq=1992] [tid=8696] MapViewOfFile mapping=000014B0 result=1E740000 err=0 access=0x00000004 offset=0:0 bytes=0
2026-08-28 08:24:17.853 [seq=1993] [tid=8696] CreateFileMappingA input=0000147C result=000014A4 err=0 name=(null) file=\\?\UNC\psf\Home\Documents\mxd\BeiDou-Server\clien\Data\Item\Pet\5000632.img
2026-08-28 08:24:17.856 [seq=1994] [tid=8696] MapViewOfFile mapping=000014A4 result=12C90000 err=0 access=0x00000004 offset=0:0 bytes=0
2026-08-28 08:24:17.861 [seq=1995] [tid=8696] CreateFileMappingA input=000014C8 result=000014CC err=0 name=(null) file=\\?\UNC\psf\Home\Documents\mxd\BeiDou-Server\clien\Data\Item\Pet\5000632.img
2026-08-28 08:24:17.864 [seq=1996] [tid=8696] MapViewOfFile mapping=000014CC result=1EF80000 err=0 access=0x00000004 offset=0:0 bytes=0
2026-08-28 08:24:17.879 [seq=1997] [tid=8696] CreateFileMappingA input=0000147C result=000014A4 err=0 name=(null) file=\\?\UNC\psf\Home\Documents\mxd\BeiDou-Server\clien\Data\Item\Pet\5000626.img
2026-08-28 08:24:17.882 [seq=1998] [tid=8696] MapViewOfFile mapping=000014A4 result=1F000000 err=0 access=0x00000004 offset=0:0 bytes=0
2026-08-28 08:24:17.888 [seq=1999] [tid=8696] CreateFileMappingA input=000014BC result=000014B8 err=0 name=(null) file=\\?\UNC\psf\Home\Documents\mxd\BeiDou-Server\clien\Data\Item\Pet\5000626.img
2026-08-28 08:24:17.891 [seq=2000] [tid=8696] MapViewOfFile mapping=000014B8 result=1F0D0000 err=0 access=0x00000004 offset=0:0 bytes=0
2026-08-28 08:24:17.916 [seq=2001] [tid=8696] CreateFileMappingA input=00001490 result=000014D0 err=0 name=(null) file=\\?\UNC\psf\Home\Documents\mxd\BeiDou-Server\clien\Data\Item\Pet\5000381.img
2026-08-28 08:24:17.920 [seq=2002] [tid=8696] MapViewOfFile mapping=000014D0 result=12C90000 err=0 access=0x00000004 offset=0:0 bytes=0
2026-08-28 08:24:17.926 [seq=2003] [tid=8696] CreateFileMappingA input=0000147C result=000014A4 err=0 name=(null) file=\\?\UNC\psf\Home\Documents\mxd\BeiDou-Server\clien\Data\Item\Pet\5000381.img
2026-08-28 08:24:17.930 [seq=2004] [tid=8696] MapViewOfFile mapping=000014A4 result=1EF90000 err=0 access=0x00000004 offset=0:0 bytes=0
2026-08-28 08:24:17.977 [seq=2005] [tid=8696] CreateFileMappingA input=000014DC result=000014E0 err=0 name=(null) file=\\?\UNC\psf\Home\Documents\mxd\BeiDou-Server\clien\Data\Item\Pet\5000430.img
2026-08-28 08:24:17.988 [seq=2006] [tid=8696] MapViewOfFile mapping=000014E0 result=12C90000 err=0 access=0x00000004 offset=0:0 bytes=0
2026-08-28 08:24:18.000 [seq=2007] [tid=8696] CreateFileMappingA input=000014A8 result=00001484 err=0 name=(null) file=\\?\UNC\psf\Home\Documents\mxd\BeiDou-Server\clien\Data\Item\Pet\5000430.img
2026-08-28 08:24:18.003 [seq=2008] [tid=8696] MapViewOfFile mapping=00001484 result=1F000000 err=0 access=0x00000004 offset=0:0 bytes=0
2026-08-28 08:24:18.052 [seq=2009] [tid=8696] CreateFileMappingA input=000013B8 result=00001444 err=0 name=(null) file=\\?\UNC\psf\Home\Documents\mxd\BeiDou-Server\clien\Data\Item\Pet\5000342.img
2026-08-28 08:24:18.058 [seq=2010] [tid=8696] MapViewOfFile mapping=00001444 result=12C90000 err=0 access=0x00000004 offset=0:0 bytes=0
2026-08-28 08:24:18.066 [seq=2011] [tid=8696] CreateFileMappingA input=000014DC result=000014E4 err=0 name=(null) file=\\?\UNC\psf\Home\Documents\mxd\BeiDou-Server\clien\Data\Item\Pet\5000342.img
2026-08-28 08:24:18.069 [seq=2012] [tid=8696] MapViewOfFile mapping=000014E4 result=1F010000 err=0 access=0x00000004 offset=0:0 bytes=0
2026-08-28 08:24:18.123 [seq=2013] [tid=8696] CreateFileMappingA input=000014E0 result=000014EC err=0 name=(null) file=\\?\UNC\psf\Home\Documents\mxd\BeiDou-Server\clien\Data\Item\Pet\5000424.img
2026-08-28 08:24:18.127 [seq=2014] [tid=8696] MapViewOfFile mapping=000014EC result=1F100000 err=0 access=0x00000004 offset=0:0 bytes=0
2026-08-28 08:24:18.134 [seq=2015] [tid=8696] CreateFileMappingA input=00001490 result=000014C4 err=0 name=(null) file=\\?\UNC\psf\Home\Documents\mxd\BeiDou-Server\clien\Data\Item\Pet\5000424.img
2026-08-28 08:24:18.139 [seq=2016] [tid=8696] MapViewOfFile mapping=000014C4 result=1F150000 err=0 access=0x00000004 offset=0:0 bytes=0
2026-08-28 08:24:18.313 [seq=2017] [tid=8696] CreateFileMappingA input=000014AC result=000014D8 err=0 name=(null) file=\\?\UNC\psf\Home\Documents\mxd\BeiDou-Server\clien\Data\Item\Pet\5000587.img
2026-08-28 08:24:18.316 [seq=2018] [tid=8696] MapViewOfFile mapping=000014D8 result=12C90000 err=0 access=0x00000004 offset=0:0 bytes=0
2026-08-28 08:24:18.325 [seq=2019] [tid=8696] CreateFileMappingA input=00001480 result=000014D0 err=0 name=(null) file=\\?\UNC\psf\Home\Documents\mxd\BeiDou-Server\clien\Data\Item\Pet\5000587.img
2026-08-28 08:24:18.328 [seq=2020] [tid=8696] MapViewOfFile mapping=000014D0 result=1F020000 err=0 access=0x00000004 offset=0:0 bytes=0
2026-08-28 08:24:18.350 [seq=2021] [tid=8696] CreateFileMappingA input=000014C0 result=000014AC err=0 name=(null) file=\\?\UNC\psf\Home\Documents\mxd\BeiDou-Server\clien\Data\Item\Pet\5000020.img
2026-08-28 08:24:18.354 [seq=2022] [tid=8696] MapViewOfFile mapping=000014AC result=12C90000 err=0 access=0x00000004 offset=0:0 bytes=0
2026-08-28 08:24:18.362 [seq=2023] [tid=8696] CreateFileMappingA input=000014D8 result=000014D4 err=0 name=(null) file=\\?\UNC\psf\Home\Documents\mxd\BeiDou-Server\clien\Data\Item\Pet\5000020.img
2026-08-28 08:24:18.366 [seq=2024] [tid=8696] MapViewOfFile mapping=000014D4 result=1F030000 err=0 access=0x00000004 offset=0:0 bytes=0
2026-08-28 08:24:18.436 [seq=2025] [tid=8696] CreateFileMappingA input=000014C0 result=000014AC err=0 name=(null) file=\\?\UNC\psf\Home\Documents\mxd\BeiDou-Server\clien\Data\Item\Pet\5000034.img
2026-08-28 08:24:18.454 [seq=2026] [tid=8696] MapViewOfFile mapping=000014AC result=12C90000 err=0 access=0x00000004 offset=0:0 bytes=0
2026-08-28 08:24:18.476 [seq=2027] [tid=8696] CreateFileMappingA input=000014F8 result=000014FC err=0 name=(null) file=\\?\UNC\psf\Home\Documents\mxd\BeiDou-Server\clien\Data\Item\Pet\5000034.img
2026-08-28 08:24:18.478 [seq=2028] [tid=8696] MapViewOfFile mapping=000014FC result=1F040000 err=0 access=0x00000004 offset=0:0 bytes=0
2026-08-28 08:24:18.564 [seq=2029] [tid=4800] event=health cpu_core_pct=53.0 working_set_mb=198 commit_mb=155 handles=1326 gdi=15 user=23 window=hung last_resource="(none)" resource_offset=0 resource_bytes=0 resource_age_ms=0
2026-08-28 08:24:18.576 [seq=2030] [tid=8696] CreateFileMappingA input=00001504 result=00001508 err=0 name=(null) file=\\?\UNC\psf\Home\Documents\mxd\BeiDou-Server\clien\Data\Item\Pet\5000008.img
2026-08-28 08:24:18.581 [seq=2031] [tid=8696] MapViewOfFile mapping=00001508 result=1F120000 err=0 access=0x00000004 offset=0:0 bytes=0
2026-08-28 08:24:18.644 [seq=2032] [tid=8696] CreateFileMappingA input=000014C0 result=000014AC err=0 name=(null) file=\\?\UNC\psf\Home\Documents\mxd\BeiDou-Server\clien\Data\Item\Pet\5000030.img
2026-08-28 08:24:18.651 [seq=2033] [tid=8696] MapViewOfFile mapping=000014AC result=1F1A0000 err=0 access=0x00000004 offset=0:0 bytes=0
2026-08-28 08:24:18.663 [seq=2034] [tid=8696] CreateFileMappingA input=00001500 result=00001510 err=0 name=(null) file=\\?\UNC\psf\Home\Documents\mxd\BeiDou-Server\clien\Data\Item\Pet\5000030.img
2026-08-28 08:24:18.668 [seq=2035] [tid=8696] MapViewOfFile mapping=00001510 result=1F1E0000 err=0 access=0x00000004 offset=0:0 bytes=0
2026-08-28 08:24:18.720 [seq=2036] [tid=8696] CreateFileMappingA input=000014EC result=000014F0 err=0 name=(null) file=\\?\UNC\psf\Home\Documents\mxd\BeiDou-Server\clien\Data\Item\Pet\5000742.img
2026-08-28 08:24:18.724 [seq=2037] [tid=8696] MapViewOfFile mapping=000014F0 result=1F100000 err=0 access=0x00000004 offset=0:0 bytes=0
2026-08-28 08:24:18.734 [seq=2038] [tid=8696] CreateFileMappingA input=000014C0 result=000013B8 err=0 name=(null) file=\\?\UNC\psf\Home\Documents\mxd\BeiDou-Server\clien\Data\Item\Pet\5000742.img
2026-08-28 08:24:18.739 [seq=2039] [tid=8696] MapViewOfFile mapping=000013B8 result=1F1A0000 err=0 access=0x00000004 offset=0:0 bytes=0
2026-08-28 08:24:18.767 [seq=2040] [tid=8696] CreateFileMappingA input=00001460 result=00001444 err=0 name=(null) file=\\?\UNC\psf\Home\Documents\mxd\BeiDou-Server\clien\Data\Item\Pet\5000024.img
2026-08-28 08:24:18.771 [seq=2041] [tid=8696] MapViewOfFile mapping=00001444 result=1F100000 err=0 access=0x00000004 offset=0:0 bytes=0
2026-08-28 08:24:18.780 [seq=2042] [tid=8696] CreateFileMappingA input=000014AC result=00001474 err=0 name=(null) file=\\?\UNC\psf\Home\Documents\mxd\BeiDou-Server\clien\Data\Item\Pet\5000024.img
2026-08-28 08:24:18.784 [seq=2043] [tid=8696] MapViewOfFile mapping=00001474 result=1F1C0000 err=0 access=0x00000004 offset=0:0 bytes=0
2026-08-28 08:24:18.852 [seq=2044] [tid=8696] CreateFileMappingA input=00001460 result=000014F4 err=0 name=(null) file=\\?\UNC\psf\Home\Documents\mxd\BeiDou-Server\clien\Data\Item\Pet\5000018.img
2026-08-28 08:24:18.856 [seq=2045] [tid=8696] MapViewOfFile mapping=000014F4 result=12C90000 err=0 access=0x00000004 offset=0:0 bytes=0
2026-08-28 08:24:18.871 [seq=2046] [tid=8696] CreateFileMappingA input=000014EC result=000014F0 err=0 name=(null) file=\\?\UNC\psf\Home\Documents\mxd\BeiDou-Server\clien\Data\Item\Pet\5000018.img
2026-08-28 08:24:18.874 [seq=2047] [tid=8696] MapViewOfFile mapping=000014F0 result=1F100000 err=0 access=0x00000004 offset=0:0 bytes=0
2026-08-28 08:24:18.934 [seq=2048] [tid=8696] CreateFileMappingA input=000014B4 result=000014E0 err=0 name=(null) file=\\?\UNC\psf\Home\Documents\mxd\BeiDou-Server\clien\Data\Item\Pet\5000232.img
2026-08-28 08:24:18.937 [seq=2049] [tid=8696] MapViewOfFile mapping=000014E0 result=201F0000 err=0 access=0x00000004 offset=0:0 bytes=0
2026-08-28 08:24:18.947 [seq=2050] [tid=8696] CreateFileMappingA input=000014E8 result=000014F4 err=0 name=(null) file=\\?\UNC\psf\Home\Documents\mxd\BeiDou-Server\clien\Data\Item\Pet\5000232.img
2026-08-28 08:24:18.951 [seq=2051] [tid=8696] MapViewOfFile mapping=000014F4 result=20260000 err=0 access=0x00000004 offset=0:0 bytes=0
2026-08-28 08:24:19.033 [seq=2052] [tid=8696] CreateFileMappingA input=00001460 result=0000150C err=0 name=(null) file=\\?\UNC\psf\Home\Documents\mxd\BeiDou-Server\clien\Data\Item\Pet\5000352.img
2026-08-28 08:24:19.036 [seq=2053] [tid=8696] MapViewOfFile mapping=0000150C result=201F0000 err=0 access=0x00000004 offset=0:0 bytes=0
2026-08-28 08:24:19.051 [seq=2054] [tid=8696] CreateFileMappingA input=00001514 result=00001444 err=0 name=(null) file=\\?\UNC\psf\Home\Documents\mxd\BeiDou-Server\clien\Data\Item\Pet\5000352.img
2026-08-28 08:24:19.054 [seq=2055] [tid=8696] MapViewOfFile mapping=00001444 result=20210000 err=0 access=0x00000004 offset=0:0 bytes=0
2026-08-28 08:24:19.167 [seq=2056] [tid=8696] CreateFileMappingA input=000014E0 result=00001518 err=0 name=(null) file=\\?\UNC\psf\Home\Documents\mxd\BeiDou-Server\clien\Data\Item\Pet\5000434.img
2026-08-28 08:24:19.178 [seq=2057] [tid=8696] MapViewOfFile mapping=00001518 result=201F0000 err=0 access=0x00000004 offset=0:0 bytes=0
2026-08-28 08:24:19.191 [seq=2058] [tid=8696] CreateFileMappingA input=0000150C result=000014B4 err=0 name=(null) file=\\?\UNC\psf\Home\Documents\mxd\BeiDou-Server\clien\Data\Item\Pet\5000434.img
2026-08-28 08:24:19.195 [seq=2059] [tid=8696] MapViewOfFile mapping=000014B4 result=20230000 err=0 access=0x00000004 offset=0:0 bytes=0
2026-08-28 08:24:19.333 [seq=2060] [tid=8696] CreateFileMappingA input=00001460 result=0000151C err=0 name=(null) file=\\?\UNC\psf\Home\Documents\mxd\BeiDou-Server\clien\Data\Item\Pet\5000408.img
2026-08-28 08:24:19.339 [seq=2061] [tid=8696] MapViewOfFile mapping=0000151C result=201F0000 err=0 access=0x00000004 offset=0:0 bytes=0
2026-08-28 08:24:19.357 [seq=2062] [tid=8696] CreateFileMappingA input=00001520 result=000014E0 err=0 name=(null) file=\\?\UNC\psf\Home\Documents\mxd\BeiDou-Server\clien\Data\Item\Pet\5000408.img
2026-08-28 08:24:19.361 [seq=2063] [tid=8696] MapViewOfFile mapping=000014E0 result=202D0000 err=0 access=0x00000004 offset=0:0 bytes=0
2026-08-28 08:24:19.428 [seq=2064] [tid=8696] CreateFileMappingA input=00001518 result=00001524 err=0 name=(null) file=\\?\UNC\psf\Home\Documents\mxd\BeiDou-Server\clien\Data\Item\Pet\5000385.img
2026-08-28 08:24:19.438 [seq=2065] [tid=8696] MapViewOfFile mapping=00001524 result=202F0000 err=0 access=0x00000004 offset=0:0 bytes=0
2026-08-28 08:24:19.458 [seq=2066] [tid=8696] CreateFileMappingA input=00001528 result=00001460 err=0 name=(null) file=\\?\UNC\psf\Home\Documents\mxd\BeiDou-Server\clien\Data\Item\Pet\5000385.img
2026-08-28 08:24:19.461 [seq=2067] [tid=8696] MapViewOfFile mapping=00001460 result=20320000 err=0 access=0x00000004 offset=0:0 bytes=0
2026-08-28 08:24:19.512 [seq=2068] [tid=8696] CreateFileMappingA input=00001534 result=00001538 err=0 name=(null) file=\\?\UNC\psf\Home\Documents\mxd\BeiDou-Server\clien\Data\Item\Pet\5000391.img
2026-08-28 08:24:19.519 [seq=2069] [tid=8696] MapViewOfFile mapping=00001538 result=202F0000 err=0 access=0x00000004 offset=0:0 bytes=0
2026-08-28 08:24:19.528 [seq=2070] [tid=8696] CreateFileMappingA input=0000151C result=0000152C err=0 name=(null) file=\\?\UNC\psf\Home\Documents\mxd\BeiDou-Server\clien\Data\Item\Pet\5000391.img
2026-08-28 08:24:19.532 [seq=2071] [tid=8696] MapViewOfFile mapping=0000152C result=20350000 err=0 access=0x00000004 offset=0:0 bytes=0
2026-08-28 08:24:19.581 [seq=2072] [tid=8696] CreateFileMappingA input=00001518 result=00001530 err=0 name=(null) file=\\?\UNC\psf\Home\Documents\mxd\BeiDou-Server\clien\Data\Item\Pet\5000622.img
2026-08-28 08:24:19.585 [seq=2073] [tid=8696] MapViewOfFile mapping=00001530 result=12C90000 err=0 access=0x00000004 offset=0:0 bytes=0
2026-08-28 08:24:19.596 [seq=2074] [tid=8696] CreateFileMappingA input=00001534 result=00001538 err=0 name=(null) file=\\?\UNC\psf\Home\Documents\mxd\BeiDou-Server\clien\Data\Item\Pet\5000622.img
2026-08-28 08:24:19.599 [seq=2075] [tid=8696] MapViewOfFile mapping=00001538 result=1F110000 err=0 access=0x00000004 offset=0:0 bytes=0
2026-08-28 08:24:19.650 [seq=2076] [tid=8696] CreateFileMappingA input=00001524 result=00001518 err=0 name=(null) file=\\?\UNC\psf\Home\Documents\mxd\BeiDou-Server\clien\Data\Item\Pet\5000390.img
2026-08-28 08:24:19.656 [seq=2077] [tid=8696] MapViewOfFile mapping=00001518 result=201F0000 err=0 access=0x00000004 offset=0:0 bytes=0
2026-08-28 08:24:19.667 [seq=2078] [tid=8696] CreateFileMappingA input=00001544 result=00001548 err=0 name=(null) file=\\?\UNC\psf\Home\Documents\mxd\BeiDou-Server\clien\Data\Item\Pet\5000390.img
2026-08-28 08:24:19.670 [seq=2079] [tid=8696] MapViewOfFile mapping=00001548 result=202F0000 err=0 access=0x00000004 offset=0:0 bytes=0
2026-08-28 08:24:19.726 [seq=2080] [tid=8696] CreateFileMappingA input=00001554 result=00001558 err=0 name=(null) file=\\?\UNC\psf\Home\Documents\mxd\BeiDou-Server\clien\Data\Item\Pet\5000409.img
2026-08-28 08:24:19.736 [seq=2081] [tid=8696] MapViewOfFile mapping=00001558 result=201F0000 err=0 access=0x00000004 offset=0:0 bytes=0
2026-08-28 08:24:19.744 [seq=2082] [tid=8696] CreateFileMappingA input=00001564 result=0000155C err=0 name=(null) file=\\?\UNC\psf\Home\Documents\mxd\BeiDou-Server\clien\Data\Item\Pet\5000409.img
2026-08-28 08:24:19.748 [seq=2083] [tid=8696] MapViewOfFile mapping=0000155C result=20380000 err=0 access=0x00000004 offset=0:0 bytes=0
2026-08-28 08:24:19.812 [seq=2084] [tid=4800] event=health cpu_core_pct=36.2 working_set_mb=202 commit_mb=158 handles=1357 gdi=15 user=23 window=hung last_resource="(none)" resource_offset=0 resource_bytes=0 resource_age_ms=0
2026-08-28 08:24:19.827 [seq=2085] [tid=8696] CreateFileMappingA input=00001560 result=00001524 err=0 name=(null) file=\\?\UNC\psf\Home\Documents\mxd\BeiDou-Server\clien\Data\Item\Pet\5000353.img
2026-08-28 08:24:19.830 [seq=2086] [tid=8696] MapViewOfFile mapping=00001524 result=203A0000 err=0 access=0x00000004 offset=0:0 bytes=0
2026-08-28 08:24:19.899 [seq=2087] [tid=8696] CreateFileMappingA input=0000153C result=00001554 err=0 name=(null) file=\\?\UNC\psf\Home\Documents\mxd\BeiDou-Server\clien\Data\Item\Pet\5000435.img
2026-08-28 08:24:19.905 [seq=2088] [tid=8696] MapViewOfFile mapping=00001554 result=12C90000 err=0 access=0x00000004 offset=0:0 bytes=0
2026-08-28 08:24:19.922 [seq=2089] [tid=8696] CreateFileMappingA input=00001530 result=00001518 err=0 name=(null) file=\\?\UNC\psf\Home\Documents\mxd\BeiDou-Server\clien\Data\Item\Pet\5000435.img
2026-08-28 08:24:19.926 [seq=2090] [tid=8696] MapViewOfFile mapping=00001518 result=1F140000 err=0 access=0x00000004 offset=0:0 bytes=0
2026-08-28 08:24:19.995 [seq=2091] [tid=8696] CreateFileMappingA input=0000154C result=0000153C err=0 name=(null) file=\\?\UNC\psf\Home\Documents\mxd\BeiDou-Server\clien\Data\Item\Pet\5000596.img
2026-08-28 08:24:19.999 [seq=2092] [tid=8696] MapViewOfFile mapping=0000153C result=12C90000 err=0 access=0x00000004 offset=0:0 bytes=0
2026-08-28 08:24:20.008 [seq=2093] [tid=8696] CreateFileMappingA input=00001540 result=00001558 err=0 name=(null) file=\\?\UNC\psf\Home\Documents\mxd\BeiDou-Server\clien\Data\Item\Pet\5000596.img
2026-08-28 08:24:20.011 [seq=2094] [tid=8696] MapViewOfFile mapping=00001558 result=201F0000 err=0 access=0x00000004 offset=0:0 bytes=0
2026-08-28 08:24:20.035 [seq=2095] [tid=8696] CreateFileMappingA input=00001568 result=0000156C err=0 name=(null) file=\\?\UNC\psf\Home\Documents\mxd\BeiDou-Server\clien\Data\Item\Pet\5000227.img
2026-08-28 08:24:20.038 [seq=2096] [tid=8696] MapViewOfFile mapping=0000156C result=203C0000 err=0 access=0x00000004 offset=0:0 bytes=0
2026-08-28 08:24:20.047 [seq=2097] [tid=8696] CreateFileMappingA input=00001570 result=00001550 err=0 name=(null) file=\\?\UNC\psf\Home\Documents\mxd\BeiDou-Server\clien\Data\Item\Pet\5000227.img
2026-08-28 08:24:20.050 [seq=2098] [tid=8696] MapViewOfFile mapping=00001550 result=203E0000 err=0 access=0x00000004 offset=0:0 bytes=0
2026-08-28 08:24:20.107 [seq=2099] [tid=8696] CreateFileMappingA input=00001574 result=00001578 err=0 name=(null) file=\\?\UNC\psf\Home\Documents\mxd\BeiDou-Server\clien\Data\Item\Pet\5000541.img
2026-08-28 08:24:20.113 [seq=2100] [tid=8696] MapViewOfFile mapping=00001578 result=12C90000 err=0 access=0x00000004 offset=0:0 bytes=0
2026-08-28 08:24:20.132 [seq=2101] [tid=8696] CreateFileMappingA input=00001584 result=00001588 err=0 name=(null) file=\\?\UNC\psf\Home\Documents\mxd\BeiDou-Server\clien\Data\Item\Pet\5000541.img
2026-08-28 08:24:20.136 [seq=2102] [tid=8696] MapViewOfFile mapping=00001588 result=20200000 err=0 access=0x00000004 offset=0:0 bytes=0
2026-08-28 08:24:20.192 [seq=2103] [tid=8696] CreateFileMappingA input=00001574 result=00001578 err=0 name=(null) file=\\?\UNC\psf\Home\Documents\mxd\BeiDou-Server\clien\Data\Item\Pet\5000233.img
2026-08-28 08:24:20.195 [seq=2104] [tid=8696] MapViewOfFile mapping=00001578 result=20400000 err=0 access=0x00000004 offset=0:0 bytes=0
2026-08-28 08:24:20.204 [seq=2105] [tid=8696] CreateFileMappingA input=00001580 result=0000156C err=0 name=(null) file=\\?\UNC\psf\Home\Documents\mxd\BeiDou-Server\clien\Data\Item\Pet\5000233.img
2026-08-28 08:24:20.208 [seq=2106] [tid=8696] MapViewOfFile mapping=0000156C result=20470000 err=0 access=0x00000004 offset=0:0 bytes=0
2026-08-28 08:24:20.249 [seq=2107] [tid=8696] CreateFileMappingA input=0000157C result=0000158C err=0 name=(null) file=\\?\UNC\psf\Home\Documents\mxd\BeiDou-Server\clien\Data\Item\Pet\5000019.img
2026-08-28 08:24:20.253 [seq=2108] [tid=8696] MapViewOfFile mapping=0000158C result=203C0000 err=0 access=0x00000004 offset=0:0 bytes=0
2026-08-28 08:24:20.370 [seq=2109] [tid=8696] CreateFileMappingA input=00001590 result=0000154C err=0 name=(null) file=\\?\UNC\psf\Home\Documents\mxd\BeiDou-Server\clien\Data\Item\Pet\5000019.img
2026-08-28 08:24:20.387 [seq=2110] [tid=8696] MapViewOfFile mapping=0000154C result=20400000 err=0 access=0x00000004 offset=0:0 bytes=0
2026-08-28 08:24:20.467 [seq=2111] [tid=8696] CreateFileMappingA input=00001574 result=00001578 err=0 name=(null) file=\\?\UNC\psf\Home\Documents\mxd\BeiDou-Server\clien\Data\Item\Pet\5000025.img
2026-08-28 08:24:20.473 [seq=2112] [tid=8696] MapViewOfFile mapping=00001578 result=203C0000 err=0 access=0x00000004 offset=0:0 bytes=0
2026-08-28 08:24:20.481 [seq=2113] [tid=8696] CreateFileMappingA input=00001594 result=0000157C err=0 name=(null) file=\\?\UNC\psf\Home\Documents\mxd\BeiDou-Server\clien\Data\Item\Pet\5000025.img
2026-08-28 08:24:20.484 [seq=2114] [tid=8696] MapViewOfFile mapping=0000157C result=20420000 err=0 access=0x00000004 offset=0:0 bytes=0
2026-08-28 08:24:20.548 [seq=2115] [tid=8696] CreateFileMappingA input=00001574 result=00001578 err=0 name=(null) file=\\?\UNC\psf\Home\Documents\mxd\BeiDou-Server\clien\Data\Item\Pet\5000031.img
2026-08-28 08:24:20.551 [seq=2116] [tid=8696] MapViewOfFile mapping=00001578 result=204E0000 err=0 access=0x00000004 offset=0:0 bytes=0
2026-08-28 08:24:20.563 [seq=2117] [tid=8696] CreateFileMappingA input=00001554 result=00001598 err=0 name=(null) file=\\?\UNC\psf\Home\Documents\mxd\BeiDou-Server\clien\Data\Item\Pet\5000031.img
2026-08-28 08:24:20.567 [seq=2118] [tid=8696] MapViewOfFile mapping=00001598 result=20520000 err=0 access=0x00000004 offset=0:0 bytes=0
2026-08-28 08:24:20.641 [seq=2119] [tid=8696] CreateFileMappingA input=00001574 result=00001578 err=0 name=(null) file=\\?\UNC\psf\Home\Documents\mxd\BeiDou-Server\clien\Data\Item\Pet\5000027.img
2026-08-28 08:24:20.644 [seq=2120] [tid=8696] MapViewOfFile mapping=00001578 result=20560000 err=0 access=0x00000004 offset=0:0 bytes=0
2026-08-28 08:24:20.652 [seq=2121] [tid=8696] CreateFileMappingA input=0000158C result=00001568 err=0 name=(null) file=\\?\UNC\psf\Home\Documents\mxd\BeiDou-Server\clien\Data\Item\Pet\5000027.img
2026-08-28 08:24:20.656 [seq=2122] [tid=8696] MapViewOfFile mapping=00001568 result=205E0000 err=0 access=0x00000004 offset=0:0 bytes=0
2026-08-28 08:24:20.731 [seq=2123] [tid=8696] CreateFileMappingA input=00001574 result=00001578 err=0 name=(null) file=\\?\UNC\psf\Home\Documents\mxd\BeiDou-Server\clien\Data\Item\Pet\5000741.img
2026-08-28 08:24:20.735 [seq=2124] [tid=8696] MapViewOfFile mapping=00001578 result=12C90000 err=0 access=0x00000004 offset=0:0 bytes=0
2026-08-28 08:24:20.755 [seq=2125] [tid=8696] CreateFileMappingA input=0000159C result=0000153C err=0 name=(null) file=\\?\UNC\psf\Home\Documents\mxd\BeiDou-Server\clien\Data\Item\Pet\5000741.img
2026-08-28 08:24:20.761 [seq=2126] [tid=8696] MapViewOfFile mapping=0000153C result=20250000 err=0 access=0x00000004 offset=0:0 bytes=0
2026-08-28 08:24:20.791 [seq=2127] [tid=8696] CreateFileMappingA input=00001574 result=00001578 err=0 name=(null) file=\\?\UNC\psf\Home\Documents\mxd\BeiDou-Server\clien\Data\Item\Pet\5000033.img
2026-08-28 08:24:20.795 [seq=2128] [tid=8696] MapViewOfFile mapping=00001578 result=20560000 err=0 access=0x00000004 offset=0:0 bytes=0
2026-08-28 08:24:20.801 [seq=2129] [tid=8696] CreateFileMappingA input=000015B0 result=000015B4 err=0 name=(null) file=\\?\UNC\psf\Home\Documents\mxd\BeiDou-Server\clien\Data\Item\Pet\5000033.img
2026-08-28 08:24:20.806 [seq=2130] [tid=8696] MapViewOfFile mapping=000015B4 result=20660000 err=0 access=0x00000004 offset=0:0 bytes=0
2026-08-28 08:24:20.859 [seq=2131] [tid=8696] CreateFileMappingA input=00001574 result=000015B8 err=0 name=(null) file=\\?\UNC\psf\Home\Documents\mxd\BeiDou-Server\clien\Data\Item\Pet\5000225.img
2026-08-28 08:24:20.861 [seq=2132] [tid=8696] MapViewOfFile mapping=000015B8 result=203C0000 err=0 access=0x00000004 offset=0:0 bytes=0
2026-08-28 08:24:20.871 [seq=2133] [tid=8696] CreateFileMappingA input=000015AC result=00001578 err=0 name=(null) file=\\?\UNC\psf\Home\Documents\mxd\BeiDou-Server\clien\Data\Item\Pet\5000225.img
2026-08-28 08:24:20.875 [seq=2134] [tid=8696] MapViewOfFile mapping=00001578 result=20440000 err=0 access=0x00000004 offset=0:0 bytes=0
2026-08-28 08:24:20.924 [seq=2135] [tid=8696] CreateFileMappingA input=000015A8 result=00001574 err=0 name=(null) file=\\?\UNC\psf\Home\Documents\mxd\BeiDou-Server\clien\Data\Item\Pet\5000231.img
2026-08-28 08:24:20.928 [seq=2136] [tid=8696] MapViewOfFile mapping=00001574 result=20560000 err=0 access=0x00000004 offset=0:0 bytes=0
2026-08-28 08:24:20.938 [seq=2137] [tid=8696] CreateFileMappingA input=000015C0 result=000015C4 err=0 name=(null) file=\\?\UNC\psf\Home\Documents\mxd\BeiDou-Server\clien\Data\Item\Pet\5000231.img
2026-08-28 08:24:20.942 [seq=2138] [tid=8696] MapViewOfFile mapping=000015C4 result=206B0000 err=0 access=0x00000004 offset=0:0 bytes=0
2026-08-28 08:24:20.988 [seq=2139] [tid=8696] CreateFileMappingA input=000015A4 result=000015B8 err=0 name=(null) file=\\?\UNC\psf\Home\Documents\mxd\BeiDou-Server\clien\Data\Item\Pet\5000437.img
2026-08-28 08:24:20.992 [seq=2140] [tid=8696] MapViewOfFile mapping=000015B8 result=203C0000 err=0 access=0x00000004 offset=0:0 bytes=0
2026-08-28 08:24:21.002 [seq=2141] [tid=8696] CreateFileMappingA input=000015A8 result=000015C8 err=0 name=(null) file=\\?\UNC\psf\Home\Documents\mxd\BeiDou-Server\clien\Data\Item\Pet\5000437.img
2026-08-28 08:24:21.005 [seq=2142] [tid=8696] MapViewOfFile mapping=000015C8 result=204E0000 err=0 access=0x00000004 offset=0:0 bytes=0
2026-08-28 08:24:21.061 [seq=2143] [tid=8696] CreateFileMappingA input=000015BC result=000015A0 err=0 name=(null) file=\\?\UNC\psf\Home\Documents\mxd\BeiDou-Server\clien\Data\Item\Pet\5000345.img
2026-08-28 08:24:21.065 [seq=2144] [tid=8696] MapViewOfFile mapping=000015A0 result=203C0000 err=0 access=0x00000004 offset=0:0 bytes=0
2026-08-28 08:24:21.073 [seq=2145] [tid=8696] CreateFileMappingA input=000015B8 result=000015A4 err=0 name=(null) file=\\?\UNC\psf\Home\Documents\mxd\BeiDou-Server\clien\Data\Item\Pet\5000345.img
2026-08-28 08:24:21.077 [seq=2146] [tid=8696] MapViewOfFile mapping=000015A4 result=20500000 err=0 access=0x00000004 offset=0:0 bytes=0
2026-08-28 08:24:21.146 [seq=2147] [tid=8696] CreateFileMappingA input=000015BC result=000015A0 err=0 name=(null) file=\\?\UNC\psf\Home\Documents\mxd\BeiDou-Server\clien\Data\Item\Pet\5000386.img
2026-08-28 08:24:21.151 [seq=2148] [tid=8696] MapViewOfFile mapping=000015A0 result=20560000 err=0 access=0x00000004 offset=0:0 bytes=0
2026-08-28 08:24:21.184 [seq=2149] [tid=8696] CreateFileMappingA input=000015D0 result=00001574 err=0 name=(null) file=\\?\UNC\psf\Home\Documents\mxd\BeiDou-Server\clien\Data\Item\Pet\5000386.img
2026-08-28 08:24:21.189 [seq=2150] [tid=8696] MapViewOfFile mapping=00001574 result=20590000 err=0 access=0x00000004 offset=0:0 bytes=0
2026-08-28 08:24:21.257 [seq=2151] [tid=8696] CreateFileMappingA input=000015D8 result=000015E4 err=0 name=(null) file=\\?\UNC\psf\Home\Documents\mxd\BeiDou-Server\clien\Data\Item\Pet\5000191.img
2026-08-28 08:24:21.263 [seq=2152] [tid=8696] MapViewOfFile mapping=000015E4 result=12C90000 err=0 access=0x00000004 offset=0:0 bytes=0
2026-08-28 08:24:21.276 [seq=2153] [tid=8696] CreateFileMappingA input=000015BC result=000015EC err=0 name=(null) file=\\?\UNC\psf\Home\Documents\mxd\BeiDou-Server\clien\Data\Item\Pet\5000191.img
2026-08-28 08:24:21.280 [seq=2154] [tid=8696] MapViewOfFile mapping=000015EC result=20310000 err=0 access=0x00000004 offset=0:0 bytes=0
2026-08-28 08:24:21.460 [seq=2155] [tid=8696] CreateFileMappingA input=000015DC result=000015E0 err=0 name=(null) file=\\?\UNC\psf\Home\Documents\mxd\BeiDou-Server\clien\Data\Item\Pet\5000608.img
2026-08-28 08:24:21.468 [seq=2156] [tid=8696] MapViewOfFile mapping=000015E0 result=12C90000 err=0 access=0x00000004 offset=0:0 bytes=0
2026-08-28 08:24:21.492 [seq=2157] [tid=8696] CreateFileMappingA input=000015CC result=000015E8 err=0 name=(null) file=\\?\UNC\psf\Home\Documents\mxd\BeiDou-Server\clien\Data\Item\Pet\5000608.img
2026-08-28 08:24:21.498 [seq=2158] [tid=8696] MapViewOfFile mapping=000015E8 result=203C0000 err=0 access=0x00000004 offset=0:0 bytes=0
2026-08-28 08:24:21.618 [seq=2159] [tid=8696] CreateFileMappingA input=000015E4 result=000015F0 err=0 name=(null) file=\\?\UNC\psf\Home\Documents\mxd\BeiDou-Server\clien\Data\Item\Pet\5000152.img
2026-08-28 08:24:21.649 [seq=2160] [tid=8696] MapViewOfFile mapping=000015F0 result=20560000 err=0 access=0x00000004 offset=0:0 bytes=0
2026-08-28 08:24:21.689 [seq=2161] [tid=8696] CreateFileMappingA input=000015DC result=000015D8 err=0 name=(null) file=\\?\UNC\psf\Home\Documents\mxd\BeiDou-Server\clien\Data\Item\Pet\5000152.img
2026-08-28 08:24:21.707 [seq=2162] [tid=8696] MapViewOfFile mapping=000015D8 result=205C0000 err=0 access=0x00000004 offset=0:0 bytes=0
2026-08-28 08:24:21.836 [seq=2163] [tid=8696] CreateFileMappingA input=00001600 result=00001604 err=0 name=(null) file=\\?\UNC\psf\Home\Documents\mxd\BeiDou-Server\clien\Data\Item\Pet\5000387.img
2026-08-28 08:24:21.847 [seq=2164] [tid=8696] MapViewOfFile mapping=00001604 result=20560000 err=0 access=0x00000004 offset=0:0 bytes=0
2026-08-28 08:24:21.875 [seq=2165] [tid=8696] CreateFileMappingA input=000015F4 result=000015E4 err=0 name=(null) file=\\?\UNC\psf\Home\Documents\mxd\BeiDou-Server\clien\Data\Item\Pet\5000387.img
2026-08-28 08:24:21.892 [seq=2166] [tid=8696] MapViewOfFile mapping=000015E4 result=20710000 err=0 access=0x00000004 offset=0:0 bytes=0
2026-08-28 08:24:21.971 [seq=2167] [tid=8696] CreateFileMappingA input=00001600 result=00001604 err=0 name=(null) file=\\?\UNC\psf\Home\Documents\mxd\BeiDou-Server\clien\Data\Item\Pet\5000393.img
2026-08-28 08:24:21.988 [seq=2168] [tid=8696] MapViewOfFile mapping=00001604 result=12C90000 err=0 access=0x00000004 offset=0:0 bytes=0
2026-08-28 08:24:22.030 [seq=2169] [tid=8696] CreateFileMappingA input=000015A0 result=00001608 err=0 name=(null) file=\\?\UNC\psf\Home\Documents\mxd\BeiDou-Server\clien\Data\Item\Pet\5000393.img
2026-08-28 08:24:22.036 [seq=2170] [tid=8696] MapViewOfFile mapping=00001608 result=203D0000 err=0 access=0x00000004 offset=0:0 bytes=0
2026-08-28 08:24:22.073 [seq=2171] [tid=8696] CreateFileMappingA input=00001610 result=0000160C err=0 name=(null) file=\\?\UNC\psf\Home\Documents\mxd\BeiDou-Server\clien\Data\Item\Pet\5000344.img
2026-08-28 08:24:22.078 [seq=2172] [tid=8696] MapViewOfFile mapping=0000160C result=12C90000 err=0 access=0x00000004 offset=0:0 bytes=0
2026-08-28 08:24:22.085 [seq=2173] [tid=8696] CreateFileMappingA input=00001618 result=000015F0 err=0 name=(null) file=\\?\UNC\psf\Home\Documents\mxd\BeiDou-Server\clien\Data\Item\Pet\5000344.img
2026-08-28 08:24:22.088 [seq=2174] [tid=8696] MapViewOfFile mapping=000015F0 result=20460000 err=0 access=0x00000004 offset=0:0 bytes=0
2026-08-28 08:24:22.148 [seq=2175] [tid=4800] event=health cpu_core_pct=28.7 working_set_mb=208 commit_mb=163 handles=1402 gdi=15 user=23 window=hung last_resource="(none)" resource_offset=0 resource_bytes=0 resource_age_ms=0
2026-08-28 08:24:22.158 [seq=2176] [tid=8696] CreateFileMappingA input=00001610 result=0000160C err=0 name=(null) file=\\?\UNC\psf\Home\Documents\mxd\BeiDou-Server\clien\Data\Item\Pet\5000230.img
2026-08-28 08:24:22.162 [seq=2177] [tid=8696] MapViewOfFile mapping=0000160C result=20740000 err=0 access=0x00000004 offset=0:0 bytes=0
2026-08-28 08:24:22.172 [seq=2178] [tid=8696] CreateFileMappingA input=000015FC result=0000161C err=0 name=(null) file=\\?\UNC\psf\Home\Documents\mxd\BeiDou-Server\clien\Data\Item\Pet\5000230.img
2026-08-28 08:24:22.175 [seq=2179] [tid=8696] MapViewOfFile mapping=0000161C result=207B0000 err=0 access=0x00000004 offset=0:0 bytes=0
2026-08-28 08:24:22.252 [seq=2180] [tid=8696] CreateFileMappingA input=000015D4 result=00001614 err=0 name=(null) file=\\?\UNC\psf\Home\Documents\mxd\BeiDou-Server\clien\Data\Item\Pet\5000032.img
2026-08-28 08:24:22.258 [seq=2181] [tid=8696] MapViewOfFile mapping=00001614 result=20740000 err=0 access=0x00000004 offset=0:0 bytes=0
2026-08-28 08:24:22.268 [seq=2182] [tid=8696] CreateFileMappingA input=000015E0 result=0000160C err=0 name=(null) file=\\?\UNC\psf\Home\Documents\mxd\BeiDou-Server\clien\Data\Item\Pet\5000032.img
2026-08-28 08:24:22.273 [seq=2183] [tid=8696] MapViewOfFile mapping=0000160C result=20820000 err=0 access=0x00000004 offset=0:0 bytes=0
2026-08-28 08:24:22.325 [seq=2184] [tid=8696] CreateFileMappingA input=00001600 result=000015F8 err=0 name=(null) file=\\?\UNC\psf\Home\Documents\mxd\BeiDou-Server\clien\Data\Item\Pet\5000026.img
2026-08-28 08:24:22.332 [seq=2185] [tid=8696] MapViewOfFile mapping=000015F8 result=20560000 err=0 access=0x00000004 offset=0:0 bytes=0
2026-08-28 08:24:22.340 [seq=2186] [tid=8696] CreateFileMappingA input=000015D4 result=00001604 err=0 name=(null) file=\\?\UNC\psf\Home\Documents\mxd\BeiDou-Server\clien\Data\Item\Pet\5000026.img
2026-08-28 08:24:22.407 [seq=2187] [tid=8696] MapViewOfFile mapping=00001604 result=20740000 err=0 access=0x00000004 offset=0:0 bytes=0
2026-08-28 08:24:22.530 [seq=2188] [tid=8696] CreateFileMappingA input=00001620 result=00001600 err=0 name=(null) file=\\?\UNC\psf\Home\Documents\mxd\BeiDou-Server\clien\Data\Item\Cash\0503.img
2026-08-28 08:24:22.551 [seq=2189] [tid=8696] MapViewOfFile mapping=00001600 result=20860000 err=0 access=0x00000004 offset=0:0 bytes=0
2026-08-28 08:24:22.634 [seq=2190] [tid=8696] CreateFileMappingA input=00001614 result=00001610 err=0 name=(null) file=\\?\UNC\psf\Home\Documents\mxd\BeiDou-Server\clien\Data\String\Skill.img
2026-08-28 08:24:22.647 [seq=2191] [tid=8696] MapViewOfFile mapping=00001610 result=208D0000 err=0 access=0x00000004 offset=0:0 bytes=0
2026-08-28 08:24:22.801 [seq=2192] [tid=8696] CreateFileMappingA input=0000162C result=00001628 err=0 name=(null) file=\\?\UNC\psf\Home\Documents\mxd\BeiDou-Server\clien\Data\Skill\231.img
2026-08-28 08:24:22.851 [seq=2193] [tid=8696] MapViewOfFile mapping=00001628 result=20B10000 err=0 access=0x00000004 offset=0:0 bytes=0
2026-08-28 08:24:22.900 [seq=2194] [tid=8696] CreateFileMappingA input=00001624 result=000015F8 err=0 name=(null) file=\\?\UNC\psf\Home\Documents\mxd\BeiDou-Server\clien\Data\Skill\231.img
2026-08-28 08:24:22.904 [seq=2195] [tid=8696] MapViewOfFile mapping=000015F8 result=20BF0000 err=0 access=0x00000004 offset=0:0 bytes=0
2026-08-28 08:24:23.312 [seq=2196] [tid=4800] event=health cpu_core_pct=30.4 working_set_mb=213 commit_mb=165 handles=1414 gdi=15 user=23 window=hung last_resource="(none)" resource_offset=0 resource_bytes=0 resource_age_ms=0
2026-08-28 08:24:24.179 [seq=2197] [tid=8696] CreateFileMappingA input=00001634 result=0000162C err=0 name=(null) file=\\?\UNC\psf\Home\Documents\mxd\BeiDou-Server\clien\Data\Skill\1000.img
2026-08-28 08:24:24.211 [seq=2198] [tid=8696] MapViewOfFile mapping=0000162C result=20CD0000 err=0 access=0x00000004 offset=0:0 bytes=0
2026-08-28 08:24:24.284 [seq=2199] [tid=8696] CreateFileMappingA input=00001628 result=00001638 err=0 name=(null) file=\\?\UNC\psf\Home\Documents\mxd\BeiDou-Server\clien\Data\Skill\1000.img
2026-08-28 08:24:24.299 [seq=2200] [tid=8696] MapViewOfFile mapping=00001638 result=211A0000 err=0 access=0x00000004 offset=0:0 bytes=0
2026-08-28 08:24:24.792 [seq=2201] [tid=4800] event=health cpu_core_pct=41.0 working_set_mb=213 commit_mb=165 handles=1416 gdi=15 user=23 window=hung last_resource="(none)" resource_offset=0 resource_bytes=0 resource_age_ms=0
2026-08-28 08:24:26.171 [seq=2202] [tid=4800] event=health cpu_core_pct=28.0 working_set_mb=214 commit_mb=165 handles=1416 gdi=15 user=23 window=hung last_resource="(none)" resource_offset=0 resource_bytes=0 resource_age_ms=0
2026-08-28 08:24:27.287 [seq=2203] [tid=4800] event=health cpu_core_pct=29.0 working_set_mb=214 commit_mb=165 handles=1416 gdi=15 user=23 window=hung last_resource="(none)" resource_offset=0 resource_bytes=0 resource_age_ms=0
2026-08-28 08:24:27.327 [seq=2204] [tid=8696] CreateFileMappingA input=00001648 result=0000163C err=0 name=(null) file=\\?\UNC\psf\Home\Documents\mxd\BeiDou-Server\clien\Data\Skill\1410.img
2026-08-28 08:24:27.331 [seq=2205] [tid=8696] MapViewOfFile mapping=0000163C result=20770000 err=0 access=0x00000004 offset=0:0 bytes=0
2026-08-28 08:24:27.339 [seq=2206] [tid=8696] CreateFileMappingA input=00001630 result=00001634 err=0 name=(null) file=\\?\UNC\psf\Home\Documents\mxd\BeiDou-Server\clien\Data\Skill\1410.img
2026-08-28 08:24:27.343 [seq=2207] [tid=8696] MapViewOfFile mapping=00001634 result=20B10000 err=0 access=0x00000004 offset=0:0 bytes=0
2026-08-28 08:24:27.492 [seq=2208] [tid=8696] CreateFileMappingA input=00001644 result=00001648 err=0 name=(null) file=\\?\UNC\psf\Home\Documents\mxd\BeiDou-Server\clien\Data\Skill\MCSkill.img
2026-08-28 08:24:27.498 [seq=2209] [tid=8696] MapViewOfFile mapping=00001648 result=12C90000 err=0 access=0x00000004 offset=0:0 bytes=0
2026-08-28 08:24:27.505 [seq=2210] [tid=8696] CreateFileMappingA input=0000162C result=0000163C err=0 name=(null) file=\\?\UNC\psf\Home\Documents\mxd\BeiDou-Server\clien\Data\Skill\MCSkill.img
2026-08-28 08:24:27.509 [seq=2211] [tid=8696] MapViewOfFile mapping=0000163C result=20560000 err=0 access=0x00000004 offset=0:0 bytes=0
2026-08-28 08:24:27.530 [seq=2212] [tid=8696] CreateFileMappingA input=00001644 result=00001648 err=0 name=(null) file=\\?\UNC\psf\Home\Documents\mxd\BeiDou-Server\clien\Data\Skill\422.img
2026-08-28 08:24:27.535 [seq=2213] [tid=8696] MapViewOfFile mapping=00001648 result=214B0000 err=0 access=0x00000004 offset=0:0 bytes=0
2026-08-28 08:24:27.550 [seq=2214] [tid=8696] CreateFileMappingA input=00001654 result=00001650 err=0 name=(null) file=\\?\UNC\psf\Home\Documents\mxd\BeiDou-Server\clien\Data\Skill\422.img
2026-08-28 08:24:27.579 [seq=2215] [tid=8696] MapViewOfFile mapping=00001650 result=23420000 err=0 access=0x00000004 offset=0:0 bytes=0
2026-08-28 08:24:28.260 [seq=2216] [tid=8696] CreateFileMappingA input=00001644 result=00001648 err=0 name=(null) file=\\?\UNC\psf\Home\Documents\mxd\BeiDou-Server\clien\Data\Skill\1411.img
2026-08-28 08:24:28.265 [seq=2217] [tid=8696] MapViewOfFile mapping=00001648 result=20B50000 err=0 access=0x00000004 offset=0:0 bytes=0
2026-08-28 08:24:28.276 [seq=2218] [tid=8696] CreateFileMappingA input=00001658 result=0000165C err=0 name=(null) file=\\?\UNC\psf\Home\Documents\mxd\BeiDou-Server\clien\Data\Skill\1411.img
2026-08-28 08:24:28.282 [seq=2219] [tid=8696] MapViewOfFile mapping=0000165C result=20CD0000 err=0 access=0x00000004 offset=0:0 bytes=0
2026-08-28 08:24:28.380 [seq=2220] [tid=8696] CreateFileMappingA input=00001664 result=00001668 err=0 name=(null) file=\\?\UNC\psf\Home\Documents\mxd\BeiDou-Server\clien\Data\Skill\230.img
2026-08-28 08:24:28.386 [seq=2221] [tid=8696] MapViewOfFile mapping=00001668 result=20570000 err=0 access=0x00000004 offset=0:0 bytes=0
2026-08-28 08:24:28.415 [seq=2222] [tid=4800] event=health cpu_core_pct=37.3 working_set_mb=219 commit_mb=167 handles=1427 gdi=15 user=23 window=hung last_resource="(none)" resource_offset=0 resource_bytes=0 resource_age_ms=0
2026-08-28 08:24:28.472 [seq=2223] [tid=8696] CreateFileMappingA input=00001670 result=00001664 err=0 name=(null) file=\\?\UNC\psf\Home\Documents\mxd\BeiDou-Server\clien\Data\Skill\232.img
2026-08-28 08:24:28.477 [seq=2224] [tid=8696] MapViewOfFile mapping=00001664 result=25390000 err=0 access=0x00000004 offset=0:0 bytes=0
2026-08-28 08:24:28.491 [seq=2225] [tid=8696] CreateFileMappingA input=00001648 result=00001660 err=0 name=(null) file=\\?\UNC\psf\Home\Documents\mxd\BeiDou-Server\clien\Data\Skill\232.img
2026-08-28 08:24:28.595 [seq=2226] [tid=8696] MapViewOfFile mapping=00001660 result=29380000 err=0 access=0x00000004 offset=0:0 bytes=0
2026-08-28 08:24:29.544 [seq=2227] [tid=4800] event=health cpu_core_pct=32.8 working_set_mb=222 commit_mb=168 handles=1428 gdi=15 user=23 window=hung last_resource="(none)" resource_offset=0 resource_bytes=0 resource_age_ms=0
2026-08-28 08:24:30.033 [seq=2228] [tid=8696] CreateFileMappingA input=00001670 result=00001664 err=0 name=(null) file=\\?\UNC\psf\Home\Documents\mxd\BeiDou-Server\clien\Data\Skill\420.img
2026-08-28 08:24:30.041 [seq=2229] [tid=8696] MapViewOfFile mapping=00001664 result=20570000 err=0 access=0x00000004 offset=0:0 bytes=0
2026-08-28 08:24:30.061 [seq=2230] [tid=8696] CreateFileMappingA input=00001640 result=00001674 err=0 name=(null) file=\\?\UNC\psf\Home\Documents\mxd\BeiDou-Server\clien\Data\Skill\420.img
2026-08-28 08:24:30.066 [seq=2231] [tid=8696] MapViewOfFile mapping=00001674 result=20790000 err=0 access=0x00000004 offset=0:0 bytes=0
2026-08-28 08:24:30.135 [seq=2232] [tid=8696] CreateFileMappingA input=00001670 result=00001664 err=0 name=(null) file=\\?\UNC\psf\Home\Documents\mxd\BeiDou-Server\clien\Data\Skill\421.img
2026-08-28 08:24:30.151 [seq=2233] [tid=8696] MapViewOfFile mapping=00001664 result=20B50000 err=0 access=0x00000004 offset=0:0 bytes=0
2026-08-28 08:24:30.166 [seq=2234] [tid=8696] CreateFileMappingA input=00001678 result=0000167C err=0 name=(null) file=\\?\UNC\psf\Home\Documents\mxd\BeiDou-Server\clien\Data\Skill\421.img
2026-08-28 08:24:30.171 [seq=2235] [tid=8696] MapViewOfFile mapping=0000167C result=20D70000 err=0 access=0x00000004 offset=0:0 bytes=0
2026-08-28 08:24:30.245 [seq=2236] [tid=8696] CreateFileMappingA input=00001684 result=00001688 err=0 name=(null) file=\\?\UNC\psf\Home\Documents\mxd\BeiDou-Server\clien\Data\Skill\1412.img
2026-08-28 08:24:30.252 [seq=2237] [tid=8696] MapViewOfFile mapping=00001688 result=214B0000 err=0 access=0x00000004 offset=0:0 bytes=0
2026-08-28 08:24:30.268 [seq=2238] [tid=8696] CreateFileMappingA input=00001680 result=0000166C err=0 name=(null) file=\\?\UNC\psf\Home\Documents\mxd\BeiDou-Server\clien\Data\Skill\1412.img
2026-08-28 08:24:30.271 [seq=2239] [tid=8696] MapViewOfFile mapping=0000166C result=25390000 err=0 access=0x00000004 offset=0:0 bytes=0
2026-08-28 08:24:30.885 [seq=2240] [tid=4800] event=health cpu_core_pct=20.4 working_set_mb=225 commit_mb=170 handles=1434 gdi=15 user=23 window=hung last_resource="(none)" resource_offset=0 resource_bytes=0 resource_age_ms=0
2026-08-28 08:24:31.075 [seq=2241] [tid=8696] CreateFileMappingA input=00001664 result=00001684 err=0 name=(null) file=\\?\UNC\psf\Home\Documents\mxd\BeiDou-Server\clien\Data\Skill\1200.img
2026-08-28 08:24:31.081 [seq=2242] [tid=8696] MapViewOfFile mapping=00001684 result=20B50000 err=0 access=0x00000004 offset=0:0 bytes=0
2026-08-28 08:24:31.111 [seq=2243] [tid=8696] CreateFileMappingA input=00001668 result=0000168C err=0 name=(null) file=\\?\UNC\psf\Home\Documents\mxd\BeiDou-Server\clien\Data\Skill\1200.img
2026-08-28 08:24:31.121 [seq=2244] [tid=8696] MapViewOfFile mapping=0000168C result=20B90000 err=0 access=0x00000004 offset=0:0 bytes=0
2026-08-28 08:24:31.251 [seq=2245] [tid=8696] CreateFileMappingA input=00001698 result=0000169C err=0 name=(null) file=\\?\UNC\psf\Home\Documents\mxd\BeiDou-Server\clien\Data\Skill\1210.img
2026-08-28 08:24:31.261 [seq=2246] [tid=8696] MapViewOfFile mapping=0000169C result=20E10000 err=0 access=0x00000004 offset=0:0 bytes=0
2026-08-28 08:24:31.278 [seq=2247] [tid=8696] CreateFileMappingA input=000016A4 result=000016A8 err=0 name=(null) file=\\?\UNC\psf\Home\Documents\mxd\BeiDou-Server\clien\Data\Skill\1210.img
2026-08-28 08:24:31.284 [seq=2248] [tid=8696] MapViewOfFile mapping=000016A8 result=20ED0000 err=0 access=0x00000004 offset=0:0 bytes=0
2026-08-28 08:24:31.347 [seq=2249] [tid=8696] CreateFileMappingA input=00001664 result=00001684 err=0 name=(null) file=\\?\UNC\psf\Home\Documents\mxd\BeiDou-Server\clien\Data\Skill\800.img
2026-08-28 08:24:31.351 [seq=2250] [tid=8696] MapViewOfFile mapping=00001684 result=12C90000 err=0 access=0x00000004 offset=0:0 bytes=0
2026-08-28 08:24:31.358 [seq=2251] [tid=8696] CreateFileMappingA input=00001698 result=0000169C err=0 name=(null) file=\\?\UNC\psf\Home\Documents\mxd\BeiDou-Server\clien\Data\Skill\800.img
2026-08-28 08:24:31.362 [seq=2252] [tid=8696] MapViewOfFile mapping=0000169C result=20570000 err=0 access=0x00000004 offset=0:0 bytes=0
2026-08-28 08:24:31.383 [seq=2253] [tid=8696] CreateFileMappingA input=000016B4 result=000016B8 err=0 name=(null) file=\\?\UNC\psf\Home\Documents\mxd\BeiDou-Server\clien\Data\Skill\1211.img
2026-08-28 08:24:31.385 [seq=2254] [tid=8696] MapViewOfFile mapping=000016B8 result=214B0000 err=0 access=0x00000004 offset=0:0 bytes=0
2026-08-28 08:24:31.394 [seq=2255] [tid=8696] CreateFileMappingA input=000016C8 result=000016C0 err=0 name=(null) file=\\?\UNC\psf\Home\Documents\mxd\BeiDou-Server\clien\Data\Skill\1211.img
2026-08-28 08:24:31.397 [seq=2256] [tid=8696] MapViewOfFile mapping=000016C0 result=21820000 err=0 access=0x00000004 offset=0:0 bytes=0
2026-08-28 08:24:31.518 [seq=2257] [tid=8696] CreateFileMappingA input=000016D4 result=000016C4 err=0 name=(null) file=\\?\UNC\psf\Home\Documents\mxd\BeiDou-Server\clien\Data\Skill\222.img
2026-08-28 08:24:31.527 [seq=2258] [tid=8696] MapViewOfFile mapping=000016C4 result=26770000 err=0 access=0x00000004 offset=0:0 bytes=0
2026-08-28 08:24:31.552 [seq=2259] [tid=8696] CreateFileMappingA input=000016BC result=00001664 err=0 name=(null) file=\\?\UNC\psf\Home\Documents\mxd\BeiDou-Server\clien\Data\Skill\222.img
2026-08-28 08:24:31.559 [seq=2260] [tid=8696] MapViewOfFile mapping=00001664 result=2D370000 err=0 access=0x00000004 offset=0:0 bytes=0
2026-08-28 08:24:31.927 [seq=2261] [tid=8696] CreateFileMappingA input=000016CC result=000016D8 err=0 name=(null) file=\\?\UNC\psf\Home\Documents\mxd\BeiDou-Server\clien\Data\Skill\220.img
2026-08-28 08:24:31.939 [seq=2262] [tid=8696] MapViewOfFile mapping=000016D8 result=20B50000 err=0 access=0x00000004 offset=0:0 bytes=0
2026-08-28 08:24:31.951 [seq=2263] [tid=8696] CreateFileMappingA input=000016AC result=00001684 err=0 name=(null) file=\\?\UNC\psf\Home\Documents\mxd\BeiDou-Server\clien\Data\Skill\220.img
2026-08-28 08:24:31.953 [seq=2264] [tid=8696] MapViewOfFile mapping=00001684 result=20E10000 err=0 access=0x00000004 offset=0:0 bytes=0
2026-08-28 08:24:31.994 [seq=2265] [tid=8696] CreateFileMappingA input=000016C4 result=000016D4 err=0 name=(null) file=\\?\UNC\psf\Home\Documents\mxd\BeiDou-Server\clien\Data\Skill\1400.img
2026-08-28 08:24:31.996 [seq=2266] [tid=8696] MapViewOfFile mapping=000016D4 result=20B50000 err=0 access=0x00000004 offset=0:0 bytes=0
2026-08-28 08:24:32.004 [seq=2267] [tid=8696] CreateFileMappingA input=000016B4 result=000016D0 err=0 name=(null) file=\\?\UNC\psf\Home\Documents\mxd\BeiDou-Server\clien\Data\Skill\1400.img
2026-08-28 08:24:32.010 [seq=2268] [tid=8696] MapViewOfFile mapping=000016D0 result=20E50000 err=0 access=0x00000004 offset=0:0 bytes=0
2026-08-28 08:24:32.057 [seq=2269] [tid=8696] CreateFileMappingA input=000016B8 result=000016B0 err=0 name=(null) file=\\?\UNC\psf\Home\Documents\mxd\BeiDou-Server\clien\Data\Skill\1212.img
2026-08-28 08:24:32.060 [seq=2270] [tid=8696] MapViewOfFile mapping=000016B0 result=2FB50000 err=0 access=0x00000004 offset=0:0 bytes=0
2026-08-28 08:24:32.068 [seq=2271] [tid=8696] CreateFileMappingA input=000016A0 result=00001694 err=0 name=(null) file=\\?\UNC\psf\Home\Documents\mxd\BeiDou-Server\clien\Data\Skill\1212.img
2026-08-28 08:24:32.074 [seq=2272] [tid=8696] MapViewOfFile mapping=00001694 result=33890000 err=0 access=0x00000004 offset=0:0 bytes=0
2026-08-28 08:24:32.208 [seq=2273] [tid=4800] event=health cpu_core_pct=49.9 working_set_mb=231 commit_mb=173 handles=1450 gdi=15 user=23 window=hung last_resource="(none)" resource_offset=0 resource_bytes=0 resource_age_ms=0
2026-08-28 08:24:32.646 [seq=2274] [tid=8696] CreateFileMappingA input=000016B8 result=000016B0 err=0 name=(null) file=\\?\UNC\psf\Home\Documents\mxd\BeiDou-Server\clien\Data\Skill\221.img
2026-08-28 08:24:32.652 [seq=2275] [tid=8696] MapViewOfFile mapping=000016B0 result=20F90000 err=0 access=0x00000004 offset=0:0 bytes=0
2026-08-28 08:24:32.668 [seq=2276] [tid=8696] CreateFileMappingA input=000016C4 result=000016E8 err=0 name=(null) file=\\?\UNC\psf\Home\Documents\mxd\BeiDou-Server\clien\Data\Skill\221.img
2026-08-28 08:24:32.679 [seq=2277] [tid=8696] MapViewOfFile mapping=000016E8 result=21010000 err=0 access=0x00000004 offset=0:0 bytes=0
2026-08-28 08:24:32.786 [seq=2278] [tid=8696] CreateFileMappingA input=000016D4 result=000016B8 err=0 name=(null) file=\\?\UNC\psf\Home\Documents\mxd\BeiDou-Server\clien\Data\Skill\520.img
2026-08-28 08:24:32.790 [seq=2279] [tid=8696] MapViewOfFile mapping=000016B8 result=20B50000 err=0 access=0x00000004 offset=0:0 bytes=0
2026-08-28 08:24:32.801 [seq=2280] [tid=8696] CreateFileMappingA input=000016CC result=000016DC err=0 name=(null) file=\\?\UNC\psf\Home\Documents\mxd\BeiDou-Server\clien\Data\Skill\520.img
2026-08-28 08:24:32.805 [seq=2281] [tid=8696] MapViewOfFile mapping=000016DC result=20E90000 err=0 access=0x00000004 offset=0:0 bytes=0
2026-08-28 08:24:32.854 [seq=2282] [tid=8696] CreateFileMappingA input=000016F4 result=000016D4 err=0 name=(null) file=\\?\UNC\psf\Home\Documents\mxd\BeiDou-Server\clien\Data\Skill\130.img
2026-08-28 08:24:32.858 [seq=2283] [tid=8696] MapViewOfFile mapping=000016D4 result=20B50000 err=0 access=0x00000004 offset=0:0 bytes=0
2026-08-28 08:24:32.869 [seq=2284] [tid=8696] CreateFileMappingA input=000016EC result=000016E0 err=0 name=(null) file=\\?\UNC\psf\Home\Documents\mxd\BeiDou-Server\clien\Data\Skill\130.img
2026-08-28 08:24:32.874 [seq=2285] [tid=8696] MapViewOfFile mapping=000016E0 result=20F90000 err=0 access=0x00000004 offset=0:0 bytes=0
2026-08-28 08:24:32.938 [seq=2286] [tid=8696] CreateFileMappingA input=00001704 result=00001708 err=0 name=(null) file=\\?\UNC\psf\Home\Documents\mxd\BeiDou-Server\clien\Data\Skill\1300.img
2026-08-28 08:24:32.944 [seq=2287] [tid=8696] MapViewOfFile mapping=00001708 result=20B50000 err=0 access=0x00000004 offset=0:0 bytes=0
2026-08-28 08:24:32.961 [seq=2288] [tid=8696] CreateFileMappingA input=000016D4 result=000016D8 err=0 name=(null) file=\\?\UNC\psf\Home\Documents\mxd\BeiDou-Server\clien\Data\Skill\1300.img
2026-08-28 08:24:32.967 [seq=2289] [tid=8696] MapViewOfFile mapping=000016D8 result=20FC0000 err=0 access=0x00000004 offset=0:0 bytes=0
2026-08-28 08:24:33.084 [seq=2290] [tid=8696] CreateFileMappingA input=000016F8 result=000016B8 err=0 name=(null) file=\\?\UNC\psf\Home\Documents\mxd\BeiDou-Server\clien\Data\Skill\131.img
2026-08-28 08:24:33.093 [seq=2291] [tid=8696] MapViewOfFile mapping=000016B8 result=214B0000 err=0 access=0x00000004 offset=0:0 bytes=0
2026-08-28 08:24:33.111 [seq=2292] [tid=8696] CreateFileMappingA input=00001704 result=000016E4 err=0 name=(null) file=\\?\UNC\psf\Home\Documents\mxd\BeiDou-Server\clien\Data\Skill\131.img
2026-08-28 08:24:33.118 [seq=2293] [tid=8696] MapViewOfFile mapping=000016E4 result=215B0000 err=0 access=0x00000004 offset=0:0 bytes=0
2026-08-28 08:24:33.195 [seq=2294] [tid=8696] CreateFileMappingA input=000016FC result=000016F8 err=0 name=(null) file=\\?\UNC\psf\Home\Documents\mxd\BeiDou-Server\clien\Data\Skill\1512.img
2026-08-28 08:24:33.199 [seq=2295] [tid=8696] MapViewOfFile mapping=000016F8 result=26770000 err=0 access=0x00000004 offset=0:0 bytes=0
2026-08-28 08:24:33.211 [seq=2296] [tid=8696] CreateFileMappingA input=00001708 result=00001690 err=0 name=(null) file=\\?\UNC\psf\Home\Documents\mxd\BeiDou-Server\clien\Data\Skill\1512.img
2026-08-28 08:24:33.218 [seq=2297] [tid=8696] MapViewOfFile mapping=00001690 result=2FB50000 err=0 access=0x00000004 offset=0:0 bytes=0
2026-08-28 08:24:33.415 [seq=2298] [tid=4800] event=health cpu_core_pct=41.3 working_set_mb=236 commit_mb=176 handles=1462 gdi=15 user=23 window=hung last_resource="(none)" resource_offset=0 resource_bytes=0 resource_age_ms=0
2026-08-28 08:24:34.328 [seq=2299] [tid=8696] CreateFileMappingA input=000016F4 result=00001710 err=0 name=(null) file=\\?\UNC\psf\Home\Documents\mxd\BeiDou-Server\clien\Data\Skill\910.img
2026-08-28 08:24:34.474 [seq=2300] [tid=8696] MapViewOfFile mapping=00001710 result=214B0000 err=0 access=0x00000004 offset=0:0 bytes=0
2026-08-28 08:24:34.557 [seq=2301] [tid=4800] event=health cpu_core_pct=31.9 working_set_mb=240 commit_mb=178 handles=1464 gdi=15 user=23 window=hung last_resource="(none)" resource_offset=0 resource_bytes=0 resource_age_ms=0
2026-08-28 08:24:34.737 [seq=2302] [tid=8696] CreateFileMappingA input=000016F8 result=00001714 err=0 name=(null) file=\\?\UNC\psf\Home\Documents\mxd\BeiDou-Server\clien\Data\Skill\BFSkill.img
2026-08-28 08:24:34.746 [seq=2303] [tid=8696] MapViewOfFile mapping=00001714 result=12C90000 err=0 access=0x00000004 offset=0:0 bytes=0
2026-08-28 08:24:34.780 [seq=2304] [tid=8696] CreateFileMappingA input=000016F4 result=00001710 err=0 name=(null) file=\\?\UNC\psf\Home\Documents\mxd\BeiDou-Server\clien\Data\Skill\BFSkill.img
2026-08-28 08:24:34.791 [seq=2305] [tid=8696] MapViewOfFile mapping=00001710 result=20580000 err=0 access=0x00000004 offset=0:0 bytes=0
2026-08-28 08:24:34.888 [seq=2306] [tid=8696] CreateFileMappingA input=000016F8 result=00001714 err=0 name=(null) file=\\?\UNC\psf\Home\Documents\mxd\BeiDou-Server\clien\Data\Skill\521.img
2026-08-28 08:24:34.934 [seq=2307] [tid=8696] MapViewOfFile mapping=00001714 result=214B0000 err=0 access=0x00000004 offset=0:0 bytes=0
2026-08-28 08:24:34.956 [seq=2308] [tid=8696] CreateFileMappingA input=0000172C result=00001730 err=0 name=(null) file=\\?\UNC\psf\Home\Documents\mxd\BeiDou-Server\clien\Data\Skill\521.img
2026-08-28 08:24:34.964 [seq=2309] [tid=8696] MapViewOfFile mapping=00001730 result=21530000 err=0 access=0x00000004 offset=0:0 bytes=0
2026-08-28 08:24:35.089 [seq=2310] [tid=8696] CreateFileMappingA input=000016F8 result=0000171C err=0 name=(null) file=\\?\UNC\psf\Home\Documents\mxd\BeiDou-Server\clien\Data\Skill\MobSkill.img
2026-08-28 08:24:35.094 [seq=2311] [tid=8696] MapViewOfFile mapping=0000171C result=375D0000 err=0 access=0x00000004 offset=0:0 bytes=0
2026-08-28 08:24:35.103 [seq=2312] [tid=8696] CreateFileMappingA input=000016F0 result=00001728 err=0 name=(null) file=\\?\UNC\psf\Home\Documents\mxd\BeiDou-Server\clien\Data\Skill\MobSkill.img
2026-08-28 08:24:35.107 [seq=2313] [tid=8696] MapViewOfFile mapping=00001728 result=3A4B0000 err=0 access=0x00000004 offset=0:0 bytes=0
2026-08-28 08:24:35.156 [seq=2314] [tid=8696] CreateFileMappingA input=0000173C result=00001700 err=0 name=(null) file=\\?\UNC\psf\Home\Documents\mxd\BeiDou-Server\clien\Data\Skill\1510.img
2026-08-28 08:24:35.174 [seq=2315] [tid=8696] MapViewOfFile mapping=00001700 result=21090000 err=0 access=0x00000004 offset=0:0 bytes=0
2026-08-28 08:24:35.183 [seq=2316] [tid=8696] CreateFileMappingA input=00001738 result=00001714 err=0 name=(null) file=\\?\UNC\psf\Home\Documents\mxd\BeiDou-Server\clien\Data\Skill\1510.img
2026-08-28 08:24:35.186 [seq=2317] [tid=8696] MapViewOfFile mapping=00001714 result=214B0000 err=0 access=0x00000004 offset=0:0 bytes=0
2026-08-28 08:24:35.292 [seq=2318] [tid=8696] CreateFileMappingA input=0000171C result=00001740 err=0 name=(null) file=\\?\UNC\psf\Home\Documents\mxd\BeiDou-Server\clien\Data\Skill\1100.img
2026-08-28 08:24:35.321 [seq=2319] [tid=8696] MapViewOfFile mapping=00001740 result=21090000 err=0 access=0x00000004 offset=0:0 bytes=0
2026-08-28 08:24:35.367 [seq=2320] [tid=8696] CreateFileMappingA input=0000173C result=00001720 err=0 name=(null) file=\\?\UNC\psf\Home\Documents\mxd\BeiDou-Server\clien\Data\Skill\1100.img
2026-08-28 08:24:35.370 [seq=2321] [tid=8696] MapViewOfFile mapping=00001720 result=21760000 err=0 access=0x00000004 offset=0:0 bytes=0
2026-08-28 08:24:35.880 [seq=2322] [tid=4800] event=health cpu_core_pct=31.7 working_set_mb=242 commit_mb=179 handles=1474 gdi=15 user=23 window=hung last_resource="(none)" resource_offset=0 resource_bytes=0 resource_age_ms=0
2026-08-28 08:24:35.895 [seq=2323] [tid=8696] CreateFileMappingA input=00001700 result=000016B0 err=0 name=(null) file=\\?\UNC\psf\Home\Documents\mxd\BeiDou-Server\clien\Data\Skill\132.img
2026-08-28 08:24:35.904 [seq=2324] [tid=8696] MapViewOfFile mapping=000016B0 result=26770000 err=0 access=0x00000004 offset=0:0 bytes=0
2026-08-28 08:24:35.916 [seq=2325] [tid=8696] CreateFileMappingA input=00001744 result=00001724 err=0 name=(null) file=\\?\UNC\psf\Home\Documents\mxd\BeiDou-Server\clien\Data\Skill\132.img
2026-08-28 08:24:35.923 [seq=2326] [tid=8696] MapViewOfFile mapping=00001724 result=27780000 err=0 access=0x00000004 offset=0:0 bytes=0
2026-08-28 08:24:36.503 [seq=2327] [tid=8696] CreateFileMappingA input=00001700 result=000016B0 err=0 name=(null) file=\\?\UNC\psf\Home\Documents\mxd\BeiDou-Server\clien\Data\Skill\1511.img
2026-08-28 08:24:36.509 [seq=2328] [tid=8696] MapViewOfFile mapping=000016B0 result=22B60000 err=0 access=0x00000004 offset=0:0 bytes=0
2026-08-28 08:24:36.519 [seq=2329] [tid=8696] CreateFileMappingA input=0000174C result=00001748 err=0 name=(null) file=\\?\UNC\psf\Home\Documents\mxd\BeiDou-Server\clien\Data\Skill\1511.img
2026-08-28 08:24:36.525 [seq=2330] [tid=8696] MapViewOfFile mapping=00001748 result=22C20000 err=0 access=0x00000004 offset=0:0 bytes=0
2026-08-28 08:24:36.751 [seq=2331] [tid=8696] CreateFileMappingA input=00001750 result=00001700 err=0 name=(null) file=\\?\UNC\psf\Home\Documents\mxd\BeiDou-Server\clien\Data\Skill\522.img
2026-08-28 08:24:36.770 [seq=2332] [tid=8696] MapViewOfFile mapping=00001700 result=3D390000 err=0 access=0x00000004 offset=0:0 bytes=0
2026-08-28 08:24:36.798 [seq=2333] [tid=8696] CreateFileMappingA input=00001740 result=000016F8 err=0 name=(null) file=\\?\UNC\psf\Home\Documents\mxd\BeiDou-Server\clien\Data\Skill\522.img
2026-08-28 08:24:36.807 [seq=2334] [tid=8696] MapViewOfFile mapping=000016F8 result=40F40000 err=0 access=0x00000004 offset=0:0 bytes=0
2026-08-28 08:24:37.054 [seq=2335] [tid=4800] event=health cpu_core_pct=38.1 working_set_mb=246 commit_mb=182 handles=1480 gdi=15 user=23 window=hung last_resource="(none)" resource_offset=0 resource_bytes=0 resource_age_ms=0
2026-08-28 08:24:37.498 [seq=2336] [tid=8696] CreateFileMappingA input=00001750 result=00001700 err=0 name=(null) file=\\?\UNC\psf\Home\Documents\mxd\BeiDou-Server\clien\Data\Skill\122.img
2026-08-28 08:24:37.517 [seq=2337] [tid=8696] MapViewOfFile mapping=00001700 result=375D0000 err=0 access=0x00000004 offset=0:0 bytes=0
2026-08-28 08:24:37.526 [seq=2338] [tid=8696] CreateFileMappingA input=00001758 result=000016B0 err=0 name=(null) file=\\?\UNC\psf\Home\Documents\mxd\BeiDou-Server\clien\Data\Skill\122.img
2026-08-28 08:24:37.532 [seq=2339] [tid=8696] MapViewOfFile mapping=000016B0 result=3D390000 err=0 access=0x00000004 offset=0:0 bytes=0
2026-08-28 08:24:38.157 [seq=2340] [tid=4800] event=health cpu_core_pct=37.1 working_set_mb=251 commit_mb=183 handles=1482 gdi=15 user=23 window=hung last_resource="(none)" resource_offset=0 resource_bytes=0 resource_age_ms=0
2026-08-28 08:24:38.252 [seq=2341] [tid=8696] CreateFileMappingA input=00001764 result=00001750 err=0 name=(null) file=\\?\UNC\psf\Home\Documents\mxd\BeiDou-Server\clien\Data\Skill\320.img
2026-08-28 08:24:38.256 [seq=2342] [tid=8696] MapViewOfFile mapping=00001750 result=20B50000 err=0 access=0x00000004 offset=0:0 bytes=0
2026-08-28 08:24:38.265 [seq=2343] [tid=8696] CreateFileMappingA input=00001754 result=00001760 err=0 name=(null) file=\\?\UNC\psf\Home\Documents\mxd\BeiDou-Server\clien\Data\Skill\320.img
2026-08-28 08:24:38.269 [seq=2344] [tid=8696] MapViewOfFile mapping=00001760 result=20B70000 err=0 access=0x00000004 offset=0:0 bytes=0
2026-08-28 08:24:38.311 [seq=2345] [tid=8696] CreateFileMappingA input=00001768 result=0000176C err=0 name=(null) file=\\?\UNC\psf\Home\Documents\mxd\BeiDou-Server\clien\Data\Skill\1111.img
2026-08-28 08:24:38.315 [seq=2346] [tid=8696] MapViewOfFile mapping=0000176C result=22CE0000 err=0 access=0x00000004 offset=0:0 bytes=0
2026-08-28 08:24:38.324 [seq=2347] [tid=8696] CreateFileMappingA input=0000175C result=00001770 err=0 name=(null) file=\\?\UNC\psf\Home\Documents\mxd\BeiDou-Server\clien\Data\Skill\1111.img
2026-08-28 08:24:38.328 [seq=2348] [tid=8696] MapViewOfFile mapping=00001770 result=23010000 err=0 access=0x00000004 offset=0:0 bytes=0
2026-08-28 08:24:38.419 [seq=2349] [tid=8696] CreateFileMappingA input=00001774 result=00001768 err=0 name=(null) file=\\?\UNC\psf\Home\Documents\mxd\BeiDou-Server\clien\Data\Skill\1110.img
2026-08-28 08:24:38.424 [seq=2350] [tid=8696] MapViewOfFile mapping=00001768 result=21090000 err=0 access=0x00000004 offset=0:0 bytes=0
2026-08-28 08:24:38.432 [seq=2351] [tid=8696] CreateFileMappingA input=0000177C result=00001778 err=0 name=(null) file=\\?\UNC\psf\Home\Documents\mxd\BeiDou-Server\clien\Data\Skill\1110.img
2026-08-28 08:24:38.436 [seq=2352] [tid=8696] MapViewOfFile mapping=00001778 result=217C0000 err=0 access=0x00000004 offset=0:0 bytes=0
2026-08-28 08:24:38.473 [seq=2353] [tid=8696] CreateFileMappingA input=00001780 result=00001734 err=0 name=(null) file=\\?\UNC\psf\Home\Documents\mxd\BeiDou-Server\clien\Data\Skill\321.img
2026-08-28 08:24:38.476 [seq=2354] [tid=8696] MapViewOfFile mapping=00001734 result=22B60000 err=0 access=0x00000004 offset=0:0 bytes=0
2026-08-28 08:24:38.484 [seq=2355] [tid=8696] CreateFileMappingA input=00001774 result=00001768 err=0 name=(null) file=\\?\UNC\psf\Home\Documents\mxd\BeiDou-Server\clien\Data\Skill\321.img
2026-08-28 08:24:38.488 [seq=2356] [tid=8696] MapViewOfFile mapping=00001768 result=22CE0000 err=0 access=0x00000004 offset=0:0 bytes=0
2026-08-28 08:24:38.565 [seq=2357] [tid=8696] CreateFileMappingA input=000016B8 result=00001670 err=0 name=(null) file=\\?\UNC\psf\Home\Documents\mxd\BeiDou-Server\clien\Data\Skill\1312.img
2026-08-28 08:24:38.569 [seq=2358] [tid=8696] MapViewOfFile mapping=00001670 result=31E40000 err=0 access=0x00000004 offset=0:0 bytes=0
2026-08-28 08:24:38.581 [seq=2359] [tid=8696] CreateFileMappingA input=0000176C result=0000170C err=0 name=(null) file=\\?\UNC\psf\Home\Documents\mxd\BeiDou-Server\clien\Data\Skill\1312.img
2026-08-28 08:24:38.585 [seq=2360] [tid=8696] MapViewOfFile mapping=0000170C result=375D0000 err=0 access=0x00000004 offset=0:0 bytes=0
2026-08-28 08:24:39.143 [seq=2361] [tid=8696] CreateFileMappingA input=00001764 result=00001780 err=0 name=(null) file=\\?\UNC\psf\Home\Documents\mxd\BeiDou-Server\clien\Data\Skill\1500.img
2026-08-28 08:24:39.148 [seq=2362] [tid=8696] MapViewOfFile mapping=00001780 result=21090000 err=0 access=0x00000004 offset=0:0 bytes=0
2026-08-28 08:24:39.172 [seq=2363] [tid=8696] CreateFileMappingA input=000016B8 result=00001784 err=0 name=(null) file=\\?\UNC\psf\Home\Documents\mxd\BeiDou-Server\clien\Data\Skill\1500.img
2026-08-28 08:24:39.177 [seq=2364] [tid=8696] MapViewOfFile mapping=00001784 result=22B60000 err=0 access=0x00000004 offset=0:0 bytes=0
2026-08-28 08:24:39.233 [seq=2365] [tid=8696] CreateFileMappingA input=00001764 result=00001780 err=0 name=(null) file=\\?\UNC\psf\Home\Documents\mxd\BeiDou-Server\clien\Data\Skill\ItemSkill.img
2026-08-28 08:24:39.237 [seq=2366] [tid=8696] MapViewOfFile mapping=00001780 result=12C90000 err=0 access=0x00000004 offset=0:0 bytes=0
2026-08-28 08:24:39.247 [seq=2367] [tid=8696] CreateFileMappingA input=00001794 result=0000171C err=0 name=(null) file=\\?\UNC\psf\Home\Documents\mxd\BeiDou-Server\clien\Data\Skill\ItemSkill.img
2026-08-28 08:24:39.252 [seq=2368] [tid=8696] MapViewOfFile mapping=0000171C result=20B50000 err=0 access=0x00000004 offset=0:0 bytes=0
2026-08-28 08:24:39.263 [seq=2369] [tid=8696] CreateFileMappingA input=0000179C result=00001764 err=0 name=(null) file=\\?\UNC\psf\Home\Documents\mxd\BeiDou-Server\clien\Data\Skill\900.img
2026-08-28 08:24:39.268 [seq=2370] [tid=8696] MapViewOfFile mapping=00001764 result=22D60000 err=0 access=0x00000004 offset=0:0 bytes=0
2026-08-28 08:24:39.282 [seq=2371] [tid=4800] event=health cpu_core_pct=38.8 working_set_mb=255 commit_mb=186 handles=1496 gdi=15 user=23 window=hung last_resource="(none)" resource_offset=0 resource_bytes=0 resource_age_ms=0
2026-08-28 08:24:39.350 [seq=2372] [tid=8696] CreateFileMappingA input=0000179C result=00001734 err=0 name=(null) file=\\?\UNC\psf\Home\Documents\mxd\BeiDou-Server\clien\Data\Skill\121.img
2026-08-28 08:24:39.362 [seq=2373] [tid=8696] MapViewOfFile mapping=00001734 result=22EE0000 err=0 access=0x00000004 offset=0:0 bytes=0
2026-08-28 08:24:39.370 [seq=2374] [tid=8696] CreateFileMappingA input=00001764 result=00001780 err=0 name=(null) file=\\?\UNC\psf\Home\Documents\mxd\BeiDou-Server\clien\Data\Skill\121.img
2026-08-28 08:24:39.374 [seq=2375] [tid=8696] MapViewOfFile mapping=00001780 result=26770000 err=0 access=0x00000004 offset=0:0 bytes=0
2026-08-28 08:24:39.438 [seq=2376] [tid=8696] CreateFileMappingA input=00001750 result=0000178C err=0 name=(null) file=\\?\UNC\psf\Home\Documents\mxd\BeiDou-Server\clien\Data\Skill\1310.img
2026-08-28 08:24:39.441 [seq=2377] [tid=8696] MapViewOfFile mapping=0000178C result=21090000 err=0 access=0x00000004 offset=0:0 bytes=0
2026-08-28 08:24:39.449 [seq=2378] [tid=8696] CreateFileMappingA input=0000179C result=00001688 err=0 name=(null) file=\\?\UNC\psf\Home\Documents\mxd\BeiDou-Server\clien\Data\Skill\1310.img
2026-08-28 08:24:39.452 [seq=2379] [tid=8696] MapViewOfFile mapping=00001688 result=22BA0000 err=0 access=0x00000004 offset=0:0 bytes=0
2026-08-28 08:24:39.496 [seq=2380] [tid=8696] CreateFileMappingA input=00001750 result=0000178C err=0 name=(null) file=\\?\UNC\psf\Home\Documents\mxd\BeiDou-Server\clien\Data\Skill\1112.img
2026-08-28 08:24:39.499 [seq=2381] [tid=8696] MapViewOfFile mapping=0000178C result=31E40000 err=0 access=0x00000004 offset=0:0 bytes=0
2026-08-28 08:24:39.506 [seq=2382] [tid=8696] CreateFileMappingA input=000017A8 result=000017AC err=0 name=(null) file=\\?\UNC\psf\Home\Documents\mxd\BeiDou-Server\clien\Data\Skill\1112.img
2026-08-28 08:24:39.509 [seq=2383] [tid=8696] MapViewOfFile mapping=000017AC result=38890000 err=0 access=0x00000004 offset=0:0 bytes=0
2026-08-28 08:24:39.571 [seq=2384] [tid=8696] CreateFileMappingA input=000017A4 result=000017B0 err=0 name=(null) file=\\?\UNC\psf\Home\Documents\mxd\BeiDou-Server\clien\Data\Skill\322.img
2026-08-28 08:24:39.586 [seq=2385] [tid=8696] MapViewOfFile mapping=000017B0 result=31E40000 err=0 access=0x00000004 offset=0:0 bytes=0
2026-08-28 08:24:39.595 [seq=2386] [tid=8696] CreateFileMappingA input=000017BC result=000017C0 err=0 name=(null) file=\\?\UNC\psf\Home\Documents\mxd\BeiDou-Server\clien\Data\Skill\322.img
2026-08-28 08:24:39.600 [seq=2387] [tid=8696] MapViewOfFile mapping=000017C0 result=3F790000 err=0 access=0x00000004 offset=0:0 bytes=0
2026-08-28 08:24:40.391 [seq=2388] [tid=4800] event=health cpu_core_pct=24.3 working_set_mb=259 commit_mb=188 handles=1506 gdi=15 user=23 window=hung last_resource="(none)" resource_offset=0 resource_bytes=0 resource_age_ms=0
2026-08-28 08:24:40.531 [seq=2389] [tid=8696] CreateFileMappingA input=000017CC result=000017D0 err=0 name=(null) file=\\?\UNC\psf\Home\Documents\mxd\BeiDou-Server\clien\Data\Skill\1311.img
2026-08-28 08:24:40.535 [seq=2390] [tid=8696] MapViewOfFile mapping=000017D0 result=26860000 err=0 access=0x00000004 offset=0:0 bytes=0
2026-08-28 08:24:40.583 [seq=2391] [tid=8696] CreateFileMappingA input=000017E0 result=000017A4 err=0 name=(null) file=\\?\UNC\psf\Home\Documents\mxd\BeiDou-Server\clien\Data\Skill\1311.img
2026-08-28 08:24:40.603 [seq=2392] [tid=8696] MapViewOfFile mapping=000017A4 result=269B0000 err=0 access=0x00000004 offset=0:0 bytes=0
2026-08-28 08:24:41.441 [seq=2393] [tid=8696] CreateFileMappingA input=000017CC result=000017D0 err=0 name=(null) file=\\?\UNC\psf\Home\Documents\mxd\BeiDou-Server\clien\Data\Skill\120.img
2026-08-28 08:24:41.450 [seq=2394] [tid=8696] MapViewOfFile mapping=000017D0 result=20BD0000 err=0 access=0x00000004 offset=0:0 bytes=0
2026-08-28 08:24:41.476 [seq=2395] [tid=8696] CreateFileMappingA input=000017E4 result=000017EC err=0 name=(null) file=\\?\UNC\psf\Home\Documents\mxd\BeiDou-Server\clien\Data\Skill\120.img
2026-08-28 08:24:41.483 [seq=2396] [tid=8696] MapViewOfFile mapping=000017EC result=21090000 err=0 access=0x00000004 offset=0:0 bytes=0
2026-08-28 08:24:41.533 [seq=2397] [tid=4800] event=health cpu_core_pct=31.9 working_set_mb=261 commit_mb=189 handles=1510 gdi=15 user=23 window=hung last_resource="(none)" resource_offset=0 resource_bytes=0 resource_age_ms=0
2026-08-28 08:24:41.626 [seq=2398] [tid=8696] CreateFileMappingA input=000017D4 result=00001734 err=0 name=(null) file=\\?\UNC\psf\Home\Documents\mxd\BeiDou-Server\clien\Data\Skill\111.img
2026-08-28 08:24:41.633 [seq=2399] [tid=8696] MapViewOfFile mapping=00001734 result=26B00000 err=0 access=0x00000004 offset=0:0 bytes=0
2026-08-28 08:24:41.654 [seq=2400] [tid=8696] CreateFileMappingA input=00001798 result=000017E8 err=0 name=(null) file=\\?\UNC\psf\Home\Documents\mxd\BeiDou-Server\clien\Data\Skill\111.img
2026-08-28 08:24:41.660 [seq=2401] [tid=8696] MapViewOfFile mapping=000017E8 result=28790000 err=0 access=0x00000004 offset=0:0 bytes=0
2026-08-28 08:24:42.441 [seq=2402] [tid=8696] CreateFileMappingA input=00001670 result=000017D0 err=0 name=(null) file=\\?\UNC\psf\Home\Documents\mxd\BeiDou-Server\clien\Data\Skill\312.img
2026-08-28 08:24:42.452 [seq=2403] [tid=8696] MapViewOfFile mapping=000017D0 result=44AF0000 err=0 access=0x00000004 offset=0:0 bytes=0
2026-08-28 08:24:42.551 [seq=2404] [tid=8696] CreateFileMappingA input=000017CC result=00001788 err=0 name=(null) file=\\?\UNC\psf\Home\Documents\mxd\BeiDou-Server\clien\Data\Skill\312.img
2026-08-28 08:24:42.567 [seq=2405] [tid=8696] MapViewOfFile mapping=00001788 result=46890000 err=0 access=0x00000004 offset=0:0 bytes=0
2026-08-28 08:24:42.637 [seq=2406] [tid=4800] event=health cpu_core_pct=30.4 working_set_mb=261 commit_mb=189 handles=1514 gdi=15 user=23 window=hung last_resource="(none)" resource_offset=0 resource_bytes=0 resource_age_ms=0
2026-08-28 08:24:43.312 [seq=2407] [tid=8696] CreateFileMappingA input=00001670 result=000017D0 err=0 name=(null) file=\\?\UNC\psf\Home\Documents\mxd\BeiDou-Server\clien\Data\Skill\110.img
2026-08-28 08:24:43.327 [seq=2408] [tid=8696] MapViewOfFile mapping=000017D0 result=20BD0000 err=0 access=0x00000004 offset=0:0 bytes=0
2026-08-28 08:24:43.685 [seq=2409] [tid=8696] CreateFileMappingA input=000017B8 result=000017C4 err=0 name=(null) file=\\?\UNC\psf\Home\Documents\mxd\BeiDou-Server\clien\Data\Skill\110.img
2026-08-28 08:24:43.819 [seq=2410] [tid=8696] MapViewOfFile mapping=000017C4 result=210B0000 err=0 access=0x00000004 offset=0:0 bytes=0
2026-08-28 08:24:43.988 [seq=2411] [tid=8696] CreateFileMappingA input=000017B0 result=000017B4 err=0 name=(null) file=\\?\UNC\psf\Home\Documents\mxd\BeiDou-Server\clien\Data\Skill\500.img
2026-08-28 08:24:44.009 [seq=2412] [tid=8696] MapViewOfFile mapping=000017B4 result=22D60000 err=0 access=0x00000004 offset=0:0 bytes=0
2026-08-28 08:24:44.026 [seq=2413] [tid=8696] CreateFileMappingA input=000017C8 result=000017D0 err=0 name=(null) file=\\?\UNC\psf\Home\Documents\mxd\BeiDou-Server\clien\Data\Skill\500.img
2026-08-28 08:24:44.036 [seq=2414] [tid=8696] MapViewOfFile mapping=000017D0 result=22DC0000 err=0 access=0x00000004 offset=0:0 bytes=0
2026-08-28 08:24:44.105 [seq=2415] [tid=8696] CreateFileMappingA input=00001734 result=00001670 err=0 name=(null) file=\\?\UNC\psf\Home\Documents\mxd\BeiDou-Server\clien\Data\Skill\112.img
2026-08-28 08:24:44.110 [seq=2416] [tid=8696] MapViewOfFile mapping=00001670 result=44AF0000 err=0 access=0x00000004 offset=0:0 bytes=0
2026-08-28 08:24:44.121 [seq=2417] [tid=8696] CreateFileMappingA input=000017DC result=00001750 err=0 name=(null) file=\\?\UNC\psf\Home\Documents\mxd\BeiDou-Server\clien\Data\Skill\112.img
2026-08-28 08:24:44.129 [seq=2418] [tid=8696] MapViewOfFile mapping=00001750 result=48630000 err=0 access=0x00000004 offset=0:0 bytes=0
2026-08-28 08:24:44.440 [seq=2419] [tid=8696] CreateFileMappingA input=00001734 result=000017B0 err=0 name=(null) file=\\?\UNC\psf\Home\Documents\mxd\BeiDou-Server\clien\Data\Skill\310.img
2026-08-28 08:24:44.449 [seq=2420] [tid=8696] MapViewOfFile mapping=000017B0 result=210D0000 err=0 access=0x00000004 offset=0:0 bytes=0
2026-08-28 08:24:44.460 [seq=2421] [tid=8696] CreateFileMappingA input=000017D8 result=0000178C err=0 name=(null) file=\\?\UNC\psf\Home\Documents\mxd\BeiDou-Server\clien\Data\Skill\310.img
2026-08-28 08:24:44.466 [seq=2422] [tid=8696] MapViewOfFile mapping=0000178C result=21500000 err=0 access=0x00000004 offset=0:0 bytes=0
2026-08-28 08:24:44.527 [seq=2423] [tid=8696] CreateFileMappingA input=00001734 result=000017B0 err=0 name=(null) file=\\?\UNC\psf\Home\Documents\mxd\BeiDou-Server\clien\Data\Skill\MCGuardian.img
2026-08-28 08:24:44.536 [seq=2424] [tid=8696] MapViewOfFile mapping=000017B0 result=12C90000 err=0 access=0x00000004 offset=0:0 bytes=0
2026-08-28 08:24:44.549 [seq=2425] [tid=8696] CreateFileMappingA input=000017F0 result=000017A0 err=0 name=(null) file=\\?\UNC\psf\Home\Documents\mxd\BeiDou-Server\clien\Data\Skill\MCGuardian.img
2026-08-28 08:24:44.562 [seq=2426] [tid=8696] MapViewOfFile mapping=000017A0 result=20B60000 err=0 access=0x00000004 offset=0:0 bytes=0
2026-08-28 08:24:44.576 [seq=2427] [tid=8696] CreateFileMappingA input=00001734 result=000017B0 err=0 name=(null) file=\\?\UNC\psf\Home\Documents\mxd\BeiDou-Server\clien\Data\Skill\311.img
2026-08-28 08:24:44.585 [seq=2428] [tid=8696] MapViewOfFile mapping=000017B0 result=22EE0000 err=0 access=0x00000004 offset=0:0 bytes=0
2026-08-28 08:24:44.600 [seq=2429] [tid=8696] CreateFileMappingA input=000017F4 result=000017F8 err=0 name=(null) file=\\?\UNC\psf\Home\Documents\mxd\BeiDou-Server\clien\Data\Skill\311.img
2026-08-28 08:24:44.608 [seq=2430] [tid=8696] MapViewOfFile mapping=000017F8 result=22F50000 err=0 access=0x00000004 offset=0:0 bytes=0
2026-08-28 08:24:44.684 [seq=2431] [tid=8696] CreateFileMappingA input=00001734 result=000017B0 err=0 name=(null) file=\\?\UNC\psf\Home\Documents\mxd\BeiDou-Server\clien\Data\Skill\300.img
2026-08-28 08:24:44.688 [seq=2432] [tid=8696] MapViewOfFile mapping=000017B0 result=22D60000 err=0 access=0x00000004 offset=0:0 bytes=0
2026-08-28 08:24:44.709 [seq=2433] [tid=8696] CreateFileMappingA input=000017FC result=000017D4 err=0 name=(null) file=\\?\UNC\psf\Home\Documents\mxd\BeiDou-Server\clien\Data\Skill\300.img
2026-08-28 08:24:44.713 [seq=2434] [tid=8696] MapViewOfFile mapping=000017D4 result=22EE0000 err=0 access=0x00000004 offset=0:0 bytes=0
2026-08-28 08:24:44.767 [seq=2435] [tid=8696] CreateFileMappingA input=00001734 result=000017B4 err=0 name=(null) file=\\?\UNC\psf\Home\Documents\mxd\BeiDou-Server\clien\Data\Skill\2000.img
2026-08-28 08:24:44.770 [seq=2436] [tid=8696] MapViewOfFile mapping=000017B4 result=26B00000 err=0 access=0x00000004 offset=0:0 bytes=0
2026-08-28 08:24:44.778 [seq=2437] [tid=8696] CreateFileMappingA input=00001670 result=000017B0 err=0 name=(null) file=\\?\UNC\psf\Home\Documents\mxd\BeiDou-Server\clien\Data\Skill\2000.img
2026-08-28 08:24:44.783 [seq=2438] [tid=8696] MapViewOfFile mapping=000017B0 result=26E50000 err=0 access=0x00000004 offset=0:0 bytes=0
2026-08-28 08:24:44.861 [seq=2439] [tid=4800] event=health cpu_core_pct=36.4 working_set_mb=271 commit_mb=194 handles=1530 gdi=15 user=23 window=hung last_resource="(none)" resource_offset=0 resource_bytes=0 resource_age_ms=0
2026-08-28 08:24:45.048 [seq=2440] [tid=8696] CreateFileMappingA input=0000180C result=00001734 err=0 name=(null) file=\\?\UNC\psf\Home\Documents\mxd\BeiDou-Server\clien\Data\Skill\512.img
2026-08-28 08:24:45.054 [seq=2441] [tid=8696] MapViewOfFile mapping=00001734 result=498E0000 err=0 access=0x00000004 offset=0:0 bytes=0
2026-08-28 08:24:45.109 [seq=2442] [tid=8696] CreateFileMappingA input=00001808 result=00001804 err=0 name=(null) file=\\?\UNC\psf\Home\Documents\mxd\BeiDou-Server\clien\Data\Skill\512.img
2026-08-28 08:24:45.122 [seq=2443] [tid=8696] MapViewOfFile mapping=00001804 result=4C990000 err=0 access=0x00000004 offset=0:0 bytes=0
2026-08-28 08:24:45.803 [seq=2444] [tid=8696] CreateFileMappingA input=0000180C result=00001734 err=0 name=(null) file=\\?\UNC\psf\Home\Documents\mxd\BeiDou-Server\clien\Data\Skill\510.img
2026-08-28 08:24:45.815 [seq=2445] [tid=8696] MapViewOfFile mapping=00001734 result=210D0000 err=0 access=0x00000004 offset=0:0 bytes=0
2026-08-28 08:24:45.835 [seq=2446] [tid=8696] CreateFileMappingA input=00001814 result=00001818 err=0 name=(null) file=\\?\UNC\psf\Home\Documents\mxd\BeiDou-Server\clien\Data\Skill\510.img
2026-08-28 08:24:45.842 [seq=2447] [tid=8696] MapViewOfFile mapping=00001818 result=22D60000 err=0 access=0x00000004 offset=0:0 bytes=0
2026-08-28 08:24:45.909 [seq=2448] [tid=8696] CreateFileMappingA input=0000180C result=0000181C err=0 name=(null) file=\\?\UNC\psf\Home\Documents\mxd\BeiDou-Server\clien\Data\Skill\100.img
2026-08-28 08:24:45.914 [seq=2449] [tid=8696] MapViewOfFile mapping=0000181C result=23340000 err=0 access=0x00000004 offset=0:0 bytes=0
2026-08-28 08:24:45.934 [seq=2450] [tid=8696] CreateFileMappingA input=00001824 result=00001828 err=0 name=(null) file=\\?\UNC\psf\Home\Documents\mxd\BeiDou-Server\clien\Data\Skill\100.img
2026-08-28 08:24:46.047 [seq=2451] [tid=8696] MapViewOfFile mapping=00001828 result=26860000 err=0 access=0x00000004 offset=0:0 bytes=0
2026-08-28 08:24:46.158 [seq=2452] [tid=8696] CreateFileMappingA input=0000180C result=0000181C err=0 name=(null) file=\\?\UNC\psf\Home\Documents\mxd\BeiDou-Server\clien\Data\Skill\511.img
2026-08-28 08:24:46.165 [seq=2453] [tid=8696] MapViewOfFile mapping=0000181C result=23340000 err=0 access=0x00000004 offset=0:0 bytes=0
2026-08-28 08:24:46.179 [seq=2454] [tid=8696] CreateFileMappingA input=00001838 result=00001830 err=0 name=(null) file=\\?\UNC\psf\Home\Documents\mxd\BeiDou-Server\clien\Data\Skill\511.img
2026-08-28 08:24:46.186 [seq=2455] [tid=8696] MapViewOfFile mapping=00001830 result=233B0000 err=0 access=0x00000004 offset=0:0 bytes=0
2026-08-28 08:24:46.259 [seq=2456] [tid=8696] CreateFileMappingA input=0000180C result=0000181C err=0 name=(null) file=\\?\UNC\psf\Home\Documents\mxd\BeiDou-Server\clien\Data\Skill\210.img
2026-08-28 08:24:46.265 [seq=2457] [tid=8696] MapViewOfFile mapping=0000181C result=210D0000 err=0 access=0x00000004 offset=0:0 bytes=0
2026-08-28 08:24:46.281 [seq=2458] [tid=8696] CreateFileMappingA input=0000183C result=00001840 err=0 name=(null) file=\\?\UNC\psf\Home\Documents\mxd\BeiDou-Server\clien\Data\Skill\210.img
2026-08-28 08:24:46.290 [seq=2459] [tid=8696] MapViewOfFile mapping=00001840 result=22D90000 err=0 access=0x00000004 offset=0:0 bytes=0
2026-08-28 08:24:46.342 [seq=2460] [tid=8696] CreateFileMappingA input=0000184C result=00001850 err=0 name=(null) file=\\?\UNC\psf\Home\Documents\mxd\BeiDou-Server\clien\Data\Skill\2110.img
2026-08-28 08:24:46.347 [seq=2461] [tid=8696] MapViewOfFile mapping=00001850 result=268F0000 err=0 access=0x00000004 offset=0:0 bytes=0
2026-08-28 08:24:46.362 [seq=2462] [tid=8696] CreateFileMappingA input=0000180C result=00001834 err=0 name=(null) file=\\?\UNC\psf\Home\Documents\mxd\BeiDou-Server\clien\Data\Skill\2110.img
2026-08-28 08:24:46.366 [seq=2463] [tid=8696] MapViewOfFile mapping=00001834 result=26B00000 err=0 access=0x00000004 offset=0:0 bytes=0
2026-08-28 08:24:46.433 [seq=2464] [tid=8696] CreateFileMappingA input=0000184C result=00001854 err=0 name=(null) file=\\?\UNC\psf\Home\Documents\mxd\BeiDou-Server\clien\Data\Skill\2111.img
2026-08-28 08:24:46.441 [seq=2465] [tid=8696] MapViewOfFile mapping=00001854 result=26BA0000 err=0 access=0x00000004 offset=0:0 bytes=0
2026-08-28 08:24:46.465 [seq=2466] [tid=8696] CreateFileMappingA input=00001860 result=00001864 err=0 name=(null) file=\\?\UNC\psf\Home\Documents\mxd\BeiDou-Server\clien\Data\Skill\2111.img
2026-08-28 08:24:46.468 [seq=2467] [tid=8696] MapViewOfFile mapping=00001864 result=26CD0000 err=0 access=0x00000004 offset=0:0 bytes=0
2026-08-28 08:24:46.551 [seq=2468] [tid=8696] CreateFileMappingA input=00001858 result=00001850 err=0 name=(null) file=\\?\UNC\psf\Home\Documents\mxd\BeiDou-Server\clien\Data\Skill\211.img
2026-08-28 08:24:46.555 [seq=2469] [tid=8696] MapViewOfFile mapping=00001850 result=268F0000 err=0 access=0x00000004 offset=0:0 bytes=0
2026-08-28 08:24:46.565 [seq=2470] [tid=8696] CreateFileMappingA input=0000186C result=0000185C err=0 name=(null) file=\\?\UNC\psf\Home\Documents\mxd\BeiDou-Server\clien\Data\Skill\211.img
2026-08-28 08:24:46.568 [seq=2471] [tid=8696] MapViewOfFile mapping=0000185C result=26BA0000 err=0 access=0x00000004 offset=0:0 bytes=0
2026-08-28 08:24:46.634 [seq=2472] [tid=8696] CreateFileMappingA input=00001874 result=00001878 err=0 name=(null) file=\\?\UNC\psf\Home\Documents\mxd\BeiDou-Server\clien\Data\Skill\400.img
2026-08-28 08:24:46.638 [seq=2473] [tid=8696] MapViewOfFile mapping=00001878 result=210D0000 err=0 access=0x00000004 offset=0:0 bytes=0
2026-08-28 08:24:46.644 [seq=2474] [tid=8696] CreateFileMappingA input=00001850 result=00001870 err=0 name=(null) file=\\?\UNC\psf\Home\Documents\mxd\BeiDou-Server\clien\Data\Skill\400.img
2026-08-28 08:24:46.649 [seq=2475] [tid=8696] MapViewOfFile mapping=00001870 result=22FC0000 err=0 access=0x00000004 offset=0:0 bytes=0
2026-08-28 08:24:46.693 [seq=2476] [tid=8696] CreateFileMappingA input=00001858 result=00001868 err=0 name=(null) file=\\?\UNC\psf\Home\Documents\mxd\BeiDou-Server\clien\Data\Skill\2112.img
2026-08-28 08:24:46.696 [seq=2477] [tid=8696] MapViewOfFile mapping=00001868 result=271A0000 err=0 access=0x00000004 offset=0:0 bytes=0
2026-08-28 08:24:46.707 [seq=2478] [tid=8696] CreateFileMappingA input=00001820 result=0000184C err=0 name=(null) file=\\?\UNC\psf\Home\Documents\mxd\BeiDou-Server\clien\Data\Skill\2112.img
2026-08-28 08:24:46.710 [seq=2479] [tid=8696] MapViewOfFile mapping=0000184C result=27350000 err=0 access=0x00000004 offset=0:0 bytes=0
2026-08-28 08:24:46.801 [seq=2480] [tid=8696] CreateFileMappingA input=00001884 result=00001888 err=0 name=(null) file=\\?\UNC\psf\Home\Documents\mxd\BeiDou-Server\clien\Data\Skill\212.img
2026-08-28 08:24:46.806 [seq=2481] [tid=8696] MapViewOfFile mapping=00001888 result=498E0000 err=0 access=0x00000004 offset=0:0 bytes=0
2026-08-28 08:24:46.815 [seq=2482] [tid=8696] CreateFileMappingA input=0000188C result=00001854 err=0 name=(null) file=\\?\UNC\psf\Home\Documents\mxd\BeiDou-Server\clien\Data\Skill\212.img
2026-08-28 08:24:46.819 [seq=2483] [tid=8696] MapViewOfFile mapping=00001854 result=53410000 err=0 access=0x00000004 offset=0:0 bytes=0
2026-08-28 08:24:47.146 [seq=2484] [tid=4800] event=health cpu_core_pct=38.6 working_set_mb=281 commit_mb=200 handles=1552 gdi=15 user=23 window=hung last_resource="(none)" resource_offset=0 resource_bytes=0 resource_age_ms=0
2026-08-28 08:24:47.376 [seq=2485] [tid=8696] CreateFileMappingA input=000017B4 result=00001810 err=0 name=(null) file=\\?\UNC\psf\Home\Documents\mxd\BeiDou-Server\clien\Data\Skill\000.img
2026-08-28 08:24:47.384 [seq=2486] [tid=8696] MapViewOfFile mapping=00001810 result=28DF0000 err=0 access=0x00000004 offset=0:0 bytes=0
2026-08-28 08:24:47.396 [seq=2487] [tid=8696] CreateFileMappingA input=00001888 result=00001734 err=0 name=(null) file=\\?\UNC\psf\Home\Documents\mxd\BeiDou-Server\clien\Data\Skill\000.img
2026-08-28 08:24:47.400 [seq=2488] [tid=8696] MapViewOfFile mapping=00001734 result=32E10000 err=0 access=0x00000004 offset=0:0 bytes=0
2026-08-28 08:24:47.561 [seq=2489] [tid=8696] CreateFileMappingA input=00001858 result=00001868 err=0 name=(null) file=\\?\UNC\psf\Home\Documents\mxd\BeiDou-Server\clien\Data\Skill\410.img
2026-08-28 08:24:47.568 [seq=2490] [tid=8696] MapViewOfFile mapping=00001868 result=12C90000 err=0 access=0x00000004 offset=0:0 bytes=0
2026-08-28 08:24:47.581 [seq=2491] [tid=8696] CreateFileMappingA input=00001884 result=00001880 err=0 name=(null) file=\\?\UNC\psf\Home\Documents\mxd\BeiDou-Server\clien\Data\Skill\410.img
2026-08-28 08:24:47.588 [seq=2492] [tid=8696] MapViewOfFile mapping=00001880 result=20BD0000 err=0 access=0x00000004 offset=0:0 bytes=0
2026-08-28 08:24:47.636 [seq=2493] [tid=8696] CreateFileMappingA input=00001858 result=00001868 err=0 name=(null) file=\\?\UNC\psf\Home\Documents\mxd\BeiDou-Server\clien\Data\Skill\411.img
2026-08-28 08:24:47.640 [seq=2494] [tid=8696] MapViewOfFile mapping=00001868 result=268F0000 err=0 access=0x00000004 offset=0:0 bytes=0
2026-08-28 08:24:47.648 [seq=2495] [tid=8696] CreateFileMappingA input=000017B4 result=00001810 err=0 name=(null) file=\\?\UNC\psf\Home\Documents\mxd\BeiDou-Server\clien\Data\Skill\411.img
2026-08-28 08:24:47.651 [seq=2496] [tid=8696] MapViewOfFile mapping=00001810 result=26C40000 err=0 access=0x00000004 offset=0:0 bytes=0
2026-08-28 08:24:47.699 [seq=2497] [tid=8696] CreateFileMappingA input=0000187C result=00001858 err=0 name=(null) file=\\?\UNC\psf\Home\Documents\mxd\BeiDou-Server\clien\Data\Skill\412.img
2026-08-28 08:24:47.703 [seq=2498] [tid=8696] MapViewOfFile mapping=00001858 result=44AF0000 err=0 access=0x00000004 offset=0:0 bytes=0
2026-08-28 08:24:47.710 [seq=2499] [tid=8696] CreateFileMappingA input=00001878 result=00001868 err=0 name=(null) file=\\?\UNC\psf\Home\Documents\mxd\BeiDou-Server\clien\Data\Skill\412.img
2026-08-28 08:24:47.712 [seq=2500] [tid=8696] MapViewOfFile mapping=00001868 result=498E0000 err=0 access=0x00000004 offset=0:0 bytes=0
2026-08-28 08:24:47.983 [seq=2501] [tid=8696] CreateFileMappingA input=0000187C result=00001858 err=0 name=(null) file=\\?\UNC\psf\Home\Documents\mxd\BeiDou-Server\clien\Data\Skill\2100.img
2026-08-28 08:24:47.986 [seq=2502] [tid=8696] MapViewOfFile mapping=00001858 result=210D0000 err=0 access=0x00000004 offset=0:0 bytes=0
2026-08-28 08:24:47.992 [seq=2503] [tid=8696] CreateFileMappingA input=0000182C result=00001848 err=0 name=(null) file=\\?\UNC\psf\Home\Documents\mxd\BeiDou-Server\clien\Data\Skill\2100.img
2026-08-28 08:24:47.998 [seq=2504] [tid=8696] MapViewOfFile mapping=00001848 result=22F30000 err=0 access=0x00000004 offset=0:0 bytes=0
2026-08-28 08:24:48.167 [seq=2505] [tid=8696] CreateFileMappingA input=0000187C result=00001858 err=0 name=(null) file=\\?\UNC\psf\Home\Documents\mxd\BeiDou-Server\clien\Data\Skill\200.img
2026-08-28 08:24:48.187 [seq=2506] [tid=8696] MapViewOfFile mapping=00001858 result=210D0000 err=0 access=0x00000004 offset=0:0 bytes=0
2026-08-28 08:24:48.214 [seq=2507] [tid=8696] CreateFileMappingA input=0000189C result=000018A0 err=0 name=(null) file=\\?\UNC\psf\Home\Documents\mxd\BeiDou-Server\clien\Data\Skill\200.img
2026-08-28 08:24:48.219 [seq=2508] [tid=8696] MapViewOfFile mapping=000018A0 result=23340000 err=0 access=0x00000004 offset=0:0 bytes=0
2026-08-28 08:24:48.446 [seq=2509] [tid=4800] event=health cpu_core_pct=47.5 working_set_mb=289 commit_mb=204 handles=1562 gdi=15 user=23 window=hung last_resource="(none)" resource_offset=0 resource_bytes=0 resource_age_ms=0
2026-08-28 08:24:50.011 [seq=2510] [tid=4800] event=health cpu_core_pct=52.0 working_set_mb=296 commit_mb=206 handles=1562 gdi=15 user=23 window=hung last_resource="(none)" resource_offset=0 resource_bytes=0 resource_age_ms=0
2026-08-28 08:24:50.033 [seq=2511] [tid=8696] CreateFileMappingA input=000017F0 result=000017A0 err=0 name=(null) file=\\?\UNC\psf\Home\Documents\mxd\BeiDou-Server\clien\Data\StandardPDD.img
2026-08-28 08:24:50.038 [seq=2512] [tid=8696] MapViewOfFile mapping=000017A0 result=0E170000 err=0 access=0x00000004 offset=0:0 bytes=0
2026-08-28 08:24:50.093 [seq=2513] [tid=8696] CreateFileMappingA input=000017A0 result=000018AC err=0 name=(null) file=\\?\UNC\psf\Home\Documents\mxd\BeiDou-Server\clien\Data\zmap.img
2026-08-28 08:24:50.098 [seq=2514] [tid=8696] MapViewOfFile mapping=000018AC result=0E170000 err=0 access=0x00000004 offset=0:0 bytes=0
2026-08-28 08:24:50.112 [seq=2515] [tid=8696] CreateFileMappingA input=00001894 result=000018A8 err=0 name=(null) file=\\?\UNC\psf\Home\Documents\mxd\BeiDou-Server\clien\Data\smap.img
2026-08-28 08:24:50.117 [seq=2516] [tid=8696] MapViewOfFile mapping=000018A8 result=0E170000 err=0 access=0x00000004 offset=0:0 bytes=0
2026-08-28 08:24:50.131 [seq=2517] [tid=8696] CreateFileMappingA input=000018B4 result=000017A0 err=0 name=(null) file=\\?\UNC\psf\Home\Documents\mxd\BeiDou-Server\clien\Data\Character\00002000.img
2026-08-28 08:24:50.135 [seq=2518] [tid=8696] MapViewOfFile mapping=000017A0 result=27500000 err=0 access=0x00000004 offset=0:0 bytes=0
2026-08-28 08:24:50.560 [seq=2519] [tid=8696] CreateFileMappingA input=0000187C result=00001894 err=0 name=(null) file=\\?\UNC\psf\Home\Documents\mxd\BeiDou-Server\clien\Data\Effect\BasicEff.img
2026-08-28 08:24:50.565 [seq=2520] [tid=8696] MapViewOfFile mapping=00001894 result=28DF0000 err=0 access=0x00000004 offset=0:0 bytes=0
2026-08-28 08:24:50.761 [seq=2521] [tid=8696] event=module_load api=LoadLibraryA status=ok module=0E170000 error=0 path="WzFlashRenderer.dll"
2026-08-28 08:24:50.774 [seq=2522] [tid=8696] event=hook_summary total=3 CreateFileW=0 CreateFileA=0 _lopen=0 FindFirstFileA=0 GetProcAddress=0 Mapping=0/0/0 ReadFile=0 CloseHandle=0 ExceptionFilter=0 Exit=1/0 LoadLibrary=0/1/0 MessageBox=0/1 fopen=0 fread=0 module="C:\Mac\Home\Documents\mxd\BeiDou-Server\clien\WzFlashRenderer.dll"
2026-08-28 08:24:50.781 [seq=2523] [tid=8696] event=hook_summary total=9 CreateFileW=1 CreateFileA=1 _lopen=0 FindFirstFileA=1 GetProcAddress=0 Mapping=0/0/0 ReadFile=1 CloseHandle=1 ExceptionFilter=1 Exit=1/1 LoadLibrary=0/1/0 MessageBox=0/0 fopen=0 fread=0 module="C:\Mac\Home\Documents\mxd\BeiDou-Server\clien\MSVCR71.dll"
2026-08-28 08:24:50.786 [seq=2524] [tid=8696] event=hook_summary total=1 CreateFileW=0 CreateFileA=0 _lopen=0 FindFirstFileA=0 GetProcAddress=0 Mapping=0/0/0 ReadFile=0 CloseHandle=0 ExceptionFilter=0 Exit=1/0 LoadLibrary=0/0/0 MessageBox=0/0 fopen=0 fread=0 module="C:\Mac\Home\Documents\mxd\BeiDou-Server\clien\MSVCP71.dll"
2026-08-28 08:24:50.840 [seq=2525] [tid=8696] CreateFileMappingA input=000018A8 result=000018EC err=0 name=(null) file=\\?\UNC\psf\Home\Documents\mxd\BeiDou-Server\clien\Data\UI\MapleTV.img
2026-08-28 08:24:50.843 [seq=2526] [tid=8696] MapViewOfFile mapping=000018EC result=33120000 err=0 access=0x00000004 offset=0:0 bytes=0
2026-08-28 08:24:50.853 [seq=2527] [tid=8696] CreateFileMappingA input=00001890 result=000018F4 err=0 name=(null) file=\\?\UNC\psf\Home\Documents\mxd\BeiDou-Server\clien\Data\Etc\QuestCategory.img
2026-08-28 08:24:50.856 [seq=2528] [tid=8696] MapViewOfFile mapping=000018F4 result=0E2A0000 err=0 access=0x00000004 offset=0:0 bytes=0
2026-08-28 08:24:50.874 [seq=2529] [tid=8696] CreateFileMappingA input=00001890 result=000018F4 err=0 name=(null) file=\\?\UNC\psf\Home\Documents\mxd\BeiDou-Server\clien\Data\Quest\Check.img
2026-08-28 08:24:50.877 [seq=2530] [tid=8696] MapViewOfFile mapping=000018F4 result=291D0000 err=0 access=0x00000004 offset=0:0 bytes=0
2026-08-28 08:24:51.350 [seq=2531] [tid=4800] event=health cpu_core_pct=45.8 working_set_mb=302 commit_mb=210 handles=1589 gdi=15 user=24 window=hung last_resource="(none)" resource_offset=0 resource_bytes=0 resource_age_ms=0
2026-08-28 08:24:53.179 [seq=2532] [tid=4800] event=health cpu_core_pct=63.2 working_set_mb=304 commit_mb=212 handles=1589 gdi=15 user=24 window=hung last_resource="(none)" resource_offset=0 resource_bytes=0 resource_age_ms=0
2026-08-28 08:24:54.912 [seq=2533] [tid=4800] event=health cpu_core_pct=67.2 working_set_mb=306 commit_mb=214 handles=1589 gdi=15 user=24 window=hung last_resource="(none)" resource_offset=0 resource_bytes=0 resource_age_ms=0
2026-08-28 08:24:56.616 [seq=2534] [tid=4800] event=health cpu_core_pct=75.9 working_set_mb=308 commit_mb=216 handles=1589 gdi=15 user=24 window=hung last_resource="(none)" resource_offset=0 resource_bytes=0 resource_age_ms=0
2026-08-28 08:24:58.323 [seq=2535] [tid=4800] event=health cpu_core_pct=53.2 working_set_mb=310 commit_mb=218 handles=1589 gdi=15 user=24 window=hung last_resource="(none)" resource_offset=0 resource_bytes=0 resource_age_ms=0
2026-08-28 08:25:00.154 [seq=2536] [tid=4800] event=health cpu_core_pct=73.5 working_set_mb=313 commit_mb=221 handles=1589 gdi=15 user=24 window=hung last_resource="(none)" resource_offset=0 resource_bytes=0 resource_age_ms=0
2026-08-28 08:25:01.671 [seq=2537] [tid=4800] event=health cpu_core_pct=38.9 working_set_mb=313 commit_mb=222 handles=1589 gdi=15 user=24 window=hung last_resource="(none)" resource_offset=0 resource_bytes=0 resource_age_ms=0
2026-08-28 08:25:03.393 [seq=2538] [tid=4800] event=health cpu_core_pct=66.3 working_set_mb=316 commit_mb=224 handles=1589 gdi=15 user=24 window=hung last_resource="(none)" resource_offset=0 resource_bytes=0 resource_age_ms=0
2026-08-28 08:25:05.187 [seq=2539] [tid=4800] event=health cpu_core_pct=72.8 working_set_mb=318 commit_mb=226 handles=1589 gdi=15 user=24 window=hung last_resource="(none)" resource_offset=0 resource_bytes=0 resource_age_ms=0
2026-08-28 08:25:06.790 [seq=2540] [tid=4800] event=health cpu_core_pct=53.3 working_set_mb=320 commit_mb=228 handles=1589 gdi=15 user=24 window=hung last_resource="(none)" resource_offset=0 resource_bytes=0 resource_age_ms=0
2026-08-28 08:25:08.377 [seq=2541] [tid=4800] event=health cpu_core_pct=45.5 working_set_mb=321 commit_mb=229 handles=1589 gdi=15 user=24 window=hung last_resource="(none)" resource_offset=0 resource_bytes=0 resource_age_ms=0
2026-08-28 08:25:10.111 [seq=2542] [tid=4800] event=health cpu_core_pct=63.9 working_set_mb=323 commit_mb=232 handles=1589 gdi=15 user=24 window=hung last_resource="(none)" resource_offset=0 resource_bytes=0 resource_age_ms=0
2026-08-28 08:25:11.254 [seq=2543] [tid=8696] CreateFileMappingA input=00001904 result=00001908 err=0 name=(null) file=\\?\UNC\psf\Home\Documents\mxd\BeiDou-Server\clien\Data\Quest\QuestInfo.img
2026-08-28 08:25:11.259 [seq=2544] [tid=8696] MapViewOfFile mapping=00001908 result=33360000 err=0 access=0x00000004 offset=0:0 bytes=0
2026-08-28 08:25:11.919 [seq=2545] [tid=4800] event=health cpu_core_pct=61.5 working_set_mb=329 commit_mb=235 handles=1591 gdi=15 user=24 window=hung last_resource="(none)" resource_offset=0 resource_bytes=0 resource_age_ms=0
2026-08-28 08:25:13.622 [seq=2546] [tid=4800] event=health cpu_core_pct=83.4 working_set_mb=332 commit_mb=239 handles=1591 gdi=15 user=24 window=hung last_resource="(none)" resource_offset=0 resource_bytes=0 resource_age_ms=0
2026-08-28 08:25:15.349 [seq=2547] [tid=4800] event=health cpu_core_pct=74.5 working_set_mb=336 commit_mb=242 handles=1591 gdi=15 user=24 window=hung last_resource="(none)" resource_offset=0 resource_bytes=0 resource_age_ms=0
2026-08-28 08:25:16.449 [seq=2548] [tid=8696] CreateFileMappingA input=0000190C result=000018FC err=0 name=(null) file=\\?\UNC\psf\Home\Documents\mxd\BeiDou-Server\clien\Data\Quest\PQuest.img
2026-08-28 08:25:16.456 [seq=2549] [tid=8696] MapViewOfFile mapping=000018FC result=0E2A0000 err=0 access=0x00000004 offset=0:0 bytes=0
2026-08-28 08:25:16.498 [seq=2550] [tid=8696] CreateFileMappingA input=000018E0 result=00001900 err=0 name=(null) file=\\?\UNC\psf\Home\Documents\mxd\BeiDou-Server\clien\Data\Quest\Exclusive.img
2026-08-28 08:25:16.502 [seq=2551] [tid=8696] MapViewOfFile mapping=00001900 result=0E2A0000 err=0 access=0x00000004 offset=0:0 bytes=0
2026-08-28 08:25:16.514 [seq=2552] [tid=8696] CreateFileMappingA input=000018E0 result=00001900 err=0 name=(null) file=\\?\UNC\psf\Home\Documents\mxd\BeiDou-Server\clien\Data\Item\Consume\0238.img
2026-08-28 08:25:16.518 [seq=2553] [tid=8696] MapViewOfFile mapping=00001900 result=268F0000 err=0 access=0x00000004 offset=0:0 bytes=0
2026-08-28 08:25:16.542 [seq=2554] [tid=8696] CreateFileMappingA input=0000190C result=000018FC err=0 name=(null) file=\\?\UNC\psf\Home\Documents\mxd\BeiDou-Server\clien\Data\Mob\0100100.img
2026-08-28 08:25:16.545 [seq=2555] [tid=8696] MapViewOfFile mapping=000018FC result=0E2A0000 err=0 access=0x00000004 offset=0:0 bytes=0
2026-08-28 08:25:16.564 [seq=2556] [tid=8696] CreateFileMappingA input=0000191C result=000018F0 err=0 name=(null) file=\\?\UNC\psf\Home\Documents\mxd\BeiDou-Server\clien\Data\String\Mob.img
2026-08-28 08:25:16.571 [seq=2557] [tid=8696] MapViewOfFile mapping=000018F0 result=22FF0000 err=0 access=0x00000004 offset=0:0 bytes=0
2026-08-28 08:25:16.618 [seq=2558] [tid=8696] CreateFileMappingA input=00001914 result=00001924 err=0 name=(null) file=\\?\UNC\psf\Home\Documents\mxd\BeiDou-Server\clien\Data\Mob\0100101.img
2026-08-28 08:25:16.625 [seq=2559] [tid=8696] MapViewOfFile mapping=00001924 result=12C90000 err=0 access=0x00000004 offset=0:0 bytes=0
2026-08-28 08:25:16.657 [seq=2560] [tid=8696] CreateFileMappingA input=0000192C result=00001930 err=0 name=(null) file=\\?\UNC\psf\Home\Documents\mxd\BeiDou-Server\clien\Data\Mob\0120100.img
2026-08-28 08:25:16.661 [seq=2561] [tid=8696] MapViewOfFile mapping=00001930 result=20560000 err=0 access=0x00000004 offset=0:0 bytes=0
2026-08-28 08:25:16.679 [seq=2562] [tid=8696] CreateFileMappingA input=00001910 result=00001934 err=0 name=(null) file=\\?\UNC\psf\Home\Documents\mxd\BeiDou-Server\clien\Data\Mob\0130100.img
2026-08-28 08:25:16.685 [seq=2563] [tid=8696] MapViewOfFile mapping=00001934 result=20B60000 err=0 access=0x00000004 offset=0:0 bytes=0
2026-08-28 08:25:16.708 [seq=2564] [tid=8696] CreateFileMappingA input=00001918 result=000018F8 err=0 name=(null) file=\\?\UNC\psf\Home\Documents\mxd\BeiDou-Server\clien\Data\Mob\0130101.img
2026-08-28 08:25:16.715 [seq=2565] [tid=8696] MapViewOfFile mapping=000018F8 result=20BE0000 err=0 access=0x00000004 offset=0:0 bytes=0
2026-08-28 08:25:16.738 [seq=2566] [tid=8696] CreateFileMappingA input=00001938 result=0000193C err=0 name=(null) file=\\?\UNC\psf\Home\Documents\mxd\BeiDou-Server\clien\Data\Mob\0210100.img
2026-08-28 08:25:16.742 [seq=2567] [tid=8696] MapViewOfFile mapping=0000193C result=20EC0000 err=0 access=0x00000004 offset=0:0 bytes=0
2026-08-28 08:25:16.779 [seq=2568] [tid=8696] CreateFileMappingA input=00001944 result=00001948 err=0 name=(null) file=\\?\UNC\psf\Home\Documents\mxd\BeiDou-Server\clien\Data\Mob\1210100.img
2026-08-28 08:25:16.897 [seq=2569] [tid=8696] MapViewOfFile mapping=00001948 result=21000000 err=0 access=0x00000004 offset=0:0 bytes=0
2026-08-28 08:25:16.921 [seq=2570] [tid=8696] CreateFileMappingA input=00001950 result=00001954 err=0 name=(null) file=\\?\UNC\psf\Home\Documents\mxd\BeiDou-Server\clien\Data\Mob\1210102.img
2026-08-28 08:25:16.926 [seq=2571] [tid=8696] MapViewOfFile mapping=00001954 result=21810000 err=0 access=0x00000004 offset=0:0 bytes=0
2026-08-28 08:25:16.958 [seq=2572] [tid=8696] CreateFileMappingA input=00001940 result=0000194C err=0 name=(null) file=\\?\UNC\psf\Home\Documents\mxd\BeiDou-Server\clien\Data\Mob\1110101.img
2026-08-28 08:25:16.963 [seq=2573] [tid=8696] MapViewOfFile mapping=0000194C result=22C10000 err=0 access=0x00000004 offset=0:0 bytes=0
2026-08-28 08:25:17.003 [seq=2574] [tid=8696] CreateFileMappingA input=00001960 result=00001964 err=0 name=(null) file=\\?\UNC\psf\Home\Documents\mxd\BeiDou-Server\clien\Data\Mob\1210101.img
2026-08-28 08:25:17.011 [seq=2575] [tid=8696] MapViewOfFile mapping=00001964 result=26990000 err=0 access=0x00000004 offset=0:0 bytes=0
2026-08-28 08:25:17.080 [seq=2576] [tid=8696] CreateFileMappingA input=0000196C result=00001970 err=0 name=(null) file=\\?\UNC\psf\Home\Documents\mxd\BeiDou-Server\clien\Data\Mob\1120100.img
2026-08-28 08:25:17.091 [seq=2577] [tid=8696] MapViewOfFile mapping=00001970 result=269A0000 err=0 access=0x00000004 offset=0:0 bytes=0
2026-08-28 08:25:17.127 [seq=2578] [tid=8696] CreateFileMappingA input=00001978 result=0000197C err=0 name=(null) file=\\?\UNC\psf\Home\Documents\mxd\BeiDou-Server\clien\Data\Mob\1110100.img
2026-08-28 08:25:17.133 [seq=2579] [tid=8696] MapViewOfFile mapping=0000197C result=26CC0000 err=0 access=0x00000004 offset=0:0 bytes=0
2026-08-28 08:25:17.244 [seq=2580] [tid=8696] CreateFileMappingA input=00001980 result=00001928 err=0 name=(null) file=\\?\UNC\psf\Home\Documents\mxd\BeiDou-Server\clien\Data\Mob\1210103.img
2026-08-28 08:25:17.251 [seq=2581] [tid=8696] MapViewOfFile mapping=00001928 result=26E00000 err=0 access=0x00000004 offset=0:0 bytes=0
2026-08-28 08:25:17.283 [seq=2582] [tid=8696] CreateFileMappingA input=00001984 result=00001988 err=0 name=(null) file=\\?\UNC\psf\Home\Documents\mxd\BeiDou-Server\clien\Data\Mob\9300274.img
2026-08-28 08:25:17.289 [seq=2583] [tid=8696] MapViewOfFile mapping=00001988 result=26E10000 err=0 access=0x00000004 offset=0:0 bytes=0
2026-08-28 08:25:17.306 [seq=2584] [tid=8696] CreateFileMappingA input=0000195C result=00001990 err=0 name=(null) file=\\?\UNC\psf\Home\Documents\mxd\BeiDou-Server\clien\Data\Mob\1110130.img
2026-08-28 08:25:17.309 [seq=2585] [tid=8696] MapViewOfFile mapping=00001990 result=26E20000 err=0 access=0x00000004 offset=0:0 bytes=0
2026-08-28 08:25:17.340 [seq=2586] [tid=8696] CreateFileMappingA input=0000198C result=000019A0 err=0 name=(null) file=\\?\UNC\psf\Home\Documents\mxd\BeiDou-Server\clien\Data\Mob\0100130.img
2026-08-28 08:25:17.348 [seq=2587] [tid=8696] MapViewOfFile mapping=000019A0 result=26E30000 err=0 access=0x00000004 offset=0:0 bytes=0
2026-08-28 08:25:17.365 [seq=2588] [tid=8696] CreateFileMappingA input=00001998 result=000019A8 err=0 name=(null) file=\\?\UNC\psf\Home\Documents\mxd\BeiDou-Server\clien\Data\Mob\0100131.img
2026-08-28 08:25:17.369 [seq=2589] [tid=8696] MapViewOfFile mapping=000019A8 result=26E40000 err=0 access=0x00000004 offset=0:0 bytes=0
2026-08-28 08:25:17.389 [seq=2590] [tid=8696] CreateFileMappingA input=000019B0 result=000019AC err=0 name=(null) file=\\?\UNC\psf\Home\Documents\mxd\BeiDou-Server\clien\Data\Mob\0100132.img
2026-08-28 08:25:17.396 [seq=2591] [tid=8696] MapViewOfFile mapping=000019AC result=272A0000 err=0 access=0x00000004 offset=0:0 bytes=0
2026-08-28 08:25:17.411 [seq=2592] [tid=8696] CreateFileMappingA input=0000199C result=000019B4 err=0 name=(null) file=\\?\UNC\psf\Home\Documents\mxd\BeiDou-Server\clien\Data\Mob\0100133.img
2026-08-28 08:25:17.419 [seq=2593] [tid=8696] MapViewOfFile mapping=000019B4 result=272B0000 err=0 access=0x00000004 offset=0:0 bytes=0
2026-08-28 08:25:17.451 [seq=2594] [tid=8696] CreateFileMappingA input=000019C4 result=000019BC err=0 name=(null) file=\\?\UNC\psf\Home\Documents\mxd\BeiDou-Server\clien\Data\Mob\0100134.img
2026-08-28 08:25:17.457 [seq=2595] [tid=8696] MapViewOfFile mapping=000019BC result=272C0000 err=0 access=0x00000004 offset=0:0 bytes=0
2026-08-28 08:25:17.481 [seq=2596] [tid=8696] CreateFileMappingA input=000019A4 result=000019C8 err=0 name=(null) file=\\?\UNC\psf\Home\Documents\mxd\BeiDou-Server\clien\Data\Mob\1130100.img
2026-08-28 08:25:17.485 [seq=2597] [tid=8696] MapViewOfFile mapping=000019C8 result=272D0000 err=0 access=0x00000004 offset=0:0 bytes=0
2026-08-28 08:25:17.510 [seq=2598] [tid=8696] CreateFileMappingA input=000019D0 result=000019D4 err=0 name=(null) file=\\?\UNC\psf\Home\Documents\mxd\BeiDou-Server\clien\Data\Mob\1140100.img
2026-08-28 08:25:17.513 [seq=2599] [tid=8696] MapViewOfFile mapping=000019D4 result=272E0000 err=0 access=0x00000004 offset=0:0 bytes=0
2026-08-28 08:25:17.546 [seq=2600] [tid=8696] CreateFileMappingA input=000019CC result=000019C0 err=0 name=(null) file=\\?\UNC\psf\Home\Documents\mxd\BeiDou-Server\clien\Data\Mob\2220100.img
2026-08-28 08:25:17.593 [seq=2601] [tid=8696] MapViewOfFile mapping=000019C0 result=272F0000 err=0 access=0x00000004 offset=0:0 bytes=0
2026-08-28 08:25:17.624 [seq=2602] [tid=8696] CreateFileMappingA input=000019B8 result=00001994 err=0 name=(null) file=\\?\UNC\psf\Home\Documents\mxd\BeiDou-Server\clien\Data\Mob\2300100.img
2026-08-28 08:25:17.627 [seq=2603] [tid=8696] MapViewOfFile mapping=00001994 result=27300000 err=0 access=0x00000004 offset=0:0 bytes=0
2026-08-28 08:25:17.698 [seq=2604] [tid=8696] CreateFileMappingA input=00001968 result=00001920 err=0 name=(null) file=\\?\UNC\psf\Home\Documents\mxd\BeiDou-Server\clien\Data\Mob\2100100.img
2026-08-28 08:25:17.718 [seq=2605] [tid=8696] MapViewOfFile mapping=00001920 result=27310000 err=0 access=0x00000004 offset=0:0 bytes=0
2026-08-28 08:25:17.736 [seq=2606] [tid=8696] CreateFileMappingA input=000019E0 result=00001958 err=0 name=(null) file=\\?\UNC\psf\Home\Documents\mxd\BeiDou-Server\clien\Data\Mob\2100101.img
2026-08-28 08:25:17.752 [seq=2607] [tid=8696] MapViewOfFile mapping=00001958 result=27320000 err=0 access=0x00000004 offset=0:0 bytes=0
2026-08-28 08:25:17.772 [seq=2608] [tid=8696] CreateFileMappingA input=000019DC result=000019D8 err=0 name=(null) file=\\?\UNC\psf\Home\Documents\mxd\BeiDou-Server\clien\Data\Mob\2130103.img
2026-08-28 08:25:17.775 [seq=2609] [tid=8696] MapViewOfFile mapping=000019D8 result=27330000 err=0 access=0x00000004 offset=0:0 bytes=0
2026-08-28 08:25:17.820 [seq=2610] [tid=8696] CreateFileMappingA input=000019E4 result=000019F0 err=0 name=(null) file=\\?\UNC\psf\Home\Documents\mxd\BeiDou-Server\clien\Data\Mob\2110200.img
2026-08-28 08:25:17.832 [seq=2611] [tid=8696] MapViewOfFile mapping=000019F0 result=27340000 err=0 access=0x00000004 offset=0:0 bytes=0
2026-08-28 08:25:17.961 [seq=2612] [tid=8696] CreateFileMappingA input=000019F4 result=00001974 err=0 name=(null) file=\\?\UNC\psf\Home\Documents\mxd\BeiDou-Server\clien\Data\Mob\2130100.img
2026-08-28 08:25:17.966 [seq=2613] [tid=8696] MapViewOfFile mapping=00001974 result=27720000 err=0 access=0x00000004 offset=0:0 bytes=0
2026-08-28 08:25:18.001 [seq=2614] [tid=8696] CreateFileMappingA input=000019E8 result=000019EC err=0 name=(null) file=\\?\UNC\psf\Home\Documents\mxd\BeiDou-Server\clien\Data\Mob\2230108.img
2026-08-28 08:25:18.006 [seq=2615] [tid=8696] MapViewOfFile mapping=000019EC result=27730000 err=0 access=0x00000004 offset=0:0 bytes=0
2026-08-28 08:25:18.039 [seq=2616] [tid=8696] CreateFileMappingA input=000019FC result=00001A00 err=0 name=(null) file=\\?\UNC\psf\Home\Documents\mxd\BeiDou-Server\clien\Data\Mob\2100102.img
2026-08-28 08:25:18.051 [seq=2617] [tid=8696] MapViewOfFile mapping=00001A00 result=27740000 err=0 access=0x00000004 offset=0:0 bytes=0
2026-08-28 08:25:18.078 [seq=2618] [tid=8696] CreateFileMappingA input=000019F8 result=00001A04 err=0 name=(null) file=\\?\UNC\psf\Home\Documents\mxd\BeiDou-Server\clien\Data\Mob\2230103.img
2026-08-28 08:25:18.082 [seq=2619] [tid=8696] MapViewOfFile mapping=00001A04 result=27750000 err=0 access=0x00000004 offset=0:0 bytes=0
2026-08-28 08:25:18.102 [seq=2620] [tid=8696] CreateFileMappingA input=00001A08 result=00001A10 err=0 name=(null) file=\\?\UNC\psf\Home\Documents\mxd\BeiDou-Server\clien\Data\Mob\5200000.img
2026-08-28 08:25:18.107 [seq=2621] [tid=8696] MapViewOfFile mapping=00001A10 result=27760000 err=0 access=0x00000004 offset=0:0 bytes=0
2026-08-28 08:25:18.124 [seq=2622] [tid=8696] CreateFileMappingA input=00001A14 result=00001A0C err=0 name=(null) file=\\?\UNC\psf\Home\Documents\mxd\BeiDou-Server\clien\Data\Mob\2230105.img
2026-08-28 08:25:18.126 [seq=2623] [tid=8696] MapViewOfFile mapping=00001A0C result=27770000 err=0 access=0x00000004 offset=0:0 bytes=0
2026-08-28 08:25:18.141 [seq=2624] [tid=8696] CreateFileMappingA input=00001A24 result=00001A28 err=0 name=(null) file=\\?\UNC\psf\Home\Documents\mxd\BeiDou-Server\clien\Data\Mob\2230110.img
2026-08-28 08:25:18.144 [seq=2625] [tid=8696] MapViewOfFile mapping=00001A28 result=292C0000 err=0 access=0x00000004 offset=0:0 bytes=0
2026-08-28 08:25:18.159 [seq=2626] [tid=8696] CreateFileMappingA input=00001A30 result=00001A34 err=0 name=(null) file=\\?\UNC\psf\Home\Documents\mxd\BeiDou-Server\clien\Data\Mob\2100105.img
2026-08-28 08:25:18.162 [seq=2627] [tid=8696] MapViewOfFile mapping=00001A34 result=292D0000 err=0 access=0x00000004 offset=0:0 bytes=0
2026-08-28 08:25:18.177 [seq=2628] [tid=8696] CreateFileMappingA input=00001A20 result=00001A1C err=0 name=(null) file=\\?\UNC\psf\Home\Documents\mxd\BeiDou-Server\clien\Data\Mob\2230101.img
2026-08-28 08:25:18.191 [seq=2629] [tid=8696] MapViewOfFile mapping=00001A1C result=292E0000 err=0 access=0x00000004 offset=0:0 bytes=0
2026-08-28 08:25:18.207 [seq=2630] [tid=8696] CreateFileMappingA input=00001A2C result=00001A38 err=0 name=(null) file=\\?\UNC\psf\Home\Documents\mxd\BeiDou-Server\clien\Data\Mob\2230107.img
2026-08-28 08:25:18.210 [seq=2631] [tid=8696] MapViewOfFile mapping=00001A38 result=292F0000 err=0 access=0x00000004 offset=0:0 bytes=0
2026-08-28 08:25:18.224 [seq=2632] [tid=8696] CreateFileMappingA input=00001A3C result=00001A40 err=0 name=(null) file=\\?\UNC\psf\Home\Documents\mxd\BeiDou-Server\clien\Data\Mob\2230111.img
2026-08-28 08:25:18.228 [seq=2633] [tid=8696] MapViewOfFile mapping=00001A40 result=29300000 err=0 access=0x00000004 offset=0:0 bytes=0
2026-08-28 08:25:18.245 [seq=2634] [tid=8696] CreateFileMappingA input=00001A48 result=00001A50 err=0 name=(null) file=\\?\UNC\psf\Home\Documents\mxd\BeiDou-Server\clien\Data\Mob\2100106.img
2026-08-28 08:25:18.259 [seq=2635] [tid=8696] MapViewOfFile mapping=00001A50 result=29310000 err=0 access=0x00000004 offset=0:0 bytes=0
2026-08-28 08:25:18.292 [seq=2636] [tid=8696] CreateFileMappingA input=00001A58 result=00001A5C err=0 name=(null) file=\\?\UNC\psf\Home\Documents\mxd\BeiDou-Server\clien\Data\Mob\2110300.img
2026-08-28 08:25:18.322 [seq=2637] [tid=8696] MapViewOfFile mapping=00001A5C result=29320000 err=0 access=0x00000004 offset=0:0 bytes=0
2026-08-28 08:25:18.384 [seq=2638] [tid=8696] CreateFileMappingA input=00001A44 result=00001A18 err=0 name=(null) file=\\?\UNC\psf\Home\Documents\mxd\BeiDou-Server\clien\Data\Mob\2230106.img
2026-08-28 08:25:18.397 [seq=2639] [tid=8696] MapViewOfFile mapping=00001A18 result=29330000 err=0 access=0x00000004 offset=0:0 bytes=0
2026-08-28 08:25:18.440 [seq=2640] [tid=8696] CreateFileMappingA input=00001A54 result=00001A68 err=0 name=(null) file=\\?\UNC\psf\Home\Documents\mxd\BeiDou-Server\clien\Data\Mob\2230102.img
2026-08-28 08:25:18.445 [seq=2641] [tid=8696] MapViewOfFile mapping=00001A68 result=29340000 err=0 access=0x00000004 offset=0:0 bytes=0
2026-08-28 08:25:18.492 [seq=2642] [tid=8696] CreateFileMappingA input=00001A6C result=00001A70 err=0 name=(null) file=\\?\UNC\psf\Home\Documents\mxd\BeiDou-Server\clien\Data\Mob\2100103.img
2026-08-28 08:25:18.495 [seq=2643] [tid=8696] MapViewOfFile mapping=00001A70 result=29350000 err=0 access=0x00000004 offset=0:0 bytes=0
2026-08-28 08:25:18.522 [seq=2644] [tid=8696] CreateFileMappingA input=00001A78 result=00001A80 err=0 name=(null) file=\\?\UNC\psf\Home\Documents\mxd\BeiDou-Server\clien\Data\Mob\2230100.img
2026-08-28 08:25:18.526 [seq=2645] [tid=8696] MapViewOfFile mapping=00001A80 result=29360000 err=0 access=0x00000004 offset=0:0 bytes=0
2026-08-28 08:25:18.566 [seq=2646] [tid=8696] CreateFileMappingA input=00001A88 result=00001A8C err=0 name=(null) file=\\?\UNC\psf\Home\Documents\mxd\BeiDou-Server\clien\Data\Mob\2100107.img
2026-08-28 08:25:18.572 [seq=2647] [tid=8696] MapViewOfFile mapping=00001A8C result=29370000 err=0 access=0x00000004 offset=0:0 bytes=0
2026-08-28 08:25:18.599 [seq=2648] [tid=8696] CreateFileMappingA input=00001A7C result=00001A84 err=0 name=(null) file=\\?\UNC\psf\Home\Documents\mxd\BeiDou-Server\clien\Data\Mob\2230109.img
2026-08-28 08:25:18.606 [seq=2649] [tid=8696] MapViewOfFile mapping=00001A84 result=33500000 err=0 access=0x00000004 offset=0:0 bytes=0
2026-08-28 08:25:18.633 [seq=2650] [tid=8696] CreateFileMappingA input=00001A90 result=00001A94 err=0 name=(null) file=\\?\UNC\psf\Home\Documents\mxd\BeiDou-Server\clien\Data\Mob\2230104.img
2026-08-28 08:25:18.660 [seq=2651] [tid=8696] MapViewOfFile mapping=00001A94 result=33510000 err=0 access=0x00000004 offset=0:0 bytes=0
2026-08-28 08:25:18.698 [seq=2652] [tid=8696] CreateFileMappingA input=00001A4C result=00001A60 err=0 name=(null) file=\\?\UNC\psf\Home\Documents\mxd\BeiDou-Server\clien\Data\Mob\2100104.img
2026-08-28 08:25:18.703 [seq=2653] [tid=8696] MapViewOfFile mapping=00001A60 result=33520000 err=0 access=0x00000004 offset=0:0 bytes=0
2026-08-28 08:25:18.756 [seq=2654] [tid=8696] CreateFileMappingA input=00001A98 result=00001A74 err=0 name=(null) file=\\?\UNC\psf\Home\Documents\mxd\BeiDou-Server\clien\Data\Mob\2230200.img
2026-08-28 08:25:18.761 [seq=2655] [tid=8696] MapViewOfFile mapping=00001A74 result=33530000 err=0 access=0x00000004 offset=0:0 bytes=0
2026-08-28 08:25:18.782 [seq=2656] [tid=8696] CreateFileMappingA input=00001AA4 result=00001AA0 err=0 name=(null) file=\\?\UNC\psf\Home\Documents\mxd\BeiDou-Server\clien\Data\Mob\2100108.img
2026-08-28 08:25:18.785 [seq=2657] [tid=8696] MapViewOfFile mapping=00001AA0 result=33540000 err=0 access=0x00000004 offset=0:0 bytes=0
2026-08-28 08:25:18.802 [seq=2658] [tid=8696] CreateFileMappingA input=00001A64 result=00001AA8 err=0 name=(null) file=\\?\UNC\psf\Home\Documents\mxd\BeiDou-Server\clien\Data\Mob\2110301.img
2026-08-28 08:25:18.808 [seq=2659] [tid=8696] MapViewOfFile mapping=00001AA8 result=33550000 err=0 access=0x00000004 offset=0:0 bytes=0
2026-08-28 08:25:18.824 [seq=2660] [tid=8696] CreateFileMappingA input=00001A9C result=00001AAC err=0 name=(null) file=\\?\UNC\psf\Home\Documents\mxd\BeiDou-Server\clien\Data\Mob\3000000.img
2026-08-28 08:25:18.827 [seq=2661] [tid=8696] MapViewOfFile mapping=00001AAC result=33560000 err=0 access=0x00000004 offset=0:0 bytes=0
2026-08-28 08:25:18.867 [seq=2662] [tid=8696] CreateFileMappingA input=00001AB0 result=00001AB4 err=0 name=(null) file=\\?\UNC\psf\Home\Documents\mxd\BeiDou-Server\clien\Data\Mob\3000001.img
2026-08-28 08:25:18.986 [seq=2663] [tid=8696] MapViewOfFile mapping=00001AB4 result=33570000 err=0 access=0x00000004 offset=0:0 bytes=0
2026-08-28 08:25:19.011 [seq=2664] [tid=8696] CreateFileMappingA input=00001AB8 result=00001ABC err=0 name=(null) file=\\?\UNC\psf\Home\Documents\mxd\BeiDou-Server\clien\Data\Mob\3000005.img
2026-08-28 08:25:19.019 [seq=2665] [tid=8696] MapViewOfFile mapping=00001ABC result=33580000 err=0 access=0x00000004 offset=0:0 bytes=0
2026-08-28 08:25:19.082 [seq=2666] [tid=4800] event=health cpu_core_pct=41.6 working_set_mb=341 commit_mb=246 handles=1705 gdi=15 user=24 window=hung last_resource="(none)" resource_offset=0 resource_bytes=0 resource_age_ms=0
2026-08-28 08:25:19.089 [seq=2667] [tid=8696] CreateFileMappingA input=00001AC8 result=00001ACC err=0 name=(null) file=\\?\UNC\psf\Home\Documents\mxd\BeiDou-Server\clien\Data\Mob\3000006.img
2026-08-28 08:25:19.092 [seq=2668] [tid=8696] MapViewOfFile mapping=00001ACC result=33590000 err=0 access=0x00000004 offset=0:0 bytes=0
2026-08-28 08:25:19.294 [seq=2669] [tid=8696] CreateFileMappingA input=00001AD4 result=00001AC4 err=0 name=(null) file=\\?\UNC\psf\Home\Documents\mxd\BeiDou-Server\clien\Data\Mob\3100102.img
2026-08-28 08:25:19.308 [seq=2670] [tid=8696] MapViewOfFile mapping=00001AC4 result=335A0000 err=0 access=0x00000004 offset=0:0 bytes=0
2026-08-28 08:25:19.340 [seq=2671] [tid=8696] CreateFileMappingA input=00001AD0 result=00001AC0 err=0 name=(null) file=\\?\UNC\psf\Home\Documents\mxd\BeiDou-Server\clien\Data\Mob\5200001.img
2026-08-28 08:25:19.344 [seq=2672] [tid=8696] MapViewOfFile mapping=00001AC0 result=335B0000 err=0 access=0x00000004 offset=0:0 bytes=0
2026-08-28 08:25:19.375 [seq=2673] [tid=8696] CreateFileMappingA input=00001AE0 result=00001AD8 err=0 name=(null) file=\\?\UNC\psf\Home\Documents\mxd\BeiDou-Server\clien\Data\Mob\5200002.img
2026-08-28 08:25:19.380 [seq=2674] [tid=8696] MapViewOfFile mapping=00001AD8 result=335C0000 err=0 access=0x00000004 offset=0:0 bytes=0
2026-08-28 08:25:19.416 [seq=2675] [tid=8696] CreateFileMappingA input=00001AE8 result=00001AF0 err=0 name=(null) file=\\?\UNC\psf\Home\Documents\mxd\BeiDou-Server\clien\Data\Mob\1140130.img
2026-08-28 08:25:19.425 [seq=2676] [tid=8696] MapViewOfFile mapping=00001AF0 result=335D0000 err=0 access=0x00000004 offset=0:0 bytes=0
2026-08-28 08:25:19.443 [seq=2677] [tid=8696] CreateFileMappingA input=00001AFC result=00001B00 err=0 name=(null) file=\\?\UNC\psf\Home\Documents\mxd\BeiDou-Server\clien\Data\Mob\2230131.img
2026-08-28 08:25:19.448 [seq=2678] [tid=8696] MapViewOfFile mapping=00001B00 result=335E0000 err=0 access=0x00000004 offset=0:0 bytes=0
2026-08-28 08:25:19.464 [seq=2679] [tid=8696] CreateFileMappingA input=00001AF8 result=00001B08 err=0 name=(null) file=\\?\UNC\psf\Home\Documents\mxd\BeiDou-Server\clien\Data\Mob\3230307.img
2026-08-28 08:25:19.468 [seq=2680] [tid=8696] MapViewOfFile mapping=00001B08 result=335F0000 err=0 access=0x00000004 offset=0:0 bytes=0
2026-08-28 08:25:19.482 [seq=2681] [tid=8696] CreateFileMappingA input=00001B14 result=00001B18 err=0 name=(null) file=\\?\UNC\psf\Home\Documents\mxd\BeiDou-Server\clien\Data\Mob\3230400.img
2026-08-28 08:25:19.486 [seq=2682] [tid=8696] MapViewOfFile mapping=00001B18 result=33600000 err=0 access=0x00000004 offset=0:0 bytes=0
2026-08-28 08:25:19.502 [seq=2683] [tid=8696] CreateFileMappingA input=00001B20 result=00001B1C err=0 name=(null) file=\\?\UNC\psf\Home\Documents\mxd\BeiDou-Server\clien\Data\Mob\3110100.img
2026-08-28 08:25:19.506 [seq=2684] [tid=8696] MapViewOfFile mapping=00001B1C result=33610000 err=0 access=0x00000004 offset=0:0 bytes=0
2026-08-28 08:25:19.523 [seq=2685] [tid=8696] CreateFileMappingA input=00001B30 result=00001B34 err=0 name=(null) file=\\?\UNC\psf\Home\Documents\mxd\BeiDou-Server\clien\Data\Mob\3210100.img
2026-08-28 08:25:19.529 [seq=2686] [tid=8696] MapViewOfFile mapping=00001B34 result=33620000 err=0 access=0x00000004 offset=0:0 bytes=0
2026-08-28 08:25:19.552 [seq=2687] [tid=8696] CreateFileMappingA input=00001B28 result=00001ADC err=0 name=(null) file=\\?\UNC\psf\Home\Documents\mxd\BeiDou-Server\clien\Data\Mob\3110101.img
2026-08-28 08:25:19.558 [seq=2688] [tid=8696] MapViewOfFile mapping=00001ADC result=33630000 err=0 access=0x00000004 offset=0:0 bytes=0
2026-08-28 08:25:19.580 [seq=2689] [tid=8696] CreateFileMappingA input=00001B10 result=00001AF4 err=0 name=(null) file=\\?\UNC\psf\Home\Documents\mxd\BeiDou-Server\clien\Data\Mob\3110102.img
2026-08-28 08:25:19.585 [seq=2690] [tid=8696] MapViewOfFile mapping=00001AF4 result=33640000 err=0 access=0x00000004 offset=0:0 bytes=0
2026-08-28 08:25:19.602 [seq=2691] [tid=8696] CreateFileMappingA input=00001AE4 result=00001B48 err=0 name=(null) file=\\?\UNC\psf\Home\Documents\mxd\BeiDou-Server\clien\Data\Mob\5300000.img
2026-08-28 08:25:19.608 [seq=2692] [tid=8696] MapViewOfFile mapping=00001B48 result=33650000 err=0 access=0x00000004 offset=0:0 bytes=0
2026-08-28 08:25:19.624 [seq=2693] [tid=8696] CreateFileMappingA input=00001B54 result=00001B58 err=0 name=(null) file=\\?\UNC\psf\Home\Documents\mxd\BeiDou-Server\clien\Data\Mob\3230104.img
2026-08-28 08:25:19.629 [seq=2694] [tid=8696] MapViewOfFile mapping=00001B58 result=33660000 err=0 access=0x00000004 offset=0:0 bytes=0
2026-08-28 08:25:19.651 [seq=2695] [tid=8696] CreateFileMappingA input=00001B3C result=00001B44 err=0 name=(null) file=\\?\UNC\psf\Home\Documents\mxd\BeiDou-Server\clien\Data\Mob\3100101.img
2026-08-28 08:25:19.655 [seq=2696] [tid=8696] MapViewOfFile mapping=00001B44 result=33670000 err=0 access=0x00000004 offset=0:0 bytes=0
2026-08-28 08:25:19.672 [seq=2697] [tid=8696] CreateFileMappingA input=00001B60 result=00001B5C err=0 name=(null) file=\\?\UNC\psf\Home\Documents\mxd\BeiDou-Server\clien\Data\Mob\3110300.img
2026-08-28 08:25:19.675 [seq=2698] [tid=8696] MapViewOfFile mapping=00001B5C result=33680000 err=0 access=0x00000004 offset=0:0 bytes=0
2026-08-28 08:25:19.693 [seq=2699] [tid=8696] CreateFileMappingA input=00001B0C result=00001AEC err=0 name=(null) file=\\?\UNC\psf\Home\Documents\mxd\BeiDou-Server\clien\Data\Mob\3110301.img
2026-08-28 08:25:19.697 [seq=2700] [tid=8696] MapViewOfFile mapping=00001AEC result=33690000 err=0 access=0x00000004 offset=0:0 bytes=0
2026-08-28 08:25:19.717 [seq=2701] [tid=8696] CreateFileMappingA input=00001B38 result=00001B24 err=0 name=(null) file=\\?\UNC\psf\Home\Documents\mxd\BeiDou-Server\clien\Data\Mob\3210200.img
2026-08-28 08:25:19.720 [seq=2702] [tid=8696] MapViewOfFile mapping=00001B24 result=336B0000 err=0 access=0x00000004 offset=0:0 bytes=0
2026-08-28 08:25:19.749 [seq=2703] [tid=8696] CreateFileMappingA input=00001B64 result=00001B4C err=0 name=(null) file=\\?\UNC\psf\Home\Documents\mxd\BeiDou-Server\clien\Data\Mob\3210201.img
2026-08-28 08:25:19.754 [seq=2704] [tid=8696] MapViewOfFile mapping=00001B4C result=336C0000 err=0 access=0x00000004 offset=0:0 bytes=0
2026-08-28 08:25:19.811 [seq=2705] [tid=8696] CreateFileMappingA input=00001B6C result=00001B70 err=0 name=(null) file=\\?\UNC\psf\Home\Documents\mxd\BeiDou-Server\clien\Data\Mob\3210202.img
2026-08-28 08:25:19.819 [seq=2706] [tid=8696] MapViewOfFile mapping=00001B70 result=336D0000 err=0 access=0x00000004 offset=0:0 bytes=0
2026-08-28 08:25:19.837 [seq=2707] [tid=8696] CreateFileMappingA input=00001B74 result=00001B78 err=0 name=(null) file=\\?\UNC\psf\Home\Documents\mxd\BeiDou-Server\clien\Data\Mob\5300001.img
2026-08-28 08:25:19.842 [seq=2708] [tid=8696] MapViewOfFile mapping=00001B78 result=336E0000 err=0 access=0x00000004 offset=0:0 bytes=0
2026-08-28 08:25:19.859 [seq=2709] [tid=8696] CreateFileMappingA input=00001B88 result=00001B8C err=0 name=(null) file=\\?\UNC\psf\Home\Documents\mxd\BeiDou-Server\clien\Data\Mob\3210204.img
2026-08-28 08:25:19.865 [seq=2710] [tid=8696] MapViewOfFile mapping=00001B8C result=336F0000 err=0 access=0x00000004 offset=0:0 bytes=0
2026-08-28 08:25:19.883 [seq=2711] [tid=8696] CreateFileMappingA input=00001B84 result=00001B68 err=0 name=(null) file=\\?\UNC\psf\Home\Documents\mxd\BeiDou-Server\clien\Data\Mob\3210205.img
2026-08-28 08:25:19.887 [seq=2712] [tid=8696] MapViewOfFile mapping=00001B68 result=33700000 err=0 access=0x00000004 offset=0:0 bytes=0
2026-08-28 08:25:19.919 [seq=2713] [tid=8696] CreateFileMappingA input=00001B40 result=00001B80 err=0 name=(null) file=\\?\UNC\psf\Home\Documents\mxd\BeiDou-Server\clien\Data\Mob\3210207.img
2026-08-28 08:25:19.928 [seq=2714] [tid=8696] MapViewOfFile mapping=00001B80 result=33710000 err=0 access=0x00000004 offset=0:0 bytes=0
2026-08-28 08:25:20.068 [seq=2715] [tid=8696] CreateFileMappingA input=00001B2C result=00001B50 err=0 name=(null) file=\\?\UNC\psf\Home\Documents\mxd\BeiDou-Server\clien\Data\Mob\3230100.img
2026-08-28 08:25:20.074 [seq=2716] [tid=8696] MapViewOfFile mapping=00001B50 result=33720000 err=0 access=0x00000004 offset=0:0 bytes=0
2026-08-28 08:25:20.108 [seq=2717] [tid=8696] CreateFileMappingA input=00001B04 result=00001B90 err=0 name=(null) file=\\?\UNC\psf\Home\Documents\mxd\BeiDou-Server\clien\Data\Mob\3230101.img
2026-08-28 08:25:20.111 [seq=2718] [tid=8696] MapViewOfFile mapping=00001B90 result=33730000 err=0 access=0x00000004 offset=0:0 bytes=0
2026-08-28 08:25:20.141 [seq=2719] [tid=8696] CreateFileMappingA input=00001B7C result=00001B94 err=0 name=(null) file=\\?\UNC\psf\Home\Documents\mxd\BeiDou-Server\clien\Data\Mob\3230200.img
2026-08-28 08:25:20.146 [seq=2720] [tid=8696] MapViewOfFile mapping=00001B94 result=33740000 err=0 access=0x00000004 offset=0:0 bytes=0
2026-08-28 08:25:20.171 [seq=2721] [tid=4800] event=health cpu_core_pct=46.3 working_set_mb=341 commit_mb=247 handles=1761 gdi=15 user=24 window=hung last_resource="(none)" resource_offset=0 resource_bytes=0 resource_age_ms=0
2026-08-28 08:25:20.184 [seq=2722] [tid=8696] CreateFileMappingA input=00001B98 result=00001BA4 err=0 name=(null) file=\\?\UNC\psf\Home\Documents\mxd\BeiDou-Server\clien\Data\Mob\3230302.img
2026-08-28 08:25:20.190 [seq=2723] [tid=8696] MapViewOfFile mapping=00001BA4 result=33760000 err=0 access=0x00000004 offset=0:0 bytes=0
2026-08-28 08:25:20.208 [seq=2724] [tid=8696] CreateFileMappingA input=00001BAC result=00001BB0 err=0 name=(null) file=\\?\UNC\psf\Home\Documents\mxd\BeiDou-Server\clien\Data\Mob\5400000.img
2026-08-28 08:25:20.212 [seq=2725] [tid=8696] MapViewOfFile mapping=00001BB0 result=33770000 err=0 access=0x00000004 offset=0:0 bytes=0
2026-08-28 08:25:20.234 [seq=2726] [tid=8696] CreateFileMappingA input=00001BB4 result=00001BB8 err=0 name=(null) file=\\?\UNC\psf\Home\Documents\mxd\BeiDou-Server\clien\Data\Mob\3110302.img
2026-08-28 08:25:20.238 [seq=2727] [tid=8696] MapViewOfFile mapping=00001BB8 result=33780000 err=0 access=0x00000004 offset=0:0 bytes=0
2026-08-28 08:25:20.269 [seq=2728] [tid=8696] CreateFileMappingA input=00001BC0 result=00001BA8 err=0 name=(null) file=\\?\UNC\psf\Home\Documents\mxd\BeiDou-Server\clien\Data\Mob\3210203.img
2026-08-28 08:25:20.276 [seq=2729] [tid=8696] MapViewOfFile mapping=00001BA8 result=33790000 err=0 access=0x00000004 offset=0:0 bytes=0
2026-08-28 08:25:20.320 [seq=2730] [tid=8696] CreateFileMappingA input=00001BC4 result=00001BC8 err=0 name=(null) file=\\?\UNC\psf\Home\Documents\mxd\BeiDou-Server\clien\Data\Mob\3210206.img
2026-08-28 08:25:20.335 [seq=2731] [tid=8696] MapViewOfFile mapping=00001BC8 result=337A0000 err=0 access=0x00000004 offset=0:0 bytes=0
2026-08-28 08:25:20.393 [seq=2732] [tid=8696] CreateFileMappingA input=00001BD4 result=00001BD8 err=0 name=(null) file=\\?\UNC\psf\Home\Documents\mxd\BeiDou-Server\clien\Data\Mob\3210450.img
2026-08-28 08:25:20.401 [seq=2733] [tid=8696] MapViewOfFile mapping=00001BD8 result=337B0000 err=0 access=0x00000004 offset=0:0 bytes=0
2026-08-28 08:25:20.419 [seq=2734] [tid=8696] CreateFileMappingA input=00001BD0 result=00001BCC err=0 name=(null) file=\\?\UNC\psf\Home\Documents\mxd\BeiDou-Server\clien\Data\Mob\3210208.img
2026-08-28 08:25:20.426 [seq=2735] [tid=8696] MapViewOfFile mapping=00001BCC result=337C0000 err=0 access=0x00000004 offset=0:0 bytes=0
2026-08-28 08:25:20.445 [seq=2736] [tid=8696] CreateFileMappingA input=00001BE0 result=00001BDC err=0 name=(null) file=\\?\UNC\psf\Home\Documents\mxd\BeiDou-Server\clien\Data\Mob\3210800.img
2026-08-28 08:25:20.450 [seq=2737] [tid=8696] MapViewOfFile mapping=00001BDC result=337D0000 err=0 access=0x00000004 offset=0:0 bytes=0
2026-08-28 08:25:20.464 [seq=2738] [tid=8696] CreateFileMappingA input=00001BE4 result=00001BE8 err=0 name=(null) file=\\?\UNC\psf\Home\Documents\mxd\BeiDou-Server\clien\Data\Mob\3230102.img
2026-08-28 08:25:20.469 [seq=2739] [tid=8696] MapViewOfFile mapping=00001BE8 result=337E0000 err=0 access=0x00000004 offset=0:0 bytes=0
2026-08-28 08:25:20.485 [seq=2740] [tid=8696] CreateFileMappingA input=00001BEC result=00001BF0 err=0 name=(null) file=\\?\UNC\psf\Home\Documents\mxd\BeiDou-Server\clien\Data\Mob\3230303.img
2026-08-28 08:25:20.490 [seq=2741] [tid=8696] MapViewOfFile mapping=00001BF0 result=337F0000 err=0 access=0x00000004 offset=0:0 bytes=0
2026-08-28 08:25:20.507 [seq=2742] [tid=8696] CreateFileMappingA input=00001BF4 result=00001BBC err=0 name=(null) file=\\?\UNC\psf\Home\Documents\mxd\BeiDou-Server\clien\Data\Mob\3230306.img
2026-08-28 08:25:20.510 [seq=2743] [tid=8696] MapViewOfFile mapping=00001BBC result=33800000 err=0 access=0x00000004 offset=0:0 bytes=0
2026-08-28 08:25:20.552 [seq=2744] [tid=8696] CreateFileMappingA input=00001BFC result=00001BF8 err=0 name=(null) file=\\?\UNC\psf\Home\Documents\mxd\BeiDou-Server\clien\Data\Mob\3230103.img
2026-08-28 08:25:20.558 [seq=2745] [tid=8696] MapViewOfFile mapping=00001BF8 result=33810000 err=0 access=0x00000004 offset=0:0 bytes=0
2026-08-28 08:25:20.578 [seq=2746] [tid=8696] CreateFileMappingA input=00001C08 result=00001C0C err=0 name=(null) file=\\?\UNC\psf\Home\Documents\mxd\BeiDou-Server\clien\Data\Mob\3230304.img
2026-08-28 08:25:20.584 [seq=2747] [tid=8696] MapViewOfFile mapping=00001C0C result=33820000 err=0 access=0x00000004 offset=0:0 bytes=0
2026-08-28 08:25:20.603 [seq=2748] [tid=8696] CreateFileMappingA input=00001C14 result=00001C18 err=0 name=(null) file=\\?\UNC\psf\Home\Documents\mxd\BeiDou-Server\clien\Data\Mob\3230405.img
2026-08-28 08:25:20.609 [seq=2749] [tid=8696] MapViewOfFile mapping=00001C18 result=33830000 err=0 access=0x00000004 offset=0:0 bytes=0
2026-08-28 08:25:20.629 [seq=2750] [tid=8696] CreateFileMappingA input=00001C24 result=00001C2C err=0 name=(null) file=\\?\UNC\psf\Home\Documents\mxd\BeiDou-Server\clien\Data\Mob\3110303.img
2026-08-28 08:25:20.633 [seq=2751] [tid=8696] MapViewOfFile mapping=00001C2C result=33840000 err=0 access=0x00000004 offset=0:0 bytes=0
2026-08-28 08:25:20.651 [seq=2752] [tid=8696] CreateFileMappingA input=00001C20 result=00001C30 err=0 name=(null) file=\\?\UNC\psf\Home\Documents\mxd\BeiDou-Server\clien\Data\Mob\3230308.img
2026-08-28 08:25:20.658 [seq=2753] [tid=8696] MapViewOfFile mapping=00001C30 result=33850000 err=0 access=0x00000004 offset=0:0 bytes=0
2026-08-28 08:25:20.676 [seq=2754] [tid=8696] CreateFileMappingA input=00001C04 result=00001C10 err=0 name=(null) file=\\?\UNC\psf\Home\Documents\mxd\BeiDou-Server\clien\Data\Mob\3230305.img
2026-08-28 08:25:20.684 [seq=2755] [tid=8696] MapViewOfFile mapping=00001C10 result=33860000 err=0 access=0x00000004 offset=0:0 bytes=0
2026-08-28 08:25:20.711 [seq=2756] [tid=8696] CreateFileMappingA input=00001C34 result=00001C38 err=0 name=(null) file=\\?\UNC\psf\Home\Documents\mxd\BeiDou-Server\clien\Data\Mob\4230100.img
2026-08-28 08:25:20.715 [seq=2757] [tid=8696] MapViewOfFile mapping=00001C38 result=33880000 err=0 access=0x00000004 offset=0:0 bytes=0
2026-08-28 08:25:20.747 [seq=2758] [tid=8696] CreateFileMappingA input=00001C28 result=00001C44 err=0 name=(null) file=\\?\UNC\psf\Home\Documents\mxd\BeiDou-Server\clien\Data\Mob\4230101.img
2026-08-28 08:25:20.754 [seq=2759] [tid=8696] MapViewOfFile mapping=00001C44 result=39D10000 err=0 access=0x00000004 offset=0:0 bytes=0
2026-08-28 08:25:20.784 [seq=2760] [tid=8696] CreateFileMappingA input=00001C4C result=00001C54 err=0 name=(null) file=\\?\UNC\psf\Home\Documents\mxd\BeiDou-Server\clien\Data\Mob\4230113.img
2026-08-28 08:25:20.846 [seq=2761] [tid=8696] MapViewOfFile mapping=00001C54 result=39D20000 err=0 access=0x00000004 offset=0:0 bytes=0
2026-08-28 08:25:20.871 [seq=2762] [tid=8696] CreateFileMappingA input=00001C5C result=00001C60 err=0 name=(null) file=\\?\UNC\psf\Home\Documents\mxd\BeiDou-Server\clien\Data\Mob\4230116.img
2026-08-28 08:25:20.876 [seq=2763] [tid=8696] MapViewOfFile mapping=00001C60 result=39D30000 err=0 access=0x00000004 offset=0:0 bytes=0
2026-08-28 08:25:20.896 [seq=2764] [tid=8696] CreateFileMappingA input=00001C40 result=00001C58 err=0 name=(null) file=\\?\UNC\psf\Home\Documents\mxd\BeiDou-Server\clien\Data\Mob\4230200.img
2026-08-28 08:25:20.904 [seq=2765] [tid=8696] MapViewOfFile mapping=00001C58 result=39D40000 err=0 access=0x00000004 offset=0:0 bytes=0
2026-08-28 08:25:20.941 [seq=2766] [tid=8696] CreateFileMappingA input=00001C3C result=00001C48 err=0 name=(null) file=\\?\UNC\psf\Home\Documents\mxd\BeiDou-Server\clien\Data\Mob\4230201.img
2026-08-28 08:25:20.944 [seq=2767] [tid=8696] MapViewOfFile mapping=00001C48 result=39D50000 err=0 access=0x00000004 offset=0:0 bytes=0
2026-08-28 08:25:20.978 [seq=2768] [tid=8696] CreateFileMappingA input=00001C50 result=00001C1C err=0 name=(null) file=\\?\UNC\psf\Home\Documents\mxd\BeiDou-Server\clien\Data\Mob\4230500.img
2026-08-28 08:25:21.091 [seq=2769] [tid=8696] MapViewOfFile mapping=00001C1C result=39D60000 err=0 access=0x00000004 offset=0:0 bytes=0
2026-08-28 08:25:21.115 [seq=2770] [tid=8696] CreateFileMappingA input=00001C74 result=00001C78 err=0 name=(null) file=\\?\UNC\psf\Home\Documents\mxd\BeiDou-Server\clien\Data\Mob\4230600.img
2026-08-28 08:25:21.125 [seq=2771] [tid=8696] MapViewOfFile mapping=00001C78 result=39D70000 err=0 access=0x00000004 offset=0:0 bytes=0
2026-08-28 08:25:21.155 [seq=2772] [tid=8696] CreateFileMappingA input=00001C70 result=00001C6C err=0 name=(null) file=\\?\UNC\psf\Home\Documents\mxd\BeiDou-Server\clien\Data\Mob\4230107.img
2026-08-28 08:25:21.164 [seq=2773] [tid=8696] MapViewOfFile mapping=00001C6C result=39D90000 err=0 access=0x00000004 offset=0:0 bytes=0
2026-08-28 08:25:21.208 [seq=2774] [tid=8696] CreateFileMappingA input=00001C68 result=00001C7C err=0 name=(null) file=\\?\UNC\psf\Home\Documents\mxd\BeiDou-Server\clien\Data\Mob\4230111.img
2026-08-28 08:25:21.216 [seq=2775] [tid=8696] MapViewOfFile mapping=00001C7C result=39DA0000 err=0 access=0x00000004 offset=0:0 bytes=0
2026-08-28 08:25:21.237 [seq=2776] [tid=8696] CreateFileMappingA input=00001C80 result=00001C88 err=0 name=(null) file=\\?\UNC\psf\Home\Documents\mxd\BeiDou-Server\clien\Data\Mob\4230114.img
2026-08-28 08:25:21.244 [seq=2777] [tid=8696] MapViewOfFile mapping=00001C88 result=39DC0000 err=0 access=0x00000004 offset=0:0 bytes=0
2026-08-28 08:25:21.261 [seq=2778] [tid=4800] event=health cpu_core_pct=38.5 working_set_mb=343 commit_mb=247 handles=1817 gdi=15 user=24 window=hung last_resource="(none)" resource_offset=0 resource_bytes=0 resource_age_ms=0
2026-08-28 08:25:21.273 [seq=2779] [tid=8696] CreateFileMappingA input=00001C98 result=00001C9C err=0 name=(null) file=\\?\UNC\psf\Home\Documents\mxd\BeiDou-Server\clien\Data\Mob\4230119.img
2026-08-28 08:25:21.275 [seq=2780] [tid=8696] MapViewOfFile mapping=00001C9C result=39DE0000 err=0 access=0x00000004 offset=0:0 bytes=0
2026-08-28 08:25:21.296 [seq=2781] [tid=8696] CreateFileMappingA input=00001C94 result=00001C90 err=0 name=(null) file=\\?\UNC\psf\Home\Documents\mxd\BeiDou-Server\clien\Data\Mob\4230501.img
2026-08-28 08:25:21.299 [seq=2782] [tid=8696] MapViewOfFile mapping=00001C90 result=39E00000 err=0 access=0x00000004 offset=0:0 bytes=0
2026-08-28 08:25:21.322 [seq=2783] [tid=8696] CreateFileMappingA input=00001C84 result=00001C64 err=0 name=(null) file=\\?\UNC\psf\Home\Documents\mxd\BeiDou-Server\clien\Data\Mob\4230105.img
2026-08-28 08:25:21.337 [seq=2784] [tid=8696] MapViewOfFile mapping=00001C64 result=39E10000 err=0 access=0x00000004 offset=0:0 bytes=0
2026-08-28 08:25:21.356 [seq=2785] [tid=8696] CreateFileMappingA input=00001CB0 result=00001CA4 err=0 name=(null) file=\\?\UNC\psf\Home\Documents\mxd\BeiDou-Server\clien\Data\Mob\4230103.img
2026-08-28 08:25:21.360 [seq=2786] [tid=8696] MapViewOfFile mapping=00001CA4 result=39E20000 err=0 access=0x00000004 offset=0:0 bytes=0
2026-08-28 08:25:21.392 [seq=2787] [tid=8696] CreateFileMappingA input=00001CB4 result=00001CB8 err=0 name=(null) file=\\?\UNC\psf\Home\Documents\mxd\BeiDou-Server\clien\Data\Mob\4230109.img
2026-08-28 08:25:21.399 [seq=2788] [tid=8696] MapViewOfFile mapping=00001CB8 result=39E30000 err=0 access=0x00000004 offset=0:0 bytes=0
2026-08-28 08:25:21.416 [seq=2789] [tid=8696] CreateFileMappingA input=00001C8C result=00001CAC err=0 name=(null) file=\\?\UNC\psf\Home\Documents\mxd\BeiDou-Server\clien\Data\Mob\4230117.img
2026-08-28 08:25:21.419 [seq=2790] [tid=8696] MapViewOfFile mapping=00001CAC result=39E50000 err=0 access=0x00000004 offset=0:0 bytes=0
2026-08-28 08:25:21.445 [seq=2791] [tid=8696] CreateFileMappingA input=00001CBC result=00001CA0 err=0 name=(null) file=\\?\UNC\psf\Home\Documents\mxd\BeiDou-Server\clien\Data\Mob\4230124.img
2026-08-28 08:25:21.449 [seq=2792] [tid=8696] MapViewOfFile mapping=00001CA0 result=39E60000 err=0 access=0x00000004 offset=0:0 bytes=0
2026-08-28 08:25:21.463 [seq=2793] [tid=8696] CreateFileMappingA input=00001CA8 result=00001CC0 err=0 name=(null) file=\\?\UNC\psf\Home\Documents\mxd\BeiDou-Server\clien\Data\Mob\4110300.img
2026-08-28 08:25:21.466 [seq=2794] [tid=8696] MapViewOfFile mapping=00001CC0 result=39E80000 err=0 access=0x00000004 offset=0:0 bytes=0
2026-08-28 08:25:21.484 [seq=2795] [tid=8696] CreateFileMappingA input=00001CD0 result=00001CD4 err=0 name=(null) file=\\?\UNC\psf\Home\Documents\mxd\BeiDou-Server\clien\Data\Mob\4230108.img
2026-08-28 08:25:21.487 [seq=2796] [tid=8696] MapViewOfFile mapping=00001CD4 result=39E90000 err=0 access=0x00000004 offset=0:0 bytes=0
2026-08-28 08:25:21.501 [seq=2797] [tid=8696] CreateFileMappingA input=00001CD8 result=00001CCC err=0 name=(null) file=\\?\UNC\psf\Home\Documents\mxd\BeiDou-Server\clien\Data\Mob\4230123.img
2026-08-28 08:25:21.505 [seq=2798] [tid=8696] MapViewOfFile mapping=00001CCC result=39EA0000 err=0 access=0x00000004 offset=0:0 bytes=0
2026-08-28 08:25:21.519 [seq=2799] [tid=8696] CreateFileMappingA input=00001CDC result=00001CC8 err=0 name=(null) file=\\?\UNC\psf\Home\Documents\mxd\BeiDou-Server\clien\Data\Mob\4230502.img
2026-08-28 08:25:21.526 [seq=2800] [tid=8696] MapViewOfFile mapping=00001CC8 result=39EC0000 err=0 access=0x00000004 offset=0:0 bytes=0
2026-08-28 08:25:21.559 [seq=2801] [tid=8696] CreateFileMappingA input=00001CE4 result=00001CE8 err=0 name=(null) file=\\?\UNC\psf\Home\Documents\mxd\BeiDou-Server\clien\Data\Mob\4230120.img
2026-08-28 08:25:21.561 [seq=2802] [tid=8696] MapViewOfFile mapping=00001CE8 result=39ED0000 err=0 access=0x00000004 offset=0:0 bytes=0
2026-08-28 08:25:21.582 [seq=2803] [tid=8696] CreateFileMappingA input=00001CC4 result=00001CEC err=0 name=(null) file=\\?\UNC\psf\Home\Documents\mxd\BeiDou-Server\clien\Data\Mob\4230112.img
2026-08-28 08:25:21.585 [seq=2804] [tid=8696] MapViewOfFile mapping=00001CEC result=39EF0000 err=0 access=0x00000004 offset=0:0 bytes=0
2026-08-28 08:25:21.603 [seq=2805] [tid=8696] CreateFileMappingA input=00001CF4 result=00001CF8 err=0 name=(null) file=\\?\UNC\psf\Home\Documents\mxd\BeiDou-Server\clien\Data\Mob\4230125.img
2026-08-28 08:25:21.607 [seq=2806] [tid=8696] MapViewOfFile mapping=00001CF8 result=39F10000 err=0 access=0x00000004 offset=0:0 bytes=0
2026-08-28 08:25:21.625 [seq=2807] [tid=8696] CreateFileMappingA input=00001CF0 result=00001CE0 err=0 name=(null) file=\\?\UNC\psf\Home\Documents\mxd\BeiDou-Server\clien\Data\Mob\4230106.img
2026-08-28 08:25:21.629 [seq=2808] [tid=8696] MapViewOfFile mapping=00001CE0 result=39F20000 err=0 access=0x00000004 offset=0:0 bytes=0
2026-08-28 08:25:21.650 [seq=2809] [tid=8696] CreateFileMappingA input=00001D08 result=00001D00 err=0 name=(null) file=\\?\UNC\psf\Home\Documents\mxd\BeiDou-Server\clien\Data\Mob\4130100.img
2026-08-28 08:25:21.654 [seq=2810] [tid=8696] MapViewOfFile mapping=00001D00 result=39F30000 err=0 access=0x00000004 offset=0:0 bytes=0
2026-08-28 08:25:21.667 [seq=2811] [tid=8696] CreateFileMappingA input=00001D04 result=00001D14 err=0 name=(null) file=\\?\UNC\psf\Home\Documents\mxd\BeiDou-Server\clien\Data\Mob\4230110.img
2026-08-28 08:25:21.679 [seq=2812] [tid=8696] MapViewOfFile mapping=00001D14 result=39F40000 err=0 access=0x00000004 offset=0:0 bytes=0
2026-08-28 08:25:21.694 [seq=2813] [tid=8696] CreateFileMappingA input=00001D10 result=00001D1C err=0 name=(null) file=\\?\UNC\psf\Home\Documents\mxd\BeiDou-Server\clien\Data\Mob\4230118.img
2026-08-28 08:25:21.696 [seq=2814] [tid=8696] MapViewOfFile mapping=00001D1C result=39F60000 err=0 access=0x00000004 offset=0:0 bytes=0
2026-08-28 08:25:21.719 [seq=2815] [tid=8696] CreateFileMappingA input=00001D24 result=00001D28 err=0 name=(null) file=\\?\UNC\psf\Home\Documents\mxd\BeiDou-Server\clien\Data\Mob\4230300.img
2026-08-28 08:25:21.722 [seq=2816] [tid=8696] MapViewOfFile mapping=00001D28 result=39F80000 err=0 access=0x00000004 offset=0:0 bytes=0
2026-08-28 08:25:21.737 [seq=2817] [tid=8696] CreateFileMappingA input=00001D20 result=00001D2C err=0 name=(null) file=\\?\UNC\psf\Home\Documents\mxd\BeiDou-Server\clien\Data\Mob\4230400.img
2026-08-28 08:25:21.741 [seq=2818] [tid=8696] MapViewOfFile mapping=00001D2C result=39F90000 err=0 access=0x00000004 offset=0:0 bytes=0
2026-08-28 08:25:21.758 [seq=2819] [tid=8696] CreateFileMappingA input=00001D34 result=00001D38 err=0 name=(null) file=\\?\UNC\psf\Home\Documents\mxd\BeiDou-Server\clien\Data\Mob\4230503.img
2026-08-28 08:25:21.762 [seq=2820] [tid=8696] MapViewOfFile mapping=00001D38 result=39FA0000 err=0 access=0x00000004 offset=0:0 bytes=0
2026-08-28 08:25:21.777 [seq=2821] [tid=8696] CreateFileMappingA input=00001D3C result=00001D0C err=0 name=(null) file=\\?\UNC\psf\Home\Documents\mxd\BeiDou-Server\clien\Data\Mob\4230504.img
2026-08-28 08:25:21.780 [seq=2822] [tid=8696] MapViewOfFile mapping=00001D0C result=39FB0000 err=0 access=0x00000004 offset=0:0 bytes=0
2026-08-28 08:25:21.793 [seq=2823] [tid=8696] CreateFileMappingA input=00001D44 result=00001D30 err=0 name=(null) file=\\?\UNC\psf\Home\Documents\mxd\BeiDou-Server\clien\Data\Mob\4110301.img
2026-08-28 08:25:21.795 [seq=2824] [tid=8696] MapViewOfFile mapping=00001D30 result=39FC0000 err=0 access=0x00000004 offset=0:0 bytes=0
2026-08-28 08:25:21.814 [seq=2825] [tid=8696] CreateFileMappingA input=00001D18 result=00001CFC err=0 name=(null) file=\\?\UNC\psf\Home\Documents\mxd\BeiDou-Server\clien\Data\Mob\4250000.img
2026-08-28 08:25:21.818 [seq=2826] [tid=8696] MapViewOfFile mapping=00001CFC result=39FD0000 err=0 access=0x00000004 offset=0:0 bytes=0
2026-08-28 08:25:21.835 [seq=2827] [tid=8696] CreateFileMappingA input=00001D4C result=00001D50 err=0 name=(null) file=\\?\UNC\psf\Home\Documents\mxd\BeiDou-Server\clien\Data\Mob\3300000.img
2026-08-28 08:25:21.839 [seq=2828] [tid=8696] MapViewOfFile mapping=00001D50 result=39FF0000 err=0 access=0x00000004 offset=0:0 bytes=0
2026-08-28 08:25:21.856 [seq=2829] [tid=8696] CreateFileMappingA input=00001D48 result=00001D54 err=0 name=(null) file=\\?\UNC\psf\Home\Documents\mxd\BeiDou-Server\clien\Data\Mob\3300001.img
2026-08-28 08:25:21.860 [seq=2830] [tid=8696] MapViewOfFile mapping=00001D54 result=3A000000 err=0 access=0x00000004 offset=0:0 bytes=0
2026-08-28 08:25:21.891 [seq=2831] [tid=8696] CreateFileMappingA input=00001D60 result=00001D64 err=0 name=(null) file=\\?\UNC\psf\Home\Documents\mxd\BeiDou-Server\clien\Data\Mob\3300002.img
2026-08-28 08:25:21.895 [seq=2832] [tid=8696] MapViewOfFile mapping=00001D64 result=3A010000 err=0 access=0x00000004 offset=0:0 bytes=0
2026-08-28 08:25:21.909 [seq=2833] [tid=8696] CreateFileMappingA input=00001D58 result=00001D40 err=0 name=(null) file=\\?\UNC\psf\Home\Documents\mxd\BeiDou-Server\clien\Data\Mob\3300003.img
2026-08-28 08:25:21.918 [seq=2834] [tid=8696] MapViewOfFile mapping=00001D40 result=3A020000 err=0 access=0x00000004 offset=0:0 bytes=0
2026-08-28 08:25:21.931 [seq=2835] [tid=8696] CreateFileMappingA input=00001D6C result=00001D74 err=0 name=(null) file=\\?\UNC\psf\Home\Documents\mxd\BeiDou-Server\clien\Data\Mob\3300004.img
2026-08-28 08:25:21.935 [seq=2836] [tid=8696] MapViewOfFile mapping=00001D74 result=3A030000 err=0 access=0x00000004 offset=0:0 bytes=0
2026-08-28 08:25:21.950 [seq=2837] [tid=8696] CreateFileMappingA input=00001D70 result=00001D68 err=0 name=(null) file=\\?\UNC\psf\Home\Documents\mxd\BeiDou-Server\clien\Data\Mob\4230121.img
2026-08-28 08:25:21.953 [seq=2838] [tid=8696] MapViewOfFile mapping=00001D68 result=3A040000 err=0 access=0x00000004 offset=0:0 bytes=0
2026-08-28 08:25:21.969 [seq=2839] [tid=8696] CreateFileMappingA input=00001D78 result=00001D80 err=0 name=(null) file=\\?\UNC\psf\Home\Documents\mxd\BeiDou-Server\clien\Data\Mob\4130101.img
2026-08-28 08:25:21.973 [seq=2840] [tid=8696] MapViewOfFile mapping=00001D80 result=3A060000 err=0 access=0x00000004 offset=0:0 bytes=0
2026-08-28 08:25:21.992 [seq=2841] [tid=8696] CreateFileMappingA input=00001D5C result=00001D88 err=0 name=(null) file=\\?\UNC\psf\Home\Documents\mxd\BeiDou-Server\clien\Data\Mob\4230115.img
2026-08-28 08:25:21.995 [seq=2842] [tid=8696] MapViewOfFile mapping=00001D88 result=3A070000 err=0 access=0x00000004 offset=0:0 bytes=0
2026-08-28 08:25:22.114 [seq=2843] [tid=8696] CreateFileMappingA input=00001D7C result=00001D8C err=0 name=(null) file=\\?\UNC\psf\Home\Documents\mxd\BeiDou-Server\clien\Data\Mob\4130102.img
2026-08-28 08:25:22.122 [seq=2844] [tid=8696] MapViewOfFile mapping=00001D8C result=3A090000 err=0 access=0x00000004 offset=0:0 bytes=0
2026-08-28 08:25:22.180 [seq=2845] [tid=8696] CreateFileMappingA input=00001D90 result=00001D94 err=0 name=(null) file=\\?\UNC\psf\Home\Documents\mxd\BeiDou-Server\clien\Data\Mob\4130103.img
2026-08-28 08:25:22.191 [seq=2846] [tid=8696] MapViewOfFile mapping=00001D94 result=3A0A0000 err=0 access=0x00000004 offset=0:0 bytes=0
2026-08-28 08:25:22.222 [seq=2847] [tid=8696] CreateFileMappingA input=00001D9C result=00001D98 err=0 name=(null) file=\\?\UNC\psf\Home\Documents\mxd\BeiDou-Server\clien\Data\Mob\4230126.img
2026-08-28 08:25:22.228 [seq=2848] [tid=8696] MapViewOfFile mapping=00001D98 result=3A0F0000 err=0 access=0x00000004 offset=0:0 bytes=0
2026-08-28 08:25:22.251 [seq=2849] [tid=8696] CreateFileMappingA input=00001DA4 result=00001DA8 err=0 name=(null) file=\\?\UNC\psf\Home\Documents\mxd\BeiDou-Server\clien\Data\Mob\4230505.img
2026-08-28 08:25:22.254 [seq=2850] [tid=8696] MapViewOfFile mapping=00001DA8 result=3A100000 err=0 access=0x00000004 offset=0:0 bytes=0
2026-08-28 08:25:22.282 [seq=2851] [tid=8696] CreateFileMappingA input=00001DAC result=00001DB0 err=0 name=(null) file=\\?\UNC\psf\Home\Documents\mxd\BeiDou-Server\clien\Data\Mob\4110302.img
2026-08-28 08:25:22.285 [seq=2852] [tid=8696] MapViewOfFile mapping=00001DB0 result=3A110000 err=0 access=0x00000004 offset=0:0 bytes=0
2026-08-28 08:25:22.310 [seq=2853] [tid=8696] CreateFileMappingA input=00001DBC result=00001DB8 err=0 name=(null) file=\\?\UNC\psf\Home\Documents\mxd\BeiDou-Server\clien\Data\Mob\4230102.img
2026-08-28 08:25:22.325 [seq=2854] [tid=8696] MapViewOfFile mapping=00001DB8 result=3A120000 err=0 access=0x00000004 offset=0:0 bytes=0
2026-08-28 08:25:22.341 [seq=2855] [tid=8696] CreateFileMappingA input=00001DD0 result=00001DD4 err=0 name=(null) file=\\?\UNC\psf\Home\Documents\mxd\BeiDou-Server\clien\Data\Mob\4230104.img
2026-08-28 08:25:22.345 [seq=2856] [tid=8696] MapViewOfFile mapping=00001DD4 result=3A130000 err=0 access=0x00000004 offset=0:0 bytes=0
2026-08-28 08:25:22.360 [seq=2857] [tid=4800] event=health cpu_core_pct=50.7 working_set_mb=344 commit_mb=248 handles=1895 gdi=15 user=24 window=hung last_resource="(none)" resource_offset=0 resource_bytes=0 resource_age_ms=0
2026-08-28 08:25:22.373 [seq=2858] [tid=8696] CreateFileMappingA input=00001DD8 result=00001DC0 err=0 name=(null) file=\\?\UNC\psf\Home\Documents\mxd\BeiDou-Server\clien\Data\Mob\4240000.img
2026-08-28 08:25:22.377 [seq=2859] [tid=8696] MapViewOfFile mapping=00001DC0 result=3A150000 err=0 access=0x00000004 offset=0:0 bytes=0
2026-08-28 08:25:22.394 [seq=2860] [tid=8696] CreateFileMappingA input=00001DE4 result=00001DDC err=0 name=(null) file=\\?\UNC\psf\Home\Documents\mxd\BeiDou-Server\clien\Data\Mob\5130100.img
2026-08-28 08:25:22.398 [seq=2861] [tid=8696] MapViewOfFile mapping=00001DDC result=3A170000 err=0 access=0x00000004 offset=0:0 bytes=0
2026-08-28 08:25:22.426 [seq=2862] [tid=8696] CreateFileMappingA input=00001DF0 result=00001DF4 err=0 name=(null) file=\\?\UNC\psf\Home\Documents\mxd\BeiDou-Server\clien\Data\Mob\5100000.img
2026-08-28 08:25:22.428 [seq=2863] [tid=8696] MapViewOfFile mapping=00001DF4 result=3A180000 err=0 access=0x00000004 offset=0:0 bytes=0
2026-08-28 08:25:22.449 [seq=2864] [tid=8696] CreateFileMappingA input=00001DC4 result=00001DB4 err=0 name=(null) file=\\?\UNC\psf\Home\Documents\mxd\BeiDou-Server\clien\Data\Mob\5100003.img
2026-08-28 08:25:22.452 [seq=2865] [tid=8696] MapViewOfFile mapping=00001DB4 result=3A190000 err=0 access=0x00000004 offset=0:0 bytes=0
2026-08-28 08:25:22.475 [seq=2866] [tid=8696] CreateFileMappingA input=00001DEC result=00001DE8 err=0 name=(null) file=\\?\UNC\psf\Home\Documents\mxd\BeiDou-Server\clien\Data\Mob\5120503.img
2026-08-28 08:25:22.503 [seq=2867] [tid=8696] MapViewOfFile mapping=00001DE8 result=3A1A0000 err=0 access=0x00000004 offset=0:0 bytes=0
2026-08-28 08:25:22.527 [seq=2868] [tid=8696] CreateFileMappingA input=00001DF8 result=00001D84 err=0 name=(null) file=\\?\UNC\psf\Home\Documents\mxd\BeiDou-Server\clien\Data\Mob\5110300.img
2026-08-28 08:25:22.533 [seq=2869] [tid=8696] MapViewOfFile mapping=00001D84 result=3A1B0000 err=0 access=0x00000004 offset=0:0 bytes=0
2026-08-28 08:25:22.548 [seq=2870] [tid=8696] CreateFileMappingA input=00001E08 result=00001E0C err=0 name=(null) file=\\?\UNC\psf\Home\Documents\mxd\BeiDou-Server\clien\Data\Mob\5100002.img
2026-08-28 08:25:22.552 [seq=2871] [tid=8696] MapViewOfFile mapping=00001E0C result=3A1C0000 err=0 access=0x00000004 offset=0:0 bytes=0
2026-08-28 08:25:22.576 [seq=2872] [tid=8696] CreateFileMappingA input=00001DFC result=00001DE0 err=0 name=(null) file=\\?\UNC\psf\Home\Documents\mxd\BeiDou-Server\clien\Data\Mob\5120504.img
2026-08-28 08:25:22.580 [seq=2873] [tid=8696] MapViewOfFile mapping=00001DE0 result=3A1D0000 err=0 access=0x00000004 offset=0:0 bytes=0
2026-08-28 08:25:22.600 [seq=2874] [tid=8696] CreateFileMappingA input=00001E00 result=00001E04 err=0 name=(null) file=\\?\UNC\psf\Home\Documents\mxd\BeiDou-Server\clien\Data\Mob\5130103.img
2026-08-28 08:25:22.603 [seq=2875] [tid=8696] MapViewOfFile mapping=00001E04 result=3A1E0000 err=0 access=0x00000004 offset=0:0 bytes=0
2026-08-28 08:25:22.626 [seq=2876] [tid=8696] CreateFileMappingA input=00001E10 result=00001E14 err=0 name=(null) file=\\?\UNC\psf\Home\Documents\mxd\BeiDou-Server\clien\Data\Mob\5120000.img
2026-08-28 08:25:22.632 [seq=2877] [tid=8696] MapViewOfFile mapping=00001E14 result=3A1F0000 err=0 access=0x00000004 offset=0:0 bytes=0
2026-08-28 08:25:22.653 [seq=2878] [tid=8696] CreateFileMappingA input=00001DA0 result=00001E18 err=0 name=(null) file=\\?\UNC\psf\Home\Documents\mxd\BeiDou-Server\clien\Data\Mob\5120001.img
2026-08-28 08:25:22.658 [seq=2879] [tid=8696] MapViewOfFile mapping=00001E18 result=3A210000 err=0 access=0x00000004 offset=0:0 bytes=0
2026-08-28 08:25:22.677 [seq=2880] [tid=8696] CreateFileMappingA input=00001E24 result=00001E28 err=0 name=(null) file=\\?\UNC\psf\Home\Documents\mxd\BeiDou-Server\clien\Data\Mob\5120002.img
2026-08-28 08:25:22.680 [seq=2881] [tid=8696] MapViewOfFile mapping=00001E28 result=3A220000 err=0 access=0x00000004 offset=0:0 bytes=0
2026-08-28 08:25:22.696 [seq=2882] [tid=8696] CreateFileMappingA input=00001E30 result=00001E34 err=0 name=(null) file=\\?\UNC\psf\Home\Documents\mxd\BeiDou-Server\clien\Data\Mob\5120003.img
2026-08-28 08:25:22.701 [seq=2883] [tid=8696] MapViewOfFile mapping=00001E34 result=3A230000 err=0 access=0x00000004 offset=0:0 bytes=0
2026-08-28 08:25:22.715 [seq=2884] [tid=8696] CreateFileMappingA input=00001E38 result=00001E2C err=0 name=(null) file=\\?\UNC\psf\Home\Documents\mxd\BeiDou-Server\clien\Data\Mob\5100005.img
2026-08-28 08:25:22.718 [seq=2885] [tid=8696] MapViewOfFile mapping=00001E2C result=3A250000 err=0 access=0x00000004 offset=0:0 bytes=0
2026-08-28 08:25:22.737 [seq=2886] [tid=8696] CreateFileMappingA input=00001E3C result=00001E40 err=0 name=(null) file=\\?\UNC\psf\Home\Documents\mxd\BeiDou-Server\clien\Data\Mob\5120501.img
2026-08-28 08:25:22.741 [seq=2887] [tid=8696] MapViewOfFile mapping=00001E40 result=3A270000 err=0 access=0x00000004 offset=0:0 bytes=0
2026-08-28 08:25:22.766 [seq=2888] [tid=8696] CreateFileMappingA input=00001E1C result=00001E20 err=0 name=(null) file=\\?\UNC\psf\Home\Documents\mxd\BeiDou-Server\clien\Data\Mob\5120100.img
2026-08-28 08:25:22.773 [seq=2889] [tid=8696] MapViewOfFile mapping=00001E20 result=3A280000 err=0 access=0x00000004 offset=0:0 bytes=0
2026-08-28 08:25:22.815 [seq=2890] [tid=8696] CreateFileMappingA input=00001E44 result=00001E48 err=0 name=(null) file=\\?\UNC\psf\Home\Documents\mxd\BeiDou-Server\clien\Data\Mob\5120502.img
2026-08-28 08:25:22.824 [seq=2891] [tid=8696] MapViewOfFile mapping=00001E48 result=3A2D0000 err=0 access=0x00000004 offset=0:0 bytes=0
2026-08-28 08:25:22.847 [seq=2892] [tid=8696] CreateFileMappingA input=00001E54 result=00001E58 err=0 name=(null) file=\\?\UNC\psf\Home\Documents\mxd\BeiDou-Server\clien\Data\Mob\5110301.img
2026-08-28 08:25:22.851 [seq=2893] [tid=8696] MapViewOfFile mapping=00001E58 result=3A2E0000 err=0 access=0x00000004 offset=0:0 bytes=0
2026-08-28 08:25:22.872 [seq=2894] [tid=8696] CreateFileMappingA input=00001E5C result=00001E50 err=0 name=(null) file=\\?\UNC\psf\Home\Documents\mxd\BeiDou-Server\clien\Data\Mob\5300100.img
2026-08-28 08:25:22.877 [seq=2895] [tid=8696] MapViewOfFile mapping=00001E50 result=3A2F0000 err=0 access=0x00000004 offset=0:0 bytes=0
2026-08-28 08:25:22.892 [seq=2896] [tid=8696] CreateFileMappingA input=00001E68 result=00001E6C err=0 name=(null) file=\\?\UNC\psf\Home\Documents\mxd\BeiDou-Server\clien\Data\Mob\5130101.img
2026-08-28 08:25:22.898 [seq=2897] [tid=8696] MapViewOfFile mapping=00001E6C result=3A300000 err=0 access=0x00000004 offset=0:0 bytes=0
2026-08-28 08:25:22.933 [seq=2898] [tid=8696] CreateFileMappingA input=00001E60 result=00001E4C err=0 name=(null) file=\\?\UNC\psf\Home\Documents\mxd\BeiDou-Server\clien\Data\Mob\5130104.img
2026-08-28 08:25:22.936 [seq=2899] [tid=8696] MapViewOfFile mapping=00001E4C result=3A320000 err=0 access=0x00000004 offset=0:0 bytes=0
2026-08-28 08:25:22.953 [seq=2900] [tid=8696] CreateFileMappingA input=00001E74 result=00001E78 err=0 name=(null) file=\\?\UNC\psf\Home\Documents\mxd\BeiDou-Server\clien\Data\Mob\5120506.img
2026-08-28 08:25:22.957 [seq=2901] [tid=8696] MapViewOfFile mapping=00001E78 result=3A330000 err=0 access=0x00000004 offset=0:0 bytes=0
2026-08-28 08:25:22.975 [seq=2902] [tid=8696] CreateFileMappingA input=00001E70 result=00001E80 err=0 name=(null) file=\\?\UNC\psf\Home\Documents\mxd\BeiDou-Server\clien\Data\Mob\5130105.img
2026-08-28 08:25:22.979 [seq=2903] [tid=8696] MapViewOfFile mapping=00001E80 result=3A350000 err=0 access=0x00000004 offset=0:0 bytes=0
2026-08-28 08:25:22.999 [seq=2904] [tid=8696] CreateFileMappingA input=00001E88 result=00001E84 err=0 name=(null) file=\\?\UNC\psf\Home\Documents\mxd\BeiDou-Server\clien\Data\Mob\5100004.img
2026-08-28 08:25:23.003 [seq=2905] [tid=8696] MapViewOfFile mapping=00001E84 result=3A360000 err=0 access=0x00000004 offset=0:0 bytes=0
2026-08-28 08:25:23.027 [seq=2906] [tid=8696] CreateFileMappingA input=00001E7C result=00001E90 err=0 name=(null) file=\\?\UNC\psf\Home\Documents\mxd\BeiDou-Server\clien\Data\Mob\5120500.img
2026-08-28 08:25:23.031 [seq=2907] [tid=8696] MapViewOfFile mapping=00001E90 result=3A380000 err=0 access=0x00000004 offset=0:0 bytes=0
2026-08-28 08:25:23.206 [seq=2908] [tid=8696] CreateFileMappingA input=00001E64 result=00001E9C err=0 name=(null) file=\\?\UNC\psf\Home\Documents\mxd\BeiDou-Server\clien\Data\Mob\5150001.img
2026-08-28 08:25:23.220 [seq=2909] [tid=8696] MapViewOfFile mapping=00001E9C result=3A3A0000 err=0 access=0x00000004 offset=0:0 bytes=0
2026-08-28 08:25:23.265 [seq=2910] [tid=8696] CreateFileMappingA input=00001EA0 result=00001EA4 err=0 name=(null) file=\\?\UNC\psf\Home\Documents\mxd\BeiDou-Server\clien\Data\Mob\5130107.img
2026-08-28 08:25:23.270 [seq=2911] [tid=8696] MapViewOfFile mapping=00001EA4 result=3A3B0000 err=0 access=0x00000004 offset=0:0 bytes=0
2026-08-28 08:25:23.290 [seq=2912] [tid=8696] CreateFileMappingA input=00001E8C result=00001E98 err=0 name=(null) file=\\?\UNC\psf\Home\Documents\mxd\BeiDou-Server\clien\Data\Mob\5130108.img
2026-08-28 08:25:23.294 [seq=2913] [tid=8696] MapViewOfFile mapping=00001E98 result=3A3E0000 err=0 access=0x00000004 offset=0:0 bytes=0
2026-08-28 08:25:23.315 [seq=2914] [tid=8696] CreateFileMappingA input=00001EAC result=00001EA8 err=0 name=(null) file=\\?\UNC\psf\Home\Documents\mxd\BeiDou-Server\clien\Data\Mob\5130102.img
2026-08-28 08:25:23.319 [seq=2915] [tid=8696] MapViewOfFile mapping=00001EA8 result=3A410000 err=0 access=0x00000004 offset=0:0 bytes=0
2026-08-28 08:25:23.352 [seq=2916] [tid=8696] CreateFileMappingA input=00001E94 result=00001EB0 err=0 name=(null) file=\\?\UNC\psf\Home\Documents\mxd\BeiDou-Server\clien\Data\Mob\5140000.img
2026-08-28 08:25:23.366 [seq=2917] [tid=8696] MapViewOfFile mapping=00001EB0 result=3A430000 err=0 access=0x00000004 offset=0:0 bytes=0
2026-08-28 08:25:23.400 [seq=2918] [tid=8696] CreateFileMappingA input=00001EB4 result=00001EBC err=0 name=(null) file=\\?\UNC\psf\Home\Documents\mxd\BeiDou-Server\clien\Data\Mob\5120505.img
2026-08-28 08:25:23.405 [seq=2919] [tid=8696] MapViewOfFile mapping=00001EBC result=3A440000 err=0 access=0x00000004 offset=0:0 bytes=0
2026-08-28 08:25:23.450 [seq=2920] [tid=8696] CreateFileMappingA input=00001EC0 result=00001EB8 err=0 name=(null) file=\\?\UNC\psf\Home\Documents\mxd\BeiDou-Server\clien\Data\Mob\5110302.img
2026-08-28 08:25:23.460 [seq=2921] [tid=8696] MapViewOfFile mapping=00001EB8 result=3A470000 err=0 access=0x00000004 offset=0:0 bytes=0
2026-08-28 08:25:23.476 [seq=2922] [tid=4800] event=health cpu_core_pct=45.7 working_set_mb=345 commit_mb=249 handles=1962 gdi=15 user=24 window=hung last_resource="(none)" resource_offset=0 resource_bytes=0 resource_age_ms=0
2026-08-28 08:25:23.487 [seq=2923] [tid=8696] CreateFileMappingA input=00001ECC result=00001ED0 err=0 name=(null) file=\\?\UNC\psf\Home\Documents\mxd\BeiDou-Server\clien\Data\Mob\5150000.img
2026-08-28 08:25:23.495 [seq=2924] [tid=8696] MapViewOfFile mapping=00001ED0 result=3A490000 err=0 access=0x00000004 offset=0:0 bytes=0
2026-08-28 08:25:23.530 [seq=2925] [tid=8696] CreateFileMappingA input=00001EC8 result=00001EC4 err=0 name=(null) file=\\?\UNC\psf\Home\Documents\mxd\BeiDou-Server\clien\Data\Mob\6130100.img
2026-08-28 08:25:23.533 [seq=2926] [tid=8696] MapViewOfFile mapping=00001EC4 result=40C10000 err=0 access=0x00000004 offset=0:0 bytes=0
2026-08-28 08:25:23.557 [seq=2927] [tid=8696] CreateFileMappingA input=00001ED8 result=00001EDC err=0 name=(null) file=\\?\UNC\psf\Home\Documents\mxd\BeiDou-Server\clien\Data\Mob\6130103.img
2026-08-28 08:25:23.564 [seq=2928] [tid=8696] MapViewOfFile mapping=00001EDC result=40C20000 err=0 access=0x00000004 offset=0:0 bytes=0
2026-08-28 08:25:23.577 [seq=2929] [tid=8696] CreateFileMappingA input=00001EE8 result=00001EE0 err=0 name=(null) file=\\?\UNC\psf\Home\Documents\mxd\BeiDou-Server\clien\Data\Mob\6130102.img
2026-08-28 08:25:23.580 [seq=2930] [tid=8696] MapViewOfFile mapping=00001EE0 result=40C30000 err=0 access=0x00000004 offset=0:0 bytes=0
2026-08-28 08:25:23.602 [seq=2931] [tid=8696] CreateFileMappingA input=00001EF4 result=00001EF8 err=0 name=(null) file=\\?\UNC\psf\Home\Documents\mxd\BeiDou-Server\clien\Data\Mob\6130202.img
2026-08-28 08:25:23.608 [seq=2932] [tid=8696] MapViewOfFile mapping=00001EF8 result=40C40000 err=0 access=0x00000004 offset=0:0 bytes=0
2026-08-28 08:25:23.626 [seq=2933] [tid=8696] CreateFileMappingA input=00001EE4 result=00001EEC err=0 name=(null) file=\\?\UNC\psf\Home\Documents\mxd\BeiDou-Server\clien\Data\Mob\6130203.img
2026-08-28 08:25:23.629 [seq=2934] [tid=8696] MapViewOfFile mapping=00001EEC result=40C50000 err=0 access=0x00000004 offset=0:0 bytes=0
2026-08-28 08:25:23.646 [seq=2935] [tid=8696] CreateFileMappingA input=00001EFC result=00001F00 err=0 name=(null) file=\\?\UNC\psf\Home\Documents\mxd\BeiDou-Server\clien\Data\Mob\5090000.img
2026-08-28 08:25:23.649 [seq=2936] [tid=8696] MapViewOfFile mapping=00001F00 result=40C70000 err=0 access=0x00000004 offset=0:0 bytes=0
2026-08-28 08:25:23.669 [seq=2937] [tid=8696] CreateFileMappingA input=00001ED4 result=00001EF0 err=0 name=(null) file=\\?\UNC\psf\Home\Documents\mxd\BeiDou-Server\clien\Data\Mob\5090001.img
2026-08-28 08:25:23.672 [seq=2938] [tid=8696] MapViewOfFile mapping=00001EF0 result=40CA0000 err=0 access=0x00000004 offset=0:0 bytes=0
2026-08-28 08:25:23.689 [seq=2939] [tid=8696] CreateFileMappingA input=00001F10 result=00001F14 err=0 name=(null) file=\\?\UNC\psf\Home\Documents\mxd\BeiDou-Server\clien\Data\Mob\4250001.img
2026-08-28 08:25:23.691 [seq=2940] [tid=8696] MapViewOfFile mapping=00001F14 result=40CC0000 err=0 access=0x00000004 offset=0:0 bytes=0
2026-08-28 08:25:23.710 [seq=2941] [tid=8696] CreateFileMappingA input=00001F18 result=00001F04 err=0 name=(null) file=\\?\UNC\psf\Home\Documents\mxd\BeiDou-Server\clien\Data\Mob\5250000.img
2026-08-28 08:25:23.714 [seq=2942] [tid=8696] MapViewOfFile mapping=00001F04 result=40CE0000 err=0 access=0x00000004 offset=0:0 bytes=0
2026-08-28 08:25:23.730 [seq=2943] [tid=8696] CreateFileMappingA input=00001F0C result=00001F08 err=0 name=(null) file=\\?\UNC\psf\Home\Documents\mxd\BeiDou-Server\clien\Data\Mob\5250002.img
2026-08-28 08:25:23.735 [seq=2944] [tid=8696] MapViewOfFile mapping=00001F08 result=40D00000 err=0 access=0x00000004 offset=0:0 bytes=0
2026-08-28 08:25:23.748 [seq=2945] [tid=8696] CreateFileMappingA input=00001F24 result=00001F28 err=0 name=(null) file=\\?\UNC\psf\Home\Documents\mxd\BeiDou-Server\clien\Data\Mob\5250001.img
2026-08-28 08:25:23.751 [seq=2946] [tid=8696] MapViewOfFile mapping=00001F28 result=40D20000 err=0 access=0x00000004 offset=0:0 bytes=0
2026-08-28 08:25:23.767 [seq=2947] [tid=8696] CreateFileMappingA input=00001F1C result=00001F2C err=0 name=(null) file=\\?\UNC\psf\Home\Documents\mxd\BeiDou-Server\clien\Data\Mob\6130200.img
2026-08-28 08:25:23.771 [seq=2948] [tid=8696] MapViewOfFile mapping=00001F2C result=40D40000 err=0 access=0x00000004 offset=0:0 bytes=0
2026-08-28 08:25:23.785 [seq=2949] [tid=8696] CreateFileMappingA input=00001F30 result=00001F20 err=0 name=(null) file=\\?\UNC\psf\Home\Documents\mxd\BeiDou-Server\clien\Data\Mob\6230100.img
2026-08-28 08:25:23.788 [seq=2950] [tid=8696] MapViewOfFile mapping=00001F20 result=40D60000 err=0 access=0x00000004 offset=0:0 bytes=0
2026-08-28 08:25:23.803 [seq=2951] [tid=8696] CreateFileMappingA input=00001F40 result=00001F44 err=0 name=(null) file=\\?\UNC\psf\Home\Documents\mxd\BeiDou-Server\clien\Data\Mob\6130207.img
2026-08-28 08:25:23.807 [seq=2952] [tid=8696] MapViewOfFile mapping=00001F44 result=40D70000 err=0 access=0x00000004 offset=0:0 bytes=0
2026-08-28 08:25:23.823 [seq=2953] [tid=8696] CreateFileMappingA input=00001F4C result=00001F48 err=0 name=(null) file=\\?\UNC\psf\Home\Documents\mxd\BeiDou-Server\clien\Data\Mob\6230602.img
2026-08-28 08:25:23.828 [seq=2954] [tid=8696] MapViewOfFile mapping=00001F48 result=40D80000 err=0 access=0x00000004 offset=0:0 bytes=0
2026-08-28 08:25:23.852 [seq=2955] [tid=8696] CreateFileMappingA input=00001F34 result=00001F3C err=0 name=(null) file=\\?\UNC\psf\Home\Documents\mxd\BeiDou-Server\clien\Data\Mob\6230400.img
2026-08-28 08:25:23.859 [seq=2956] [tid=8696] MapViewOfFile mapping=00001F3C result=40D90000 err=0 access=0x00000004 offset=0:0 bytes=0
2026-08-28 08:25:23.878 [seq=2957] [tid=8696] CreateFileMappingA input=00001F58 result=00001F5C err=0 name=(null) file=\\?\UNC\psf\Home\Documents\mxd\BeiDou-Server\clien\Data\Mob\6230401.img
2026-08-28 08:25:23.881 [seq=2958] [tid=8696] MapViewOfFile mapping=00001F5C result=40DB0000 err=0 access=0x00000004 offset=0:0 bytes=0
2026-08-28 08:25:23.899 [seq=2959] [tid=8696] CreateFileMappingA input=00001F54 result=00001F60 err=0 name=(null) file=\\?\UNC\psf\Home\Documents\mxd\BeiDou-Server\clien\Data\Mob\6230600.img
2026-08-28 08:25:23.908 [seq=2960] [tid=8696] MapViewOfFile mapping=00001F60 result=40DC0000 err=0 access=0x00000004 offset=0:0 bytes=0
2026-08-28 08:25:24.029 [seq=2961] [tid=8696] CreateFileMappingA input=00001F50 result=00001F6C err=0 name=(null) file=\\?\UNC\psf\Home\Documents\mxd\BeiDou-Server\clien\Data\Mob\6230200.img
2026-08-28 08:25:24.033 [seq=2962] [tid=8696] MapViewOfFile mapping=00001F6C result=40DE0000 err=0 access=0x00000004 offset=0:0 bytes=0
2026-08-28 08:25:24.049 [seq=2963] [tid=8696] CreateFileMappingA input=00001F68 result=00001F38 err=0 name=(null) file=\\?\UNC\psf\Home\Documents\mxd\BeiDou-Server\clien\Data\Mob\6130204.img
2026-08-28 08:25:24.053 [seq=2964] [tid=8696] MapViewOfFile mapping=00001F38 result=40DF0000 err=0 access=0x00000004 offset=0:0 bytes=0
2026-08-28 08:25:24.075 [seq=2965] [tid=8696] CreateFileMappingA input=00001F64 result=00001F70 err=0 name=(null) file=\\?\UNC\psf\Home\Documents\mxd\BeiDou-Server\clien\Data\Mob\6300000.img
2026-08-28 08:25:24.081 [seq=2966] [tid=8696] MapViewOfFile mapping=00001F70 result=40E30000 err=0 access=0x00000004 offset=0:0 bytes=0
2026-08-28 08:25:24.103 [seq=2967] [tid=8696] CreateFileMappingA input=00001F7C result=00001F80 err=0 name=(null) file=\\?\UNC\psf\Home\Documents\mxd\BeiDou-Server\clien\Data\Mob\6090000.img
2026-08-28 08:25:24.109 [seq=2968] [tid=8696] MapViewOfFile mapping=00001F80 result=40E50000 err=0 access=0x00000004 offset=0:0 bytes=0
2026-08-28 08:25:24.239 [seq=2969] [tid=8696] CreateFileMappingA input=00001F74 result=00001F78 err=0 name=(null) file=\\?\UNC\psf\Home\Documents\mxd\BeiDou-Server\clien\Data\Mob\6110300.img
2026-08-28 08:25:24.243 [seq=2970] [tid=8696] MapViewOfFile mapping=00001F78 result=40EE0000 err=0 access=0x00000004 offset=0:0 bytes=0
2026-08-28 08:25:24.265 [seq=2971] [tid=8696] CreateFileMappingA input=00001F84 result=00001F88 err=0 name=(null) file=\\?\UNC\psf\Home\Documents\mxd\BeiDou-Server\clien\Data\Mob\6230300.img
2026-08-28 08:25:24.275 [seq=2972] [tid=8696] MapViewOfFile mapping=00001F88 result=40EF0000 err=0 access=0x00000004 offset=0:0 bytes=0
2026-08-28 08:25:24.296 [seq=2973] [tid=8696] CreateFileMappingA input=00001F98 result=00001F9C err=0 name=(null) file=\\?\UNC\psf\Home\Documents\mxd\BeiDou-Server\clien\Data\Mob\6130209.img
2026-08-28 08:25:24.299 [seq=2974] [tid=8696] MapViewOfFile mapping=00001F9C result=40F10000 err=0 access=0x00000004 offset=0:0 bytes=0
2026-08-28 08:25:24.315 [seq=2975] [tid=8696] CreateFileMappingA input=00001FA4 result=00001FA8 err=0 name=(null) file=\\?\UNC\psf\Home\Documents\mxd\BeiDou-Server\clien\Data\Mob\6230500.img
2026-08-28 08:25:24.326 [seq=2976] [tid=8696] MapViewOfFile mapping=00001FA8 result=45AC0000 err=0 access=0x00000004 offset=0:0 bytes=0
2026-08-28 08:25:24.373 [seq=2977] [tid=8696] CreateFileMappingA input=00001FAC result=00001FB0 err=0 name=(null) file=\\?\UNC\psf\Home\Documents\mxd\BeiDou-Server\clien\Data\Mob\6230601.img
2026-08-28 08:25:24.381 [seq=2978] [tid=8696] MapViewOfFile mapping=00001FB0 result=45AF0000 err=0 access=0x00000004 offset=0:0 bytes=0
2026-08-28 08:25:24.418 [seq=2979] [tid=8696] CreateFileMappingA input=00001F90 result=00001FB4 err=0 name=(null) file=\\?\UNC\psf\Home\Documents\mxd\BeiDou-Server\clien\Data\Mob\6400000.img
2026-08-28 08:25:24.422 [seq=2980] [tid=8696] MapViewOfFile mapping=00001FB4 result=45B20000 err=0 access=0x00000004 offset=0:0 bytes=0
2026-08-28 08:25:24.445 [seq=2981] [tid=8696] CreateFileMappingA input=00001FB8 result=00001FBC err=0 name=(null) file=\\?\UNC\psf\Home\Documents\mxd\BeiDou-Server\clien\Data\Mob\6130208.img
2026-08-28 08:25:24.451 [seq=2982] [tid=8696] MapViewOfFile mapping=00001FBC result=45B40000 err=0 access=0x00000004 offset=0:0 bytes=0
2026-08-28 08:25:24.475 [seq=2983] [tid=8696] CreateFileMappingA input=00001FCC result=00001FD0 err=0 name=(null) file=\\?\UNC\psf\Home\Documents\mxd\BeiDou-Server\clien\Data\Mob\6110301.img
2026-08-28 08:25:24.478 [seq=2984] [tid=8696] MapViewOfFile mapping=00001FD0 result=45B60000 err=0 access=0x00000004 offset=0:0 bytes=0
2026-08-28 08:25:24.500 [seq=2985] [tid=8696] CreateFileMappingA input=00001FDC result=00001FE0 err=0 name=(null) file=\\?\UNC\psf\Home\Documents\mxd\BeiDou-Server\clien\Data\Mob\8140200.img
2026-08-28 08:25:24.511 [seq=2986] [tid=8696] MapViewOfFile mapping=00001FE0 result=45B80000 err=0 access=0x00000004 offset=0:0 bytes=0
2026-08-28 08:25:24.559 [seq=2987] [tid=8696] CreateFileMappingA input=00001FD4 result=00001FD8 err=0 name=(null) file=\\?\UNC\psf\Home\Documents\mxd\BeiDou-Server\clien\Data\Mob\7130100.img
2026-08-28 08:25:24.575 [seq=2988] [tid=8696] MapViewOfFile mapping=00001FD8 result=45BB0000 err=0 access=0x00000004 offset=0:0 bytes=0
2026-08-28 08:25:24.613 [seq=2989] [tid=8696] CreateFileMappingA input=00001FC8 result=00001FE4 err=0 name=(null) file=\\?\UNC\psf\Home\Documents\mxd\BeiDou-Server\clien\Data\Mob\7130400.img
2026-08-28 08:25:24.620 [seq=2990] [tid=8696] MapViewOfFile mapping=00001FE4 result=45BE0000 err=0 access=0x00000004 offset=0:0 bytes=0
2026-08-28 08:25:24.643 [seq=2991] [tid=8696] CreateFileMappingA input=00001FC0 result=00001FC4 err=0 name=(null) file=\\?\UNC\psf\Home\Documents\mxd\BeiDou-Server\clien\Data\Mob\7130401.img
2026-08-28 08:25:24.647 [seq=2992] [tid=8696] MapViewOfFile mapping=00001FC4 result=45C20000 err=0 access=0x00000004 offset=0:0 bytes=0
2026-08-28 08:25:24.668 [seq=2993] [tid=8696] CreateFileMappingA input=00001FF0 result=00001F8C err=0 name=(null) file=\\?\UNC\psf\Home\Documents\mxd\BeiDou-Server\clien\Data\Mob\7130402.img
2026-08-28 08:25:24.673 [seq=2994] [tid=8696] MapViewOfFile mapping=00001F8C result=45C60000 err=0 access=0x00000004 offset=0:0 bytes=0
2026-08-28 08:25:24.692 [seq=2995] [tid=8696] CreateFileMappingA input=00001FF8 result=00001FF4 err=0 name=(null) file=\\?\UNC\psf\Home\Documents\mxd\BeiDou-Server\clien\Data\Mob\7130500.img
2026-08-28 08:25:24.695 [seq=2996] [tid=8696] MapViewOfFile mapping=00001FF4 result=45CB0000 err=0 access=0x00000004 offset=0:0 bytes=0
2026-08-28 08:25:24.714 [seq=2997] [tid=8696] CreateFileMappingA input=00001FFC result=00001FEC err=0 name=(null) file=\\?\UNC\psf\Home\Documents\mxd\BeiDou-Server\clien\Data\Mob\7130104.img
2026-08-28 08:25:24.722 [seq=2998] [tid=8696] MapViewOfFile mapping=00001FEC result=45CD0000 err=0 access=0x00000004 offset=0:0 bytes=0
2026-08-28 08:25:24.743 [seq=2999] [tid=8696] CreateFileMappingA input=00001F94 result=00001FA0 err=0 name=(null) file=\\?\UNC\psf\Home\Documents\mxd\BeiDou-Server\clien\Data\Mob\7130001.img
2026-08-28 08:25:24.752 [seq=3000] [tid=8696] MapViewOfFile mapping=00001FA0 result=45CF0000 err=0 access=0x00000004 offset=0:0 bytes=0
2026-08-28 08:25:24.784 [seq=3001] [tid=8696] CreateFileMappingA input=00001FE8 result=00002004 err=0 name=(null) file=\\?\UNC\psf\Home\Documents\mxd\BeiDou-Server\clien\Data\Mob\7130002.img
2026-08-28 08:25:24.789 [seq=3002] [tid=8696] MapViewOfFile mapping=00002004 result=45D10000 err=0 access=0x00000004 offset=0:0 bytes=0
2026-08-28 08:25:24.811 [seq=3003] [tid=8696] CreateFileMappingA input=00002008 result=0000200C err=0 name=(null) file=\\?\UNC\psf\Home\Documents\mxd\BeiDou-Server\clien\Data\Mob\7130600.img
2026-08-28 08:25:24.814 [seq=3004] [tid=8696] MapViewOfFile mapping=0000200C result=45D30000 err=0 access=0x00000004 offset=0:0 bytes=0
2026-08-28 08:25:24.849 [seq=3005] [tid=8696] CreateFileMappingA input=00002014 result=00002010 err=0 name=(null) file=\\?\UNC\psf\Home\Documents\mxd\BeiDou-Server\clien\Data\Mob\7130103.img
2026-08-28 08:25:24.858 [seq=3006] [tid=8696] MapViewOfFile mapping=00002010 result=45D40000 err=0 access=0x00000004 offset=0:0 bytes=0
2026-08-28 08:25:24.886 [seq=3007] [tid=8696] CreateFileMappingA input=0000201C result=00002018 err=0 name=(null) file=\\?\UNC\psf\Home\Documents\mxd\BeiDou-Server\clien\Data\Mob\7130000.img
2026-08-28 08:25:24.890 [seq=3008] [tid=8696] MapViewOfFile mapping=00002018 result=45D70000 err=0 access=0x00000004 offset=0:0 bytes=0
2026-08-28 08:25:24.907 [seq=3009] [tid=8696] CreateFileMappingA input=00002028 result=00002024 err=0 name=(null) file=\\?\UNC\psf\Home\Documents\mxd\BeiDou-Server\clien\Data\Mob\7110301.img
2026-08-28 08:25:24.909 [seq=3010] [tid=8696] MapViewOfFile mapping=00002024 result=45D90000 err=0 access=0x00000004 offset=0:0 bytes=0
2026-08-28 08:25:24.929 [seq=3011] [tid=8696] CreateFileMappingA input=00002030 result=00002034 err=0 name=(null) file=\\?\UNC\psf\Home\Documents\mxd\BeiDou-Server\clien\Data\Mob\6300100.img
2026-08-28 08:25:24.937 [seq=3012] [tid=8696] MapViewOfFile mapping=00002034 result=45DA0000 err=0 access=0x00000004 offset=0:0 bytes=0
2026-08-28 08:25:24.954 [seq=3013] [tid=8696] CreateFileMappingA input=0000203C result=00002040 err=0 name=(null) file=\\?\UNC\psf\Home\Documents\mxd\BeiDou-Server\clien\Data\Mob\7130501.img
2026-08-28 08:25:24.957 [seq=3014] [tid=8696] MapViewOfFile mapping=00002040 result=45DE0000 err=0 access=0x00000004 offset=0:0 bytes=0
2026-08-28 08:25:24.976 [seq=3015] [tid=8696] CreateFileMappingA input=00002044 result=00002048 err=0 name=(null) file=\\?\UNC\psf\Home\Documents\mxd\BeiDou-Server\clien\Data\Mob\7110300.img
2026-08-28 08:25:24.980 [seq=3016] [tid=8696] MapViewOfFile mapping=00002048 result=45E00000 err=0 access=0x00000004 offset=0:0 bytes=0
2026-08-28 08:25:25.010 [seq=3017] [tid=8696] CreateFileMappingA input=0000204C result=00002050 err=0 name=(null) file=\\?\UNC\psf\Home\Documents\mxd\BeiDou-Server\clien\Data\Mob\7130200.img
2026-08-28 08:25:25.016 [seq=3018] [tid=8696] MapViewOfFile mapping=00002050 result=45EA0000 err=0 access=0x00000004 offset=0:0 bytes=0
2026-08-28 08:25:25.075 [seq=3019] [tid=8696] CreateFileMappingA input=00002058 result=0000205C err=0 name=(null) file=\\?\UNC\psf\Home\Documents\mxd\BeiDou-Server\clien\Data\Mob\7130101.img
2026-08-28 08:25:25.079 [seq=3020] [tid=8696] MapViewOfFile mapping=0000205C result=45ED0000 err=0 access=0x00000004 offset=0:0 bytes=0
2026-08-28 08:25:25.098 [seq=3021] [tid=8696] CreateFileMappingA input=00002020 result=00002060 err=0 name=(null) file=\\?\UNC\psf\Home\Documents\mxd\BeiDou-Server\clien\Data\Mob\6090001.img
2026-08-28 08:25:25.104 [seq=3022] [tid=8696] MapViewOfFile mapping=00002060 result=45F00000 err=0 access=0x00000004 offset=0:0 bytes=0
2026-08-28 08:25:25.159 [seq=3023] [tid=8696] CreateFileMappingA input=00002038 result=00002054 err=0 name=(null) file=\\?\UNC\psf\Home\Documents\mxd\BeiDou-Server\clien\Data\Mob\7090000.img
2026-08-28 08:25:25.309 [seq=3024] [tid=8696] MapViewOfFile mapping=00002054 result=45F50000 err=0 access=0x00000004 offset=0:0 bytes=0
2026-08-28 08:25:25.341 [seq=3025] [tid=8696] CreateFileMappingA input=0000206C result=00002068 err=0 name=(null) file=\\?\UNC\psf\Home\Documents\mxd\BeiDou-Server\clien\Data\Mob\6090003.img
2026-08-28 08:25:25.345 [seq=3026] [tid=8696] MapViewOfFile mapping=00002068 result=45F90000 err=0 access=0x00000004 offset=0:0 bytes=0
2026-08-28 08:25:25.387 [seq=3027] [tid=8696] CreateFileMappingA input=00002064 result=0000202C err=0 name=(null) file=\\?\UNC\psf\Home\Documents\mxd\BeiDou-Server\clien\Data\Mob\6090004.img
2026-08-28 08:25:25.396 [seq=3028] [tid=8696] MapViewOfFile mapping=0000202C result=45FE0000 err=0 access=0x00000004 offset=0:0 bytes=0
2026-08-28 08:25:25.450 [seq=3029] [tid=8696] CreateFileMappingA input=00002074 result=00002070 err=0 name=(null) file=\\?\UNC\psf\Home\Documents\mxd\BeiDou-Server\clien\Data\Mob\8140300.img
2026-08-28 08:25:25.459 [seq=3030] [tid=8696] MapViewOfFile mapping=00002070 result=46010000 err=0 access=0x00000004 offset=0:0 bytes=0
2026-08-28 08:25:25.508 [seq=3031] [tid=8696] CreateFileMappingA input=00002080 result=00002084 err=0 name=(null) file=\\?\UNC\psf\Home\Documents\mxd\BeiDou-Server\clien\Data\Mob\7130003.img
2026-08-28 08:25:25.511 [seq=3032] [tid=8696] MapViewOfFile mapping=00002084 result=46040000 err=0 access=0x00000004 offset=0:0 bytes=0
2026-08-28 08:25:25.573 [seq=3033] [tid=8696] CreateFileMappingA input=0000208C result=00002088 err=0 name=(null) file=\\?\UNC\psf\Home\Documents\mxd\BeiDou-Server\clien\Data\Mob\7130601.img
2026-08-28 08:25:25.582 [seq=3034] [tid=8696] MapViewOfFile mapping=00002088 result=46070000 err=0 access=0x00000004 offset=0:0 bytes=0
2026-08-28 08:25:25.631 [seq=3035] [tid=8696] CreateFileMappingA input=00002098 result=0000209C err=0 name=(null) file=\\?\UNC\psf\Home\Documents\mxd\BeiDou-Server\clien\Data\Mob\6400100.img
2026-08-28 08:25:25.670 [seq=3036] [tid=8696] MapViewOfFile mapping=0000209C result=46080000 err=0 access=0x00000004 offset=0:0 bytes=0
2026-08-28 08:25:25.703 [seq=3037] [tid=8696] CreateFileMappingA input=000020A4 result=000020A0 err=0 name=(null) file=\\?\UNC\psf\Home\Documents\mxd\BeiDou-Server\clien\Data\Mob\7130102.img
2026-08-28 08:25:25.708 [seq=3038] [tid=8696] MapViewOfFile mapping=000020A0 result=460C0000 err=0 access=0x00000004 offset=0:0 bytes=0
2026-08-28 08:25:25.770 [seq=3039] [tid=8696] CreateFileMappingA input=000020A8 result=000020AC err=0 name=(null) file=\\?\UNC\psf\Home\Documents\mxd\BeiDou-Server\clien\Data\Mob\7130004.img
2026-08-28 08:25:25.778 [seq=3040] [tid=8696] MapViewOfFile mapping=000020AC result=460E0000 err=0 access=0x00000004 offset=0:0 bytes=0
2026-08-28 08:25:25.842 [seq=3041] [tid=8696] CreateFileMappingA input=0000207C result=000020B4 err=0 name=(null) file=\\?\UNC\psf\Home\Documents\mxd\BeiDou-Server\clien\Data\Mob\8140000.img
2026-08-28 08:25:25.848 [seq=3042] [tid=8696] MapViewOfFile mapping=000020B4 result=46100000 err=0 access=0x00000004 offset=0:0 bytes=0
2026-08-28 08:25:25.907 [seq=3043] [tid=8696] CreateFileMappingA input=000020B0 result=00002078 err=0 name=(null) file=\\?\UNC\psf\Home\Documents\mxd\BeiDou-Server\clien\Data\Mob\8140001.img
2026-08-28 08:25:25.916 [seq=3044] [tid=8696] MapViewOfFile mapping=00002078 result=46130000 err=0 access=0x00000004 offset=0:0 bytes=0
2026-08-28 08:25:25.939 [seq=3045] [tid=8696] CreateFileMappingA input=00002094 result=000020B8 err=0 name=(null) file=\\?\UNC\psf\Home\Documents\mxd\BeiDou-Server\clien\Data\Mob\8110300.img
2026-08-28 08:25:25.953 [seq=3046] [tid=8696] MapViewOfFile mapping=000020B8 result=46150000 err=0 access=0x00000004 offset=0:0 bytes=0
2026-08-28 08:25:25.998 [seq=3047] [tid=8696] CreateFileMappingA input=00002090 result=000020BC err=0 name=(null) file=\\?\UNC\psf\Home\Documents\mxd\BeiDou-Server\clien\Data\Mob\8140100.img
2026-08-28 08:25:26.020 [seq=3048] [tid=8696] MapViewOfFile mapping=000020BC result=46190000 err=0 access=0x00000004 offset=0:0 bytes=0
2026-08-28 08:25:26.079 [seq=3049] [tid=8696] CreateFileMappingA input=000020C8 result=000020C4 err=0 name=(null) file=\\?\UNC\psf\Home\Documents\mxd\BeiDou-Server\clien\Data\Mob\7140000.img
2026-08-28 08:25:26.092 [seq=3050] [tid=8696] MapViewOfFile mapping=000020C4 result=461B0000 err=0 access=0x00000004 offset=0:0 bytes=0
2026-08-28 08:25:26.178 [seq=3051] [tid=8696] CreateFileMappingA input=000020D0 result=000020D4 err=0 name=(null) file=\\?\UNC\psf\Home\Documents\mxd\BeiDou-Server\clien\Data\Mob\8140002.img
2026-08-28 08:25:26.184 [seq=3052] [tid=8696] MapViewOfFile mapping=000020D4 result=461F0000 err=0 access=0x00000004 offset=0:0 bytes=0
2026-08-28 08:25:26.411 [seq=3053] [tid=8696] CreateFileMappingA input=000020C0 result=000020CC err=0 name=(null) file=\\?\UNC\psf\Home\Documents\mxd\BeiDou-Server\clien\Data\Mob\7130010.img
2026-08-28 08:25:26.427 [seq=3054] [tid=8696] MapViewOfFile mapping=000020CC result=46220000 err=0 access=0x00000004 offset=0:0 bytes=0
2026-08-28 08:25:26.498 [seq=3055] [tid=8696] CreateFileMappingA input=000020E8 result=000020EC err=0 name=(null) file=\\?\UNC\psf\Home\Documents\mxd\BeiDou-Server\clien\Data\Mob\7130020.img
2026-08-28 08:25:26.509 [seq=3056] [tid=8696] MapViewOfFile mapping=000020EC result=46260000 err=0 access=0x00000004 offset=0:0 bytes=0
2026-08-28 08:25:26.568 [seq=3057] [tid=8696] CreateFileMappingA input=000020FC result=00002100 err=0 name=(null) file=\\?\UNC\psf\Home\Documents\mxd\BeiDou-Server\clien\Data\Mob\8140110.img
2026-08-28 08:25:26.577 [seq=3058] [tid=8696] MapViewOfFile mapping=00002100 result=46270000 err=0 access=0x00000004 offset=0:0 bytes=0
2026-08-28 08:25:26.656 [seq=3059] [tid=8696] CreateFileMappingA input=000020E4 result=000020DC err=0 name=(null) file=\\?\UNC\psf\Home\Documents\mxd\BeiDou-Server\clien\Data\Mob\7160000.img
2026-08-28 08:25:26.661 [seq=3060] [tid=8696] MapViewOfFile mapping=000020DC result=46290000 err=0 access=0x00000004 offset=0:0 bytes=0
2026-08-28 08:25:26.722 [seq=3061] [tid=8696] CreateFileMappingA input=000020F8 result=00002104 err=0 name=(null) file=\\?\UNC\psf\Home\Documents\mxd\BeiDou-Server\clien\Data\Mob\8140101.img
2026-08-28 08:25:26.743 [seq=3062] [tid=8696] MapViewOfFile mapping=00002104 result=462D0000 err=0 access=0x00000004 offset=0:0 bytes=0
2026-08-28 08:25:26.812 [seq=3063] [tid=8696] CreateFileMappingA input=000020F0 result=000020F4 err=0 name=(null) file=\\?\UNC\psf\Home\Documents\mxd\BeiDou-Server\clien\Data\Mob\8140102.img
2026-08-28 08:25:26.825 [seq=3064] [tid=8696] MapViewOfFile mapping=000020F4 result=46300000 err=0 access=0x00000004 offset=0:0 bytes=0
2026-08-28 08:25:26.937 [seq=3065] [tid=8696] CreateFileMappingA input=00002110 result=00002114 err=0 name=(null) file=\\?\UNC\psf\Home\Documents\mxd\BeiDou-Server\clien\Data\Mob\8140103.img
2026-08-28 08:25:26.956 [seq=3066] [tid=8696] MapViewOfFile mapping=00002114 result=46330000 err=0 access=0x00000004 offset=0:0 bytes=0
2026-08-28 08:25:27.093 [seq=3067] [tid=8696] CreateFileMappingA input=00002118 result=0000211C err=0 name=(null) file=\\?\UNC\psf\Home\Documents\mxd\BeiDou-Server\clien\Data\Mob\8140111.img
2026-08-28 08:25:27.208 [seq=3068] [tid=8696] MapViewOfFile mapping=0000211C result=46360000 err=0 access=0x00000004 offset=0:0 bytes=0
2026-08-28 08:25:28.058 [seq=3069] [tid=8696] CreateFileMappingA input=0000210C result=00002120 err=0 name=(null) file=\\?\UNC\psf\Home\Documents\mxd\BeiDou-Server\clien\Data\Mob\7130300.img
2026-08-28 08:25:28.070 [seq=3070] [tid=8696] MapViewOfFile mapping=00002120 result=463A0000 err=0 access=0x00000004 offset=0:0 bytes=0
2026-08-28 08:25:28.113 [seq=3071] [tid=8696] CreateFileMappingA input=00002124 result=00002128 err=0 name=(null) file=\\?\UNC\psf\Home\Documents\mxd\BeiDou-Server\clien\Data\Mob\8140500.img
2026-08-28 08:25:28.132 [seq=3072] [tid=8696] MapViewOfFile mapping=00002128 result=463E0000 err=0 access=0x00000004 offset=0:0 bytes=0
2026-08-28 08:25:28.224 [seq=3073] [tid=8696] CreateFileMappingA input=0000212C result=00002130 err=0 name=(null) file=\\?\UNC\psf\Home\Documents\mxd\BeiDou-Server\clien\Data\Mob\8140700.img
2026-08-28 08:25:28.230 [seq=3074] [tid=8696] MapViewOfFile mapping=00002130 result=46410000 err=0 access=0x00000004 offset=0:0 bytes=0
2026-08-28 08:25:28.262 [seq=3075] [tid=8696] CreateFileMappingA input=000020E0 result=00002138 err=0 name=(null) file=\\?\UNC\psf\Home\Documents\mxd\BeiDou-Server\clien\Data\Mob\8090000.img
2026-08-28 08:25:28.268 [seq=3076] [tid=8696] MapViewOfFile mapping=00002138 result=46460000 err=0 access=0x00000004 offset=0:0 bytes=0
2026-08-28 08:25:28.311 [seq=3077] [tid=8696] CreateFileMappingA input=00002140 result=000020D8 err=0 name=(null) file=\\?\UNC\psf\Home\Documents\mxd\BeiDou-Server\clien\Data\Mob\8200000.img
2026-08-28 08:25:28.317 [seq=3078] [tid=8696] MapViewOfFile mapping=000020D8 result=464A0000 err=0 access=0x00000004 offset=0:0 bytes=0
2026-08-28 08:25:28.492 [seq=3079] [tid=8696] CreateFileMappingA input=00002134 result=00002108 err=0 name=(null) file=\\?\UNC\psf\Home\Documents\mxd\BeiDou-Server\clien\Data\Mob\8140600.img
2026-08-28 08:25:28.515 [seq=3080] [tid=8696] MapViewOfFile mapping=00002108 result=46500000 err=0 access=0x00000004 offset=0:0 bytes=0
2026-08-28 08:25:28.605 [seq=3081] [tid=8696] CreateFileMappingA input=00002144 result=0000214C err=0 name=(null) file=\\?\UNC\psf\Home\Documents\mxd\BeiDou-Server\clien\Data\Mob\8140701.img
2026-08-28 08:25:28.633 [seq=3082] [tid=8696] MapViewOfFile mapping=0000214C result=46530000 err=0 access=0x00000004 offset=0:0 bytes=0
2026-08-28 08:25:28.683 [seq=3083] [tid=8696] CreateFileMappingA input=00002150 result=00002154 err=0 name=(null) file=\\?\UNC\psf\Home\Documents\mxd\BeiDou-Server\clien\Data\Mob\8141000.img
2026-08-28 08:25:28.689 [seq=3084] [tid=8696] MapViewOfFile mapping=00002154 result=46590000 err=0 access=0x00000004 offset=0:0 bytes=0
2026-08-28 08:25:28.750 [seq=3085] [tid=8696] CreateFileMappingA input=0000215C result=0000213C err=0 name=(null) file=\\?\UNC\psf\Home\Documents\mxd\BeiDou-Server\clien\Data\Mob\8141300.img
2026-08-28 08:25:28.764 [seq=3086] [tid=8696] MapViewOfFile mapping=0000213C result=46600000 err=0 access=0x00000004 offset=0:0 bytes=0
2026-08-28 08:25:28.813 [seq=3087] [tid=8696] CreateFileMappingA input=00002158 result=00002148 err=0 name=(null) file=\\?\UNC\psf\Home\Documents\mxd\BeiDou-Server\clien\Data\Mob\8142000.img
2026-08-28 08:25:28.837 [seq=3088] [tid=8696] MapViewOfFile mapping=00002148 result=46620000 err=0 access=0x00000004 offset=0:0 bytes=0
2026-08-28 08:25:28.875 [seq=3089] [tid=8696] CreateFileMappingA input=00002160 result=00002164 err=0 name=(null) file=\\?\UNC\psf\Home\Documents\mxd\BeiDou-Server\clien\Data\Mob\8140702.img
2026-08-28 08:25:28.887 [seq=3090] [tid=8696] MapViewOfFile mapping=00002164 result=46670000 err=0 access=0x00000004 offset=0:0 bytes=0
2026-08-28 08:25:28.925 [seq=3091] [tid=8696] CreateFileMappingA input=00002168 result=0000216C err=0 name=(null) file=\\?\UNC\psf\Home\Documents\mxd\BeiDou-Server\clien\Data\Mob\8140703.img
2026-08-28 08:25:28.931 [seq=3092] [tid=8696] MapViewOfFile mapping=0000216C result=466E0000 err=0 access=0x00000004 offset=0:0 bytes=0
2026-08-28 08:25:29.004 [seq=3093] [tid=8696] CreateFileMappingA input=0000217C result=00002180 err=0 name=(null) file=\\?\UNC\psf\Home\Documents\mxd\BeiDou-Server\clien\Data\Mob\8142100.img
2026-08-28 08:25:29.017 [seq=3094] [tid=8696] MapViewOfFile mapping=00002180 result=46760000 err=0 access=0x00000004 offset=0:0 bytes=0
2026-08-28 08:25:29.059 [seq=3095] [tid=8696] CreateFileMappingA input=00002174 result=00002184 err=0 name=(null) file=\\?\UNC\psf\Home\Documents\mxd\BeiDou-Server\clien\Data\Mob\8150300.img
2026-08-28 08:25:29.073 [seq=3096] [tid=8696] MapViewOfFile mapping=00002184 result=46780000 err=0 access=0x00000004 offset=0:0 bytes=0
2026-08-28 08:25:29.144 [seq=3097] [tid=8696] CreateFileMappingA input=00002178 result=00002188 err=0 name=(null) file=\\?\UNC\psf\Home\Documents\mxd\BeiDou-Server\clien\Data\Mob\8141100.img
2026-08-28 08:25:29.154 [seq=3098] [tid=8696] MapViewOfFile mapping=00002188 result=467C0000 err=0 access=0x00000004 offset=0:0 bytes=0
2026-08-28 08:25:29.181 [seq=3099] [tid=8696] CreateFileMappingA input=00002198 result=0000219C err=0 name=(null) file=\\?\UNC\psf\Home\Documents\mxd\BeiDou-Server\clien\Data\Mob\8143000.img
2026-08-28 08:25:29.189 [seq=3100] [tid=8696] MapViewOfFile mapping=0000219C result=4C3D0000 err=0 access=0x00000004 offset=0:0 bytes=0
2026-08-28 08:25:29.338 [seq=3101] [tid=8696] CreateFileMappingA input=00002194 result=000021A0 err=0 name=(null) file=\\?\UNC\psf\Home\Documents\mxd\BeiDou-Server\clien\Data\Mob\8150200.img
2026-08-28 08:25:29.349 [seq=3102] [tid=8696] MapViewOfFile mapping=000021A0 result=46850000 err=0 access=0x00000004 offset=0:0 bytes=0
2026-08-28 08:25:29.502 [seq=3103] [tid=8696] CreateFileMappingA input=000021AC result=000021A8 err=0 name=(null) file=\\?\UNC\psf\Home\Documents\mxd\BeiDou-Server\clien\Data\Mob\8150100.img
2026-08-28 08:25:29.523 [seq=3104] [tid=8696] MapViewOfFile mapping=000021A8 result=4C430000 err=0 access=0x00000004 offset=0:0 bytes=0
2026-08-28 08:25:29.681 [seq=3105] [tid=8696] CreateFileMappingA input=00002170 result=000021A4 err=0 name=(null) file=\\?\UNC\psf\Home\Documents\mxd\BeiDou-Server\clien\Data\Mob\8150301.img
2026-08-28 08:25:29.723 [seq=3106] [tid=8696] MapViewOfFile mapping=000021A4 result=4C450000 err=0 access=0x00000004 offset=0:0 bytes=0
2026-08-28 08:25:29.802 [seq=3107] [tid=8696] CreateFileMappingA input=000021B0 result=0000218C err=0 name=(null) file=\\?\UNC\psf\Home\Documents\mxd\BeiDou-Server\clien\Data\Mob\8150101.img
2026-08-28 08:25:29.814 [seq=3108] [tid=8696] MapViewOfFile mapping=0000218C result=4C490000 err=0 access=0x00000004 offset=0:0 bytes=0
2026-08-28 08:25:29.879 [seq=3109] [tid=8696] CreateFileMappingA input=000021B4 result=000021B8 err=0 name=(null) file=\\?\UNC\psf\Home\Documents\mxd\BeiDou-Server\clien\Data\Mob\8150302.img
2026-08-28 08:25:29.890 [seq=3110] [tid=8696] MapViewOfFile mapping=000021B8 result=4C4D0000 err=0 access=0x00000004 offset=0:0 bytes=0
2026-08-28 08:25:29.934 [seq=3111] [tid=8696] CreateFileMappingA input=00002190 result=000021BC err=0 name=(null) file=\\?\UNC\psf\Home\Documents\mxd\BeiDou-Server\clien\Data\Mob\8150201.img
2026-08-28 08:25:29.941 [seq=3112] [tid=8696] MapViewOfFile mapping=000021BC result=4C540000 err=0 access=0x00000004 offset=0:0 bytes=0
2026-08-28 08:25:30.019 [seq=3113] [tid=8696] CreateFileMappingA input=000021C0 result=000021C8 err=0 name=(null) file=\\?\UNC\psf\Home\Documents\mxd\BeiDou-Server\clien\Data\Mob\8190000.img
2026-08-28 08:25:30.029 [seq=3114] [tid=8696] MapViewOfFile mapping=000021C8 result=4C580000 err=0 access=0x00000004 offset=0:0 bytes=0
2026-08-28 08:25:30.066 [seq=3115] [tid=8696] CreateFileMappingA input=000021C4 result=000021D0 err=0 name=(null) file=\\?\UNC\psf\Home\Documents\mxd\BeiDou-Server\clien\Data\Mob\8200001.img
2026-08-28 08:25:30.070 [seq=3116] [tid=8696] MapViewOfFile mapping=000021D0 result=4C5C0000 err=0 access=0x00000004 offset=0:0 bytes=0
2026-08-28 08:25:30.096 [seq=3117] [tid=8696] CreateFileMappingA input=000021D4 result=000021CC err=0 name=(null) file=\\?\UNC\psf\Home\Documents\mxd\BeiDou-Server\clien\Data\Mob\8200002.img
2026-08-28 08:25:30.110 [seq=3118] [tid=8696] MapViewOfFile mapping=000021CC result=4C600000 err=0 access=0x00000004 offset=0:0 bytes=0
2026-08-28 08:25:30.149 [seq=3119] [tid=8696] CreateFileMappingA input=000021E0 result=000021E4 err=0 name=(null) file=\\?\UNC\psf\Home\Documents\mxd\BeiDou-Server\clien\Data\Mob\8200003.img
2026-08-28 08:25:30.170 [seq=3120] [tid=8696] MapViewOfFile mapping=000021E4 result=4C680000 err=0 access=0x00000004 offset=0:0 bytes=0
2026-08-28 08:25:30.346 [seq=3121] [tid=8696] CreateFileMappingA input=000021DC result=000021D8 err=0 name=(null) file=\\?\UNC\psf\Home\Documents\mxd\BeiDou-Server\clien\Data\Mob\8200004.img
2026-08-28 08:25:30.491 [seq=3122] [tid=8696] MapViewOfFile mapping=000021D8 result=4C740000 err=0 access=0x00000004 offset=0:0 bytes=0
2026-08-28 08:25:30.682 [seq=3123] [tid=8696] CreateFileMappingA input=00002200 result=00002204 err=0 name=(null) file=\\?\UNC\psf\Home\Documents\mxd\BeiDou-Server\clien\Data\Mob\8160000.img
2026-08-28 08:25:30.698 [seq=3124] [tid=8696] MapViewOfFile mapping=00002204 result=4C800000 err=0 access=0x00000004 offset=0:0 bytes=0
2026-08-28 08:25:30.786 [seq=3125] [tid=8696] CreateFileMappingA input=000021EC result=000021FC err=0 name=(null) file=\\?\UNC\psf\Home\Documents\mxd\BeiDou-Server\clien\Data\Mob\8170000.img
2026-08-28 08:25:30.797 [seq=3126] [tid=8696] MapViewOfFile mapping=000021FC result=4FA40000 err=0 access=0x00000004 offset=0:0 bytes=0
2026-08-28 08:25:30.852 [seq=3127] [tid=8696] CreateFileMappingA input=00002210 result=000021E8 err=0 name=(null) file=\\?\UNC\psf\Home\Documents\mxd\BeiDou-Server\clien\Data\Mob\8190003.img
2026-08-28 08:25:30.869 [seq=3128] [tid=8696] MapViewOfFile mapping=000021E8 result=4C910000 err=0 access=0x00000004 offset=0:0 bytes=0
2026-08-28 08:25:30.931 [seq=3129] [tid=8696] CreateFileMappingA input=00002208 result=00002214 err=0 name=(null) file=\\?\UNC\psf\Home\Documents\mxd\BeiDou-Server\clien\Data\Mob\8190004.img
2026-08-28 08:25:30.940 [seq=3130] [tid=8696] MapViewOfFile mapping=00002214 result=4FB80000 err=0 access=0x00000004 offset=0:0 bytes=0
2026-08-28 08:25:30.991 [seq=3131] [tid=8696] CreateFileMappingA input=000021F4 result=000021F0 err=0 name=(null) file=\\?\UNC\psf\Home\Documents\mxd\BeiDou-Server\clien\Data\Mob\8190002.img
2026-08-28 08:25:30.998 [seq=3132] [tid=8696] MapViewOfFile mapping=000021F0 result=4FBF0000 err=0 access=0x00000004 offset=0:0 bytes=0
2026-08-28 08:25:31.017 [seq=3133] [tid=4800] event=health cpu_core_pct=20.2 working_set_mb=351 commit_mb=251 handles=2171 gdi=15 user=24 window=hung last_resource="(none)" resource_offset=0 resource_bytes=0 resource_age_ms=0
2026-08-28 08:25:31.025 [seq=3134] [tid=8696] CreateFileMappingA input=0000220C result=00002224 err=0 name=(null) file=\\?\UNC\psf\Home\Documents\mxd\BeiDou-Server\clien\Data\Mob\8200005.img
2026-08-28 08:25:31.028 [seq=3135] [tid=8696] MapViewOfFile mapping=00002224 result=4FC40000 err=0 access=0x00000004 offset=0:0 bytes=0
2026-08-28 08:25:31.068 [seq=3136] [tid=8696] CreateFileMappingA input=000021F8 result=00002228 err=0 name=(null) file=\\?\UNC\psf\Home\Documents\mxd\BeiDou-Server\clien\Data\Mob\8200006.img
2026-08-28 08:25:31.075 [seq=3137] [tid=8696] MapViewOfFile mapping=00002228 result=4FC80000 err=0 access=0x00000004 offset=0:0 bytes=0
2026-08-28 08:25:31.097 [seq=3138] [tid=8696] CreateFileMappingA input=0000221C result=0000222C err=0 name=(null) file=\\?\UNC\psf\Home\Documents\mxd\BeiDou-Server\clien\Data\Mob\8200007.img
2026-08-28 08:25:31.101 [seq=3139] [tid=8696] MapViewOfFile mapping=0000222C result=4FD20000 err=0 access=0x00000004 offset=0:0 bytes=0
2026-08-28 08:25:31.121 [seq=3140] [tid=8696] CreateFileMappingA input=00002234 result=00002230 err=0 name=(null) file=\\?\UNC\psf\Home\Documents\mxd\BeiDou-Server\clien\Data\Mob\8200008.img
2026-08-28 08:25:31.124 [seq=3141] [tid=8696] MapViewOfFile mapping=00002230 result=4FDE0000 err=0 access=0x00000004 offset=0:0 bytes=0
2026-08-28 08:25:31.142 [seq=3142] [tid=8696] CreateFileMappingA input=00002238 result=00002218 err=0 name=(null) file=\\?\UNC\psf\Home\Documents\mxd\BeiDou-Server\clien\Data\Mob\8200009.img
2026-08-28 08:25:31.147 [seq=3143] [tid=8696] MapViewOfFile mapping=00002218 result=4FEE0000 err=0 access=0x00000004 offset=0:0 bytes=0
2026-08-28 08:25:31.217 [seq=3144] [tid=8696] CreateFileMappingA input=00002244 result=00002248 err=0 name=(null) file=\\?\UNC\psf\Home\Documents\mxd\BeiDou-Server\clien\Data\Mob\8200010.img
2026-08-28 08:25:31.227 [seq=3145] [tid=8696] MapViewOfFile mapping=00002248 result=4FF20000 err=0 access=0x00000004 offset=0:0 bytes=0
2026-08-28 08:25:31.266 [seq=3146] [tid=8696] CreateFileMappingA input=00002220 result=00002250 err=0 name=(null) file=\\?\UNC\psf\Home\Documents\mxd\BeiDou-Server\clien\Data\Mob\8200011.img
2026-08-28 08:25:31.275 [seq=3147] [tid=8696] MapViewOfFile mapping=00002250 result=50090000 err=0 access=0x00000004 offset=0:0 bytes=0
2026-08-28 08:25:31.301 [seq=3148] [tid=8696] CreateFileMappingA input=0000224C result=00002240 err=0 name=(null) file=\\?\UNC\psf\Home\Documents\mxd\BeiDou-Server\clien\Data\Mob\8200012.img
2026-08-28 08:25:31.317 [seq=3149] [tid=8696] MapViewOfFile mapping=00002240 result=50160000 err=0 access=0x00000004 offset=0:0 bytes=0
2026-08-28 08:25:31.349 [seq=3150] [tid=8696] CreateFileMappingA input=00002260 result=00002264 err=0 name=(null) file=\\?\UNC\psf\Home\Documents\mxd\BeiDou-Server\clien\Data\Mob\2220000.img
2026-08-28 08:25:31.354 [seq=3151] [tid=8696] MapViewOfFile mapping=00002264 result=4C960000 err=0 access=0x00000004 offset=0:0 bytes=0
2026-08-28 08:25:31.400 [seq=3152] [tid=8696] CreateFileMappingA input=00002258 result=0000225C err=0 name=(null) file=\\?\UNC\psf\Home\Documents\mxd\BeiDou-Server\clien\Data\Mob\9300003.img
2026-08-28 08:25:31.417 [seq=3153] [tid=8696] MapViewOfFile mapping=0000225C result=4FFC0000 err=0 access=0x00000004 offset=0:0 bytes=0
2026-08-28 08:25:31.443 [seq=3154] [tid=8696] CreateFileMappingA input=00002270 result=00002254 err=0 name=(null) file=\\?\UNC\psf\Home\Documents\mxd\BeiDou-Server\clien\Data\Mob\5220002.img
2026-08-28 08:25:31.448 [seq=3155] [tid=8696] MapViewOfFile mapping=00002254 result=50290000 err=0 access=0x00000004 offset=0:0 bytes=0
2026-08-28 08:25:31.477 [seq=3156] [tid=8696] CreateFileMappingA input=00002274 result=00002268 err=0 name=(null) file=\\?\UNC\psf\Home\Documents\mxd\BeiDou-Server\clien\Data\Mob\5220000.img
2026-08-28 08:25:31.481 [seq=3157] [tid=8696] MapViewOfFile mapping=00002268 result=50310000 err=0 access=0x00000004 offset=0:0 bytes=0
2026-08-28 08:25:31.518 [seq=3158] [tid=8696] CreateFileMappingA input=0000223C result=0000226C err=0 name=(null) file=\\?\UNC\psf\Home\Documents\mxd\BeiDou-Server\clien\Data\Mob\9300012.img
2026-08-28 08:25:31.527 [seq=3159] [tid=8696] MapViewOfFile mapping=0000226C result=50440000 err=0 access=0x00000004 offset=0:0 bytes=0
2026-08-28 08:25:31.684 [seq=3160] [tid=8696] CreateFileMappingA input=00002278 result=0000227C err=0 name=(null) file=\\?\UNC\psf\Home\Documents\mxd\BeiDou-Server\clien\Data\Mob\5220003.img
2026-08-28 08:25:31.687 [seq=3161] [tid=8696] MapViewOfFile mapping=0000227C result=50540000 err=0 access=0x00000004 offset=0:0 bytes=0
2026-08-28 08:25:31.775 [seq=3162] [tid=8696] CreateFileMappingA input=00002284 result=00002288 err=0 name=(null) file=\\?\UNC\psf\Home\Documents\mxd\BeiDou-Server\clien\Data\Mob\6130101.img
2026-08-28 08:25:31.791 [seq=3163] [tid=8696] MapViewOfFile mapping=00002288 result=503E0000 err=0 access=0x00000004 offset=0:0 bytes=0
2026-08-28 08:25:31.818 [seq=3164] [tid=8696] CreateFileMappingA input=0000228C result=00002280 err=0 name=(null) file=\\?\UNC\psf\Home\Documents\mxd\BeiDou-Server\clien\Data\Mob\6220000.img
2026-08-28 08:25:31.826 [seq=3165] [tid=8696] MapViewOfFile mapping=00002280 result=505B0000 err=0 access=0x00000004 offset=0:0 bytes=0
2026-08-28 08:25:31.848 [seq=3166] [tid=8696] CreateFileMappingA input=00002290 result=00002294 err=0 name=(null) file=\\?\UNC\psf\Home\Documents\mxd\BeiDou-Server\clien\Data\Mob\6300005.img
2026-08-28 08:25:31.851 [seq=3167] [tid=8696] MapViewOfFile mapping=00002294 result=46880000 err=0 access=0x00000004 offset=0:0 bytes=0
2026-08-28 08:25:31.869 [seq=3168] [tid=8696] CreateFileMappingA input=000022A4 result=000022A0 err=0 name=(null) file=\\?\UNC\psf\Home\Documents\mxd\BeiDou-Server\clien\Data\Mob\7220001.img
2026-08-28 08:25:31.876 [seq=3169] [tid=8696] MapViewOfFile mapping=000022A0 result=505F0000 err=0 access=0x00000004 offset=0:0 bytes=0
2026-08-28 08:25:31.911 [seq=3170] [tid=8696] CreateFileMappingA input=000022A8 result=000022AC err=0 name=(null) file=\\?\UNC\psf\Home\Documents\mxd\BeiDou-Server\clien\Data\Mob\7220000.img
2026-08-28 08:25:31.919 [seq=3171] [tid=8696] MapViewOfFile mapping=000022AC result=50680000 err=0 access=0x00000004 offset=0:0 bytes=0
2026-08-28 08:25:31.952 [seq=3172] [tid=8696] CreateFileMappingA input=00002298 result=0000229C err=0 name=(null) file=\\?\UNC\psf\Home\Documents\mxd\BeiDou-Server\clien\Data\Mob\9300119.img
2026-08-28 08:25:31.958 [seq=3173] [tid=8696] MapViewOfFile mapping=0000229C result=50830000 err=0 access=0x00000004 offset=0:0 bytes=0
2026-08-28 08:25:31.982 [seq=3174] [tid=8696] CreateFileMappingA input=000022B4 result=000022B0 err=0 name=(null) file=\\?\UNC\psf\Home\Documents\mxd\BeiDou-Server\clien\Data\Mob\9300039.img
2026-08-28 08:25:31.985 [seq=3175] [tid=8696] MapViewOfFile mapping=000022B0 result=50910000 err=0 access=0x00000004 offset=0:0 bytes=0
2026-08-28 08:25:32.010 [seq=3176] [tid=8696] CreateFileMappingA input=000022B8 result=000022BC err=0 name=(null) file=\\?\UNC\psf\Home\Documents\mxd\BeiDou-Server\clien\Data\Mob\7220002.img
2026-08-28 08:25:32.016 [seq=3177] [tid=8696] MapViewOfFile mapping=000022BC result=50750000 err=0 access=0x00000004 offset=0:0 bytes=0
2026-08-28 08:25:32.041 [seq=3178] [tid=8696] CreateFileMappingA input=000022C0 result=000022C8 err=0 name=(null) file=\\?\UNC\psf\Home\Documents\mxd\BeiDou-Server\clien\Data\Mob\9300139.img
2026-08-28 08:25:32.045 [seq=3179] [tid=8696] MapViewOfFile mapping=000022C8 result=509D0000 err=0 access=0x00000004 offset=0:0 bytes=0
2026-08-28 08:25:32.073 [seq=3180] [tid=8696] CreateFileMappingA input=000022C4 result=000022CC err=0 name=(null) file=\\?\UNC\psf\Home\Documents\mxd\BeiDou-Server\clien\Data\Mob\8220000.img
2026-08-28 08:25:32.078 [seq=3181] [tid=8696] MapViewOfFile mapping=000022CC result=50A70000 err=0 access=0x00000004 offset=0:0 bytes=0
2026-08-28 08:25:32.101 [seq=3182] [tid=8696] CreateFileMappingA input=000022D0 result=000022D4 err=0 name=(null) file=\\?\UNC\psf\Home\Documents\mxd\BeiDou-Server\clien\Data\Mob\8220001.img
2026-08-28 08:25:32.103 [seq=3183] [tid=8696] MapViewOfFile mapping=000022D4 result=50AD0000 err=0 access=0x00000004 offset=0:0 bytes=0
2026-08-28 08:25:32.123 [seq=3184] [tid=8696] CreateFileMappingA input=000022DC result=000022E0 err=0 name=(null) file=\\?\UNC\psf\Home\Documents\mxd\BeiDou-Server\clien\Data\Mob\8150000.img
2026-08-28 08:25:32.125 [seq=3185] [tid=8696] MapViewOfFile mapping=000022E0 result=50B40000 err=0 access=0x00000004 offset=0:0 bytes=0
2026-08-28 08:25:32.138 [seq=3186] [tid=8696] CreateFileMappingA input=000022E8 result=000022EC err=0 name=(null) file=\\?\UNC\psf\Home\Documents\mxd\BeiDou-Server\clien\Data\Mob\8180000.img
2026-08-28 08:25:32.141 [seq=3187] [tid=8696] MapViewOfFile mapping=000022EC result=50C30000 err=0 access=0x00000004 offset=0:0 bytes=0
2026-08-28 08:25:32.157 [seq=3188] [tid=8696] CreateFileMappingA input=000022D8 result=000022E4 err=0 name=(null) file=\\?\UNC\psf\Home\Documents\mxd\BeiDou-Server\clien\Data\Mob\8180001.img
2026-08-28 08:25:32.160 [seq=3189] [tid=8696] MapViewOfFile mapping=000022E4 result=50D70000 err=0 access=0x00000004 offset=0:0 bytes=0
2026-08-28 08:25:32.185 [seq=3190] [tid=8696] CreateFileMappingA input=000022F4 result=000022F0 err=0 name=(null) file=\\?\UNC\psf\Home\Documents\mxd\BeiDou-Server\clien\Data\Mob\8510000.img
2026-08-28 08:25:32.191 [seq=3191] [tid=8696] MapViewOfFile mapping=000022F0 result=52800000 err=0 access=0x00000004 offset=0:0 bytes=0
2026-08-28 08:25:32.262 [seq=3192] [tid=8696] CreateFileMappingA input=000022F8 result=000022FC err=0 name=(null) file=\\?\UNC\psf\Home\Documents\mxd\BeiDou-Server\clien\Data\Mob\9300028.img
2026-08-28 08:25:32.268 [seq=3193] [tid=8696] MapViewOfFile mapping=000022FC result=51010000 err=0 access=0x00000004 offset=0:0 bytes=0
2026-08-28 08:25:32.292 [seq=3194] [tid=8696] CreateFileMappingA input=00002304 result=00002300 err=0 name=(null) file=\\?\UNC\psf\Home\Documents\mxd\BeiDou-Server\clien\Data\Mob\8500002.img
2026-08-28 08:25:32.298 [seq=3195] [tid=8696] MapViewOfFile mapping=00002300 result=50BB0000 err=0 access=0x00000004 offset=0:0 bytes=0
2026-08-28 08:25:32.320 [seq=3196] [tid=8696] CreateFileMappingA input=00002310 result=00002314 err=0 name=(null) file=\\?\UNC\psf\Home\Documents\mxd\BeiDou-Server\clien\Data\Mob\8800002.img
2026-08-28 08:25:32.324 [seq=3197] [tid=8696] MapViewOfFile mapping=00002314 result=52C40000 err=0 access=0x00000004 offset=0:0 bytes=0
2026-08-28 08:25:32.350 [seq=3198] [tid=8696] CreateFileMappingA input=00002320 result=00002324 err=0 name=(null) file=\\?\UNC\psf\Home\Documents\mxd\BeiDou-Server\clien\Data\Mob\8810018.img
2026-08-28 08:25:32.353 [seq=3199] [tid=8696] MapViewOfFile mapping=00002324 result=56140000 err=0 access=0x00000004 offset=0:0 bytes=0
2026-08-28 08:25:32.373 [seq=3200] [tid=8696] CreateFileMappingA input=00002318 result=00002328 err=0 name=(null) file=\\?\UNC\psf\Home\Documents\mxd\BeiDou-Server\clien\Data\Mob\3220000.img
2026-08-28 08:25:32.378 [seq=3201] [tid=8696] MapViewOfFile mapping=00002328 result=50E80000 err=0 access=0x00000004 offset=0:0 bytes=0
2026-08-28 08:25:32.397 [seq=3202] [tid=8696] CreateFileMappingA input=0000232C result=00002330 err=0 name=(null) file=\\?\UNC\psf\Home\Documents\mxd\BeiDou-Server\clien\Data\Mob\8130100.img
2026-08-28 08:25:32.400 [seq=3203] [tid=8696] MapViewOfFile mapping=00002330 result=50F00000 err=0 access=0x00000004 offset=0:0 bytes=0
2026-08-28 08:25:32.414 [seq=3204] [tid=8696] CreateFileMappingA input=0000230C result=00002334 err=0 name=(null) file=\\?\UNC\psf\Home\Documents\mxd\BeiDou-Server\clien\Data\Mob\9500320.img
2026-08-28 08:25:32.417 [seq=3205] [tid=8696] MapViewOfFile mapping=00002334 result=4C980000 err=0 access=0x00000004 offset=0:0 bytes=0
2026-08-28 08:25:32.435 [seq=3206] [tid=8696] CreateFileMappingA input=0000231C result=00002308 err=0 name=(null) file=\\?\UNC\psf\Home\Documents\mxd\BeiDou-Server\clien\Data\Mob\9500317.img
2026-08-28 08:25:32.441 [seq=3207] [tid=8696] MapViewOfFile mapping=00002308 result=50BE0000 err=0 access=0x00000004 offset=0:0 bytes=0
2026-08-28 08:25:32.467 [seq=3208] [tid=8696] CreateFileMappingA input=00002340 result=00002338 err=0 name=(null) file=\\?\UNC\psf\Home\Documents\mxd\BeiDou-Server\clien\Data\Mob\3220001.img
2026-08-28 08:25:32.470 [seq=3209] [tid=8696] MapViewOfFile mapping=00002338 result=50F40000 err=0 access=0x00000004 offset=0:0 bytes=0
2026-08-28 08:25:32.483 [seq=3210] [tid=8696] CreateFileMappingA input=00002348 result=0000233C err=0 name=(null) file=\\?\UNC\psf\Home\Documents\mxd\BeiDou-Server\clien\Data\Mob\4220000.img
2026-08-28 08:25:32.486 [seq=3211] [tid=8696] MapViewOfFile mapping=0000233C result=50F80000 err=0 access=0x00000004 offset=0:0 bytes=0
2026-08-28 08:25:32.503 [seq=3212] [tid=8696] CreateFileMappingA input=0000234C result=00002350 err=0 name=(null) file=\\?\UNC\psf\Home\Documents\mxd\BeiDou-Server\clien\Data\Mob\6220001.img
2026-08-28 08:25:32.508 [seq=3213] [tid=8696] MapViewOfFile mapping=00002350 result=50FD0000 err=0 access=0x00000004 offset=0:0 bytes=0
2026-08-28 08:25:32.525 [seq=3214] [tid=8696] CreateFileMappingA input=00002358 result=0000235C err=0 name=(null) file=\\?\UNC\psf\Home\Documents\mxd\BeiDou-Server\clien\Data\Mob\8220002.img
2026-08-28 08:25:32.528 [seq=3215] [tid=8696] MapViewOfFile mapping=0000235C result=51240000 err=0 access=0x00000004 offset=0:0 bytes=0
2026-08-28 08:25:32.547 [seq=3216] [tid=8696] CreateFileMappingA input=00002354 result=00002344 err=0 name=(null) file=\\?\UNC\psf\Home\Documents\mxd\BeiDou-Server\clien\Data\Mob\8220003.img
2026-08-28 08:25:32.550 [seq=3217] [tid=8696] MapViewOfFile mapping=00002344 result=51290000 err=0 access=0x00000004 offset=0:0 bytes=0
2026-08-28 08:25:32.652 [seq=3218] [tid=8696] CreateFileMappingA input=00002360 result=00002368 err=0 name=(null) file=\\?\UNC\psf\Home\Documents\mxd\BeiDou-Server\clien\Data\Mob\9300182.img
2026-08-28 08:25:32.685 [seq=3219] [tid=8696] MapViewOfFile mapping=00002368 result=51420000 err=0 access=0x00000004 offset=0:0 bytes=0
2026-08-28 08:25:32.746 [seq=3220] [tid=8696] CreateFileMappingA input=0000236C result=00002370 err=0 name=(null) file=\\?\UNC\psf\Home\Documents\mxd\BeiDou-Server\clien\Data\Mob\8220004.img
2026-08-28 08:25:32.752 [seq=3221] [tid=8696] MapViewOfFile mapping=00002370 result=51590000 err=0 access=0x00000004 offset=0:0 bytes=0
2026-08-28 08:25:32.817 [seq=3222] [tid=8696] CreateFileMappingA input=00002374 result=00002364 err=0 name=(null) file=\\?\UNC\psf\Home\Documents\mxd\BeiDou-Server\clien\Data\Mob\8220005.img
2026-08-28 08:25:32.822 [seq=3223] [tid=8696] MapViewOfFile mapping=00002364 result=51670000 err=0 access=0x00000004 offset=0:0 bytes=0
2026-08-28 08:25:32.851 [seq=3224] [tid=8696] CreateFileMappingA input=00002378 result=00002380 err=0 name=(null) file=\\?\UNC\psf\Home\Documents\mxd\BeiDou-Server\clien\Data\Mob\8220006.img
2026-08-28 08:25:32.854 [seq=3225] [tid=8696] MapViewOfFile mapping=00002380 result=53220000 err=0 access=0x00000004 offset=0:0 bytes=0
2026-08-28 08:25:32.890 [seq=3226] [tid=8696] CreateFileMappingA input=0000238C result=00002388 err=0 name=(null) file=\\?\UNC\psf\Home\Documents\mxd\BeiDou-Server\clien\Data\Mob\8820000.img
2026-08-28 08:25:32.894 [seq=3227] [tid=8696] MapViewOfFile mapping=00002388 result=57600000 err=0 access=0x00000004 offset=0:0 bytes=0
2026-08-28 08:25:32.922 [seq=3228] [tid=8696] CreateFileMappingA input=00002384 result=0000237C err=0 name=(null) file=\\?\UNC\psf\Home\Documents\mxd\BeiDou-Server\clien\Data\Mob\9300215.img
2026-08-28 08:25:32.925 [seq=3229] [tid=8696] MapViewOfFile mapping=0000237C result=57710000 err=0 access=0x00000004 offset=0:0 bytes=0
2026-08-28 08:25:32.974 [seq=3230] [tid=8696] CreateFileMappingA input=00002390 result=00002394 err=0 name=(null) file=\\?\UNC\psf\Home\Documents\mxd\BeiDou-Server\clien\Data\Mob\5220004.img
2026-08-28 08:25:32.977 [seq=3231] [tid=8696] MapViewOfFile mapping=00002394 result=57940000 err=0 access=0x00000004 offset=0:0 bytes=0
2026-08-28 08:25:33.019 [seq=3232] [tid=8696] CreateFileMappingA input=0000239C result=000023A0 err=0 name=(null) file=\\?\UNC\psf\Home\Documents\mxd\BeiDou-Server\clien\Data\Mob\8220007.img
2026-08-28 08:25:33.023 [seq=3233] [tid=8696] MapViewOfFile mapping=000023A0 result=513B0000 err=0 access=0x00000004 offset=0:0 bytes=0
2026-08-28 08:25:33.042 [seq=3234] [tid=8696] CreateFileMappingA input=000023AC result=000023B0 err=0 name=(null) file=\\?\UNC\psf\Home\Documents\mxd\BeiDou-Server\clien\Data\Mob\8220009.img
2026-08-28 08:25:33.044 [seq=3235] [tid=8696] MapViewOfFile mapping=000023B0 result=57A40000 err=0 access=0x00000004 offset=0:0 bytes=0
2026-08-28 08:25:33.152 [seq=3236] [tid=8696] CreateFileMappingA input=000023A8 result=000023B8 err=0 name=(null) file=\\?\UNC\psf\Home\Documents\mxd\BeiDou-Server\clien\Data\Mob\8830000.img
2026-08-28 08:25:33.156 [seq=3237] [tid=8696] MapViewOfFile mapping=000023B8 result=57D20000 err=0 access=0x00000004 offset=0:0 bytes=0
2026-08-28 08:25:33.232 [seq=3238] [tid=4800] event=health cpu_core_pct=44.2 working_set_mb=361 commit_mb=254 handles=2275 gdi=15 user=24 window=hung last_resource="(none)" resource_offset=0 resource_bytes=0 resource_age_ms=0
2026-08-28 08:25:33.263 [seq=3239] [tid=8696] CreateFileMappingA input=000023B4 result=00002398 err=0 name=(null) file=\\?\UNC\psf\Home\Documents\mxd\BeiDou-Server\clien\Data\Mob\3300005.img
2026-08-28 08:25:33.268 [seq=3240] [tid=8696] MapViewOfFile mapping=00002398 result=53380000 err=0 access=0x00000004 offset=0:0 bytes=0
2026-08-28 08:25:33.290 [seq=3241] [tid=8696] CreateFileMappingA input=000023C4 result=000023BC err=0 name=(null) file=\\?\UNC\psf\Home\Documents\mxd\BeiDou-Server\clien\Data\Mob\3300006.img
2026-08-28 08:25:33.296 [seq=3242] [tid=8696] MapViewOfFile mapping=000023BC result=58C30000 err=0 access=0x00000004 offset=0:0 bytes=0
2026-08-28 08:25:33.313 [seq=3243] [tid=8696] CreateFileMappingA input=000023D0 result=000023A4 err=0 name=(null) file=\\?\UNC\psf\Home\Documents\mxd\BeiDou-Server\clien\Data\Mob\3300007.img
2026-08-28 08:25:33.316 [seq=3244] [tid=8696] MapViewOfFile mapping=000023A4 result=58CB0000 err=0 access=0x00000004 offset=0:0 bytes=0
2026-08-28 08:25:33.329 [seq=3245] [tid=8696] CreateFileMappingA input=000023D4 result=000023D8 err=0 name=(null) file=\\?\UNC\psf\Home\Documents\mxd\BeiDou-Server\clien\Data\Mob\3300008.img
2026-08-28 08:25:33.331 [seq=3246] [tid=8696] MapViewOfFile mapping=000023D8 result=517A0000 err=0 access=0x00000004 offset=0:0 bytes=0
2026-08-28 08:25:33.344 [seq=3247] [tid=8696] CreateFileMappingA input=000023E4 result=000023E8 err=0 name=(null) file=\\?\UNC\psf\Home\Documents\mxd\BeiDou-Server\clien\Data\String\MonsterBook.img
2026-08-28 08:25:33.347 [seq=3248] [tid=8696] MapViewOfFile mapping=000023E8 result=58D30000 err=0 access=0x00000004 offset=0:0 bytes=0
2026-08-28 08:25:33.452 [seq=3249] [tid=8696] CreateFileMappingA input=000023EC result=000023CC err=0 name=(null) file=\\?\UNC\psf\Home\Documents\mxd\BeiDou-Server\clien\Data\Mob\9300255.img
2026-08-28 08:25:33.455 [seq=3250] [tid=8696] MapViewOfFile mapping=000023CC result=513D0000 err=0 access=0x00000004 offset=0:0 bytes=0
2026-08-28 08:25:33.473 [seq=3251] [tid=8696] CreateFileMappingA input=000023FC result=000023E4 err=0 name=(null) file=\\?\UNC\psf\Home\Documents\mxd\BeiDou-Server\clien\Data\UI\UIWindow.img
2026-08-28 08:25:33.476 [seq=3252] [tid=8696] MapViewOfFile mapping=000023E4 result=58D30000 err=0 access=0x00000004 offset=0:0 bytes=0
2026-08-28 08:25:33.515 [seq=3253] [tid=8696] event=resource_search status=failed handle=FFFFFFFF error=2 pattern="C:\Mac\Home\Documents\mxd\BeiDou-Server\clien\*.mix"
2026-08-28 08:25:33.518 [seq=3254] [tid=8696] event=resource_search status=failed handle=FFFFFFFF error=3 pattern="C:\Mac\Home\Documents\mxd\BeiDou-Server\clien\./redist/*.mix"
2026-08-28 08:25:33.521 [seq=3255] [tid=8696] event=resource_search status=failed handle=FFFFFFFF error=2 pattern="C:\Mac\Home\Documents\mxd\BeiDou-Server\clien\*.asi"
2026-08-28 08:25:33.524 [seq=3256] [tid=8696] event=resource_search status=failed handle=FFFFFFFF error=3 pattern="C:\Mac\Home\Documents\mxd\BeiDou-Server\clien\./redist/*.asi"
2026-08-28 08:25:33.527 [seq=3257] [tid=8696] event=resource_search status=failed handle=FFFFFFFF error=2 pattern="C:\Mac\Home\Documents\mxd\BeiDou-Server\clien\*.flt"
2026-08-28 08:25:33.529 [seq=3258] [tid=8696] event=resource_search status=failed handle=FFFFFFFF error=3 pattern="C:\Mac\Home\Documents\mxd\BeiDou-Server\clien\./redist/*.flt"
2026-08-28 08:25:33.533 [seq=3259] [tid=8696] event=module_load api=LoadLibraryA status=ok module=707D0000 error=0 path="DSOUND.DLL"
2026-08-28 08:25:34.268 [seq=3260] [tid=4800] event=health cpu_core_pct=48.4 working_set_mb=369 commit_mb=260 handles=2337 gdi=15 user=25 window=hung last_resource="(none)" resource_offset=0 resource_bytes=0 resource_age_ms=0
2026-08-28 08:25:35.277 [seq=3261] [tid=4800] event=health cpu_core_pct=79.9 working_set_mb=373 commit_mb=264 handles=2356 gdi=15 user=25 window=hung last_resource="(none)" resource_offset=0 resource_bytes=0 resource_age_ms=0
2026-08-28 08:25:35.321 [seq=3262] [tid=8696] CreateFileMappingA input=000024F8 result=000024FC err=0 name=(null) file=\\?\UNC\psf\Home\Documents\mxd\BeiDou-Server\clien\Data\UI\Logo.img
2026-08-28 08:25:35.325 [seq=3263] [tid=8696] MapViewOfFile mapping=000024FC result=59DE0000 err=0 access=0x00000004 offset=0:0 bytes=0
2026-08-28 08:25:35.362 [seq=3264] [tid=8696] CreateFileMappingA input=0000250C result=00002510 err=0 name=(null) file=\\?\UNC\psf\Home\Documents\mxd\BeiDou-Server\clien\Data\Sound\BgmUI.img
2026-08-28 08:25:35.366 [seq=3265] [tid=8696] MapViewOfFile mapping=00002510 result=59F90000 err=0 access=0x00000004 offset=0:0 bytes=0
2026-08-28 08:25:35.425 [seq=3266] [tid=8696] CreateFileMappingA input=00002500 result=00002514 err=0 name=(null) file=\\?\UNC\psf\Home\Documents\mxd\BeiDou-Server\clien\Data\Map\Physics.img
2026-08-28 08:25:35.447 [seq=3267] [tid=8696] MapViewOfFile mapping=00002514 result=5A720000 err=0 access=0x00000004 offset=0:0 bytes=0
2026-08-28 08:25:35.500 [seq=3268] [tid=8696] CreateFileMappingA input=00002500 result=00002518 err=0 name=(null) file=\\?\UNC\psf\Home\Documents\mxd\BeiDou-Server\clien\Data\UI\MapLogin.img
2026-08-28 08:25:35.516 [seq=3269] [tid=8696] MapViewOfFile mapping=00002518 result=5A720000 err=0 access=0x00000004 offset=0:0 bytes=0
2026-08-28 08:25:35.599 [seq=3270] [tid=8696] CreateFileMappingA input=00002508 result=0000254C err=0 name=(null) file=\\?\UNC\psf\Home\Documents\mxd\BeiDou-Server\clien\Data\Map\Obj\login.img
2026-08-28 08:25:35.606 [seq=3271] [tid=8696] MapViewOfFile mapping=0000254C result=5A730000 err=0 access=0x00000004 offset=0:0 bytes=0
2026-08-28 08:25:35.762 [seq=3272] [tid=8696] CreateFileMappingA input=00002548 result=00002524 err=0 name=(null) file=\\?\UNC\psf\Home\Documents\mxd\BeiDou-Server\clien\Data\Map\Back\login.img
2026-08-28 08:25:35.766 [seq=3273] [tid=8696] MapViewOfFile mapping=00002524 result=5AC00000 err=0 access=0x00000004 offset=0:0 bytes=0
2026-08-28 08:25:36.356 [seq=3274] [tid=4800] event=health cpu_core_pct=82.6 working_set_mb=405 commit_mb=290 handles=2375 gdi=15 user=25 window=hung last_resource="(none)" resource_offset=0 resource_bytes=0 resource_age_ms=0
2026-08-28 08:25:36.447 [seq=3275] [tid=8696] CreateFileMappingA input=00002554 result=00002558 err=0 name=(null) file=\\?\UNC\psf\Home\Documents\mxd\BeiDou-Server\clien\Data\UI\Login.img
2026-08-28 08:25:36.450 [seq=3276] [tid=8696] MapViewOfFile mapping=00002558 result=5D260000 err=0 access=0x00000004 offset=0:0 bytes=0
2026-08-28 08:25:36.775 [seq=3277] [tid=8696] CreateFileMappingA input=00002514 result=00002504 err=0 name=(null) file=\\?\UNC\psf\Home\Documents\mxd\BeiDou-Server\clien\Data\Etc\MakeCharInfo.img
2026-08-28 08:25:36.779 [seq=3278] [tid=8696] MapViewOfFile mapping=00002504 result=5D9A0000 err=0 access=0x00000004 offset=0:0 bytes=0
2026-08-28 08:25:36.794 [seq=3279] [tid=8696] CreateFileMappingA input=00002560 result=00002520 err=0 name=(null) file=\\?\UNC\psf\Home\Documents\mxd\BeiDou-Server\clien\Data\Sound\BgmUI.img
2026-08-28 08:25:36.803 [seq=3280] [tid=8696] MapViewOfFile mapping=00002520 result=5D9B0000 err=0 access=0x00000004 offset=0:0 bytes=0
2026-08-28 08:25:37.373 [seq=3281] [tid=4800] event=health cpu_core_pct=65.1 working_set_mb=429 commit_mb=310 handles=2378 gdi=54 user=21 window=responsive last_resource="(none)" resource_offset=0 resource_bytes=0 resource_age_ms=0
2026-08-28 08:25:38.380 [seq=3282] [tid=4800] event=health cpu_core_pct=75.0 working_set_mb=430 commit_mb=311 handles=2378 gdi=54 user=21 window=responsive last_resource="(none)" resource_offset=0 resource_bytes=0 resource_age_ms=0
2026-08-28 08:25:39.385 [seq=3283] [tid=4800] event=health cpu_core_pct=82.8 working_set_mb=430 commit_mb=311 handles=2378 gdi=54 user=21 window=responsive last_resource="(none)" resource_offset=0 resource_bytes=0 resource_age_ms=0
2026-08-28 08:25:40.302 [seq=3284] [tid=8696] CreateFileMappingA input=00000570 result=00002550 err=0 name=(null) file=\\?\UNC\psf\Home\Documents\mxd\BeiDou-Server\clien\Data\Sound\UI.img
2026-08-28 08:25:40.308 [seq=3285] [tid=8696] MapViewOfFile mapping=00002550 result=0F810000 err=0 access=0x00000004 offset=0:0 bytes=0
2026-08-28 08:25:40.393 [seq=3286] [tid=4800] event=health cpu_core_pct=79.9 working_set_mb=431 commit_mb=313 handles=2382 gdi=56 user=22 window=responsive last_resource="(none)" resource_offset=0 resource_bytes=0 resource_age_ms=0
2026-08-28 08:25:41.457 [seq=3287] [tid=4800] event=health cpu_core_pct=65.6 working_set_mb=431 commit_mb=313 handles=2381 gdi=56 user=23 window=responsive last_resource="(none)" resource_offset=0 resource_bytes=0 resource_age_ms=0
2026-08-28 08:25:42.498 [seq=3288] [tid=4800] event=health cpu_core_pct=63.1 working_set_mb=431 commit_mb=313 handles=2381 gdi=56 user=21 window=responsive last_resource="(none)" resource_offset=0 resource_bytes=0 resource_age_ms=0
2026-08-28 08:25:43.507 [seq=3289] [tid=4800] event=health cpu_core_pct=50.7 working_set_mb=431 commit_mb=313 handles=2381 gdi=56 user=21 window=responsive last_resource="(none)" resource_offset=0 resource_bytes=0 resource_age_ms=0
2026-08-28 08:25:44.517 [seq=3290] [tid=4800] event=health cpu_core_pct=64.5 working_set_mb=431 commit_mb=313 handles=2381 gdi=56 user=23 window=responsive last_resource="(none)" resource_offset=0 resource_bytes=0 resource_age_ms=0
2026-08-28 08:25:45.525 [seq=3291] [tid=4800] event=health cpu_core_pct=56.2 working_set_mb=432 commit_mb=313 handles=2381 gdi=56 user=22 window=responsive last_resource="(none)" resource_offset=0 resource_bytes=0 resource_age_ms=0
2026-08-28 08:25:46.542 [seq=3292] [tid=4800] event=health cpu_core_pct=73.8 working_set_mb=432 commit_mb=313 handles=2381 gdi=56 user=22 window=responsive last_resource="(none)" resource_offset=0 resource_bytes=0 resource_age_ms=0
2026-08-28 08:25:47.553 [seq=3293] [tid=4800] event=health cpu_core_pct=56.9 working_set_mb=432 commit_mb=313 handles=2381 gdi=57 user=22 window=responsive last_resource="(none)" resource_offset=0 resource_bytes=0 resource_age_ms=0
2026-08-28 08:25:48.568 [seq=3294] [tid=4800] event=health cpu_core_pct=56.9 working_set_mb=432 commit_mb=313 handles=2381 gdi=57 user=22 window=responsive last_resource="(none)" resource_offset=0 resource_bytes=0 resource_age_ms=0
2026-08-28 08:25:49.576 [seq=3295] [tid=4800] event=health cpu_core_pct=64.0 working_set_mb=432 commit_mb=313 handles=2381 gdi=57 user=22 window=responsive last_resource="(none)" resource_offset=0 resource_bytes=0 resource_age_ms=0
2026-08-28 08:25:50.592 [seq=3296] [tid=4800] event=health cpu_core_pct=86.2 working_set_mb=432 commit_mb=313 handles=2395 gdi=57 user=22 window=responsive last_resource="(none)" resource_offset=0 resource_bytes=0 resource_age_ms=0
2026-08-28 08:25:51.602 [seq=3297] [tid=4800] event=health cpu_core_pct=67.6 working_set_mb=432 commit_mb=313 handles=2395 gdi=57 user=22 window=responsive last_resource="(none)" resource_offset=0 resource_bytes=0 resource_age_ms=0
2026-08-28 08:25:52.623 [seq=3298] [tid=4800] event=health cpu_core_pct=64.6 working_set_mb=441 commit_mb=322 handles=2396 gdi=57 user=22 window=responsive last_resource="(none)" resource_offset=0 resource_bytes=0 resource_age_ms=0
2026-08-28 08:25:53.636 [seq=3299] [tid=4800] event=health cpu_core_pct=73.8 working_set_mb=449 commit_mb=329 handles=2397 gdi=62 user=22 window=responsive last_resource="(none)" resource_offset=0 resource_bytes=0 resource_age_ms=0
2026-08-28 08:25:54.644 [seq=3300] [tid=4800] event=health cpu_core_pct=64.5 working_set_mb=453 commit_mb=333 handles=2395 gdi=62 user=22 window=responsive last_resource="(none)" resource_offset=0 resource_bytes=0 resource_age_ms=0
2026-08-28 08:25:55.652 [seq=3301] [tid=4800] event=health cpu_core_pct=73.4 working_set_mb=453 commit_mb=334 handles=2395 gdi=62 user=22 window=responsive last_resource="(none)" resource_offset=0 resource_bytes=0 resource_age_ms=0
2026-08-28 08:25:55.869 [seq=3302] [tid=8696] event=resource_open status=ok handle=0000259C error=0 access=0x00000004 disposition=4 path="EquipSlotDiagnostic.log"
2026-08-28 08:25:55.875 [seq=3303] [tid=8696] event=resource_open status=ok handle=000025A8 error=0 access=0x00000004 disposition=4 path="EquipSlotDiagnostic.log"
2026-08-28 08:25:55.880 [seq=3304] [tid=8696] event=resource_open status=ok handle=000025A4 error=0 access=0x00000004 disposition=4 path="EquipSlotDiagnostic.log"
2026-08-28 08:25:55.886 [seq=3305] [tid=8696] event=resource_open status=ok handle=00002594 error=0 access=0x00000004 disposition=4 path="EquipSlotDiagnostic.log"
2026-08-28 08:25:55.892 [seq=3306] [tid=8696] event=resource_open status=ok handle=00002594 error=0 access=0x00000004 disposition=4 path="EquipSlotDiagnostic.log"
2026-08-28 08:25:55.897 [seq=3307] [tid=8696] event=resource_open status=ok handle=0000259C error=0 access=0x00000004 disposition=4 path="EquipSlotDiagnostic.log"
2026-08-28 08:25:55.903 [seq=3308] [tid=8696] event=resource_open status=ok handle=0000259C error=0 access=0x00000004 disposition=4 path="EquipSlotDiagnostic.log"
2026-08-28 08:25:55.941 [seq=3309] [tid=8696] CreateFileMappingA input=000025A8 result=0000259C err=0 name=(null) file=\\?\UNC\psf\Home\Documents\mxd\BeiDou-Server\clien\Data\Character\Weapon\01302000.img
2026-08-28 08:25:55.944 [seq=3310] [tid=8696] MapViewOfFile mapping=0000259C result=0F980000 err=0 access=0x00000004 offset=0:0 bytes=0
2026-08-28 08:25:55.954 [seq=3311] [tid=8696] CreateFileMappingA input=000025B0 result=000025B4 err=0 name=(null) file=\\?\UNC\psf\Home\Documents\mxd\BeiDou-Server\clien\Data\Character\Longcoat\01052668.img
2026-08-28 08:25:55.957 [seq=3312] [tid=8696] MapViewOfFile mapping=000025B4 result=0F990000 err=0 access=0x00000004 offset=0:0 bytes=0
2026-08-28 08:25:55.977 [seq=3313] [tid=8696] CreateFileMappingA input=00002594 result=000025AC err=0 name=(null) file=\\?\UNC\psf\Home\Documents\mxd\BeiDou-Server\clien\Data\Character\00012000.img
2026-08-28 08:25:55.981 [seq=3314] [tid=8696] MapViewOfFile mapping=000025AC result=5F1B0000 err=0 access=0x00000004 offset=0:0 bytes=0
2026-08-28 08:25:55.995 [seq=3315] [tid=8696] CreateFileMappingA input=000025C0 result=000025C4 err=0 name=(null) file=\\?\UNC\psf\Home\Documents\mxd\BeiDou-Server\clien\Data\Character\Hair\00046546.img
2026-08-28 08:25:56.005 [seq=3316] [tid=8696] MapViewOfFile mapping=000025C4 result=0F9B0000 err=0 access=0x00000004 offset=0:0 bytes=0
2026-08-28 08:25:56.038 [seq=3317] [tid=8696] CreateFileMappingA input=000025D4 result=000025D8 err=0 name=(null) file=\\?\UNC\psf\Home\Documents\mxd\BeiDou-Server\clien\Data\Character\Shoes\01073011.img
2026-08-28 08:25:56.041 [seq=3318] [tid=8696] MapViewOfFile mapping=000025D8 result=0F9C0000 err=0 access=0x00000004 offset=0:0 bytes=0
2026-08-28 08:25:56.058 [seq=3319] [tid=8696] CreateFileMappingA input=000025A4 result=000025C8 err=0 name=(null) file=\\?\UNC\psf\Home\Documents\mxd\BeiDou-Server\clien\Data\Character\Face\00020000.img
2026-08-28 08:25:56.060 [seq=3320] [tid=8696] MapViewOfFile mapping=000025C8 result=0F9D0000 err=0 access=0x00000004 offset=0:0 bytes=0
2026-08-28 08:25:56.074 [seq=3321] [tid=8696] CreateFileMappingA input=000025D0 result=000025B8 err=0 name=(null) file=\\?\UNC\psf\Home\Documents\mxd\BeiDou-Server\clien\Data\Etc\EmotionEffect.img
2026-08-28 08:25:56.076 [seq=3322] [tid=8696] MapViewOfFile mapping=000025B8 result=0F9E0000 err=0 access=0x00000004 offset=0:0 bytes=0
2026-08-28 08:25:56.709 [seq=3323] [tid=4800] event=health cpu_core_pct=69.1 working_set_mb=464 commit_mb=343 handles=2416 gdi=67 user=22 window=responsive last_resource="(none)" resource_offset=0 resource_bytes=0 resource_age_ms=0
2026-08-28 08:25:57.716 [seq=3324] [tid=4800] event=health cpu_core_pct=73.4 working_set_mb=464 commit_mb=343 handles=2414 gdi=67 user=22 window=responsive last_resource="(none)" resource_offset=0 resource_bytes=0 resource_age_ms=0
2026-08-28 08:25:57.945 [seq=3325] [tid=8696] CreateFileMappingA input=000025F8 result=000025FC err=0 name=(null) file=\\?\UNC\psf\Home\Documents\mxd\BeiDou-Server\clien\Data\Sound\Game.img
2026-08-28 08:25:57.949 [seq=3326] [tid=8696] MapViewOfFile mapping=000025FC result=5FD10000 err=0 access=0x00000004 offset=0:0 bytes=0
2026-08-28 08:25:58.721 [seq=3327] [tid=4800] event=health cpu_core_pct=41.5 working_set_mb=465 commit_mb=344 handles=2422 gdi=67 user=22 window=responsive last_resource="(none)" resource_offset=0 resource_bytes=0 resource_age_ms=0
2026-08-28 08:25:58.867 [seq=3328] [tid=8696] event=resource_open status=ok handle=00002608 error=0 access=0x00000004 disposition=4 path="BeiDouDamageSkinCompat.log"
2026-08-28 08:25:58.878 [seq=3329] [tid=8696] event=resource_open status=ok handle=000025E8 error=0 access=0x00000004 disposition=4 path="BeiDouSetItemCompat.log"
2026-08-28 08:25:58.918 [seq=3330] [tid=8696] event=resource_open status=ok handle=00002604 error=0 access=0x00000004 disposition=4 path="EquipSlotDiagnostic.log"
2026-08-28 08:25:59.557 [seq=3331] [tid=8696] CreateFileMappingA input=000025E8 result=00002608 err=0 name=(null) file=\\?\UNC\psf\Home\Documents\mxd\BeiDou-Server\clien\Data\Map\Map\Map9\910000000.img
2026-08-28 08:25:59.561 [seq=3332] [tid=8696] MapViewOfFile mapping=00002608 result=5FD60000 err=0 access=0x00000004 offset=0:0 bytes=0
2026-08-28 08:25:59.614 [seq=3333] [tid=8696] CreateFileMappingA input=000025BC result=0000260C err=0 name=(null) file=\\?\UNC\psf\Home\Documents\mxd\BeiDou-Server\clien\Data\Item\Special\0900.img
2026-08-28 08:25:59.620 [seq=3334] [tid=8696] MapViewOfFile mapping=0000260C result=5FD80000 err=0 access=0x00000004 offset=0:0 bytes=0
2026-08-28 08:25:59.654 [seq=3335] [tid=8696] CreateFileMappingA input=00002604 result=00002614 err=0 name=(null) file=\\?\UNC\psf\Home\Documents\mxd\BeiDou-Server\clien\Data\Map\MapHelper.img
2026-08-28 08:25:59.659 [seq=3336] [tid=8696] MapViewOfFile mapping=00002614 result=613D0000 err=0 access=0x00000004 offset=0:0 bytes=0
2026-08-28 08:25:59.702 [seq=3337] [tid=8696] CreateFileMappingA input=00002620 result=0000261C err=0 name=(null) file=\\?\UNC\psf\Home\Documents\mxd\BeiDou-Server\clien\Data\UI\Basic.img
2026-08-28 08:25:59.707 [seq=3338] [tid=8696] MapViewOfFile mapping=0000261C result=5FD90000 err=0 access=0x00000004 offset=0:0 bytes=0
2026-08-28 08:25:59.733 [seq=3339] [tid=8696] CreateFileMappingA input=00002628 result=0000262C err=0 name=(null) file=\\?\UNC\psf\Home\Documents\mxd\BeiDou-Server\clien\Data\UI\StatusBar.img
2026-08-28 08:25:59.737 [seq=3340] [tid=8696] MapViewOfFile mapping=0000262C result=5FDE0000 err=0 access=0x00000004 offset=0:0 bytes=0
2026-08-28 08:25:59.815 [seq=3341] [tid=8696] CreateFileMappingA input=00002634 result=00002618 err=0 name=(null) file=\\?\UNC\psf\Home\Documents\mxd\BeiDou-Server\clien\Data\String\ToolTipHelp.img
2026-08-28 08:25:59.822 [seq=3342] [tid=8696] MapViewOfFile mapping=00002618 result=5FE10000 err=0 access=0x00000004 offset=0:0 bytes=0
2026-08-28 08:26:00.262 [seq=3343] [tid=8696] CreateFileMappingA input=00002624 result=00002630 err=0 name=(null) file=\\?\UNC\psf\Home\Documents\mxd\BeiDou-Server\clien\Data\Etc\Tips.img
2026-08-28 08:26:00.265 [seq=3344] [tid=8696] MapViewOfFile mapping=00002630 result=5FE40000 err=0 access=0x00000004 offset=0:0 bytes=0
2026-08-28 08:26:00.274 [seq=3345] [tid=8696] CreateFileMappingA input=0000263C result=00002638 err=0 name=(null) file=\\?\UNC\psf\Home\Documents\mxd\BeiDou-Server\clien\Data\Map\Map\AreaCode.img
2026-08-28 08:26:00.277 [seq=3346] [tid=8696] MapViewOfFile mapping=00002638 result=5FE50000 err=0 access=0x00000004 offset=0:0 bytes=0
2026-08-28 08:26:00.302 [seq=3347] [tid=8696] CreateFileMappingA input=00002644 result=0000263C err=0 name=(null) file=\\?\UNC\psf\Home\Documents\mxd\BeiDou-Server\clien\Data\Etc\Commodity.img
2026-08-28 08:26:00.311 [seq=3348] [tid=8696] MapViewOfFile mapping=0000263C result=5FE50000 err=0 access=0x00000004 offset=0:0 bytes=0
2026-08-28 08:26:00.395 [seq=3349] [tid=8696] CreateFileMappingA input=00002640 result=00002648 err=0 name=(null) file=\\?\UNC\psf\Home\Documents\mxd\BeiDou-Server\clien\Data\Etc\CashPackage.img
2026-08-28 08:26:00.399 [seq=3350] [tid=8696] MapViewOfFile mapping=00002648 result=5FF20000 err=0 access=0x00000004 offset=0:0 bytes=0
2026-08-28 08:26:00.447 [seq=3351] [tid=8696] CreateFileMappingA input=0000265C result=00002660 err=0 name=(null) file=\\?\UNC\psf\Home\Documents\mxd\BeiDou-Server\clien\Data\Map\Obj\chewchewIsland.img
2026-08-28 08:26:00.451 [seq=3352] [tid=8696] MapViewOfFile mapping=00002660 result=62650000 err=0 access=0x00000004 offset=0:0 bytes=0
2026-08-28 08:26:00.800 [seq=3353] [tid=8696] CreateFileMappingA input=00002638 result=0000264C err=0 name=(null) file=\\?\UNC\psf\Home\Documents\mxd\BeiDou-Server\clien\Data\Map\Obj\signboard.img
2026-08-28 08:26:00.803 [seq=3354] [tid=8696] MapViewOfFile mapping=0000264C result=63670000 err=0 access=0x00000004 offset=0:0 bytes=0
2026-08-28 08:26:00.825 [seq=3355] [tid=4800] event=health cpu_core_pct=78.1 working_set_mb=481 commit_mb=357 handles=2443 gdi=119 user=22 window=responsive last_resource="(none)" resource_offset=0 resource_bytes=0 resource_age_ms=0
2026-08-28 08:26:02.084 [seq=3356] [tid=4800] event=health cpu_core_pct=91.4 working_set_mb=505 commit_mb=378 handles=2443 gdi=119 user=22 window=responsive last_resource="(none)" resource_offset=0 resource_bytes=0 resource_age_ms=0
2026-08-28 08:26:02.196 [seq=3357] [tid=8696] CreateFileMappingA input=00002650 result=00002658 err=0 name=(null) file=\\?\UNC\psf\Home\Documents\mxd\BeiDou-Server\clien\Data\Map\Back\chewchewIsland.img
2026-08-28 08:26:02.199 [seq=3358] [tid=8696] MapViewOfFile mapping=00002658 result=64780000 err=0 access=0x00000004 offset=0:0 bytes=0
2026-08-28 08:26:02.462 [seq=3359] [tid=8696] CreateFileMappingA input=000025EC result=00002668 err=0 name=(null) file=\\?\UNC\psf\Home\Documents\mxd\BeiDou-Server\clien\Data\String\Npc.img
2026-08-28 08:26:02.469 [seq=3360] [tid=8696] MapViewOfFile mapping=00002668 result=65BE0000 err=0 access=0x00000004 offset=0:0 bytes=0
2026-08-28 08:26:02.566 [seq=3361] [tid=8696] CreateFileMappingA input=00002674 result=00002678 err=0 name=(null) file=\\?\UNC\psf\Home\Documents\mxd\BeiDou-Server\clien\Data\Npc\9030000.img
2026-08-28 08:26:02.569 [seq=3362] [tid=8696] MapViewOfFile mapping=00002678 result=5FF30000 err=0 access=0x00000004 offset=0:0 bytes=0
2026-08-28 08:26:02.586 [seq=3363] [tid=8696] CreateFileMappingA input=0000266C result=0000267C err=0 name=(null) file=\\?\UNC\psf\Home\Documents\mxd\BeiDou-Server\clien\Data\Etc\NpcLocation.img
2026-08-28 08:26:02.589 [seq=3364] [tid=8696] MapViewOfFile mapping=0000267C result=5FF40000 err=0 access=0x00000004 offset=0:0 bytes=0
2026-08-28 08:26:02.606 [seq=3365] [tid=8696] CreateFileMappingA input=00002664 result=000025CC err=0 name=(null) file=\\?\UNC\psf\Home\Documents\mxd\BeiDou-Server\clien\Data\Npc\9030100.img
2026-08-28 08:26:02.609 [seq=3366] [tid=8696] MapViewOfFile mapping=000025CC result=5FF60000 err=0 access=0x00000004 offset=0:0 bytes=0
2026-08-28 08:26:02.620 [seq=3367] [tid=8696] CreateFileMappingA input=00002688 result=0000268C err=0 name=(null) file=\\?\UNC\psf\Home\Documents\mxd\BeiDou-Server\clien\Data\Npc\9250025.img
2026-08-28 08:26:02.623 [seq=3368] [tid=8696] MapViewOfFile mapping=0000268C result=5FF70000 err=0 access=0x00000004 offset=0:0 bytes=0
2026-08-28 08:26:02.636 [seq=3369] [tid=8696] CreateFileMappingA input=00002690 result=00002694 err=0 name=(null) file=\\?\UNC\psf\Home\Documents\mxd\BeiDou-Server\clien\Data\Npc\9000069.img
2026-08-28 08:26:02.638 [seq=3370] [tid=8696] MapViewOfFile mapping=00002694 result=5FFA0000 err=0 access=0x00000004 offset=0:0 bytes=0
2026-08-28 08:26:02.649 [seq=3371] [tid=8696] CreateFileMappingA input=00002684 result=00002654 err=0 name=(null) file=\\?\UNC\psf\Home\Documents\mxd\BeiDou-Server\clien\Data\Npc\9900008.img
2026-08-28 08:26:02.652 [seq=3372] [tid=8696] MapViewOfFile mapping=00002654 result=5FFB0000 err=0 access=0x00000004 offset=0:0 bytes=0
2026-08-28 08:26:02.674 [seq=3373] [tid=8696] CreateFileMappingA input=00002680 result=00002670 err=0 name=(null) file=\\?\UNC\psf\Home\Documents\mxd\BeiDou-Server\clien\Data\Npc\9900009.img
2026-08-28 08:26:02.682 [seq=3374] [tid=8696] MapViewOfFile mapping=00002670 result=5FFC0000 err=0 access=0x00000004 offset=0:0 bytes=0
2026-08-28 08:26:02.702 [seq=3375] [tid=8696] CreateFileMappingA input=00002698 result=0000269C err=0 name=(null) file=\\?\UNC\psf\Home\Documents\mxd\BeiDou-Server\clien\Data\Npc\9063168.img
2026-08-28 08:26:02.713 [seq=3376] [tid=8696] MapViewOfFile mapping=0000269C result=66D50000 err=0 access=0x00000004 offset=0:0 bytes=0
2026-08-28 08:26:02.731 [seq=3377] [tid=8696] CreateFileMappingA input=000026A0 result=000026A4 err=0 name=(null) file=\\?\UNC\psf\Home\Documents\mxd\BeiDou-Server\clien\Data\Npc\9330045.img
2026-08-28 08:26:02.736 [seq=3378] [tid=8696] MapViewOfFile mapping=000026A4 result=5FFD0000 err=0 access=0x00000004 offset=0:0 bytes=0
2026-08-28 08:26:02.784 [seq=3379] [tid=8696] CreateFileMappingA input=000026AC result=000026B0 err=0 name=(null) file=\\?\UNC\psf\Home\Documents\mxd\BeiDou-Server\clien\Data\Sound\Bgm00.img
2026-08-28 08:26:02.788 [seq=3380] [tid=8696] MapViewOfFile mapping=000026B0 result=66DA0000 err=0 access=0x00000004 offset=0:0 bytes=0
2026-08-28 08:26:03.022 [seq=3381] [tid=8696] CreateFileMappingA input=000026A8 result=000026B8 err=0 name=(null) file=\\?\UNC\psf\Home\Documents\mxd\BeiDou-Server\clien\Data\Character\Coat\01040002.img
2026-08-28 08:26:03.024 [seq=3382] [tid=8696] MapViewOfFile mapping=000026B8 result=5FFF0000 err=0 access=0x00000004 offset=0:0 bytes=0
2026-08-28 08:26:03.046 [seq=3383] [tid=8696] event=resource_open status=ok handle=000026C8 error=0 access=0x00000004 disposition=4 path="EquipSlotDiagnostic.log"
2026-08-28 08:26:03.050 [seq=3384] [tid=8696] event=resource_open status=ok handle=000026D0 error=0 access=0x00000004 disposition=4 path="EquipSlotDiagnostic.log"
2026-08-28 08:26:03.063 [seq=3385] [tid=8696] event=resource_open status=ok handle=000026C8 error=0 access=0x00000004 disposition=4 path="EquipSlotDiagnostic.log"
2026-08-28 08:26:03.068 [seq=3386] [tid=8696] event=resource_open status=ok handle=000026CC error=0 access=0x00000004 disposition=4 path="EquipSlotDiagnostic.log"
2026-08-28 08:26:03.077 [seq=3387] [tid=8696] CreateFileMappingA input=000026D0 result=000026C8 err=0 name=(null) file=\\?\UNC\psf\Home\Documents\mxd\BeiDou-Server\clien\Data\Character\Pants\01062001.img
2026-08-28 08:26:03.080 [seq=3388] [tid=8696] MapViewOfFile mapping=000026C8 result=674D0000 err=0 access=0x00000004 offset=0:0 bytes=0
2026-08-28 08:26:03.093 [seq=3389] [tid=8696] event=resource_open status=ok handle=000026BC error=0 access=0x00000004 disposition=4 path="EquipSlotDiagnostic.log"
2026-08-28 08:26:03.099 [seq=3390] [tid=8696] event=resource_open status=ok handle=000026BC error=0 access=0x00000004 disposition=4 path="EquipSlotDiagnostic.log"
2026-08-28 08:26:03.107 [seq=3391] [tid=8696] CreateFileMappingA input=000026CC result=000026C4 err=0 name=(null) file=\\?\UNC\psf\Home\Documents\mxd\BeiDou-Server\clien\Data\Character\Shoes\01072001.img
2026-08-28 08:26:03.110 [seq=3392] [tid=8696] MapViewOfFile mapping=000026C4 result=674E0000 err=0 access=0x00000004 offset=0:0 bytes=0
2026-08-28 08:26:03.131 [seq=3393] [tid=8696] event=resource_open status=ok handle=000026C0 error=0 access=0x00000004 disposition=4 path="EquipSlotDiagnostic.log"
2026-08-28 08:26:03.144 [seq=3394] [tid=8696] event=resource_open status=ok handle=000026D4 error=0 access=0x00000004 disposition=4 path="EquipSlotDiagnostic.log"
2026-08-28 08:26:03.157 [seq=3395] [tid=8696] event=resource_open status=ok handle=000026C0 error=0 access=0x00000004 disposition=4 path="EquipSlotDiagnostic.log"
2026-08-28 08:26:03.163 [seq=3396] [tid=8696] event=resource_open status=ok handle=000026C0 error=0 access=0x00000004 disposition=4 path="EquipSlotDiagnostic.log"
2026-08-28 08:26:03.187 [seq=3397] [tid=8696] event=resource_open status=ok handle=000026D4 error=0 access=0x00000004 disposition=4 path="EquipSlotDiagnostic.log"
2026-08-28 08:26:03.195 [seq=3398] [tid=8696] event=resource_open status=ok handle=000026D4 error=0 access=0x00000004 disposition=4 path="EquipSlotDiagnostic.log"
2026-08-28 08:26:03.207 [seq=3399] [tid=8696] CreateFileMappingA input=000026BC result=000026D8 err=0 name=(null) file=\\?\UNC\psf\Home\Documents\mxd\BeiDou-Server\clien\Data\Character\Ring\01118017.img
2026-08-28 08:26:03.210 [seq=3400] [tid=8696] MapViewOfFile mapping=000026D8 result=674F0000 err=0 access=0x00000004 offset=0:0 bytes=0
2026-08-28 08:26:03.224 [seq=3401] [tid=8696] event=resource_open status=ok handle=000026C0 error=0 access=0x00000004 disposition=4 path="EquipSlotDiagnostic.log"
2026-08-28 08:26:03.230 [seq=3402] [tid=8696] event=resource_open status=ok handle=000026E0 error=0 access=0x00000004 disposition=4 path="EquipSlotDiagnostic.log"
2026-08-28 08:26:03.475 [seq=3403] [tid=8696] CreateFileMappingA input=000026E4 result=000026E0 err=0 name=(null) file=\\?\UNC\psf\Home\Documents\mxd\BeiDou-Server\clien\Data\Effect\CharacterEff.img
2026-08-28 08:26:03.479 [seq=3404] [tid=8696] MapViewOfFile mapping=000026E0 result=674F0000 err=0 access=0x00000004 offset=0:0 bytes=0
2026-08-28 08:26:03.619 [seq=3405] [tid=8696] CreateFileMappingA input=000026C0 result=00002564 err=0 name=(null) file=\\?\UNC\psf\Home\Documents\mxd\BeiDou-Server\clien\Data\UI\NameTag.img
2026-08-28 08:26:03.624 [seq=3406] [tid=8696] MapViewOfFile mapping=00002564 result=6AA20000 err=0 access=0x00000004 offset=0:0 bytes=0
2026-08-28 08:26:03.647 [seq=3407] [tid=8696] CreateFileMappingA input=000026D8 result=000026E8 err=0 name=(null) file=\\?\UNC\psf\Home\Documents\mxd\BeiDou-Server\clien\Data\Item\Cash\0501.img
2026-08-28 08:26:03.650 [seq=3408] [tid=8696] MapViewOfFile mapping=000026E8 result=6AA70000 err=0 access=0x00000004 offset=0:0 bytes=0
2026-08-28 08:26:03.673 [seq=3409] [tid=8696] CreateFileMappingA input=000026F8 result=000026F0 err=0 name=(null) file=\\?\UNC\psf\Home\Documents\mxd\BeiDou-Server\clien\Data\Character\Accessory\01142076.img
2026-08-28 08:26:03.676 [seq=3410] [tid=8696] MapViewOfFile mapping=000026F0 result=6AD60000 err=0 access=0x00000004 offset=0:0 bytes=0
2026-08-28 08:26:03.693 [seq=3411] [tid=8696] CreateFileMappingA input=000026F8 result=000026F0 err=0 name=(null) file=\\?\UNC\psf\Home\Documents\mxd\BeiDou-Server\clien\Data\Character\Accessory\01142123.img
2026-08-28 08:26:03.696 [seq=3412] [tid=8696] MapViewOfFile mapping=000026F0 result=6AD60000 err=0 access=0x00000004 offset=0:0 bytes=0
2026-08-28 08:26:03.714 [seq=3413] [tid=8696] CreateFileMappingA input=000026F8 result=000026F0 err=0 name=(null) file=\\?\UNC\psf\Home\Documents\mxd\BeiDou-Server\clien\Data\Character\Accessory\01142009.img
2026-08-28 08:26:03.717 [seq=3414] [tid=8696] MapViewOfFile mapping=000026F0 result=6AD60000 err=0 access=0x00000004 offset=0:0 bytes=0
2026-08-28 08:26:03.733 [seq=3415] [tid=8696] CreateFileMappingA input=0000270C result=00002708 err=0 name=(null) file=\\?\UNC\psf\Home\Documents\mxd\BeiDou-Server\clien\Data\Character\Accessory\01142064.img
2026-08-28 08:26:03.735 [seq=3416] [tid=8696] MapViewOfFile mapping=00002708 result=6AD60000 err=0 access=0x00000004 offset=0:0 bytes=0
2026-08-28 08:26:03.752 [seq=3417] [tid=8696] CreateFileMappingA input=00002704 result=00002700 err=0 name=(null) file=\\?\UNC\psf\Home\Documents\mxd\BeiDou-Server\clien\Data\Character\Accessory\01142014.img
2026-08-28 08:26:03.758 [seq=3418] [tid=8696] MapViewOfFile mapping=00002700 result=6AD60000 err=0 access=0x00000004 offset=0:0 bytes=0
2026-08-28 08:26:03.774 [seq=3419] [tid=8696] CreateFileMappingA input=0000270C result=000026F0 err=0 name=(null) file=\\?\UNC\psf\Home\Documents\mxd\BeiDou-Server\clien\Data\Character\Accessory\01142015.img
2026-08-28 08:26:03.776 [seq=3420] [tid=8696] MapViewOfFile mapping=000026F0 result=6AD60000 err=0 access=0x00000004 offset=0:0 bytes=0
2026-08-28 08:26:03.792 [seq=3421] [tid=8696] CreateFileMappingA input=00002710 result=000026EC err=0 name=(null) file=\\?\UNC\psf\Home\Documents\mxd\BeiDou-Server\clien\Data\Character\Accessory\01142016.img
2026-08-28 08:26:03.797 [seq=3422] [tid=8696] MapViewOfFile mapping=000026EC result=6AD60000 err=0 access=0x00000004 offset=0:0 bytes=0
2026-08-28 08:26:03.812 [seq=3423] [tid=8696] CreateFileMappingA input=00002710 result=000026EC err=0 name=(null) file=\\?\UNC\psf\Home\Documents\mxd\BeiDou-Server\clien\Data\Character\Accessory\01142017.img
2026-08-28 08:26:03.815 [seq=3424] [tid=8696] MapViewOfFile mapping=000026EC result=6AD60000 err=0 access=0x00000004 offset=0:0 bytes=0
2026-08-28 08:26:03.829 [seq=3425] [tid=8696] CreateFileMappingA input=00002710 result=000026EC err=0 name=(null) file=\\?\UNC\psf\Home\Documents\mxd\BeiDou-Server\clien\Data\Character\Accessory\01142018.img
2026-08-28 08:26:03.831 [seq=3426] [tid=8696] MapViewOfFile mapping=000026EC result=6AD60000 err=0 access=0x00000004 offset=0:0 bytes=0
2026-08-28 08:26:03.847 [seq=3427] [tid=8696] CreateFileMappingA input=000026F0 result=0000270C err=0 name=(null) file=\\?\UNC\psf\Home\Documents\mxd\BeiDou-Server\clien\Data\Character\Accessory\01142019.img
2026-08-28 08:26:03.852 [seq=3428] [tid=8696] MapViewOfFile mapping=0000270C result=6AD60000 err=0 access=0x00000004 offset=0:0 bytes=0
2026-08-28 08:26:03.871 [seq=3429] [tid=8696] CreateFileMappingA input=000026DC result=000026BC err=0 name=(null) file=\\?\UNC\psf\Home\Documents\mxd\BeiDou-Server\clien\Data\Character\Accessory\01142004.img
2026-08-28 08:26:03.877 [seq=3430] [tid=8696] MapViewOfFile mapping=000026BC result=6AD60000 err=0 access=0x00000004 offset=0:0 bytes=0
2026-08-28 08:26:03.899 [seq=3431] [tid=8696] CreateFileMappingA input=000026F0 result=0000270C err=0 name=(null) file=\\?\UNC\psf\Home\Documents\mxd\BeiDou-Server\clien\Data\Character\Accessory\01142005.img
2026-08-28 08:26:03.903 [seq=3432] [tid=8696] MapViewOfFile mapping=0000270C result=6AD60000 err=0 access=0x00000004 offset=0:0 bytes=0
2026-08-28 08:26:03.917 [seq=3433] [tid=8696] CreateFileMappingA input=00002600 result=00002700 err=0 name=(null) file=\\?\UNC\psf\Home\Documents\mxd\BeiDou-Server\clien\Data\Character\Accessory\01142030.img
2026-08-28 08:26:03.920 [seq=3434] [tid=8696] MapViewOfFile mapping=00002700 result=6AD60000 err=0 access=0x00000004 offset=0:0 bytes=0
2026-08-28 08:26:03.965 [seq=3435] [tid=8696] CreateFileMappingA input=000026FC result=000026F0 err=0 name=(null) file=\\?\UNC\psf\Home\Documents\mxd\BeiDou-Server\clien\Data\Effect\MapEff.img
2026-08-28 08:26:03.968 [seq=3436] [tid=8696] MapViewOfFile mapping=000026F0 result=6AF70000 err=0 access=0x00000004 offset=0:0 bytes=0
2026-08-28 08:26:04.032 [seq=3437] [tid=8696] CreateFileMappingA input=000026DC result=0000270C err=0 name=(null) file=\\?\UNC\psf\Home\Documents\mxd\BeiDou-Server\clien\Data\Character\Cape\01102061.img
2026-08-28 08:26:04.034 [seq=3438] [tid=8696] MapViewOfFile mapping=0000270C result=6AF90000 err=0 access=0x00000004 offset=0:0 bytes=0
2026-08-28 08:26:04.058 [seq=3439] [tid=8696] CreateFileMappingA input=000026F4 result=00002700 err=0 name=(null) file=\\?\UNC\psf\Home\Documents\mxd\BeiDou-Server\clien\Data\Character\Cape\01102135.img
2026-08-28 08:26:04.061 [seq=3440] [tid=8696] MapViewOfFile mapping=00002700 result=6AFA0000 err=0 access=0x00000004 offset=0:0 bytes=0
2026-08-28 08:26:04.073 [seq=3441] [tid=8696] CreateFileMappingA input=000026EC result=00002714 err=0 name=(null) file=\\?\UNC\psf\Home\Documents\mxd\BeiDou-Server\clien\Data\Character\Cape\01102136.img
2026-08-28 08:26:04.076 [seq=3442] [tid=8696] MapViewOfFile mapping=00002714 result=6AFB0000 err=0 access=0x00000004 offset=0:0 bytes=0
2026-08-28 08:26:04.107 [seq=3443] [tid=8696] CreateFileMappingA input=000026D4 result=000026BC err=0 name=(null) file=\\?\UNC\psf\Home\Documents\mxd\BeiDou-Server\clien\Data\Character\Accessory\01122013.img
2026-08-28 08:26:04.109 [seq=3444] [tid=8696] MapViewOfFile mapping=000026BC result=6AFC0000 err=0 access=0x00000004 offset=0:0 bytes=0
2026-08-28 08:26:04.199 [seq=3445] [tid=8696] CreateFileMappingA input=00002710 result=00002718 err=0 name=(null) file=\\?\UNC\psf\Home\Documents\mxd\BeiDou-Server\clien\Data\Character\Cap\01002140.img
2026-08-28 08:26:04.202 [seq=3446] [tid=8696] MapViewOfFile mapping=00002718 result=6AFC0000 err=0 access=0x00000004 offset=0:0 bytes=0
2026-08-28 08:26:04.223 [seq=3447] [tid=8696] CreateFileMappingA input=00002708 result=0000271C err=0 name=(null) file=\\?\UNC\psf\Home\Documents\mxd\BeiDou-Server\clien\Data\Character\TamingMob\01912000.img
2026-08-28 08:26:04.225 [seq=3448] [tid=8696] MapViewOfFile mapping=0000271C result=6AFD0000 err=0 access=0x00000004 offset=0:0 bytes=0
2026-08-28 08:26:04.242 [seq=3449] [tid=8696] CreateFileMappingA input=000026F8 result=000026D4 err=0 name=(null) file=\\?\UNC\psf\Home\Documents\mxd\BeiDou-Server\clien\Data\Character\TamingMob\01902000.img
2026-08-28 08:26:04.244 [seq=3450] [tid=8696] MapViewOfFile mapping=000026D4 result=6AFF0000 err=0 access=0x00000004 offset=0:0 bytes=0
2026-08-28 08:26:04.257 [seq=3451] [tid=8696] CreateFileMappingA input=00002600 result=000026BC err=0 name=(null) file=\\?\UNC\psf\Home\Documents\mxd\BeiDou-Server\clien\Data\Character\TamingMob\01902001.img
2026-08-28 08:26:04.259 [seq=3452] [tid=8696] MapViewOfFile mapping=000026BC result=6B000000 err=0 access=0x00000004 offset=0:0 bytes=0
2026-08-28 08:26:04.275 [seq=3453] [tid=8696] CreateFileMappingA input=00002720 result=00002724 err=0 name=(null) file=\\?\UNC\psf\Home\Documents\mxd\BeiDou-Server\clien\Data\Character\TamingMob\01902002.img
2026-08-28 08:26:04.277 [seq=3454] [tid=8696] MapViewOfFile mapping=00002724 result=6B010000 err=0 access=0x00000004 offset=0:0 bytes=0
2026-08-28 08:26:04.402 [seq=3455] [tid=4800] event=health cpu_core_pct=78.9 working_set_mb=541 commit_mb=409 handles=2498 gdi=123 user=22 window=hung last_resource="(none)" resource_offset=0 resource_bytes=0 resource_age_ms=0
2026-08-28 08:26:04.786 [seq=3456] [tid=8696] CreateFileMappingA input=00002738 result=0000273C err=0 name=(null) file=\\?\UNC\psf\Home\Documents\mxd\BeiDou-Server\clien\Data\Character\Accessory\01122059.img
2026-08-28 08:26:04.811 [seq=3457] [tid=8696] MapViewOfFile mapping=0000273C result=6B040000 err=0 access=0x00000004 offset=0:0 bytes=0
2026-08-28 08:26:04.864 [seq=3458] [tid=8696] CreateFileMappingA input=00002738 result=0000273C err=0 name=(null) file=\\?\UNC\psf\Home\Documents\mxd\BeiDou-Server\clien\Data\Character\Accessory\01142001.img
2026-08-28 08:26:04.867 [seq=3459] [tid=8696] MapViewOfFile mapping=0000273C result=6B040000 err=0 access=0x00000004 offset=0:0 bytes=0
2026-08-28 08:26:04.893 [seq=3460] [tid=8696] CreateFileMappingA input=00002750 result=00002748 err=0 name=(null) file=\\?\UNC\psf\Home\Documents\mxd\BeiDou-Server\clien\Data\Character\Accessory\01142002.img
2026-08-28 08:26:04.898 [seq=3461] [tid=8696] MapViewOfFile mapping=00002748 result=6B040000 err=0 access=0x00000004 offset=0:0 bytes=0
2026-08-28 08:26:04.924 [seq=3462] [tid=8696] CreateFileMappingA input=00002728 result=00002740 err=0 name=(null) file=\\?\UNC\psf\Home\Documents\mxd\BeiDou-Server\clien\Data\Character\Accessory\01142003.img
2026-08-28 08:26:04.927 [seq=3463] [tid=8696] MapViewOfFile mapping=00002740 result=6B040000 err=0 access=0x00000004 offset=0:0 bytes=0
2026-08-28 08:26:04.973 [seq=3464] [tid=8696] CreateFileMappingA input=00002750 result=00002748 err=0 name=(null) file=\\?\UNC\psf\Home\Documents\mxd\BeiDou-Server\clien\Data\Character\Accessory\01142000.img
2026-08-28 08:26:04.987 [seq=3465] [tid=8696] MapViewOfFile mapping=00002748 result=6B040000 err=0 access=0x00000004 offset=0:0 bytes=0
2026-08-28 08:26:05.027 [seq=3466] [tid=8696] CreateFileMappingA input=00002738 result=0000274C err=0 name=(null) file=\\?\UNC\psf\Home\Documents\mxd\BeiDou-Server\clien\Data\Character\Accessory\01142122.img
2026-08-28 08:26:05.034 [seq=3467] [tid=8696] MapViewOfFile mapping=0000274C result=6B040000 err=0 access=0x00000004 offset=0:0 bytes=0
2026-08-28 08:26:05.167 [seq=3468] [tid=8696] event=resource_open status=ok handle=00002754 error=0 access=0x00000004 disposition=4 path="BeiDouSetItemCompat.log"
2026-08-28 08:26:05.172 [seq=3469] [tid=8696] event=resource_open status=ok handle=0000273C error=0 access=0x00000004 disposition=4 path="BeiDouSetItemCompat.log"
2026-08-28 08:26:05.179 [seq=3470] [tid=8696] event=resource_open status=ok handle=00002758 error=0 access=0x00000004 disposition=4 path="BeiDouSetItemCompat.log"
2026-08-28 08:26:05.183 [seq=3471] [tid=8696] event=resource_open status=ok handle=00002754 error=0 access=0x00000004 disposition=4 path="BeiDouSetItemCompat.log"
2026-08-28 08:26:05.206 [seq=3472] [tid=8696] event=resource_open status=ok handle=00002750 error=0 access=0x00000004 disposition=4 path="BeiDouSetItemCompat.log"
2026-08-28 08:26:05.248 [seq=3473] [tid=8696] CreateFileMappingA input=0000274C result=00002738 err=0 name=(null) file=\\?\UNC\psf\Home\Documents\mxd\BeiDou-Server\clien\Data\Item\Consume\0200.img
2026-08-28 08:26:05.251 [seq=3474] [tid=8696] MapViewOfFile mapping=00002738 result=6B040000 err=0 access=0x00000004 offset=0:0 bytes=0
2026-08-28 08:26:05.262 [seq=3475] [tid=8696] CreateFileMappingA input=00002728 result=00002740 err=0 name=(null) file=\\?\UNC\psf\Home\Documents\mxd\BeiDou-Server\clien\Data\UI\CashShop.img
2026-08-28 08:26:05.265 [seq=3476] [tid=8696] MapViewOfFile mapping=00002740 result=6B060000 err=0 access=0x00000004 offset=0:0 bytes=0
2026-08-28 08:26:05.287 [seq=3477] [tid=8696] CreateFileMappingA input=00002744 result=00002758 err=0 name=(null) file=\\?\UNC\psf\Home\Documents\mxd\BeiDou-Server\clien\Data\Item\Consume\0202.img
2026-08-28 08:26:05.290 [seq=3478] [tid=8696] MapViewOfFile mapping=00002758 result=6B180000 err=0 access=0x00000004 offset=0:0 bytes=0
2026-08-28 08:26:05.324 [seq=3479] [tid=8696] CreateFileMappingA input=00002754 result=0000273C err=0 name=(null) file=\\?\UNC\psf\Home\Documents\mxd\BeiDou-Server\clien\Data\Item\Consume\0205.img
2026-08-28 08:26:05.326 [seq=3480] [tid=8696] MapViewOfFile mapping=0000273C result=6B260000 err=0 access=0x00000004 offset=0:0 bytes=0
2026-08-28 08:26:05.612 [seq=3481] [tid=8696] CreateFileMappingA input=00002750 result=00002688 err=0 name=(null) file=\\?\UNC\psf\Home\Documents\mxd\BeiDou-Server\clien\Data\Npc\3003107.img
2026-08-28 08:26:05.615 [seq=3482] [tid=8696] MapViewOfFile mapping=00002688 result=5FF80000 err=0 access=0x00000004 offset=0:0 bytes=0
2026-08-28 08:26:05.651 [seq=3483] [tid=8696] CreateFileMappingA input=0000272C result=0000268C err=0 name=(null) file=\\?\UNC\psf\Home\Documents\mxd\BeiDou-Server\clien\Data\Npc\9001105.img
2026-08-28 08:26:05.654 [seq=3484] [tid=8696] MapViewOfFile mapping=0000268C result=5FFC0000 err=0 access=0x00000004 offset=0:0 bytes=0
2026-08-28 08:26:05.752 [seq=3485] [tid=4800] event=health cpu_core_pct=70.1 working_set_mb=549 commit_mb=415 handles=2506 gdi=128 user=23 window=responsive last_resource="(none)" resource_offset=0 resource_bytes=0 resource_age_ms=0
2026-08-28 08:26:05.853 [seq=3486] [tid=8696] event=resource_open status=ok handle=00002680 error=0 access=0x00000004 disposition=4 path="EquipSlotDiagnostic.log"
2026-08-28 08:26:06.277 [seq=3487] [tid=8696] event=resource_open status=ok handle=0000275C error=0 access=0x00000004 disposition=4 path="EquipSlotDiagnostic.log"
2026-08-28 08:26:06.352 [seq=3488] [tid=8696] event=resource_open status=ok handle=00002748 error=0 access=0x00000004 disposition=4 path="EquipSlotDiagnostic.log"
2026-08-28 08:26:06.381 [seq=3489] [tid=8696] event=resource_open status=ok handle=00002760 error=0 access=0x00000004 disposition=4 path="EquipSlotDiagnostic.log"
2026-08-28 08:26:06.408 [seq=3490] [tid=8696] event=resource_open status=ok handle=00002760 error=0 access=0x00000004 disposition=4 path="EquipSlotDiagnostic.log"
2026-08-28 08:26:06.524 [seq=3491] [tid=8696] event=resource_open status=ok handle=00002680 error=0 access=0x00000004 disposition=4 path="EquipSlotDiagnostic.log"
2026-08-28 08:26:06.549 [seq=3492] [tid=8696] event=resource_open status=ok handle=00002680 error=0 access=0x00000004 disposition=4 path="EquipSlotDiagnostic.log"
2026-08-28 08:26:06.579 [seq=3493] [tid=8696] event=resource_open status=ok handle=00002764 error=0 access=0x00000004 disposition=4 path="EquipSlotDiagnostic.log"
2026-08-28 08:26:06.609 [seq=3494] [tid=8696] event=resource_open status=ok handle=00002704 error=0 access=0x00000004 disposition=4 path="EquipSlotDiagnostic.log"
2026-08-28 08:26:06.628 [seq=3495] [tid=8696] event=resource_open status=ok handle=00002704 error=0 access=0x00000004 disposition=4 path="EquipSlotDiagnostic.log"
2026-08-28 08:26:06.661 [seq=3496] [tid=8696] event=resource_open status=ok handle=00002704 error=0 access=0x00000004 disposition=4 path="EquipSlotDiagnostic.log"
2026-08-28 08:26:06.687 [seq=3497] [tid=8696] event=resource_open status=ok handle=00002704 error=0 access=0x00000004 disposition=4 path="EquipSlotDiagnostic.log"
2026-08-28 08:26:06.713 [seq=3498] [tid=8696] event=resource_open status=ok handle=00002704 error=0 access=0x00000004 disposition=4 path="EquipSlotDiagnostic.log"
2026-08-28 08:26:06.741 [seq=3499] [tid=8696] event=resource_open status=ok handle=00002764 error=0 access=0x00000004 disposition=4 path="EquipSlotDiagnostic.log"
2026-08-28 08:26:06.791 [seq=3500] [tid=8696] event=resource_open status=ok handle=00002704 error=0 access=0x00000004 disposition=4 path="EquipSlotDiagnostic.log"
2026-08-28 08:26:06.839 [seq=3501] [tid=8696] event=resource_open status=ok handle=00002764 error=0 access=0x00000004 disposition=4 path="EquipSlotDiagnostic.log"
2026-08-28 08:26:06.875 [seq=3502] [tid=8696] event=resource_open status=ok handle=00002680 error=0 access=0x00000004 disposition=4 path="EquipSlotDiagnostic.log"
2026-08-28 08:26:06.898 [seq=3503] [tid=8696] event=resource_open status=ok handle=00002680 error=0 access=0x00000004 disposition=4 path="EquipSlotDiagnostic.log"
2026-08-28 08:26:06.923 [seq=3504] [tid=8696] event=resource_open status=ok handle=00002764 error=0 access=0x00000004 disposition=4 path="EquipSlotDiagnostic.log"
2026-08-28 08:26:06.951 [seq=3505] [tid=8696] event=resource_open status=ok handle=00002704 error=0 access=0x00000004 disposition=4 path="EquipSlotDiagnostic.log"
2026-08-28 08:26:06.975 [seq=3506] [tid=8696] event=resource_open status=ok handle=00002704 error=0 access=0x00000004 disposition=4 path="EquipSlotDiagnostic.log"
2026-08-28 08:26:07.000 [seq=3507] [tid=8696] event=resource_open status=ok handle=00002764 error=0 access=0x00000004 disposition=4 path="EquipSlotDiagnostic.log"
2026-08-28 08:26:07.037 [seq=3508] [tid=8696] event=resource_open status=ok handle=0000275C error=0 access=0x00000004 disposition=4 path="EquipSlotDiagnostic.log"
2026-08-28 08:26:07.058 [seq=3509] [tid=8696] event=resource_open status=ok handle=00002760 error=0 access=0x00000004 disposition=4 path="EquipSlotDiagnostic.log"
2026-08-28 08:26:07.102 [seq=3510] [tid=8696] event=resource_open status=ok handle=00002760 error=0 access=0x00000004 disposition=4 path="EquipSlotDiagnostic.log"
2026-08-28 08:26:07.130 [seq=3511] [tid=8696] event=resource_open status=ok handle=00002760 error=0 access=0x00000004 disposition=4 path="EquipSlotDiagnostic.log"
2026-08-28 08:26:07.156 [seq=3512] [tid=8696] event=resource_open status=ok handle=00002760 error=0 access=0x00000004 disposition=4 path="EquipSlotDiagnostic.log"
2026-08-28 08:26:07.176 [seq=3513] [tid=8696] event=resource_open status=ok handle=0000275C error=0 access=0x00000004 disposition=4 path="EquipSlotDiagnostic.log"
2026-08-28 08:26:07.197 [seq=3514] [tid=8696] event=resource_open status=ok handle=0000275C error=0 access=0x00000004 disposition=4 path="EquipSlotDiagnostic.log"
2026-08-28 08:26:07.216 [seq=3515] [tid=8696] event=resource_open status=ok handle=0000275C error=0 access=0x00000004 disposition=4 path="EquipSlotDiagnostic.log"
2026-08-28 08:26:07.242 [seq=3516] [tid=8696] event=resource_open status=ok handle=0000275C error=0 access=0x00000004 disposition=4 path="EquipSlotDiagnostic.log"
2026-08-28 08:26:07.261 [seq=3517] [tid=8696] event=resource_open status=ok handle=00002670 error=0 access=0x00000004 disposition=4 path="EquipSlotDiagnostic.log"
2026-08-28 08:26:07.902 [seq=3518] [tid=4800] event=health cpu_core_pct=89.0 working_set_mb=573 commit_mb=440 handles=2505 gdi=130 user=22 window=responsive last_resource="(none)" resource_offset=0 resource_bytes=0 resource_age_ms=0
2026-08-28 08:26:08.892 [seq=3519] [tid=8696] CreateFileMappingA input=0000275C result=00002680 err=0 name=(null) file=\\?\UNC\psf\Home\Documents\mxd\BeiDou-Server\clien\Data\UI\ChatBalloon.img
2026-08-28 08:26:08.901 [seq=3520] [tid=8696] MapViewOfFile mapping=00002680 result=6C270000 err=0 access=0x00000004 offset=0:0 bytes=0
2026-08-28 08:26:08.992 [seq=3521] [tid=4800] event=health cpu_core_pct=90.0 working_set_mb=574 commit_mb=441 handles=2507 gdi=133 user=22 window=responsive last_resource="(none)" resource_offset=0 resource_bytes=0 resource_age_ms=0
2026-08-28 08:26:10.068 [seq=3522] [tid=4800] event=health cpu_core_pct=82.5 working_set_mb=575 commit_mb=442 handles=2507 gdi=133 user=22 window=responsive last_resource="(none)" resource_offset=0 resource_bytes=0 resource_age_ms=0
2026-08-28 08:26:11.119 [seq=3523] [tid=4800] event=health cpu_core_pct=100.0 working_set_mb=576 commit_mb=442 handles=2507 gdi=133 user=22 window=responsive last_resource="(none)" resource_offset=0 resource_bytes=0 resource_age_ms=0
2026-08-28 08:26:12.376 [seq=3524] [tid=4800] event=health cpu_core_pct=88.8 working_set_mb=581 commit_mb=448 handles=2507 gdi=134 user=22 window=responsive last_resource="(none)" resource_offset=0 resource_bytes=0 resource_age_ms=0
2026-08-28 08:26:13.382 [seq=3525] [tid=4800] event=health cpu_core_pct=93.7 working_set_mb=582 commit_mb=449 handles=2505 gdi=136 user=22 window=responsive last_resource="(none)" resource_offset=0 resource_bytes=0 resource_age_ms=0
2026-08-28 08:26:13.791 [seq=3526] [tid=8696] CreateFileMappingA input=00002670 result=00002764 err=0 name=(null) file=\\?\UNC\psf\Home\Documents\mxd\BeiDou-Server\clien\Data\Etc\RecommendSkill.img
2026-08-28 08:26:13.797 [seq=3527] [tid=8696] MapViewOfFile mapping=00002764 result=6C330000 err=0 access=0x00000004 offset=0:0 bytes=0
2026-08-28 08:26:14.415 [seq=3528] [tid=4800] event=health cpu_core_pct=80.3 working_set_mb=584 commit_mb=450 handles=2505 gdi=144 user=22 window=responsive last_resource="(none)" resource_offset=0 resource_bytes=0 resource_age_ms=0
2026-08-28 08:26:15.433 [seq=3529] [tid=4800] event=health cpu_core_pct=92.2 working_set_mb=585 commit_mb=451 handles=2505 gdi=149 user=22 window=responsive last_resource="(none)" resource_offset=0 resource_bytes=0 resource_age_ms=0
2026-08-28 08:26:15.608 [seq=3530] [tid=8696] event=resource_open status=ok handle=00002774 error=0 access=0x00000004 disposition=4 path="EquipSlotDiagnostic.log"
2026-08-28 08:26:16.561 [seq=3531] [tid=4800] event=health cpu_core_pct=95.8 working_set_mb=585 commit_mb=451 handles=2505 gdi=150 user=22 window=responsive last_resource="(none)" resource_offset=0 resource_bytes=0 resource_age_ms=0
2026-08-28 08:26:17.569 [seq=3532] [tid=4800] event=health cpu_core_pct=86.1 working_set_mb=585 commit_mb=451 handles=2505 gdi=150 user=22 window=responsive last_resource="(none)" resource_offset=0 resource_bytes=0 resource_age_ms=0
2026-08-28 08:26:18.573 [seq=3533] [tid=4800] event=health cpu_core_pct=82.8 working_set_mb=585 commit_mb=451 handles=2505 gdi=150 user=22 window=responsive last_resource="(none)" resource_offset=0 resource_bytes=0 resource_age_ms=0
2026-08-28 08:26:19.579 [seq=3534] [tid=4800] event=health cpu_core_pct=84.6 working_set_mb=585 commit_mb=451 handles=2505 gdi=150 user=22 window=responsive last_resource="(none)" resource_offset=0 resource_bytes=0 resource_age_ms=0
2026-08-28 08:26:20.634 [seq=3535] [tid=4800] event=health cpu_core_pct=92.5 working_set_mb=585 commit_mb=451 handles=2505 gdi=154 user=22 window=responsive last_resource="(none)" resource_offset=0 resource_bytes=0 resource_age_ms=0
2026-08-28 08:26:21.741 [seq=3536] [tid=4800] event=health cpu_core_pct=87.3 working_set_mb=585 commit_mb=451 handles=2505 gdi=155 user=22 window=responsive last_resource="(none)" resource_offset=0 resource_bytes=0 resource_age_ms=0
2026-08-28 08:26:22.983 [seq=3537] [tid=4800] event=health cpu_core_pct=90.0 working_set_mb=585 commit_mb=451 handles=2505 gdi=155 user=22 window=responsive last_resource="(none)" resource_offset=0 resource_bytes=0 resource_age_ms=0
2026-08-28 08:26:24.003 [seq=3538] [tid=4800] event=health cpu_core_pct=92.2 working_set_mb=585 commit_mb=451 handles=2505 gdi=157 user=22 window=responsive last_resource="(none)" resource_offset=0 resource_bytes=0 resource_age_ms=0
2026-08-28 08:26:25.100 [seq=3539] [tid=4800] event=health cpu_core_pct=84.2 working_set_mb=585 commit_mb=451 handles=2505 gdi=157 user=22 window=responsive last_resource="(none)" resource_offset=0 resource_bytes=0 resource_age_ms=0
2026-08-28 08:26:26.332 [seq=3540] [tid=4800] event=health cpu_core_pct=98.7 working_set_mb=585 commit_mb=451 handles=2505 gdi=157 user=22 window=responsive last_resource="(none)" resource_offset=0 resource_bytes=0 resource_age_ms=0
2026-08-28 08:26:27.346 [seq=3541] [tid=4800] event=health cpu_core_pct=85.9 working_set_mb=585 commit_mb=451 handles=2505 gdi=157 user=22 window=responsive last_resource="(none)" resource_offset=0 resource_bytes=0 resource_age_ms=0
2026-08-28 08:26:28.368 [seq=3542] [tid=4800] event=health cpu_core_pct=86.1 working_set_mb=585 commit_mb=451 handles=2505 gdi=157 user=22 window=responsive last_resource="(none)" resource_offset=0 resource_bytes=0 resource_age_ms=0
2026-08-28 08:26:29.377 [seq=3543] [tid=4800] event=health cpu_core_pct=90.9 working_set_mb=585 commit_mb=451 handles=2503 gdi=158 user=22 window=responsive last_resource="(none)" resource_offset=0 resource_bytes=0 resource_age_ms=0
2026-08-28 08:26:30.384 [seq=3544] [tid=4800] event=health cpu_core_pct=90.6 working_set_mb=585 commit_mb=451 handles=2503 gdi=158 user=22 window=responsive last_resource="(none)" resource_offset=0 resource_bytes=0 resource_age_ms=0
2026-08-28 08:26:31.427 [seq=3545] [tid=4800] event=health cpu_core_pct=89.5 working_set_mb=583 commit_mb=450 handles=2503 gdi=158 user=22 window=responsive last_resource="(none)" resource_offset=0 resource_bytes=0 resource_age_ms=0
2026-08-28 08:26:32.463 [seq=3546] [tid=4800] event=health cpu_core_pct=92.4 working_set_mb=584 commit_mb=450 handles=2503 gdi=158 user=22 window=responsive last_resource="(none)" resource_offset=0 resource_bytes=0 resource_age_ms=0
2026-08-28 08:26:33.467 [seq=3547] [tid=4800] event=health cpu_core_pct=92.2 working_set_mb=584 commit_mb=450 handles=2503 gdi=158 user=22 window=responsive last_resource="(none)" resource_offset=0 resource_bytes=0 resource_age_ms=0
2026-08-28 08:26:34.580 [seq=3548] [tid=4800] event=health cpu_core_pct=88.7 working_set_mb=584 commit_mb=450 handles=2503 gdi=158 user=22 window=responsive last_resource="(none)" resource_offset=0 resource_bytes=0 resource_age_ms=0
2026-08-28 08:26:35.703 [seq=3549] [tid=4800] event=health cpu_core_pct=87.5 working_set_mb=584 commit_mb=451 handles=2502 gdi=159 user=22 window=responsive last_resource="(none)" resource_offset=0 resource_bytes=0 resource_age_ms=0
2026-08-28 08:26:36.149 [seq=3550] [tid=8696] CreateFileMappingA input=00002750 result=00002688 err=0 name=(null) file=\\?\UNC\psf\Home\Documents\mxd\BeiDou-Server\clien\Data\Npc\9900001.img
2026-08-28 08:26:36.157 [seq=3551] [tid=8696] MapViewOfFile mapping=00002688 result=6C4E0000 err=0 access=0x00000004 offset=0:0 bytes=0
2026-08-28 08:26:37.061 [seq=3552] [tid=4800] event=health cpu_core_pct=94.2 working_set_mb=585 commit_mb=451 handles=2503 gdi=187 user=22 window=responsive last_resource="(none)" resource_offset=0 resource_bytes=0 resource_age_ms=0
2026-08-28 08:26:38.113 [seq=3553] [tid=4800] event=health cpu_core_pct=86.6 working_set_mb=585 commit_mb=451 handles=2503 gdi=189 user=22 window=responsive last_resource="(none)" resource_offset=0 resource_bytes=0 resource_age_ms=0
2026-08-28 08:26:39.118 [seq=3554] [tid=4800] event=health cpu_core_pct=85.9 working_set_mb=585 commit_mb=451 handles=2503 gdi=189 user=22 window=responsive last_resource="(none)" resource_offset=0 resource_bytes=0 resource_age_ms=0
2026-08-28 08:26:40.172 [seq=3555] [tid=4800] event=health cpu_core_pct=76.4 working_set_mb=585 commit_mb=451 handles=2503 gdi=193 user=22 window=responsive last_resource="(none)" resource_offset=0 resource_bytes=0 resource_age_ms=0
2026-08-28 08:26:41.178 [seq=3556] [tid=4800] event=health cpu_core_pct=81.2 working_set_mb=586 commit_mb=451 handles=2503 gdi=193 user=22 window=responsive last_resource="(none)" resource_offset=0 resource_bytes=0 resource_age_ms=0
2026-08-28 08:26:42.189 [seq=3557] [tid=4800] event=health cpu_core_pct=98.4 working_set_mb=586 commit_mb=452 handles=2503 gdi=194 user=22 window=responsive last_resource="(none)" resource_offset=0 resource_bytes=0 resource_age_ms=0
2026-08-28 08:26:42.536 [seq=3558] [tid=8696] CreateFileMappingA input=0000248C result=000026A0 err=0 name=(null) file=\\?\UNC\psf\Home\Documents\mxd\BeiDou-Server\clien\Data\Map\Map\Map2\240040700.img
2026-08-28 08:26:42.548 [seq=3559] [tid=8696] MapViewOfFile mapping=000026A0 result=6C560000 err=0 access=0x00000004 offset=0:0 bytes=0
2026-08-28 08:26:42.606 [seq=3560] [tid=8696] CreateFileMappingA input=00002790 result=00002704 err=0 name=(null) file=\\?\UNC\psf\Home\Documents\mxd\BeiDou-Server\clien\Data\Map\Obj\dungeon3.img
2026-08-28 08:26:42.609 [seq=3561] [tid=8696] MapViewOfFile mapping=00002704 result=6C570000 err=0 access=0x00000004 offset=0:0 bytes=0
2026-08-28 08:26:42.707 [seq=3562] [tid=8696] CreateFileMappingA input=00002784 result=0000277C err=0 name=(null) file=\\?\UNC\psf\Home\Documents\mxd\BeiDou-Server\clien\Data\Map\Back\dragonValley.img
2026-08-28 08:26:42.709 [seq=3563] [tid=8696] MapViewOfFile mapping=0000277C result=6CE30000 err=0 access=0x00000004 offset=0:0 bytes=0
2026-08-28 08:26:42.822 [seq=3564] [tid=8696] CreateFileMappingA input=000027A0 result=000027A4 err=0 name=(null) file=\\?\UNC\psf\Home\Documents\mxd\BeiDou-Server\clien\Data\Npc\2081005.img
2026-08-28 08:26:42.825 [seq=3565] [tid=8696] MapViewOfFile mapping=000027A4 result=6DFF0000 err=0 access=0x00000004 offset=0:0 bytes=0
2026-08-28 08:26:42.841 [seq=3566] [tid=8696] CreateFileMappingA input=00002794 result=00002798 err=0 name=(null) file=\\?\UNC\psf\Home\Documents\mxd\BeiDou-Server\clien\Data\Npc\2081006.img
2026-08-28 08:26:42.846 [seq=3567] [tid=8696] MapViewOfFile mapping=00002798 result=6E000000 err=0 access=0x00000004 offset=0:0 bytes=0
2026-08-28 08:26:42.876 [seq=3568] [tid=8696] CreateFileMappingA input=000026A4 result=000025F4 err=0 name=(null) file=\\?\UNC\psf\Home\Documents\mxd\BeiDou-Server\clien\Data\Sound\Bgm14.img
2026-08-28 08:26:42.883 [seq=3569] [tid=8696] MapViewOfFile mapping=000025F4 result=6E0D0000 err=0 access=0x00000004 offset=0:0 bytes=0
2026-08-28 08:26:43.252 [seq=3570] [tid=4800] event=health cpu_core_pct=82.3 working_set_mb=591 commit_mb=459 handles=2366 gdi=195 user=22 window=responsive last_resource="(none)" resource_offset=0 resource_bytes=0 resource_age_ms=0
2026-08-28 08:26:44.470 [seq=3571] [tid=4800] event=health cpu_core_pct=92.2 working_set_mb=594 commit_mb=468 handles=2209 gdi=195 user=22 window=responsive last_resource="(none)" resource_offset=0 resource_bytes=0 resource_age_ms=0
2026-08-28 08:26:45.486 [seq=3572] [tid=4800] event=health cpu_core_pct=84.6 working_set_mb=594 commit_mb=468 handles=2209 gdi=195 user=22 window=responsive last_resource="(none)" resource_offset=0 resource_bytes=0 resource_age_ms=0
2026-08-28 08:26:46.012 [seq=3573] [tid=8696] CreateFileMappingA input=00000C6C result=00000C70 err=0 name=(null) file=\\?\UNC\psf\Home\Documents\mxd\BeiDou-Server\clien\Data\Sound\Skill.img
2026-08-28 08:26:46.016 [seq=3574] [tid=8696] MapViewOfFile mapping=00000C70 result=18AE0000 err=0 access=0x00000004 offset=0:0 bytes=0
2026-08-28 08:26:46.033 [seq=3575] [tid=8696] CreateFileMappingA input=00000D5C result=00000D60 err=0 name=(null) file=\\?\C:\Users\lizixian\AppData\Local\Temp\SNDcaf3.tmp
2026-08-28 08:26:46.036 [seq=3576] [tid=8696] MapViewOfFile mapping=00000D60 result=0FEC0000 err=0 access=0x000f001f offset=0:0 bytes=0
2026-08-28 08:26:46.527 [seq=3577] [tid=4800] event=health cpu_core_pct=72.6 working_set_mb=596 commit_mb=468 handles=2214 gdi=195 user=22 window=responsive last_resource="(none)" resource_offset=0 resource_bytes=0 resource_age_ms=0
2026-08-28 08:26:47.408 [seq=3578] [tid=8696] event=resource_open status=ok handle=00000D3C error=0 access=0x00000004 disposition=4 path="EquipSlotDiagnostic.log"
2026-08-28 08:26:47.712 [seq=3579] [tid=4800] event=health cpu_core_pct=81.6 working_set_mb=597 commit_mb=470 handles=2215 gdi=195 user=22 window=responsive last_resource="(none)" resource_offset=0 resource_bytes=0 resource_age_ms=0
2026-08-28 08:26:48.259 [seq=3580] [tid=8696] event=resource_open status=ok handle=00000D3C error=0 access=0x00000004 disposition=4 path="EquipSlotDiagnostic.log"
2026-08-28 08:26:49.240 [seq=3581] [tid=4800] event=health cpu_core_pct=111.5 working_set_mb=597 commit_mb=470 handles=2213 gdi=195 user=22 window=responsive last_resource="(none)" resource_offset=0 resource_bytes=0 resource_age_ms=0
2026-08-28 08:26:50.490 [seq=3582] [tid=4800] event=health cpu_core_pct=82.7 working_set_mb=597 commit_mb=470 handles=2212 gdi=195 user=22 window=responsive last_resource="(none)" resource_offset=0 resource_bytes=0 resource_age_ms=0
2026-08-28 08:26:52.006 [seq=3583] [tid=4800] event=health cpu_core_pct=94.9 working_set_mb=597 commit_mb=470 handles=2212 gdi=195 user=22 window=responsive last_resource="(none)" resource_offset=0 resource_bytes=0 resource_age_ms=0
2026-08-28 08:26:52.864 [seq=3584] [tid=8696] event=resource_open status=ok handle=00000D44 error=0 access=0x00000004 disposition=4 path="EquipSlotDiagnostic.log"
2026-08-28 08:26:53.154 [seq=3585] [tid=8696] event=resource_open status=ok handle=00000CA0 error=0 access=0x00000004 disposition=4 path="EquipSlotDiagnostic.log"
2026-08-28 08:26:53.439 [seq=3586] [tid=4800] event=health cpu_core_pct=91.2 working_set_mb=598 commit_mb=470 handles=2210 gdi=199 user=22 window=responsive last_resource="(none)" resource_offset=0 resource_bytes=0 resource_age_ms=0
2026-08-28 08:26:53.894 [seq=3587] [tid=8696] event=resource_open status=ok handle=000027A0 error=0 access=0x00000004 disposition=4 path="EquipSlotDiagnostic.log"
2026-08-28 08:26:54.854 [seq=3588] [tid=4800] event=health cpu_core_pct=90.0 working_set_mb=598 commit_mb=471 handles=2210 gdi=199 user=22 window=responsive last_resource="(none)" resource_offset=0 resource_bytes=0 resource_age_ms=0
2026-08-28 08:26:56.212 [seq=3589] [tid=4800] event=health cpu_core_pct=91.9 working_set_mb=598 commit_mb=471 handles=2210 gdi=200 user=22 window=responsive last_resource="(none)" resource_offset=0 resource_bytes=0 resource_age_ms=0
2026-08-28 08:26:57.285 [seq=3590] [tid=8696] CreateFileMappingA input=00000D44 result=00000D3C err=0 name=(null) file=\\?\UNC\psf\Home\Documents\mxd\BeiDou-Server\clien\Data\Map\Map\Map2\240050000.img
2026-08-28 08:26:57.291 [seq=3591] [tid=8696] MapViewOfFile mapping=00000D3C result=13E40000 err=0 access=0x00000004 offset=0:0 bytes=0
2026-08-28 08:26:57.327 [seq=3592] [tid=4800] event=health cpu_core_pct=84.7 working_set_mb=598 commit_mb=471 handles=2214 gdi=200 user=22 window=responsive last_resource="(none)" resource_offset=0 resource_bytes=0 resource_age_ms=0
2026-08-28 08:26:57.727 [seq=3593] [tid=8696] CreateFileMappingA input=00002798 result=00000D38 err=0 name=(null) file=\\?\UNC\psf\Home\Documents\mxd\BeiDou-Server\clien\Data\Map\Back\woodCave.img
2026-08-28 08:26:57.729 [seq=3594] [tid=8696] MapViewOfFile mapping=00000D38 result=18D70000 err=0 access=0x00000004 offset=0:0 bytes=0
2026-08-28 08:26:57.953 [seq=3595] [tid=8696] CreateFileMappingA input=00000D34 result=00002794 err=0 name=(null) file=\\?\UNC\psf\Home\Documents\mxd\BeiDou-Server\clien\Data\Npc\2083000.img
2026-08-28 08:26:57.957 [seq=3596] [tid=8696] MapViewOfFile mapping=00002794 result=178E0000 err=0 access=0x00000004 offset=0:0 bytes=0
2026-08-28 08:26:57.974 [seq=3597] [tid=8696] CreateFileMappingA input=00000CCC result=00000CF4 err=0 name=(null) file=\\?\UNC\psf\Home\Documents\mxd\BeiDou-Server\clien\Data\Npc\2083001.img
2026-08-28 08:26:57.979 [seq=3598] [tid=8696] MapViewOfFile mapping=00000CF4 result=14FB0000 err=0 access=0x00000004 offset=0:0 bytes=0
2026-08-28 08:26:58.383 [seq=3599] [tid=4800] event=health cpu_core_pct=102.9 working_set_mb=617 commit_mb=493 handles=1995 gdi=201 user=22 window=responsive last_resource="(none)" resource_offset=0 resource_bytes=0 resource_age_ms=0
2026-08-28 08:26:59.643 [seq=3600] [tid=4800] event=health cpu_core_pct=92.5 working_set_mb=625 commit_mb=501 handles=1994 gdi=201 user=22 window=responsive last_resource="(none)" resource_offset=0 resource_bytes=0 resource_age_ms=0
2026-08-28 08:27:00.680 [seq=3601] [tid=4800] event=health cpu_core_pct=83.5 working_set_mb=630 commit_mb=506 handles=1996 gdi=201 user=22 window=responsive last_resource="(none)" resource_offset=0 resource_bytes=0 resource_age_ms=0
2026-08-28 08:27:01.724 [seq=3602] [tid=4800] event=health cpu_core_pct=80.5 working_set_mb=635 commit_mb=511 handles=1995 gdi=201 user=22 window=responsive last_resource="(none)" resource_offset=0 resource_bytes=0 resource_age_ms=0
2026-08-28 08:27:02.729 [seq=3603] [tid=4800] event=health cpu_core_pct=68.7 working_set_mb=637 commit_mb=514 handles=1994 gdi=201 user=22 window=responsive last_resource="(none)" resource_offset=0 resource_bytes=0 resource_age_ms=0
2026-08-28 08:27:03.735 [seq=3604] [tid=4800] event=health cpu_core_pct=70.8 working_set_mb=638 commit_mb=514 handles=1994 gdi=201 user=22 window=responsive last_resource="(none)" resource_offset=0 resource_bytes=0 resource_age_ms=0
2026-08-28 08:27:04.750 [seq=3605] [tid=4800] event=health cpu_core_pct=79.9 working_set_mb=638 commit_mb=514 handles=1995 gdi=201 user=22 window=responsive last_resource="(none)" resource_offset=0 resource_bytes=0 resource_age_ms=0
2026-08-28 08:27:05.758 [seq=3606] [tid=4800] event=health cpu_core_pct=70.3 working_set_mb=638 commit_mb=514 handles=1994 gdi=201 user=22 window=responsive last_resource="(none)" resource_offset=0 resource_bytes=0 resource_age_ms=0
2026-08-28 08:27:06.774 [seq=3607] [tid=4800] event=health cpu_core_pct=79.9 working_set_mb=638 commit_mb=514 handles=1995 gdi=201 user=22 window=responsive last_resource="(none)" resource_offset=0 resource_bytes=0 resource_age_ms=0
2026-08-28 08:27:07.783 [seq=3608] [tid=4800] event=health cpu_core_pct=70.8 working_set_mb=640 commit_mb=516 handles=1992 gdi=201 user=22 window=responsive last_resource="(none)" resource_offset=0 resource_bytes=0 resource_age_ms=0
2026-08-28 08:27:08.037 [seq=3609] [tid=8696] CreateFileMappingA input=000010D4 result=000010C4 err=0 name=(null) file=\\?\UNC\psf\Home\Documents\mxd\BeiDou-Server\clien\Data\Item\Etc\0400.img
2026-08-28 08:27:08.040 [seq=3610] [tid=8696] MapViewOfFile mapping=000010C4 result=178E0000 err=0 access=0x00000004 offset=0:0 bytes=0
2026-08-28 08:27:08.083 [seq=3611] [tid=8696] CreateFileMappingA input=000010D0 result=00000D34 err=0 name=(null) file=\\?\UNC\psf\Home\Documents\mxd\BeiDou-Server\clien\Data\Map\Map\Map2\240050400.img
2026-08-28 08:27:08.086 [seq=3612] [tid=8696] MapViewOfFile mapping=00000D34 result=14FB0000 err=0 access=0x00000004 offset=0:0 bytes=0
2026-08-28 08:27:09.021 [seq=3613] [tid=4800] event=health cpu_core_pct=87.2 working_set_mb=643 commit_mb=518 handles=1996 gdi=194 user=22 window=responsive last_resource="(none)" resource_offset=0 resource_bytes=0 resource_age_ms=0
2026-08-28 08:27:10.028 [seq=3614] [tid=4800] event=health cpu_core_pct=67.1 working_set_mb=643 commit_mb=518 handles=1996 gdi=194 user=22 window=responsive last_resource="(none)" resource_offset=0 resource_bytes=0 resource_age_ms=0
2026-08-28 08:27:10.959 [seq=3615] [tid=8696] CreateFileMappingA input=00001094 result=0000104C err=0 name=(null) file=\\?\UNC\psf\Home\Documents\mxd\BeiDou-Server\clien\Data\Map\Obj\connect.img
2026-08-28 08:27:10.969 [seq=3616] [tid=8696] MapViewOfFile mapping=0000104C result=17A30000 err=0 access=0x00000004 offset=0:0 bytes=0
2026-08-28 08:27:11.039 [seq=3617] [tid=8696] CreateFileMappingA input=000010B8 result=00001020 err=0 name=(null) file=\\?\UNC\psf\Home\Documents\mxd\BeiDou-Server\clien\Data\Npc\2083002.img
2026-08-28 08:27:11.042 [seq=3618] [tid=8696] MapViewOfFile mapping=00001020 result=19FC0000 err=0 access=0x00000004 offset=0:0 bytes=0
2026-08-28 08:27:11.052 [seq=3619] [tid=8696] CreateFileMappingA input=00002794 result=000010C8 err=0 name=(null) file=\\?\UNC\psf\Home\Documents\mxd\BeiDou-Server\clien\Data\Npc\2083004.img
2026-08-28 08:27:11.055 [seq=3620] [tid=8696] MapViewOfFile mapping=000010C8 result=19FF0000 err=0 access=0x00000004 offset=0:0 bytes=0
2026-08-28 08:27:11.064 [seq=3621] [tid=8696] CreateFileMappingA input=00001068 result=00001064 err=0 name=(null) file=\\?\UNC\psf\Home\Documents\mxd\BeiDou-Server\clien\Data\Npc\2083005.img
2026-08-28 08:27:11.067 [seq=3622] [tid=8696] MapViewOfFile mapping=00001064 result=1A000000 err=0 access=0x00000004 offset=0:0 bytes=0
2026-08-28 08:27:11.106 [seq=3623] [tid=4800] event=health cpu_core_pct=81.4 working_set_mb=643 commit_mb=518 handles=2004 gdi=194 user=22 window=responsive last_resource="(none)" resource_offset=0 resource_bytes=0 resource_age_ms=0
2026-08-28 08:27:11.280 [seq=3624] [tid=8696] event=resource_open status=ok handle=000012C0 error=0 access=0x00000004 disposition=4 path="EquipSlotDiagnostic.log"
2026-08-28 08:27:12.270 [seq=3625] [tid=4800] event=health cpu_core_pct=89.1 working_set_mb=641 commit_mb=520 handles=1856 gdi=194 user=22 window=responsive last_resource="(none)" resource_offset=0 resource_bytes=0 resource_age_ms=0
2026-08-28 08:27:13.280 [seq=3626] [tid=4800] event=health cpu_core_pct=64.6 working_set_mb=642 commit_mb=521 handles=1856 gdi=194 user=22 window=responsive last_resource="(none)" resource_offset=0 resource_bytes=0 resource_age_ms=0
2026-08-28 08:27:14.298 [seq=3627] [tid=4800] event=health cpu_core_pct=79.9 working_set_mb=642 commit_mb=521 handles=1857 gdi=194 user=22 window=responsive last_resource="(none)" resource_offset=0 resource_bytes=0 resource_age_ms=0
2026-08-28 08:27:15.326 [seq=3628] [tid=4800] event=health cpu_core_pct=75.3 working_set_mb=642 commit_mb=521 handles=1858 gdi=194 user=22 window=responsive last_resource="(none)" resource_offset=0 resource_bytes=0 resource_age_ms=0
2026-08-28 08:27:16.333 [seq=3629] [tid=4800] event=health cpu_core_pct=64.6 working_set_mb=642 commit_mb=521 handles=1856 gdi=194 user=22 window=responsive last_resource="(none)" resource_offset=0 resource_bytes=0 resource_age_ms=0
2026-08-28 08:27:17.343 [seq=3630] [tid=4800] event=health cpu_core_pct=75.3 working_set_mb=643 commit_mb=522 handles=1856 gdi=195 user=22 window=responsive last_resource="(none)" resource_offset=0 resource_bytes=0 resource_age_ms=0
2026-08-28 08:27:18.350 [seq=3631] [tid=4800] event=health cpu_core_pct=75.0 working_set_mb=643 commit_mb=522 handles=1856 gdi=198 user=22 window=responsive last_resource="(none)" resource_offset=0 resource_bytes=0 resource_age_ms=0
2026-08-28 08:27:19.356 [seq=3632] [tid=4800] event=health cpu_core_pct=76.9 working_set_mb=643 commit_mb=522 handles=1856 gdi=198 user=22 window=responsive last_resource="(none)" resource_offset=0 resource_bytes=0 resource_age_ms=0
2026-08-28 08:27:19.995 [seq=3633] [tid=8696] CreateFileMappingA input=00001068 result=00001064 err=0 name=(null) file=\\?\UNC\psf\Home\Documents\mxd\BeiDou-Server\clien\Data\Map\Obj\etc.img
2026-08-28 08:27:19.997 [seq=3634] [tid=8696] MapViewOfFile mapping=00001064 result=1A000000 err=0 access=0x00000004 offset=0:0 bytes=0
2026-08-28 08:27:20.404 [seq=3635] [tid=4800] event=health cpu_core_pct=75.7 working_set_mb=643 commit_mb=522 handles=1858 gdi=201 user=22 window=responsive last_resource="(none)" resource_offset=0 resource_bytes=0 resource_age_ms=0
2026-08-28 08:27:21.480 [seq=3636] [tid=4800] event=health cpu_core_pct=69.5 working_set_mb=643 commit_mb=522 handles=1858 gdi=201 user=22 window=responsive last_resource="(none)" resource_offset=0 resource_bytes=0 resource_age_ms=0
2026-08-28 08:27:22.590 [seq=3637] [tid=4800] event=health cpu_core_pct=74.6 working_set_mb=643 commit_mb=522 handles=1858 gdi=201 user=22 window=responsive last_resource="(none)" resource_offset=0 resource_bytes=0 resource_age_ms=0
2026-08-28 08:27:23.602 [seq=3638] [tid=4800] event=health cpu_core_pct=61.5 working_set_mb=643 commit_mb=522 handles=1859 gdi=201 user=22 window=responsive last_resource="(none)" resource_offset=0 resource_bytes=0 resource_age_ms=0
2026-08-28 08:27:24.609 [seq=3639] [tid=4800] event=health cpu_core_pct=73.8 working_set_mb=643 commit_mb=522 handles=1858 gdi=201 user=22 window=responsive last_resource="(none)" resource_offset=0 resource_bytes=0 resource_age_ms=0
2026-08-28 08:27:25.618 [seq=3640] [tid=4800] event=health cpu_core_pct=62.5 working_set_mb=643 commit_mb=522 handles=1858 gdi=201 user=22 window=responsive last_resource="(none)" resource_offset=0 resource_bytes=0 resource_age_ms=0
2026-08-28 08:27:26.624 [seq=3641] [tid=4800] event=health cpu_core_pct=61.5 working_set_mb=643 commit_mb=522 handles=1859 gdi=201 user=22 window=responsive last_resource="(none)" resource_offset=0 resource_bytes=0 resource_age_ms=0
2026-08-28 08:27:27.638 [seq=3642] [tid=4800] event=health cpu_core_pct=71.8 working_set_mb=643 commit_mb=522 handles=1858 gdi=203 user=22 window=responsive last_resource="(none)" resource_offset=0 resource_bytes=0 resource_age_ms=0
2026-08-28 08:27:28.019 [seq=3643] [tid=8696] CreateFileMappingA input=0000129C result=0000124C err=0 name=(null) file=\\?\UNC\psf\Home\Documents\mxd\BeiDou-Server\clien\Data\Map\Map\Map2\240060000.img
2026-08-28 08:27:28.023 [seq=3644] [tid=8696] MapViewOfFile mapping=0000124C result=1A060000 err=0 access=0x00000004 offset=0:0 bytes=0
2026-08-28 08:27:28.122 [seq=3645] [tid=8696] CreateFileMappingA input=000012C0 result=00001294 err=0 name=(null) file=\\?\UNC\psf\Home\Documents\mxd\BeiDou-Server\clien\Data\Map\Obj\trap.img
2026-08-28 08:27:28.124 [seq=3646] [tid=8696] MapViewOfFile mapping=00001294 result=1A070000 err=0 access=0x00000004 offset=0:0 bytes=0
2026-08-28 08:27:28.219 [seq=3647] [tid=8696] CreateFileMappingA input=000010B8 result=000011B4 err=0 name=(null) file=\\?\UNC\psf\Home\Documents\mxd\BeiDou-Server\clien\Data\Reactor\2408003.img
2026-08-28 08:27:28.222 [seq=3648] [tid=8696] MapViewOfFile mapping=000011B4 result=1A270000 err=0 access=0x00000004 offset=0:0 bytes=0
2026-08-28 08:27:28.235 [seq=3649] [tid=8696] CreateFileMappingA input=00001304 result=00001020 err=0 name=(null) file=\\?\UNC\psf\Home\Documents\mxd\BeiDou-Server\clien\Data\Reactor\9201000.img
2026-08-28 08:27:28.240 [seq=3650] [tid=8696] MapViewOfFile mapping=00001020 result=1A270000 err=0 access=0x00000004 offset=0:0 bytes=0
2026-08-28 08:27:28.653 [seq=3651] [tid=8696] CreateFileMappingA input=000015D0 result=00001574 err=0 name=(null) file=\\?\UNC\psf\Home\Documents\mxd\BeiDou-Server\clien\Data\Mob\8810000.img
2026-08-28 08:27:28.659 [seq=3652] [tid=8696] MapViewOfFile mapping=00001574 result=1A280000 err=0 access=0x00000004 offset=0:0 bytes=0
2026-08-28 08:27:28.719 [seq=3653] [tid=4800] event=health cpu_core_pct=85.5 working_set_mb=639 commit_mb=524 handles=1668 gdi=197 user=22 window=responsive last_resource="(none)" resource_offset=0 resource_bytes=0 resource_age_ms=0
2026-08-28 08:27:29.988 [seq=3654] [tid=4800] event=health cpu_core_pct=98.7 working_set_mb=647 commit_mb=530 handles=1668 gdi=197 user=22 window=responsive last_resource="(none)" resource_offset=0 resource_bytes=0 resource_age_ms=0
2026-08-28 08:27:30.226 [seq=3655] [tid=8696] CreateFileMappingA input=000015B8 result=000015D4 err=0 name=(null) file=\\?\UNC\psf\Home\Documents\mxd\BeiDou-Server\clien\Data\Sound\Mob.img
2026-08-28 08:27:30.231 [seq=3656] [tid=8696] MapViewOfFile mapping=000015D4 result=7C420000 err=0 access=0x00000004 offset=0:0 bytes=0
2026-08-28 08:27:31.042 [seq=3657] [tid=4800] event=health cpu_core_pct=71.1 working_set_mb=661 commit_mb=540 handles=1671 gdi=197 user=22 window=responsive last_resource="(none)" resource_offset=0 resource_bytes=0 resource_age_ms=0
2026-08-28 08:27:32.070 [seq=3658] [tid=4800] event=health cpu_core_pct=68.6 working_set_mb=663 commit_mb=543 handles=1670 gdi=197 user=22 window=responsive last_resource="(none)" resource_offset=0 resource_bytes=0 resource_age_ms=0
2026-08-28 08:27:33.081 [seq=3659] [tid=4800] event=health cpu_core_pct=81.5 working_set_mb=681 commit_mb=559 handles=1670 gdi=197 user=22 window=responsive last_resource="(none)" resource_offset=0 resource_bytes=0 resource_age_ms=0
2026-08-28 08:27:34.101 [seq=3660] [tid=4800] event=health cpu_core_pct=73.4 working_set_mb=684 commit_mb=562 handles=1670 gdi=197 user=22 window=responsive last_resource="(none)" resource_offset=0 resource_bytes=0 resource_age_ms=0
2026-08-28 08:27:35.127 [seq=3661] [tid=4800] event=health cpu_core_pct=66.6 working_set_mb=687 commit_mb=565 handles=1670 gdi=197 user=22 window=responsive last_resource="(none)" resource_offset=0 resource_bytes=0 resource_age_ms=0
2026-08-28 08:27:36.133 [seq=3662] [tid=4800] event=health cpu_core_pct=89.1 working_set_mb=692 commit_mb=571 handles=1670 gdi=197 user=22 window=responsive last_resource="(none)" resource_offset=0 resource_bytes=0 resource_age_ms=0
2026-08-28 08:27:37.140 [seq=3663] [tid=4800] event=health cpu_core_pct=81.5 working_set_mb=693 commit_mb=572 handles=1670 gdi=197 user=22 window=responsive last_resource="(none)" resource_offset=0 resource_bytes=0 resource_age_ms=0
2026-08-28 08:27:38.154 [seq=3664] [tid=4800] event=health cpu_core_pct=70.3 working_set_mb=693 commit_mb=572 handles=1671 gdi=197 user=22 window=responsive last_resource="(none)" resource_offset=0 resource_bytes=0 resource_age_ms=0
2026-08-28 08:27:39.320 [seq=3665] [tid=4800] event=health cpu_core_pct=86.6 working_set_mb=693 commit_mb=572 handles=1670 gdi=197 user=22 window=responsive last_resource="(none)" resource_offset=0 resource_bytes=0 resource_age_ms=0
2026-08-28 08:27:40.386 [seq=3666] [tid=4800] event=health cpu_core_pct=73.5 working_set_mb=694 commit_mb=573 handles=1671 gdi=197 user=22 window=responsive last_resource="(none)" resource_offset=0 resource_bytes=0 resource_age_ms=0
2026-08-28 08:27:41.410 [seq=3667] [tid=4800] event=health cpu_core_pct=74.2 working_set_mb=698 commit_mb=576 handles=1670 gdi=197 user=22 window=responsive last_resource="(none)" resource_offset=0 resource_bytes=0 resource_age_ms=0
2026-08-28 08:27:42.439 [seq=3668] [tid=4800] event=health cpu_core_pct=81.7 working_set_mb=723 commit_mb=600 handles=1670 gdi=197 user=22 window=responsive last_resource="(none)" resource_offset=0 resource_bytes=0 resource_age_ms=0
2026-08-28 08:27:42.476 [seq=3669] [tid=8696] CreateFileMappingA input=00001608 result=000015C0 err=0 name=(null) file=\\?\UNC\psf\Home\Documents\mxd\BeiDou-Server\clien\Data\Sound\Weapon.img
2026-08-28 08:27:42.481 [seq=3670] [tid=8696] MapViewOfFile mapping=000015C0 result=1A870000 err=0 access=0x00000004 offset=0:0 bytes=0
2026-08-28 08:27:42.498 [seq=3671] [tid=8696] CreateFileMappingA input=000015B4 result=0000159C err=0 name=(null) file=\\?\UNC\psf\Home\Documents\mxd\BeiDou-Server\clien\Data\Character\Afterimage\swordOL.img
2026-08-28 08:27:42.502 [seq=3672] [tid=8696] MapViewOfFile mapping=0000159C result=1A880000 err=0 access=0x00000004 offset=0:0 bytes=0
2026-08-28 08:27:43.526 [seq=3673] [tid=4800] event=health cpu_core_pct=85.5 working_set_mb=738 commit_mb=615 handles=1675 gdi=198 user=22 window=responsive last_resource="(none)" resource_offset=0 resource_bytes=0 resource_age_ms=0
2026-08-28 08:27:44.575 [seq=3674] [tid=4800] event=health cpu_core_pct=62.6 working_set_mb=739 commit_mb=615 handles=1674 gdi=198 user=22 window=responsive last_resource="(none)" resource_offset=0 resource_bytes=0 resource_age_ms=0
2026-08-28 08:27:45.607 [seq=3675] [tid=4800] event=health cpu_core_pct=75.7 working_set_mb=739 commit_mb=616 handles=1674 gdi=198 user=22 window=responsive last_resource="(none)" resource_offset=0 resource_bytes=0 resource_age_ms=0
2026-08-28 08:27:46.128 [seq=3676] [tid=8696] CreateFileMappingA input=000015F4 result=0000158C err=0 name=(null) file=\\?\UNC\psf\Home\Documents\mxd\BeiDou-Server\clien\Data\Map\Effect.img
2026-08-28 08:27:46.130 [seq=3677] [tid=8696] MapViewOfFile mapping=0000158C result=82FC0000 err=0 access=0x00000004 offset=0:0 bytes=0
2026-08-28 08:27:46.175 [seq=3678] [tid=8696] CreateFileMappingA input=00001578 result=0000153C err=0 name=(null) file=\\?\UNC\psf\Home\Documents\mxd\BeiDou-Server\clien\Data\Sound\Field.img
2026-08-28 08:27:46.178 [seq=3679] [tid=8696] MapViewOfFile mapping=0000153C result=1A8E0000 err=0 access=0x00000004 offset=0:0 bytes=0
2026-08-28 08:27:46.674 [seq=3680] [tid=4800] event=health cpu_core_pct=72.4 working_set_mb=747 commit_mb=623 handles=1679 gdi=198 user=22 window=responsive last_resource="(none)" resource_offset=0 resource_bytes=0 resource_age_ms=0
2026-08-28 08:27:47.683 [seq=3681] [tid=4800] event=health cpu_core_pct=79.6 working_set_mb=770 commit_mb=645 handles=1679 gdi=198 user=22 window=responsive last_resource="(none)" resource_offset=0 resource_bytes=0 resource_age_ms=0
2026-08-28 08:27:48.692 [seq=3682] [tid=4800] event=health cpu_core_pct=73.8 working_set_mb=772 commit_mb=647 handles=1679 gdi=198 user=22 window=responsive last_resource="(none)" resource_offset=0 resource_bytes=0 resource_age_ms=0
2026-08-28 08:27:49.971 [seq=3683] [tid=4800] event=health cpu_core_pct=80.2 working_set_mb=774 commit_mb=649 handles=1678 gdi=198 user=22 window=responsive last_resource="(none)" resource_offset=0 resource_bytes=0 resource_age_ms=0
2026-08-28 08:27:50.977 [seq=3684] [tid=4800] event=health cpu_core_pct=87.6 working_set_mb=776 commit_mb=650 handles=1678 gdi=198 user=22 window=responsive last_resource="(none)" resource_offset=0 resource_bytes=0 resource_age_ms=0
2026-08-28 08:27:51.981 [seq=3685] [tid=4800] event=health cpu_core_pct=66.1 working_set_mb=777 commit_mb=652 handles=1678 gdi=198 user=22 window=responsive last_resource="(none)" resource_offset=0 resource_bytes=0 resource_age_ms=0
2026-08-28 08:27:52.986 [seq=3686] [tid=4800] event=health cpu_core_pct=50.0 working_set_mb=777 commit_mb=652 handles=1678 gdi=198 user=22 window=responsive last_resource="(none)" resource_offset=0 resource_bytes=0 resource_age_ms=0
2026-08-28 08:27:53.994 [seq=3687] [tid=4800] event=health cpu_core_pct=85.9 working_set_mb=778 commit_mb=653 handles=1679 gdi=198 user=22 window=responsive last_resource="(none)" resource_offset=0 resource_bytes=0 resource_age_ms=0
2026-08-28 08:27:54.516 [seq=3688] [tid=8696] CreateFileMappingA input=00001598 result=00001594 err=0 name=(null) file=\\?\UNC\psf\Home\Documents\mxd\BeiDou-Server\clien\Data\Map\Map\Map2\240060100.img
2026-08-28 08:27:54.519 [seq=3689] [tid=8696] MapViewOfFile mapping=00001594 result=12F90000 err=0 access=0x00000004 offset=0:0 bytes=0
2026-08-28 08:27:55.085 [seq=3690] [tid=4800] event=health cpu_core_pct=92.8 working_set_mb=778 commit_mb=653 handles=1679 gdi=190 user=22 window=responsive last_resource="(none)" resource_offset=0 resource_bytes=0 resource_age_ms=0
2026-08-28 08:27:55.500 [seq=3691] [tid=8696] CreateFileMappingA input=000016F4 result=00001710 err=0 name=(null) file=\\?\UNC\psf\Home\Documents\mxd\BeiDou-Server\clien\Data\Mob\8810001.img
2026-08-28 08:27:55.504 [seq=3692] [tid=8696] MapViewOfFile mapping=00001710 result=1CE10000 err=0 access=0x00000004 offset=0:0 bytes=0
2026-08-28 08:27:56.272 [seq=3693] [tid=4800] event=health cpu_core_pct=89.4 working_set_mb=784 commit_mb=659 handles=1677 gdi=190 user=21 window=responsive last_resource="(none)" resource_offset=0 resource_bytes=0 resource_age_ms=0
2026-08-28 08:27:57.302 [seq=3694] [tid=4800] event=health cpu_core_pct=95.4 working_set_mb=825 commit_mb=699 handles=1676 gdi=190 user=21 window=responsive last_resource="(none)" resource_offset=0 resource_bytes=0 resource_age_ms=0
2026-08-28 08:27:58.357 [seq=3695] [tid=4800] event=health cpu_core_pct=86.8 working_set_mb=879 commit_mb=751 handles=1677 gdi=190 user=21 window=responsive last_resource="(none)" resource_offset=0 resource_bytes=0 resource_age_ms=0
2026-08-28 08:27:59.380 [seq=3696] [tid=4800] event=health cpu_core_pct=75.3 working_set_mb=903 commit_mb=776 handles=1676 gdi=190 user=21 window=responsive last_resource="(none)" resource_offset=0 resource_bytes=0 resource_age_ms=0
2026-08-28 08:28:00.393 [seq=3697] [tid=4800] event=health cpu_core_pct=72.2 working_set_mb=930 commit_mb=801 handles=1676 gdi=190 user=21 window=responsive last_resource="(none)" resource_offset=0 resource_bytes=0 resource_age_ms=0
2026-08-28 08:28:01.397 [seq=3698] [tid=4800] event=health cpu_core_pct=71.8 working_set_mb=937 commit_mb=808 handles=1676 gdi=190 user=21 window=responsive last_resource="(none)" resource_offset=0 resource_bytes=0 resource_age_ms=0
2026-08-28 08:28:02.400 [seq=3699] [tid=4800] event=health cpu_core_pct=54.6 working_set_mb=939 commit_mb=810 handles=1676 gdi=190 user=21 window=responsive last_resource="(none)" resource_offset=0 resource_bytes=0 resource_age_ms=0
2026-08-28 08:28:03.408 [seq=3700] [tid=4800] event=health cpu_core_pct=66.1 working_set_mb=942 commit_mb=813 handles=1676 gdi=190 user=21 window=responsive last_resource="(none)" resource_offset=0 resource_bytes=0 resource_age_ms=0
2026-08-28 08:28:04.412 [seq=3701] [tid=4800] event=health cpu_core_pct=54.6 working_set_mb=942 commit_mb=813 handles=1677 gdi=190 user=21 window=responsive last_resource="(none)" resource_offset=0 resource_bytes=0 resource_age_ms=0
2026-08-28 08:28:05.416 [seq=3702] [tid=4800] event=health cpu_core_pct=70.3 working_set_mb=963 commit_mb=832 handles=1676 gdi=190 user=21 window=responsive last_resource="(none)" resource_offset=0 resource_bytes=0 resource_age_ms=0
2026-08-28 08:28:06.703 [seq=3703] [tid=4800] event=health cpu_core_pct=74.6 working_set_mb=967 commit_mb=836 handles=1676 gdi=190 user=21 window=responsive last_resource="(none)" resource_offset=0 resource_bytes=0 resource_age_ms=0
2026-08-28 08:28:07.722 [seq=3704] [tid=4800] event=health cpu_core_pct=75.3 working_set_mb=975 commit_mb=845 handles=1676 gdi=190 user=21 window=responsive last_resource="(none)" resource_offset=0 resource_bytes=0 resource_age_ms=0
2026-08-28 08:28:08.745 [seq=3705] [tid=4800] event=health cpu_core_pct=64.6 working_set_mb=980 commit_mb=850 handles=1676 gdi=190 user=21 window=responsive last_resource="(none)" resource_offset=0 resource_bytes=0 resource_age_ms=0
2026-08-28 08:28:09.785 [seq=3706] [tid=4800] event=health cpu_core_pct=59.6 working_set_mb=981 commit_mb=850 handles=1676 gdi=190 user=21 window=responsive last_resource="(none)" resource_offset=0 resource_bytes=0 resource_age_ms=0
2026-08-28 08:28:10.826 [seq=3707] [tid=4800] event=health cpu_core_pct=77.6 working_set_mb=982 commit_mb=851 handles=1677 gdi=190 user=21 window=responsive last_resource="(none)" resource_offset=0 resource_bytes=0 resource_age_ms=0
2026-08-28 08:28:11.831 [seq=3708] [tid=4800] event=health cpu_core_pct=73.4 working_set_mb=1006 commit_mb=874 handles=1677 gdi=190 user=21 window=responsive last_resource="(none)" resource_offset=0 resource_bytes=0 resource_age_ms=0
2026-08-28 08:28:12.837 [seq=3709] [tid=4800] event=health cpu_core_pct=73.4 working_set_mb=1007 commit_mb=876 handles=1677 gdi=190 user=21 window=responsive last_resource="(none)" resource_offset=0 resource_bytes=0 resource_age_ms=0
2026-08-28 08:28:13.841 [seq=3710] [tid=4800] event=health cpu_core_pct=66.1 working_set_mb=1007 commit_mb=876 handles=1676 gdi=190 user=21 window=responsive last_resource="(none)" resource_offset=0 resource_bytes=0 resource_age_ms=0
2026-08-28 08:28:14.847 [seq=3711] [tid=4800] event=health cpu_core_pct=60.9 working_set_mb=1007 commit_mb=876 handles=1676 gdi=190 user=21 window=responsive last_resource="(none)" resource_offset=0 resource_bytes=0 resource_age_ms=0
2026-08-28 08:28:15.969 [seq=3712] [tid=4800] event=health cpu_core_pct=84.7 working_set_mb=1007 commit_mb=876 handles=1676 gdi=190 user=21 window=responsive last_resource="(none)" resource_offset=0 resource_bytes=0 resource_age_ms=0
2026-08-28 08:28:17.012 [seq=3713] [tid=4800] event=health cpu_core_pct=72.7 working_set_mb=1007 commit_mb=876 handles=1676 gdi=190 user=21 window=responsive last_resource="(none)" resource_offset=0 resource_bytes=0 resource_age_ms=0
2026-08-28 08:28:18.027 [seq=3714] [tid=4800] event=health cpu_core_pct=81.5 working_set_mb=1008 commit_mb=876 handles=1676 gdi=190 user=21 window=responsive last_resource="(none)" resource_offset=0 resource_bytes=0 resource_age_ms=0
2026-08-28 08:28:19.037 [seq=3715] [tid=4800] event=health cpu_core_pct=61.5 working_set_mb=1008 commit_mb=876 handles=1676 gdi=190 user=21 window=responsive last_resource="(none)" resource_offset=0 resource_bytes=0 resource_age_ms=0
2026-08-28 08:28:20.046 [seq=3716] [tid=4800] event=health cpu_core_pct=70.3 working_set_mb=1008 commit_mb=876 handles=1676 gdi=190 user=21 window=responsive last_resource="(none)" resource_offset=0 resource_bytes=0 resource_age_ms=0
2026-08-28 08:28:21.051 [seq=3717] [tid=4800] event=health cpu_core_pct=69.2 working_set_mb=1008 commit_mb=876 handles=1676 gdi=190 user=21 window=responsive last_resource="(none)" resource_offset=0 resource_bytes=0 resource_age_ms=0
2026-08-28 08:28:22.066 [seq=3718] [tid=4800] event=health cpu_core_pct=79.6 working_set_mb=1008 commit_mb=876 handles=1677 gdi=190 user=21 window=responsive last_resource="(none)" resource_offset=0 resource_bytes=0 resource_age_ms=0
2026-08-28 08:28:22.206 [seq=3719] [tid=8696] CreateFileMappingA input=000015A4 result=000015D8 err=0 name=(null) file=\\?\UNC\psf\Home\Documents\mxd\BeiDou-Server\clien\Data\Map\Map\Map2\240060200.img
2026-08-28 08:28:22.208 [seq=3720] [tid=8696] MapViewOfFile mapping=000015D8 result=1AD50000 err=0 access=0x00000004 offset=0:0 bytes=0
2026-08-28 08:28:22.420 [seq=3721] [tid=8696] CreateFileMappingA input=000015E4 result=000015B0 err=0 name=(null) file=\\?\UNC\psf\Home\Documents\mxd\BeiDou-Server\clien\Data\Reactor\2401000.img
2026-08-28 08:28:22.422 [seq=3722] [tid=8696] MapViewOfFile mapping=000015B0 result=1E590000 err=0 access=0x00000004 offset=0:0 bytes=0
2026-08-28 08:28:23.303 [seq=3723] [tid=4800] event=health cpu_core_pct=98.7 working_set_mb=1017 commit_mb=884 handles=1677 gdi=190 user=21 window=responsive last_resource="(none)" resource_offset=0 resource_bytes=0 resource_age_ms=0
2026-08-28 08:28:24.322 [seq=3724] [tid=4800] event=health cpu_core_pct=78.4 working_set_mb=1017 commit_mb=884 handles=1676 gdi=190 user=21 window=responsive last_resource="(none)" resource_offset=0 resource_bytes=0 resource_age_ms=0
2026-08-28 08:28:25.093 [seq=3725] [tid=8696] event=resource_open status=ok handle=000018F4 error=0 access=0x00000004 disposition=4 path="EquipSlotDiagnostic.log"
2026-08-28 08:28:25.367 [seq=3726] [tid=4800] event=health cpu_core_pct=79.1 working_set_mb=1020 commit_mb=886 handles=1678 gdi=190 user=21 window=responsive last_resource="(none)" resource_offset=0 resource_bytes=0 resource_age_ms=0
2026-08-28 08:28:26.390 [seq=3727] [tid=4800] event=health cpu_core_pct=79.9 working_set_mb=1023 commit_mb=890 handles=1677 gdi=190 user=21 window=responsive last_resource="(none)" resource_offset=0 resource_bytes=0 resource_age_ms=0
2026-08-28 08:28:27.395 [seq=3728] [tid=4800] event=health cpu_core_pct=66.1 working_set_mb=1024 commit_mb=891 handles=1676 gdi=190 user=21 window=responsive last_resource="(none)" resource_offset=0 resource_bytes=0 resource_age_ms=0
2026-08-28 08:28:28.405 [seq=3729] [tid=4800] event=health cpu_core_pct=68.7 working_set_mb=1024 commit_mb=891 handles=1676 gdi=190 user=21 window=responsive last_resource="(none)" resource_offset=0 resource_bytes=0 resource_age_ms=0
2026-08-28 08:28:29.420 [seq=3730] [tid=4800] event=health cpu_core_pct=75.7 working_set_mb=1024 commit_mb=891 handles=1676 gdi=190 user=21 window=responsive last_resource="(none)" resource_offset=0 resource_bytes=0 resource_age_ms=0
2026-08-28 08:28:30.453 [seq=3731] [tid=4800] event=health cpu_core_pct=74.2 working_set_mb=1024 commit_mb=891 handles=1676 gdi=190 user=21 window=responsive last_resource="(none)" resource_offset=0 resource_bytes=0 resource_age_ms=0
2026-08-28 08:28:31.520 [seq=3732] [tid=4800] event=health cpu_core_pct=76.4 working_set_mb=1024 commit_mb=891 handles=1676 gdi=190 user=21 window=responsive last_resource="(none)" resource_offset=0 resource_bytes=0 resource_age_ms=0
2026-08-28 08:28:32.562 [seq=3733] [tid=4800] event=health cpu_core_pct=91.0 working_set_mb=1024 commit_mb=891 handles=1678 gdi=190 user=21 window=responsive last_resource="(none)" resource_offset=0 resource_bytes=0 resource_age_ms=0
2026-08-28 08:28:33.906 [seq=3734] [tid=4800] event=health cpu_core_pct=88.0 working_set_mb=1028 commit_mb=894 handles=1676 gdi=155 user=21 window=responsive last_resource="(none)" resource_offset=0 resource_bytes=0 resource_age_ms=0
2026-08-28 08:28:34.917 [seq=3735] [tid=4800] event=health cpu_core_pct=95.5 working_set_mb=1028 commit_mb=894 handles=1676 gdi=155 user=21 window=responsive last_resource="(none)" resource_offset=0 resource_bytes=0 resource_age_ms=0
2026-08-28 08:28:35.937 [seq=3736] [tid=4800] event=health cpu_core_pct=66.6 working_set_mb=1028 commit_mb=894 handles=1676 gdi=155 user=21 window=responsive last_resource="(none)" resource_offset=0 resource_bytes=0 resource_age_ms=0
2026-08-28 08:28:36.952 [seq=3737] [tid=4800] event=health cpu_core_pct=71.8 working_set_mb=1028 commit_mb=894 handles=1676 gdi=155 user=21 window=responsive last_resource="(none)" resource_offset=0 resource_bytes=0 resource_age_ms=0
2026-08-28 08:28:37.957 [seq=3738] [tid=4800] event=health cpu_core_pct=76.9 working_set_mb=1028 commit_mb=894 handles=1676 gdi=155 user=21 window=responsive last_resource="(none)" resource_offset=0 resource_bytes=0 resource_age_ms=0
2026-08-28 08:28:38.962 [seq=3739] [tid=4800] event=health cpu_core_pct=68.7 working_set_mb=1028 commit_mb=894 handles=1676 gdi=155 user=21 window=responsive last_resource="(none)" resource_offset=0 resource_bytes=0 resource_age_ms=0
2026-08-28 08:28:39.998 [seq=3740] [tid=4800] event=health cpu_core_pct=83.3 working_set_mb=1028 commit_mb=894 handles=1677 gdi=155 user=21 window=responsive last_resource="(none)" resource_offset=0 resource_bytes=0 resource_age_ms=0
2026-08-28 08:28:41.023 [seq=3741] [tid=4800] event=health cpu_core_pct=81.7 working_set_mb=1028 commit_mb=894 handles=1676 gdi=155 user=21 window=responsive last_resource="(none)" resource_offset=0 resource_bytes=0 resource_age_ms=0
2026-08-28 08:28:41.789 [seq=3742] [tid=8696] CreateFileMappingA input=000015E8 result=000015BC err=0 name=(null) file=\\?\UNC\psf\Home\Documents\mxd\BeiDou-Server\clien\Data\Sound\Reactor.img
2026-08-28 08:28:41.797 [seq=3743] [tid=8696] MapViewOfFile mapping=000015BC result=1AD50000 err=0 access=0x00000004 offset=0:0 bytes=0
2026-08-28 08:28:42.048 [seq=3744] [tid=4800] event=health cpu_core_pct=76.9 working_set_mb=1028 commit_mb=894 handles=1679 gdi=155 user=21 window=responsive last_resource="(none)" resource_offset=0 resource_bytes=0 resource_age_ms=0
2026-08-28 08:28:43.219 [seq=3745] [tid=4800] event=health cpu_core_pct=90.6 working_set_mb=1028 commit_mb=894 handles=1678 gdi=155 user=21 window=responsive last_resource="(none)" resource_offset=0 resource_bytes=0 resource_age_ms=0
2026-08-28 08:28:44.234 [seq=3746] [tid=4800] event=health cpu_core_pct=74.2 working_set_mb=1028 commit_mb=894 handles=1678 gdi=155 user=21 window=responsive last_resource="(none)" resource_offset=0 resource_bytes=0 resource_age_ms=0
2026-08-28 08:28:45.248 [seq=3747] [tid=4800] event=health cpu_core_pct=79.6 working_set_mb=1028 commit_mb=894 handles=1679 gdi=155 user=21 window=responsive last_resource="(none)" resource_offset=0 resource_bytes=0 resource_age_ms=0
2026-08-28 08:28:45.629 [seq=3748] [tid=8696] CreateFileMappingA input=000018E0 result=000015EC err=0 name=(null) file=\\?\UNC\psf\Home\Documents\mxd\BeiDou-Server\clien\Data\Mob\8810026.img
2026-08-28 08:28:45.633 [seq=3749] [tid=8696] MapViewOfFile mapping=000015EC result=1E8D0000 err=0 access=0x00000004 offset=0:0 bytes=0
2026-08-28 08:28:45.672 [seq=3750] [tid=8696] CreateFileMappingA input=000015C4 result=000015DC err=0 name=(null) file=\\?\UNC\psf\Home\Documents\mxd\BeiDou-Server\clien\Data\Mob\8810002.img
2026-08-28 08:28:45.675 [seq=3751] [tid=8696] MapViewOfFile mapping=000015DC result=1EB80000 err=0 access=0x00000004 offset=0:0 bytes=0
2026-08-28 08:28:45.753 [seq=3752] [tid=8696] CreateFileMappingA input=000014FC result=000014D8 err=0 name=(null) file=\\?\UNC\psf\Home\Documents\mxd\BeiDou-Server\clien\Data\Mob\8810003.img
2026-08-28 08:28:45.756 [seq=3753] [tid=8696] MapViewOfFile mapping=000014D8 result=1EE20000 err=0 access=0x00000004 offset=0:0 bytes=0
2026-08-28 08:28:45.833 [seq=3754] [tid=8696] CreateFileMappingA input=000015CC result=0000157C err=0 name=(null) file=\\?\UNC\psf\Home\Documents\mxd\BeiDou-Server\clien\Data\Mob\8810004.img
2026-08-28 08:28:45.836 [seq=3755] [tid=8696] MapViewOfFile mapping=0000157C result=201F0000 err=0 access=0x00000004 offset=0:0 bytes=0
2026-08-28 08:28:45.930 [seq=3756] [tid=8696] CreateFileMappingA input=000015AC result=00001554 err=0 name=(null) file=\\?\UNC\psf\Home\Documents\mxd\BeiDou-Server\clien\Data\Mob\8810005.img
2026-08-28 08:28:45.933 [seq=3757] [tid=8696] MapViewOfFile mapping=00001554 result=20580000 err=0 access=0x00000004 offset=0:0 bytes=0
2026-08-28 08:28:45.990 [seq=3758] [tid=8696] CreateFileMappingA input=000015C8 result=00001794 err=0 name=(null) file=\\?\UNC\psf\Home\Documents\mxd\BeiDou-Server\clien\Data\Mob\8810006.img
2026-08-28 08:28:45.993 [seq=3759] [tid=8696] MapViewOfFile mapping=00001794 result=6F4A0000 err=0 access=0x00000004 offset=0:0 bytes=0
2026-08-28 08:28:46.056 [seq=3760] [tid=8696] CreateFileMappingA input=000015A4 result=00001590 err=0 name=(null) file=\\?\UNC\psf\Home\Documents\mxd\BeiDou-Server\clien\Data\Mob\8810007.img
2026-08-28 08:28:46.064 [seq=3761] [tid=8696] MapViewOfFile mapping=00001590 result=6F5F0000 err=0 access=0x00000004 offset=0:0 bytes=0
2026-08-28 08:28:46.152 [seq=3762] [tid=8696] CreateFileMappingA input=000014D4 result=00001900 err=0 name=(null) file=\\?\UNC\psf\Home\Documents\mxd\BeiDou-Server\clien\Data\Mob\8810008.img
2026-08-28 08:28:46.155 [seq=3763] [tid=8696] MapViewOfFile mapping=00001900 result=6F860000 err=0 access=0x00000004 offset=0:0 bytes=0
2026-08-28 08:28:46.191 [seq=3764] [tid=8696] CreateFileMappingA input=000015D8 result=00001890 err=0 name=(null) file=\\?\UNC\psf\Home\Documents\mxd\BeiDou-Server\clien\Data\Mob\8810009.img
2026-08-28 08:28:46.194 [seq=3765] [tid=8696] MapViewOfFile mapping=00001890 result=1AE00000 err=0 access=0x00000004 offset=0:0 bytes=0
2026-08-28 08:28:46.312 [seq=3766] [tid=4800] event=health cpu_core_pct=69.5 working_set_mb=1042 commit_mb=907 handles=1697 gdi=156 user=21 window=responsive last_resource="(none)" resource_offset=0 resource_bytes=0 resource_age_ms=0
2026-08-28 08:28:47.423 [seq=3767] [tid=4800] event=health cpu_core_pct=97.2 working_set_mb=1078 commit_mb=939 handles=1697 gdi=156 user=21 window=responsive last_resource="(none)" resource_offset=0 resource_bytes=0 resource_age_ms=0
2026-08-28 08:28:48.433 [seq=3768] [tid=4800] event=health cpu_core_pct=82.8 working_set_mb=1078 commit_mb=942 handles=1695 gdi=156 user=21 window=responsive last_resource="(none)" resource_offset=0 resource_bytes=0 resource_age_ms=0
2026-08-28 08:28:49.456 [seq=3769] [tid=4800] event=health cpu_core_pct=78.4 working_set_mb=1081 commit_mb=946 handles=1695 gdi=156 user=21 window=responsive last_resource="(none)" resource_offset=0 resource_bytes=0 resource_age_ms=0
2026-08-28 08:28:50.467 [seq=3770] [tid=4800] event=health cpu_core_pct=81.5 working_set_mb=1087 commit_mb=951 handles=1695 gdi=156 user=21 window=responsive last_resource="(none)" resource_offset=0 resource_bytes=0 resource_age_ms=0
2026-08-28 08:28:51.481 [seq=3771] [tid=4800] event=health cpu_core_pct=53.8 working_set_mb=1094 commit_mb=958 handles=1695 gdi=156 user=21 window=responsive last_resource="(none)" resource_offset=0 resource_bytes=0 resource_age_ms=0
2026-08-28 08:28:52.486 [seq=3772] [tid=4800] event=health cpu_core_pct=78.5 working_set_mb=1101 commit_mb=966 handles=1695 gdi=156 user=21 window=responsive last_resource="(none)" resource_offset=0 resource_bytes=0 resource_age_ms=0
2026-08-28 08:28:53.534 [seq=3773] [tid=4800] event=health cpu_core_pct=91.0 working_set_mb=1134 commit_mb=994 handles=1699 gdi=156 user=21 window=responsive last_resource="(none)" resource_offset=0 resource_bytes=0 resource_age_ms=0
2026-08-28 08:28:55.320 [seq=3774] [tid=4800] event=health cpu_core_pct=113.9 working_set_mb=1149 commit_mb=1009 handles=1700 gdi=156 user=21 window=responsive last_resource="(none)" resource_offset=0 resource_bytes=0 resource_age_ms=0
2026-08-28 08:28:56.397 [seq=3775] [tid=4800] event=health cpu_core_pct=82.6 working_set_mb=1165 commit_mb=1025 handles=1697 gdi=156 user=21 window=responsive last_resource="(none)" resource_offset=0 resource_bytes=0 resource_age_ms=0
2026-08-28 08:28:57.466 [seq=3776] [tid=4800] event=health cpu_core_pct=76.8 working_set_mb=1181 commit_mb=1040 handles=1696 gdi=157 user=21 window=responsive last_resource="(none)" resource_offset=0 resource_bytes=0 resource_age_ms=0
2026-08-28 08:28:58.545 [seq=3777] [tid=4800] event=health cpu_core_pct=85.5 working_set_mb=1206 commit_mb=1063 handles=1702 gdi=158 user=21 window=responsive last_resource="(none)" resource_offset=0 resource_bytes=0 resource_age_ms=0
2026-08-28 08:28:59.574 [seq=3778] [tid=4800] event=health cpu_core_pct=63.0 working_set_mb=1216 commit_mb=1074 handles=1701 gdi=158 user=21 window=responsive last_resource="(none)" resource_offset=0 resource_bytes=0 resource_age_ms=0
2026-08-28 08:29:00.581 [seq=3779] [tid=4800] event=health cpu_core_pct=70.8 working_set_mb=1226 commit_mb=1083 handles=1703 gdi=158 user=21 window=responsive last_resource="(none)" resource_offset=0 resource_bytes=0 resource_age_ms=0
2026-08-28 08:29:01.617 [seq=3780] [tid=4800] event=health cpu_core_pct=70.7 working_set_mb=1233 commit_mb=1091 handles=1699 gdi=160 user=21 window=responsive last_resource="(none)" resource_offset=0 resource_bytes=0 resource_age_ms=0
2026-08-28 08:29:01.737 [seq=3781] [tid=8696] CreateFileMappingA input=000015B0 result=0000171C err=0 name=(null) file=\\?\UNC\psf\Home\Documents\mxd\BeiDou-Server\clien\Data\Character\Weapon\01702701.img
2026-08-28 08:29:01.762 [seq=3782] [tid=8696] MapViewOfFile mapping=0000171C result=1E590000 err=0 access=0x00000004 offset=0:0 bytes=0
2026-08-28 08:29:01.802 [seq=3783] [tid=8696] CreateFileMappingA input=000014A4 result=0000154C err=0 name=(null) file=\\?\UNC\psf\Home\Documents\mxd\BeiDou-Server\clien\Data\Character\Ring\01118000.img
2026-08-28 08:29:01.806 [seq=3784] [tid=8696] MapViewOfFile mapping=0000154C result=1D590000 err=0 access=0x00000004 offset=0:0 bytes=0
2026-08-28 08:29:01.827 [seq=3785] [tid=8696] CreateFileMappingA input=00000D40 result=000015A8 err=0 name=(null) file=\\?\UNC\psf\Home\Documents\mxd\BeiDou-Server\clien\Data\Character\Weapon\01372017.img
2026-08-28 08:29:01.830 [seq=3786] [tid=8696] MapViewOfFile mapping=000015A8 result=1D5A0000 err=0 access=0x00000004 offset=0:0 bytes=0
2026-08-28 08:29:01.848 [seq=3787] [tid=8696] CreateFileMappingA input=000014A8 result=000015A0 err=0 name=(null) file=\\?\UNC\psf\Home\Documents\mxd\BeiDou-Server\clien\Data\Character\Weapon\01302039.img
2026-08-28 08:29:01.851 [seq=3788] [tid=8696] MapViewOfFile mapping=000015A0 result=1D5B0000 err=0 access=0x00000004 offset=0:0 bytes=0
2026-08-28 08:29:01.869 [seq=3789] [tid=8696] CreateFileMappingA input=00001620 result=000015F0 err=0 name=(null) file=\\?\UNC\psf\Home\Documents\mxd\BeiDou-Server\clien\Data\Character\Weapon\01472032.img
2026-08-28 08:29:01.872 [seq=3790] [tid=8696] MapViewOfFile mapping=000015F0 result=1E620000 err=0 access=0x00000004 offset=0:0 bytes=0
2026-08-28 08:29:02.655 [seq=3791] [tid=4800] event=health cpu_core_pct=79.0 working_set_mb=1235 commit_mb=1092 handles=1707 gdi=160 user=21 window=responsive last_resource="(none)" resource_offset=0 resource_bytes=0 resource_age_ms=0
2026-08-28 08:29:02.718 [seq=3792] [tid=8696] event=resource_open status=ok handle=00001584 error=0 access=0x00000004 disposition=4 path="BeiDouSetItemCompat.log"
2026-08-28 08:29:02.743 [seq=3793] [tid=8696] event=resource_open status=ok handle=00001584 error=0 access=0x00000004 disposition=4 path="BeiDouSetItemCompat.log"
2026-08-28 08:29:02.755 [seq=3794] [tid=8696] event=resource_open status=ok handle=00001584 error=0 access=0x00000004 disposition=4 path="BeiDouSetItemCompat.log"
2026-08-28 08:29:02.765 [seq=3795] [tid=8696] event=resource_open status=ok handle=0000147C error=0 access=0x00000004 disposition=4 path="BeiDouSetItemCompat.log"
2026-08-28 08:29:03.873 [seq=3796] [tid=4800] event=health cpu_core_pct=84.8 working_set_mb=1248 commit_mb=1104 handles=1709 gdi=165 user=21 window=responsive last_resource="(none)" resource_offset=0 resource_bytes=0 resource_age_ms=0
2026-08-28 08:29:04.391 [seq=3797] [tid=8696] CreateFileMappingA input=00001430 result=00001448 err=0 name=(null) file=\\?\UNC\psf\Home\Documents\mxd\BeiDou-Server\clien\Data\Item\Consume\0207.img
2026-08-28 08:29:04.393 [seq=3798] [tid=8696] MapViewOfFile mapping=00001448 result=1E680000 err=0 access=0x00000004 offset=0:0 bytes=0
2026-08-28 08:29:04.410 [seq=3799] [tid=8696] CreateFileMappingA input=00001604 result=000014B8 err=0 name=(null) file=\\?\UNC\psf\Home\Documents\mxd\BeiDou-Server\clien\Data\Item\Consume\0243.img
2026-08-28 08:29:04.412 [seq=3800] [tid=8696] MapViewOfFile mapping=000014B8 result=1E6A0000 err=0 access=0x00000004 offset=0:0 bytes=0
2026-08-28 08:29:04.900 [seq=3801] [tid=4800] event=health cpu_core_pct=86.1 working_set_mb=1254 commit_mb=1110 handles=1712 gdi=165 user=21 window=responsive last_resource="(none)" resource_offset=0 resource_bytes=0 resource_age_ms=0
2026-08-28 08:29:05.905 [seq=3802] [tid=4800] event=health cpu_core_pct=66.1 working_set_mb=1258 commit_mb=1114 handles=1714 gdi=165 user=21 window=responsive last_resource="(none)" resource_offset=0 resource_bytes=0 resource_age_ms=0
2026-08-28 08:29:06.910 [seq=3803] [tid=4800] event=health cpu_core_pct=65.6 working_set_mb=1264 commit_mb=1120 handles=1711 gdi=165 user=21 window=responsive last_resource="(none)" resource_offset=0 resource_bytes=0 resource_age_ms=0
2026-08-28 08:29:07.917 [seq=3804] [tid=4800] event=health cpu_core_pct=73.4 working_set_mb=1266 commit_mb=1122 handles=1709 gdi=165 user=21 window=responsive last_resource="(none)" resource_offset=0 resource_bytes=0 resource_age_ms=0
2026-08-28 08:29:08.181 [seq=3805] [tid=8696] event=resource_open status=ok handle=00001440 error=0 access=0x00000004 disposition=4 path="EquipSlotDiagnostic.log"
2026-08-28 08:29:08.974 [seq=3806] [tid=4800] event=health cpu_core_pct=73.4 working_set_mb=1270 commit_mb=1126 handles=1710 gdi=165 user=21 window=responsive last_resource="(none)" resource_offset=0 resource_bytes=0 resource_age_ms=0
2026-08-28 08:29:10.019 [seq=3807] [tid=4800] event=health cpu_core_pct=76.1 working_set_mb=1272 commit_mb=1128 handles=1710 gdi=165 user=21 window=responsive last_resource="(none)" resource_offset=0 resource_bytes=0 resource_age_ms=0
2026-08-28 08:29:11.099 [seq=3808] [tid=4800] event=health cpu_core_pct=79.7 working_set_mb=1277 commit_mb=1133 handles=1713 gdi=165 user=21 window=responsive last_resource="(none)" resource_offset=0 resource_bytes=0 resource_age_ms=0
2026-08-28 08:29:12.143 [seq=3809] [tid=4800] event=health cpu_core_pct=73.1 working_set_mb=1291 commit_mb=1146 handles=1712 gdi=165 user=21 window=responsive last_resource="(none)" resource_offset=0 resource_bytes=0 resource_age_ms=0
2026-08-28 08:29:12.465 [seq=3810] [tid=8696] CreateFileMappingA input=0000142C result=00001584 err=0 name=(null) file=\\?\UNC\psf\Home\Documents\mxd\BeiDou-Server\clien\Data\Mob\8810017.img
2026-08-28 08:29:12.469 [seq=3811] [tid=8696] MapViewOfFile mapping=00001584 result=1E6C0000 err=0 access=0x00000004 offset=0:0 bytes=0
2026-08-28 08:29:13.430 [seq=3812] [tid=4800] event=health cpu_core_pct=88.5 working_set_mb=1297 commit_mb=1152 handles=1712 gdi=165 user=21 window=responsive last_resource="(none)" resource_offset=0 resource_bytes=0 resource_age_ms=0
2026-08-28 08:29:14.268 [seq=3813] [tid=8696] CreateFileMappingA input=0000160C result=000015FC err=0 name=(null) file=\\?\UNC\psf\Home\Documents\mxd\BeiDou-Server\clien\Data\Mob\8810022.img
2026-08-28 08:29:14.271 [seq=3814] [tid=8696] MapViewOfFile mapping=000015FC result=1E6D0000 err=0 access=0x00000004 offset=0:0 bytes=0
2026-08-28 08:29:14.502 [seq=3815] [tid=4800] event=health cpu_core_pct=84.7 working_set_mb=1306 commit_mb=1161 handles=1715 gdi=165 user=21 window=responsive last_resource="(none)" resource_offset=0 resource_bytes=0 resource_age_ms=0
2026-08-28 08:29:15.581 [seq=3816] [tid=4800] event=health cpu_core_pct=65.6 working_set_mb=1309 commit_mb=1164 handles=1716 gdi=165 user=21 window=responsive last_resource="(none)" resource_offset=0 resource_bytes=0 resource_age_ms=0
2026-08-28 08:29:16.654 [seq=3817] [tid=4800] event=health cpu_core_pct=78.2 working_set_mb=1313 commit_mb=1168 handles=1717 gdi=165 user=21 window=responsive last_resource="(none)" resource_offset=0 resource_bytes=0 resource_age_ms=0
2026-08-28 08:29:17.773 [seq=3818] [tid=4800] event=health cpu_core_pct=78.8 working_set_mb=1314 commit_mb=1168 handles=1715 gdi=165 user=21 window=responsive last_resource="(none)" resource_offset=0 resource_bytes=0 resource_age_ms=0
2026-08-28 08:29:18.843 [seq=3819] [tid=4800] event=health cpu_core_pct=78.2 working_set_mb=1315 commit_mb=1170 handles=1714 gdi=165 user=21 window=responsive last_resource="(none)" resource_offset=0 resource_bytes=0 resource_age_ms=0
2026-08-28 08:29:19.906 [seq=3820] [tid=4800] event=health cpu_core_pct=80.5 working_set_mb=1315 commit_mb=1170 handles=1713 gdi=165 user=21 window=responsive last_resource="(none)" resource_offset=0 resource_bytes=0 resource_age_ms=0
2026-08-28 08:29:20.987 [seq=3821] [tid=4800] event=health cpu_core_pct=74.3 working_set_mb=1328 commit_mb=1182 handles=1715 gdi=165 user=21 window=responsive last_resource="(none)" resource_offset=0 resource_bytes=0 resource_age_ms=0
2026-08-28 08:29:22.032 [seq=3822] [tid=4800] event=health cpu_core_pct=77.6 working_set_mb=1336 commit_mb=1190 handles=1715 gdi=165 user=21 window=responsive last_resource="(none)" resource_offset=0 resource_bytes=0 resource_age_ms=0
2026-08-28 08:29:22.165 [seq=3823] [tid=8696] CreateFileMappingA input=00001558 result=00001530 err=0 name=(null) file=\\?\UNC\psf\Home\Documents\mxd\BeiDou-Server\clien\Data\Mob\8810014.img
2026-08-28 08:29:22.168 [seq=3824] [tid=8696] MapViewOfFile mapping=00001530 result=1E700000 err=0 access=0x00000004 offset=0:0 bytes=0
2026-08-28 08:29:23.226 [seq=3825] [tid=4800] event=health cpu_core_pct=86.8 working_set_mb=1348 commit_mb=1201 handles=1716 gdi=165 user=21 window=responsive last_resource="(none)" resource_offset=0 resource_bytes=0 resource_age_ms=0
2026-08-28 08:29:23.302 [seq=3826] [tid=8696] CreateFileMappingA input=00001484 result=00001528 err=0 name=(null) file=\\?\UNC\psf\Home\Documents\mxd\BeiDou-Server\clien\Data\Mob\8810016.img
2026-08-28 08:29:23.304 [seq=3827] [tid=8696] MapViewOfFile mapping=00001528 result=1E710000 err=0 access=0x00000004 offset=0:0 bytes=0
2026-08-28 08:29:24.302 [seq=3828] [tid=4800] event=health cpu_core_pct=65.2 working_set_mb=1353 commit_mb=1206 handles=1720 gdi=159 user=21 window=responsive last_resource="(none)" resource_offset=0 resource_bytes=0 resource_age_ms=0
2026-08-28 08:29:24.533 [seq=3829] [tid=8696] CreateFileMappingA input=00001588 result=00001518 err=0 name=(null) file=\\?\UNC\psf\Home\Documents\mxd\BeiDou-Server\clien\Data\Mob\8810020.img
2026-08-28 08:29:24.536 [seq=3830] [tid=8696] MapViewOfFile mapping=00001518 result=1E740000 err=0 access=0x00000004 offset=0:0 bytes=0
2026-08-28 08:29:25.396 [seq=3831] [tid=4800] event=health cpu_core_pct=84.2 working_set_mb=1356 commit_mb=1209 handles=1721 gdi=159 user=21 window=responsive last_resource="(none)" resource_offset=0 resource_bytes=0 resource_age_ms=0
2026-08-28 08:29:26.508 [seq=3832] [tid=4800] event=health cpu_core_pct=85.9 working_set_mb=1359 commit_mb=1212 handles=1722 gdi=159 user=21 window=responsive last_resource="(none)" resource_offset=0 resource_bytes=0 resource_age_ms=0
2026-08-28 08:29:27.594 [seq=3833] [tid=4800] event=health cpu_core_pct=69.9 working_set_mb=1360 commit_mb=1212 handles=1723 gdi=159 user=21 window=responsive last_resource="(none)" resource_offset=0 resource_bytes=0 resource_age_ms=0
2026-08-28 08:29:28.847 [seq=3834] [tid=4800] event=health cpu_core_pct=76.9 working_set_mb=1359 commit_mb=1212 handles=1721 gdi=159 user=21 window=responsive last_resource="(none)" resource_offset=0 resource_bytes=0 resource_age_ms=0
2026-08-28 08:29:29.958 [seq=3835] [tid=4800] event=health cpu_core_pct=77.7 working_set_mb=1368 commit_mb=1221 handles=1721 gdi=159 user=21 window=responsive last_resource="(none)" resource_offset=0 resource_bytes=0 resource_age_ms=0
2026-08-28 08:29:30.017 [seq=3836] [tid=8696] CreateFileMappingA input=00001618 result=0000143C err=0 name=(null) file=\\?\UNC\psf\Home\Documents\mxd\BeiDou-Server\clien\Data\Mob\8810015.img
2026-08-28 08:29:30.027 [seq=3837] [tid=8696] MapViewOfFile mapping=0000143C result=1E770000 err=0 access=0x00000004 offset=0:0 bytes=0
2026-08-28 08:29:30.209 [seq=3838] [tid=8696] CreateFileMappingA input=00001540 result=000018F4 err=0 name=(null) file=\\?\UNC\psf\Home\Documents\mxd\BeiDou-Server\clien\Data\Mob\8810013.img
2026-08-28 08:29:30.220 [seq=3839] [tid=8696] MapViewOfFile mapping=000018F4 result=13E40000 err=0 access=0x00000004 offset=0:0 bytes=0
2026-08-28 08:29:30.975 [seq=3840] [tid=4800] event=health cpu_core_pct=68.1 working_set_mb=1373 commit_mb=1226 handles=1724 gdi=159 user=21 window=responsive last_resource="(none)" resource_offset=0 resource_bytes=0 resource_age_ms=0
2026-08-28 08:29:31.987 [seq=3841] [tid=4800] event=health cpu_core_pct=71.8 working_set_mb=1373 commit_mb=1226 handles=1725 gdi=159 user=21 window=responsive last_resource="(none)" resource_offset=0 resource_bytes=0 resource_age_ms=0
2026-08-28 08:29:33.097 [seq=3842] [tid=4800] event=health cpu_core_pct=90.2 working_set_mb=1374 commit_mb=1226 handles=1726 gdi=159 user=21 window=responsive last_resource="(none)" resource_offset=0 resource_bytes=0 resource_age_ms=0
2026-08-28 08:29:34.170 [seq=3843] [tid=4800] event=health cpu_core_pct=88.0 working_set_mb=1373 commit_mb=1226 handles=1724 gdi=159 user=21 window=responsive last_resource="(none)" resource_offset=0 resource_bytes=0 resource_age_ms=0
2026-08-28 08:29:35.182 [seq=3844] [tid=4800] event=health cpu_core_pct=92.4 working_set_mb=1377 commit_mb=1229 handles=1723 gdi=159 user=21 window=responsive last_resource="(none)" resource_offset=0 resource_bytes=0 resource_age_ms=0
2026-08-28 08:29:36.192 [seq=3845] [tid=4800] event=health cpu_core_pct=81.5 working_set_mb=1379 commit_mb=1231 handles=1724 gdi=159 user=21 window=responsive last_resource="(none)" resource_offset=0 resource_bytes=0 resource_age_ms=0
2026-08-28 08:29:37.200 [seq=3846] [tid=4800] event=health cpu_core_pct=75.0 working_set_mb=1379 commit_mb=1231 handles=1724 gdi=159 user=21 window=responsive last_resource="(none)" resource_offset=0 resource_bytes=0 resource_age_ms=0
2026-08-28 08:29:38.257 [seq=3847] [tid=4800] event=health cpu_core_pct=55.2 working_set_mb=1379 commit_mb=1231 handles=1725 gdi=159 user=21 window=responsive last_resource="(none)" resource_offset=0 resource_bytes=0 resource_age_ms=0
2026-08-28 08:29:39.276 [seq=3848] [tid=4800] event=health cpu_core_pct=80.2 working_set_mb=1379 commit_mb=1231 handles=1724 gdi=159 user=21 window=responsive last_resource="(none)" resource_offset=0 resource_bytes=0 resource_age_ms=0
2026-08-28 08:29:40.303 [seq=3849] [tid=4800] event=health cpu_core_pct=75.4 working_set_mb=1379 commit_mb=1231 handles=1725 gdi=159 user=21 window=responsive last_resource="(none)" resource_offset=0 resource_bytes=0 resource_age_ms=0
2026-08-28 08:29:41.308 [seq=3850] [tid=4800] event=health cpu_core_pct=61.5 working_set_mb=1380 commit_mb=1232 handles=1724 gdi=159 user=21 window=responsive last_resource="(none)" resource_offset=0 resource_bytes=0 resource_age_ms=0
2026-08-28 08:29:42.315 [seq=3851] [tid=4800] event=health cpu_core_pct=78.4 working_set_mb=1380 commit_mb=1232 handles=1724 gdi=159 user=21 window=responsive last_resource="(none)" resource_offset=0 resource_bytes=0 resource_age_ms=0
2026-08-28 08:29:43.943 [seq=3852] [tid=4800] event=health cpu_core_pct=82.6 working_set_mb=1380 commit_mb=1232 handles=1724 gdi=159 user=21 window=responsive last_resource="(none)" resource_offset=0 resource_bytes=0 resource_age_ms=0
2026-08-28 08:29:44.970 [seq=3853] [tid=4800] event=health cpu_core_pct=78.8 working_set_mb=1380 commit_mb=1232 handles=1726 gdi=159 user=21 window=responsive last_resource="(none)" resource_offset=0 resource_bytes=0 resource_age_ms=0
2026-08-28 08:29:45.977 [seq=3854] [tid=4800] event=health cpu_core_pct=73.4 working_set_mb=1381 commit_mb=1232 handles=1723 gdi=159 user=21 window=responsive last_resource="(none)" resource_offset=0 resource_bytes=0 resource_age_ms=0
2026-08-28 08:29:46.983 [seq=3855] [tid=4800] event=health cpu_core_pct=60.0 working_set_mb=1381 commit_mb=1232 handles=1724 gdi=159 user=21 window=responsive last_resource="(none)" resource_offset=0 resource_bytes=0 resource_age_ms=0
2026-08-28 08:29:48.050 [seq=3856] [tid=4800] event=health cpu_core_pct=72.0 working_set_mb=1381 commit_mb=1233 handles=1724 gdi=159 user=21 window=responsive last_resource="(none)" resource_offset=0 resource_bytes=0 resource_age_ms=0
2026-08-28 08:29:49.167 [seq=3857] [tid=4800] event=health cpu_core_pct=73.2 working_set_mb=1382 commit_mb=1233 handles=1726 gdi=159 user=21 window=responsive last_resource="(none)" resource_offset=0 resource_bytes=0 resource_age_ms=0
2026-08-28 08:29:50.312 [seq=3858] [tid=4800] event=health cpu_core_pct=82.3 working_set_mb=1382 commit_mb=1233 handles=1725 gdi=159 user=21 window=responsive last_resource="(none)" resource_offset=0 resource_bytes=0 resource_age_ms=0
2026-08-28 08:29:51.415 [seq=3859] [tid=4800] event=health cpu_core_pct=87.2 working_set_mb=1387 commit_mb=1238 handles=1723 gdi=159 user=21 window=responsive last_resource="(none)" resource_offset=0 resource_bytes=0 resource_age_ms=0
2026-08-28 08:29:51.625 [seq=3860] [tid=8696] CreateFileMappingA input=0000156C result=000013E0 err=0 name=(null) file=\\?\UNC\psf\Home\Documents\mxd\BeiDou-Server\clien\Data\Mob\8810011.img
2026-08-28 08:29:51.631 [seq=3861] [tid=8696] MapViewOfFile mapping=000013E0 result=1E790000 err=0 access=0x00000004 offset=0:0 bytes=0
2026-08-28 08:29:51.752 [seq=3862] [tid=8696] CreateFileMappingA input=00001570 result=000013B4 err=0 name=(null) file=\\?\UNC\psf\Home\Documents\mxd\BeiDou-Server\clien\Data\Mob\8810012.img
2026-08-28 08:29:51.762 [seq=3863] [tid=8696] MapViewOfFile mapping=000013B4 result=1E7B0000 err=0 access=0x00000004 offset=0:0 bytes=0
2026-08-28 08:29:52.490 [seq=3864] [tid=4800] event=health cpu_core_pct=88.4 working_set_mb=1390 commit_mb=1241 handles=1727 gdi=159 user=21 window=responsive last_resource="(none)" resource_offset=0 resource_bytes=0 resource_age_ms=0
2026-08-28 08:29:53.684 [seq=3865] [tid=4800] event=health cpu_core_pct=80.2 working_set_mb=1390 commit_mb=1241 handles=1726 gdi=159 user=21 window=responsive last_resource="(none)" resource_offset=0 resource_bytes=0 resource_age_ms=0
2026-08-28 08:29:54.744 [seq=3866] [tid=4800] event=health cpu_core_pct=80.9 working_set_mb=1390 commit_mb=1241 handles=1727 gdi=159 user=21 window=responsive last_resource="(none)" resource_offset=0 resource_bytes=0 resource_age_ms=0
2026-08-28 08:29:56.126 [seq=3867] [tid=4800] event=health cpu_core_pct=91.4 working_set_mb=1390 commit_mb=1241 handles=1727 gdi=159 user=21 window=responsive last_resource="(none)" resource_offset=0 resource_bytes=0 resource_age_ms=0
2026-08-28 08:29:57.164 [seq=3868] [tid=4800] event=health cpu_core_pct=90.5 working_set_mb=1390 commit_mb=1241 handles=1726 gdi=159 user=21 window=responsive last_resource="(none)" resource_offset=0 resource_bytes=0 resource_age_ms=0
2026-08-28 08:29:58.226 [seq=3869] [tid=4800] event=health cpu_core_pct=66.1 working_set_mb=1390 commit_mb=1241 handles=1727 gdi=159 user=21 window=responsive last_resource="(none)" resource_offset=0 resource_bytes=0 resource_age_ms=0
2026-08-28 08:29:59.261 [seq=3870] [tid=4800] event=health cpu_core_pct=71.2 working_set_mb=1391 commit_mb=1241 handles=1728 gdi=159 user=21 window=responsive last_resource="(none)" resource_offset=0 resource_bytes=0 resource_age_ms=0
2026-08-28 08:30:00.295 [seq=3871] [tid=4800] event=health cpu_core_pct=59.6 working_set_mb=1391 commit_mb=1241 handles=1729 gdi=159 user=21 window=responsive last_resource="(none)" resource_offset=0 resource_bytes=0 resource_age_ms=0
2026-08-28 08:30:01.430 [seq=3872] [tid=4800] event=health cpu_core_pct=77.7 working_set_mb=1391 commit_mb=1241 handles=1727 gdi=159 user=21 window=responsive last_resource="(none)" resource_offset=0 resource_bytes=0 resource_age_ms=0
2026-08-28 08:30:02.590 [seq=3873] [tid=4800] event=health cpu_core_pct=81.0 working_set_mb=1391 commit_mb=1241 handles=1727 gdi=159 user=21 window=responsive last_resource="(none)" resource_offset=0 resource_bytes=0 resource_age_ms=0
2026-08-28 08:30:03.820 [seq=3874] [tid=4800] event=health cpu_core_pct=91.0 working_set_mb=1391 commit_mb=1241 handles=1728 gdi=159 user=21 window=responsive last_resource="(none)" resource_offset=0 resource_bytes=0 resource_age_ms=0
2026-08-28 08:30:04.919 [seq=3875] [tid=4800] event=health cpu_core_pct=74.3 working_set_mb=1391 commit_mb=1241 handles=1727 gdi=159 user=21 window=responsive last_resource="(none)" resource_offset=0 resource_bytes=0 resource_age_ms=0
2026-08-28 08:30:06.013 [seq=3876] [tid=4800] event=health cpu_core_pct=63.7 working_set_mb=1393 commit_mb=1243 handles=1727 gdi=159 user=21 window=responsive last_resource="(none)" resource_offset=0 resource_bytes=0 resource_age_ms=0
2026-08-28 08:30:06.619 [seq=3877] [tid=8696] CreateFileMappingA input=000013F0 result=0000131C err=0 name=(null) file=\\?\UNC\psf\Home\Documents\mxd\BeiDou-Server\clien\Data\Mob\8810010.img
2026-08-28 08:30:06.634 [seq=3878] [tid=8696] MapViewOfFile mapping=0000131C result=1E7C0000 err=0 access=0x00000004 offset=0:0 bytes=0
2026-08-28 08:30:07.080 [seq=3879] [tid=4800] event=health cpu_core_pct=65.6 working_set_mb=1394 commit_mb=1245 handles=1729 gdi=159 user=21 window=responsive last_resource="(none)" resource_offset=0 resource_bytes=0 resource_age_ms=0
2026-08-28 08:30:07.866 [seq=3880] [tid=8696] CreateFileMappingA input=00001354 result=000013A0 err=0 name=(null) file=\\?\UNC\psf\Home\Documents\mxd\BeiDou-Server\clien\Data\Item\Consume\0229.img
2026-08-28 08:30:07.954 [seq=3881] [tid=8696] MapViewOfFile mapping=000013A0 result=1E7D0000 err=0 access=0x00000004 offset=0:0 bytes=0
2026-08-28 08:30:08.028 [seq=3882] [tid=8696] CreateFileMappingA input=00001550 result=00001410 err=0 name=(null) file=\\?\UNC\psf\Home\Documents\mxd\BeiDou-Server\clien\Data\Character\Weapon\01412021.img
2026-08-28 08:30:08.037 [seq=3883] [tid=8696] MapViewOfFile mapping=00001410 result=1E810000 err=0 access=0x00000004 offset=0:0 bytes=0
2026-08-28 08:30:08.069 [seq=3884] [tid=8696] CreateFileMappingA input=00001404 result=00001158 err=0 name=(null) file=\\?\UNC\psf\Home\Documents\mxd\BeiDou-Server\clien\Data\Character\Weapon\01482012.img
2026-08-28 08:30:08.112 [seq=3885] [tid=8696] MapViewOfFile mapping=00001158 result=1E820000 err=0 access=0x00000004 offset=0:0 bytes=0
2026-08-28 08:30:08.131 [seq=3886] [tid=4800] event=health cpu_core_pct=82.8 working_set_mb=1395 commit_mb=1245 handles=1734 gdi=159 user=21 window=responsive last_resource="(none)" resource_offset=0 resource_bytes=0 resource_age_ms=0
2026-08-28 08:30:08.153 [seq=3887] [tid=8696] CreateFileMappingA input=000013D4 result=00001418 err=0 name=(null) file=\\?\UNC\psf\Home\Documents\mxd\BeiDou-Server\clien\Data\Item\Consume\0204.img
2026-08-28 08:30:08.160 [seq=3888] [tid=8696] MapViewOfFile mapping=00001418 result=1E830000 err=0 access=0x00000004 offset=0:0 bytes=0
2026-08-28 08:30:08.210 [seq=3889] [tid=8696] CreateFileMappingA input=0000141C result=0000155C err=0 name=(null) file=\\?\UNC\psf\Home\Documents\mxd\BeiDou-Server\clien\Data\Character\Weapon\01462015.img
2026-08-28 08:30:08.213 [seq=3890] [tid=8696] MapViewOfFile mapping=0000155C result=1E870000 err=0 access=0x00000004 offset=0:0 bytes=0
2026-08-28 08:30:08.229 [seq=3891] [tid=8696] CreateFileMappingA input=00001544 result=00001414 err=0 name=(null) file=\\?\UNC\psf\Home\Documents\mxd\BeiDou-Server\clien\Data\Character\Weapon\01372032.img
2026-08-28 08:30:08.231 [seq=3892] [tid=8696] MapViewOfFile mapping=00001414 result=1E880000 err=0 access=0x00000004 offset=0:0 bytes=0
2026-08-28 08:30:09.185 [seq=3893] [tid=4800] event=health cpu_core_pct=91.4 working_set_mb=1432 commit_mb=1276 handles=1743 gdi=161 user=21 window=responsive last_resource="(none)" resource_offset=0 resource_bytes=0 resource_age_ms=0
2026-08-28 08:30:10.193 [seq=3894] [tid=4800] event=health cpu_core_pct=70.7 working_set_mb=1436 commit_mb=1281 handles=1742 gdi=161 user=21 window=responsive last_resource="(none)" resource_offset=0 resource_bytes=0 resource_age_ms=0
2026-08-28 08:30:11.198 [seq=3895] [tid=4800] event=health cpu_core_pct=78.1 working_set_mb=1440 commit_mb=1285 handles=1742 gdi=161 user=21 window=responsive last_resource="(none)" resource_offset=0 resource_bytes=0 resource_age_ms=0
2026-08-28 08:30:12.204 [seq=3896] [tid=4800] event=health cpu_core_pct=75.4 working_set_mb=1441 commit_mb=1286 handles=1741 gdi=161 user=21 window=responsive last_resource="(none)" resource_offset=0 resource_bytes=0 resource_age_ms=0
2026-08-28 08:30:13.380 [seq=3897] [tid=4800] event=health cpu_core_pct=89.2 working_set_mb=1441 commit_mb=1286 handles=1741 gdi=161 user=21 window=responsive last_resource="(none)" resource_offset=0 resource_bytes=0 resource_age_ms=0
2026-08-28 08:30:14.392 [seq=3898] [tid=4800] event=health cpu_core_pct=65.1 working_set_mb=1441 commit_mb=1286 handles=1740 gdi=161 user=21 window=responsive last_resource="(none)" resource_offset=0 resource_bytes=0 resource_age_ms=0
2026-08-28 08:30:15.406 [seq=3899] [tid=4800] event=health cpu_core_pct=75.0 working_set_mb=1441 commit_mb=1286 handles=1740 gdi=161 user=21 window=responsive last_resource="(none)" resource_offset=0 resource_bytes=0 resource_age_ms=0
2026-08-28 08:30:16.437 [seq=3900] [tid=4800] event=health cpu_core_pct=76.1 working_set_mb=1441 commit_mb=1286 handles=1740 gdi=161 user=21 window=responsive last_resource="(none)" resource_offset=0 resource_bytes=0 resource_age_ms=0
2026-08-28 08:30:17.444 [seq=3901] [tid=4800] event=health cpu_core_pct=71.8 working_set_mb=1441 commit_mb=1286 handles=1740 gdi=161 user=21 window=responsive last_resource="(none)" resource_offset=0 resource_bytes=0 resource_age_ms=0
2026-08-28 08:30:18.453 [seq=3902] [tid=4800] event=health cpu_core_pct=72.3 working_set_mb=1442 commit_mb=1286 handles=1740 gdi=161 user=21 window=responsive last_resource="(none)" resource_offset=0 resource_bytes=0 resource_age_ms=0
2026-08-28 08:30:19.513 [seq=3903] [tid=4800] event=health cpu_core_pct=72.7 working_set_mb=1442 commit_mb=1286 handles=1740 gdi=161 user=21 window=responsive last_resource="(none)" resource_offset=0 resource_bytes=0 resource_age_ms=0
2026-08-28 08:30:20.519 [seq=3904] [tid=4800] event=health cpu_core_pct=63.5 working_set_mb=1442 commit_mb=1286 handles=1740 gdi=161 user=21 window=responsive last_resource="(none)" resource_offset=0 resource_bytes=0 resource_age_ms=0
2026-08-28 08:30:21.541 [seq=3905] [tid=4800] event=health cpu_core_pct=83.1 working_set_mb=1442 commit_mb=1286 handles=1740 gdi=161 user=21 window=responsive last_resource="(none)" resource_offset=0 resource_bytes=0 resource_age_ms=0
2026-08-28 08:30:22.546 [seq=3906] [tid=4800] event=health cpu_core_pct=67.6 working_set_mb=1442 commit_mb=1286 handles=1740 gdi=161 user=21 window=responsive last_resource="(none)" resource_offset=0 resource_bytes=0 resource_age_ms=0
2026-08-28 08:30:22.961 [seq=3907] [tid=8696] event=resource_open status=ok handle=0000161C error=0 access=0x00000004 disposition=4 path="EquipSlotDiagnostic.log"
2026-08-28 08:30:23.691 [seq=3908] [tid=4800] event=health cpu_core_pct=64.3 working_set_mb=1442 commit_mb=1286 handles=1740 gdi=161 user=21 window=responsive last_resource="(none)" resource_offset=0 resource_bytes=0 resource_age_ms=0
2026-08-28 08:30:24.700 [seq=3909] [tid=4800] event=health cpu_core_pct=75.0 working_set_mb=1442 commit_mb=1286 handles=1740 gdi=161 user=21 window=responsive last_resource="(none)" resource_offset=0 resource_bytes=0 resource_age_ms=0
2026-08-28 08:30:25.717 [seq=3910] [tid=4800] event=health cpu_core_pct=63.1 working_set_mb=1442 commit_mb=1286 handles=1740 gdi=161 user=21 window=responsive last_resource="(none)" resource_offset=0 resource_bytes=0 resource_age_ms=0
2026-08-28 08:30:26.739 [seq=3911] [tid=4800] event=health cpu_core_pct=72.7 working_set_mb=1442 commit_mb=1286 handles=1740 gdi=159 user=21 window=responsive last_resource="(none)" resource_offset=0 resource_bytes=0 resource_age_ms=0
2026-08-28 08:30:27.895 [seq=3912] [tid=4800] event=health cpu_core_pct=69.4 working_set_mb=1442 commit_mb=1286 handles=1740 gdi=159 user=21 window=responsive last_resource="(none)" resource_offset=0 resource_bytes=0 resource_age_ms=0
2026-08-28 08:30:28.918 [seq=3913] [tid=4800] event=health cpu_core_pct=81.7 working_set_mb=1442 commit_mb=1286 handles=1740 gdi=159 user=21 window=responsive last_resource="(none)" resource_offset=0 resource_bytes=0 resource_age_ms=0
2026-08-28 08:30:29.924 [seq=3914] [tid=4800] event=health cpu_core_pct=74.2 working_set_mb=1442 commit_mb=1286 handles=1740 gdi=159 user=21 window=responsive last_resource="(none)" resource_offset=0 resource_bytes=0 resource_age_ms=0
2026-08-28 08:30:31.100 [seq=3915] [tid=4800] event=health cpu_core_pct=71.9 working_set_mb=1442 commit_mb=1286 handles=1741 gdi=159 user=21 window=responsive last_resource="(none)" resource_offset=0 resource_bytes=0 resource_age_ms=0
2026-08-28 08:30:32.159 [seq=3916] [tid=4800] event=health cpu_core_pct=73.5 working_set_mb=1442 commit_mb=1286 handles=1740 gdi=159 user=21 window=responsive last_resource="(none)" resource_offset=0 resource_bytes=0 resource_age_ms=0
2026-08-28 08:30:33.400 [seq=3917] [tid=4800] event=health cpu_core_pct=86.0 working_set_mb=1446 commit_mb=1291 handles=1740 gdi=159 user=21 window=responsive last_resource="(none)" resource_offset=0 resource_bytes=0 resource_age_ms=0
2026-08-28 08:30:34.497 [seq=3918] [tid=4800] event=health cpu_core_pct=77.1 working_set_mb=1446 commit_mb=1291 handles=1741 gdi=159 user=21 window=responsive last_resource="(none)" resource_offset=0 resource_bytes=0 resource_age_ms=0
2026-08-28 08:30:35.596 [seq=3919] [tid=4800] event=health cpu_core_pct=77.4 working_set_mb=1446 commit_mb=1291 handles=1741 gdi=163 user=21 window=responsive last_resource="(none)" resource_offset=0 resource_bytes=0 resource_age_ms=0
2026-08-28 08:30:36.729 [seq=3920] [tid=4800] event=health cpu_core_pct=67.1 working_set_mb=1446 commit_mb=1290 handles=1740 gdi=163 user=21 window=responsive last_resource="(none)" resource_offset=0 resource_bytes=0 resource_age_ms=0
2026-08-28 08:30:37.809 [seq=3921] [tid=4800] event=health cpu_core_pct=95.7 working_set_mb=1446 commit_mb=1290 handles=1740 gdi=163 user=21 window=responsive last_resource="(none)" resource_offset=0 resource_bytes=0 resource_age_ms=0
2026-08-28 08:30:38.827 [seq=3922] [tid=4800] event=health cpu_core_pct=79.6 working_set_mb=1446 commit_mb=1290 handles=1740 gdi=179 user=21 window=responsive last_resource="(none)" resource_offset=0 resource_bytes=0 resource_age_ms=0
2026-08-28 08:30:39.834 [seq=3923] [tid=4800] event=health cpu_core_pct=83.1 working_set_mb=1446 commit_mb=1290 handles=1740 gdi=179 user=21 window=responsive last_resource="(none)" resource_offset=0 resource_bytes=0 resource_age_ms=0
2026-08-28 08:30:40.600 [seq=3924] [tid=8696] CreateFileMappingA input=00001320 result=00001340 err=0 name=(null) file=\\?\UNC\psf\Home\Documents\mxd\BeiDou-Server\clien\Data\Map\Map\Map2\240050600.img
2026-08-28 08:30:40.618 [seq=3925] [tid=8696] MapViewOfFile mapping=00001340 result=1F1C0000 err=0 access=0x00000004 offset=0:0 bytes=0
2026-08-28 08:30:40.907 [seq=3926] [tid=4800] event=health cpu_core_pct=92.6 working_set_mb=1447 commit_mb=1290 handles=1742 gdi=179 user=21 window=responsive last_resource="(none)" resource_offset=0 resource_bytes=0 resource_age_ms=0
2026-08-28 08:30:42.051 [seq=3927] [tid=4800] event=health cpu_core_pct=98.5 working_set_mb=1438 commit_mb=1291 handles=1194 gdi=180 user=21 window=responsive last_resource="(none)" resource_offset=0 resource_bytes=0 resource_age_ms=0
2026-08-28 08:30:43.341 [seq=3928] [tid=4800] event=health cpu_core_pct=99.9 working_set_mb=1327 commit_mb=1201 handles=1004 gdi=180 user=21 window=responsive last_resource="(none)" resource_offset=0 resource_bytes=0 resource_age_ms=0
2026-08-28 08:30:44.386 [seq=3929] [tid=4800] event=health cpu_core_pct=76.0 working_set_mb=1327 commit_mb=1201 handles=1006 gdi=180 user=21 window=responsive last_resource="(none)" resource_offset=0 resource_bytes=0 resource_age_ms=0
2026-08-28 08:30:45.434 [seq=3930] [tid=4800] event=health cpu_core_pct=68.6 working_set_mb=1327 commit_mb=1201 handles=1005 gdi=180 user=21 window=responsive last_resource="(none)" resource_offset=0 resource_bytes=0 resource_age_ms=0
2026-08-28 08:30:46.438 [seq=3931] [tid=4800] event=health cpu_core_pct=66.1 working_set_mb=1325 commit_mb=1200 handles=1004 gdi=180 user=21 window=responsive last_resource="(none)" resource_offset=0 resource_bytes=0 resource_age_ms=0
2026-08-28 08:30:47.459 [seq=3932] [tid=4800] event=health cpu_core_pct=66.1 working_set_mb=1325 commit_mb=1199 handles=1004 gdi=180 user=21 window=responsive last_resource="(none)" resource_offset=0 resource_bytes=0 resource_age_ms=0
2026-08-28 08:30:48.498 [seq=3933] [tid=4800] event=health cpu_core_pct=55.2 working_set_mb=1309 commit_mb=1184 handles=1004 gdi=180 user=21 window=responsive last_resource="(none)" resource_offset=0 resource_bytes=0 resource_age_ms=0
2026-08-28 08:30:49.540 [seq=3934] [tid=4800] event=health cpu_core_pct=71.2 working_set_mb=1279 commit_mb=1154 handles=1005 gdi=180 user=21 window=responsive last_resource="(none)" resource_offset=0 resource_bytes=0 resource_age_ms=0
2026-08-28 08:30:50.553 [seq=3935] [tid=4800] event=health cpu_core_pct=73.8 working_set_mb=1279 commit_mb=1154 handles=1006 gdi=180 user=21 window=responsive last_resource="(none)" resource_offset=0 resource_bytes=0 resource_age_ms=0
2026-08-28 08:30:51.557 [seq=3936] [tid=4800] event=health cpu_core_pct=59.3 working_set_mb=1279 commit_mb=1154 handles=1004 gdi=180 user=21 window=responsive last_resource="(none)" resource_offset=0 resource_bytes=0 resource_age_ms=0
2026-08-28 08:30:52.567 [seq=3937] [tid=4800] event=health cpu_core_pct=76.8 working_set_mb=1279 commit_mb=1154 handles=1005 gdi=180 user=21 window=responsive last_resource="(none)" resource_offset=0 resource_bytes=0 resource_age_ms=0
2026-08-28 08:30:52.614 [seq=3938] [tid=8696] CreateFileMappingA input=00002670 result=0000272C err=0 name=(null) file=\\?\UNC\psf\Home\Documents\mxd\BeiDou-Server\clien\Data\Map\Map\Map2\240050400.img
2026-08-28 08:30:52.617 [seq=3939] [tid=8696] MapViewOfFile mapping=0000272C result=0E2A0000 err=0 access=0x00000004 offset=0:0 bytes=0
2026-08-28 08:30:53.837 [seq=3940] [tid=4800] event=health cpu_core_pct=93.7 working_set_mb=1279 commit_mb=1154 handles=1003 gdi=183 user=21 window=responsive last_resource="(none)" resource_offset=0 resource_bytes=0 resource_age_ms=0
2026-08-28 08:30:54.848 [seq=3941] [tid=4800] event=health cpu_core_pct=68.1 working_set_mb=1279 commit_mb=1154 handles=1002 gdi=183 user=21 window=responsive last_resource="(none)" resource_offset=0 resource_bytes=0 resource_age_ms=0
2026-08-28 08:30:55.856 [seq=3942] [tid=4800] event=health cpu_core_pct=67.1 working_set_mb=1279 commit_mb=1154 handles=1002 gdi=183 user=21 window=responsive last_resource="(none)" resource_offset=0 resource_bytes=0 resource_age_ms=0
2026-08-28 08:30:56.863 [seq=3943] [tid=4800] event=health cpu_core_pct=61.5 working_set_mb=1279 commit_mb=1154 handles=1002 gdi=183 user=21 window=responsive last_resource="(none)" resource_offset=0 resource_bytes=0 resource_age_ms=0
2026-08-28 08:30:57.870 [seq=3944] [tid=4800] event=health cpu_core_pct=78.1 working_set_mb=1279 commit_mb=1155 handles=1002 gdi=183 user=21 window=responsive last_resource="(none)" resource_offset=0 resource_bytes=0 resource_age_ms=0
2026-08-28 08:30:58.244 [seq=3945] [tid=8696] CreateFileMappingA input=00002784 result=00002680 err=0 name=(null) file=\\?\UNC\psf\Home\Documents\mxd\BeiDou-Server\clien\Data\Map\Map\Map2\240050000.img
2026-08-28 08:30:58.290 [seq=3946] [tid=8696] MapViewOfFile mapping=00002680 result=12C90000 err=0 access=0x00000004 offset=0:0 bytes=0
2026-08-28 08:30:58.562 [seq=3947] [tid=8696] event=resource_open status=ok handle=00001598 error=0 access=0x00000004 disposition=4 path="EquipSlotDiagnostic.log"
2026-08-28 08:30:59.100 [seq=3948] [tid=4800] event=health cpu_core_pct=99.9 working_set_mb=1279 commit_mb=1155 handles=999 gdi=184 user=21 window=responsive last_resource="(none)" resource_offset=0 resource_bytes=0 resource_age_ms=0
2026-08-28 08:31:00.117 [seq=3949] [tid=4800] event=health cpu_core_pct=69.2 working_set_mb=1279 commit_mb=1155 handles=998 gdi=184 user=21 window=responsive last_resource="(none)" resource_offset=0 resource_bytes=0 resource_age_ms=0
2026-08-28 08:31:01.175 [seq=3950] [tid=4800] event=health cpu_core_pct=77.9 working_set_mb=1279 commit_mb=1155 handles=999 gdi=185 user=21 window=responsive last_resource="(none)" resource_offset=0 resource_bytes=0 resource_age_ms=0
2026-08-28 08:31:01.787 [seq=3951] [tid=8696] CreateFileMappingA input=00002764 result=0000129C err=0 name=(null) file=\\?\UNC\psf\Home\Documents\mxd\BeiDou-Server\clien\Data\Npc\9900001.img
2026-08-28 08:31:01.791 [seq=3952] [tid=8696] MapViewOfFile mapping=0000129C result=1F210000 err=0 access=0x00000004 offset=0:0 bytes=0
2026-08-28 08:31:02.294 [seq=3953] [tid=4800] event=health cpu_core_pct=86.1 working_set_mb=1280 commit_mb=1158 handles=1001 gdi=196 user=21 window=responsive last_resource="(none)" resource_offset=0 resource_bytes=0 resource_age_ms=0
2026-08-28 08:31:03.304 [seq=3954] [tid=4800] event=health cpu_core_pct=64.0 working_set_mb=1280 commit_mb=1158 handles=1000 gdi=196 user=21 window=responsive last_resource="(none)" resource_offset=0 resource_bytes=0 resource_age_ms=0
2026-08-28 08:31:04.361 [seq=3955] [tid=4800] event=health cpu_core_pct=60.3 working_set_mb=1280 commit_mb=1158 handles=1000 gdi=197 user=21 window=responsive last_resource="(none)" resource_offset=0 resource_bytes=0 resource_age_ms=0
2026-08-28 08:31:05.366 [seq=3956] [tid=4800] event=health cpu_core_pct=70.3 working_set_mb=1280 commit_mb=1158 handles=1000 gdi=197 user=21 window=responsive last_resource="(none)" resource_offset=0 resource_bytes=0 resource_age_ms=0
2026-08-28 08:31:06.417 [seq=3957] [tid=4800] event=health cpu_core_pct=86.3 working_set_mb=1280 commit_mb=1158 handles=1000 gdi=201 user=21 window=responsive last_resource="(none)" resource_offset=0 resource_bytes=0 resource_age_ms=0
2026-08-28 08:31:07.425 [seq=3958] [tid=4800] event=health cpu_core_pct=71.2 working_set_mb=1280 commit_mb=1158 handles=1000 gdi=201 user=21 window=responsive last_resource="(none)" resource_offset=0 resource_bytes=0 resource_age_ms=0
2026-08-28 08:31:08.429 [seq=3959] [tid=4800] event=health cpu_core_pct=65.6 working_set_mb=1280 commit_mb=1158 handles=1000 gdi=201 user=21 window=responsive last_resource="(none)" resource_offset=0 resource_bytes=0 resource_age_ms=0
2026-08-28 08:31:09.641 [seq=3960] [tid=4800] event=health cpu_core_pct=79.4 working_set_mb=1280 commit_mb=1158 handles=1000 gdi=201 user=21 window=responsive last_resource="(none)" resource_offset=0 resource_bytes=0 resource_age_ms=0
2026-08-28 08:31:10.211 [seq=3961] [tid=8696] CreateFileMappingA input=00001594 result=00002784 err=0 name=(null) file=\\?\UNC\psf\Home\Documents\mxd\BeiDou-Server\clien\Data\Map\Map\Map2\270050000.img
2026-08-28 08:31:10.215 [seq=3962] [tid=8696] MapViewOfFile mapping=00002784 result=20530000 err=0 access=0x00000004 offset=0:0 bytes=0
2026-08-28 08:31:10.239 [seq=3963] [tid=8696] CreateFileMappingA input=0000275C result=00001598 err=0 name=(null) file=\\?\UNC\psf\Home\Documents\mxd\BeiDou-Server\clien\Data\Map\Obj\acc10.img
2026-08-28 08:31:10.243 [seq=3964] [tid=8696] MapViewOfFile mapping=00001598 result=45AC0000 err=0 access=0x00000004 offset=0:0 bytes=0
2026-08-28 08:31:10.305 [seq=3965] [tid=8696] CreateFileMappingA input=00002554 result=00002558 err=0 name=(null) file=\\?\UNC\psf\Home\Documents\mxd\BeiDou-Server\clien\Data\Map\Back\timeTemple.img
2026-08-28 08:31:10.307 [seq=3966] [tid=8696] MapViewOfFile mapping=00002558 result=39D10000 err=0 access=0x00000004 offset=0:0 bytes=0
2026-08-28 08:31:10.425 [seq=3967] [tid=8696] CreateFileMappingA input=00002618 result=00002634 err=0 name=(null) file=\\?\UNC\psf\Home\Documents\mxd\BeiDou-Server\clien\Data\Npc\2141001.img
2026-08-28 08:31:10.428 [seq=3968] [tid=8696] MapViewOfFile mapping=00002634 result=20540000 err=0 access=0x00000004 offset=0:0 bytes=0
2026-08-28 08:31:10.445 [seq=3969] [tid=8696] CreateFileMappingA input=0000266C result=0000124C err=0 name=(null) file=\\?\UNC\psf\Home\Documents\mxd\BeiDou-Server\clien\Data\Sound\Bgm16.img
2026-08-28 08:31:10.448 [seq=3970] [tid=8696] MapViewOfFile mapping=0000124C result=52800000 err=0 access=0x00000004 offset=0:0 bytes=0
2026-08-28 08:31:10.818 [seq=3971] [tid=4800] event=health cpu_core_pct=86.6 working_set_mb=1292 commit_mb=1170 handles=1009 gdi=201 user=21 window=responsive last_resource="(none)" resource_offset=0 resource_bytes=0 resource_age_ms=0
2026-08-28 08:31:11.898 [seq=3972] [tid=4800] event=health cpu_core_pct=78.2 working_set_mb=1293 commit_mb=1171 handles=1009 gdi=201 user=21 window=responsive last_resource="(none)" resource_offset=0 resource_bytes=0 resource_age_ms=0
2026-08-28 08:31:12.916 [seq=3973] [tid=4800] event=health cpu_core_pct=73.8 working_set_mb=1293 commit_mb=1171 handles=1009 gdi=201 user=21 window=responsive last_resource="(none)" resource_offset=0 resource_bytes=0 resource_age_ms=0
2026-08-28 08:31:13.921 [seq=3974] [tid=4800] event=health cpu_core_pct=59.9 working_set_mb=1293 commit_mb=1171 handles=1008 gdi=201 user=21 window=responsive last_resource="(none)" resource_offset=0 resource_bytes=0 resource_age_ms=0
2026-08-28 08:31:14.935 [seq=3975] [tid=4800] event=health cpu_core_pct=60.9 working_set_mb=1294 commit_mb=1172 handles=1008 gdi=204 user=21 window=responsive last_resource="(none)" resource_offset=0 resource_bytes=0 resource_age_ms=0
2026-08-28 08:31:15.966 [seq=3976] [tid=4800] event=health cpu_core_pct=71.6 working_set_mb=1294 commit_mb=1172 handles=1008 gdi=204 user=21 window=responsive last_resource="(none)" resource_offset=0 resource_bytes=0 resource_age_ms=0
2026-08-28 08:31:16.971 [seq=3977] [tid=4800] event=health cpu_core_pct=68.7 working_set_mb=1294 commit_mb=1172 handles=1009 gdi=204 user=21 window=responsive last_resource="(none)" resource_offset=0 resource_bytes=0 resource_age_ms=0
2026-08-28 08:31:17.061 [seq=3978] [tid=8696] CreateFileMappingA input=00002680 result=000022F0 err=0 name=(null) file=\\?\UNC\psf\Home\Documents\mxd\BeiDou-Server\clien\Data\UI\ChatBalloon.img
2026-08-28 08:31:17.063 [seq=3979] [tid=8696] MapViewOfFile mapping=000022F0 result=206E0000 err=0 access=0x00000004 offset=0:0 bytes=0
2026-08-28 08:31:17.977 [seq=3980] [tid=4800] event=health cpu_core_pct=73.4 working_set_mb=1294 commit_mb=1172 handles=1010 gdi=208 user=21 window=responsive last_resource="(none)" resource_offset=0 resource_bytes=0 resource_age_ms=0
2026-08-28 08:31:19.017 [seq=3981] [tid=4800] event=health cpu_core_pct=89.5 working_set_mb=1294 commit_mb=1172 handles=1010 gdi=209 user=21 window=responsive last_resource="(none)" resource_offset=0 resource_bytes=0 resource_age_ms=0
2026-08-28 08:31:20.028 [seq=3982] [tid=4800] event=health cpu_core_pct=76.9 working_set_mb=1294 commit_mb=1172 handles=1010 gdi=209 user=21 window=responsive last_resource="(none)" resource_offset=0 resource_bytes=0 resource_age_ms=0
2026-08-28 08:31:21.180 [seq=3983] [tid=4800] event=health cpu_core_pct=83.5 working_set_mb=1294 commit_mb=1172 handles=1010 gdi=209 user=21 window=responsive last_resource="(none)" resource_offset=0 resource_bytes=0 resource_age_ms=0
2026-08-28 08:31:21.937 [seq=3984] [tid=8696] CreateFileMappingA input=00002358 result=0000235C err=0 name=(null) file=\\?\UNC\psf\Home\Documents\mxd\BeiDou-Server\clien\Data\Map\Map\Map2\270050100.img
2026-08-28 08:31:21.944 [seq=3985] [tid=8696] MapViewOfFile mapping=0000235C result=207C0000 err=0 access=0x00000004 offset=0:0 bytes=0
2026-08-28 08:31:22.257 [seq=3986] [tid=4800] event=health cpu_core_pct=82.6 working_set_mb=1298 commit_mb=1176 handles=1012 gdi=209 user=21 window=responsive last_resource="(none)" resource_offset=0 resource_bytes=0 resource_age_ms=0
2026-08-28 08:31:22.539 [seq=3987] [tid=8696] CreateFileMappingA input=0000217C result=00002180 err=0 name=(null) file=\\?\UNC\psf\Home\Documents\mxd\BeiDou-Server\clien\Data\Mob\8820019.img
2026-08-28 08:31:22.541 [seq=3988] [tid=8696] MapViewOfFile mapping=00002180 result=207D0000 err=0 access=0x00000004 offset=0:0 bytes=0
2026-08-28 08:31:22.559 [seq=3989] [tid=8696] CreateFileMappingA input=00002240 result=00002548 err=0 name=(null) file=\\?\UNC\psf\Home\Documents\mxd\BeiDou-Server\clien\Data\Mob\8820020.img
2026-08-28 08:31:22.561 [seq=3990] [tid=8696] MapViewOfFile mapping=00002548 result=207E0000 err=0 access=0x00000004 offset=0:0 bytes=0
2026-08-28 08:31:22.573 [seq=3991] [tid=8696] CreateFileMappingA input=000023B0 result=000026A0 err=0 name=(null) file=\\?\UNC\psf\Home\Documents\mxd\BeiDou-Server\clien\Data\Mob\8820021.img
2026-08-28 08:31:22.575 [seq=3992] [tid=8696] MapViewOfFile mapping=000026A0 result=20810000 err=0 access=0x00000004 offset=0:0 bytes=0
2026-08-28 08:31:22.586 [seq=3993] [tid=8696] CreateFileMappingA input=0000135C result=00002524 err=0 name=(null) file=\\?\UNC\psf\Home\Documents\mxd\BeiDou-Server\clien\Data\Mob\8820022.img
2026-08-28 08:31:22.589 [seq=3994] [tid=8696] MapViewOfFile mapping=00002524 result=20840000 err=0 access=0x00000004 offset=0:0 bytes=0
2026-08-28 08:31:22.600 [seq=3995] [tid=8696] CreateFileMappingA input=000023AC result=00002298 err=0 name=(null) file=\\?\UNC\psf\Home\Documents\mxd\BeiDou-Server\clien\Data\Mob\8820023.img
2026-08-28 08:31:22.602 [seq=3996] [tid=8696] MapViewOfFile mapping=00002298 result=20850000 err=0 access=0x00000004 offset=0:0 bytes=0
2026-08-28 08:31:22.615 [seq=3997] [tid=8696] CreateFileMappingA input=0000229C result=0000159C err=0 name=(null) file=\\?\UNC\psf\Home\Documents\mxd\BeiDou-Server\clien\Data\Npc\2141002.img
2026-08-28 08:31:22.617 [seq=3998] [tid=8696] MapViewOfFile mapping=0000159C result=20860000 err=0 access=0x00000004 offset=0:0 bytes=0
2026-08-28 08:31:22.626 [seq=3999] [tid=8696] CreateFileMappingA input=00002378 result=000015B4 err=0 name=(null) file=\\?\UNC\psf\Home\Documents\mxd\BeiDou-Server\clien\Data\Reactor\2709000.img
2026-08-28 08:31:22.629 [seq=4000] [tid=8696] MapViewOfFile mapping=000015B4 result=20870000 err=0 access=0x00000004 offset=0:0 bytes=0
2026-08-28 08:31:22.640 [seq=4001] [tid=8696] CreateFileMappingA input=00002784 result=00002214 err=0 name=(null) file=\\?\UNC\psf\Home\Documents\mxd\BeiDou-Server\clien\Data\Reactor\2708000.img
2026-08-28 08:31:22.642 [seq=4002] [tid=8696] MapViewOfFile mapping=00002214 result=20880000 err=0 access=0x00000004 offset=0:0 bytes=0
2026-08-28 08:31:22.807 [seq=4003] [tid=8696] CreateFileMappingA input=00002358 result=0000235C err=0 name=(null) file=\\?\UNC\psf\Home\Documents\mxd\BeiDou-Server\clien\Data\Mob\8820000.img
2026-08-28 08:31:22.809 [seq=4004] [tid=8696] MapViewOfFile mapping=0000235C result=1A070000 err=0 access=0x00000004 offset=0:0 bytes=0
2026-08-28 08:31:23.506 [seq=4005] [tid=4800] event=health cpu_core_pct=85.0 working_set_mb=1324 commit_mb=1196 handles=1024 gdi=210 user=21 window=responsive last_resource="(none)" resource_offset=0 resource_bytes=0 resource_age_ms=0
2026-08-28 08:31:24.554 [seq=4006] [tid=4800] event=health cpu_core_pct=83.5 working_set_mb=1327 commit_mb=1196 handles=1026 gdi=210 user=21 window=responsive last_resource="(none)" resource_offset=0 resource_bytes=0 resource_age_ms=0
2026-08-28 08:31:25.617 [seq=4007] [tid=4800] event=health cpu_core_pct=72.0 working_set_mb=1327 commit_mb=1196 handles=1026 gdi=210 user=21 window=responsive last_resource="(none)" resource_offset=0 resource_bytes=0 resource_age_ms=0
2026-08-28 08:31:26.676 [seq=4008] [tid=4800] event=health cpu_core_pct=70.1 working_set_mb=1327 commit_mb=1196 handles=1027 gdi=210 user=21 window=responsive last_resource="(none)" resource_offset=0 resource_bytes=0 resource_age_ms=0
2026-08-28 08:31:27.682 [seq=4009] [tid=4800] event=health cpu_core_pct=63.0 working_set_mb=1328 commit_mb=1197 handles=1026 gdi=210 user=21 window=responsive last_resource="(none)" resource_offset=0 resource_bytes=0 resource_age_ms=0
2026-08-28 08:31:28.744 [seq=4010] [tid=4800] event=health cpu_core_pct=82.3 working_set_mb=1328 commit_mb=1197 handles=1025 gdi=210 user=21 window=responsive last_resource="(none)" resource_offset=0 resource_bytes=0 resource_age_ms=0
2026-08-28 08:31:29.784 [seq=4011] [tid=4800] event=health cpu_core_pct=67.1 working_set_mb=1329 commit_mb=1198 handles=1026 gdi=210 user=21 window=responsive last_resource="(none)" resource_offset=0 resource_bytes=0 resource_age_ms=0
2026-08-28 08:31:30.794 [seq=4012] [tid=4800] event=health cpu_core_pct=81.2 working_set_mb=1329 commit_mb=1198 handles=1025 gdi=210 user=21 window=responsive last_resource="(none)" resource_offset=0 resource_bytes=0 resource_age_ms=0
2026-08-28 08:31:31.844 [seq=4013] [tid=4800] event=health cpu_core_pct=86.7 working_set_mb=1329 commit_mb=1198 handles=1025 gdi=210 user=21 window=responsive last_resource="(none)" resource_offset=0 resource_bytes=0 resource_age_ms=0
2026-08-28 08:31:32.926 [seq=4014] [tid=4800] event=health cpu_core_pct=81.1 working_set_mb=1329 commit_mb=1198 handles=1026 gdi=210 user=21 window=responsive last_resource="(none)" resource_offset=0 resource_bytes=0 resource_age_ms=0
2026-08-28 08:31:34.241 [seq=4015] [tid=4800] event=health cpu_core_pct=90.5 working_set_mb=1330 commit_mb=1198 handles=1025 gdi=210 user=21 window=responsive last_resource="(none)" resource_offset=0 resource_bytes=0 resource_age_ms=0
2026-08-28 08:31:35.285 [seq=4016] [tid=4800] event=health cpu_core_pct=86.5 working_set_mb=1330 commit_mb=1198 handles=1026 gdi=210 user=21 window=responsive last_resource="(none)" resource_offset=0 resource_bytes=0 resource_age_ms=0
2026-08-28 08:31:36.358 [seq=4017] [tid=4800] event=health cpu_core_pct=77.9 working_set_mb=1330 commit_mb=1198 handles=1025 gdi=210 user=21 window=responsive last_resource="(none)" resource_offset=0 resource_bytes=0 resource_age_ms=0
2026-08-28 08:31:37.362 [seq=4018] [tid=4800] event=health cpu_core_pct=81.5 working_set_mb=1330 commit_mb=1199 handles=1025 gdi=210 user=21 window=responsive last_resource="(none)" resource_offset=0 resource_bytes=0 resource_age_ms=0
2026-08-28 08:31:37.368 [seq=4019] [tid=8696] CreateFileMappingA input=00002200 result=0000229C err=0 name=(null) file=\\?\UNC\psf\Home\Documents\mxd\BeiDou-Server\clien\Data\Mob\8820003.img
2026-08-28 08:31:37.370 [seq=4020] [tid=8696] MapViewOfFile mapping=0000229C result=291D0000 err=0 access=0x00000004 offset=0:0 bytes=0
2026-08-28 08:31:38.400 [seq=4021] [tid=4800] event=health cpu_core_pct=75.7 working_set_mb=1332 commit_mb=1200 handles=1027 gdi=210 user=21 window=responsive last_resource="(none)" resource_offset=0 resource_bytes=0 resource_age_ms=0
2026-08-28 08:31:39.378 [seq=4022] [tid=8696] CreateFileMappingA input=00002210 result=000021E8 err=0 name=(null) file=\\?\UNC\psf\Home\Documents\mxd\BeiDou-Server\clien\Data\Map\Effect.img
2026-08-28 08:31:39.380 [seq=4023] [tid=8696] MapViewOfFile mapping=000021E8 result=AEF80000 err=0 access=0x00000004 offset=0:0 bytes=0
2026-08-28 08:31:39.510 [seq=4024] [tid=4800] event=health cpu_core_pct=83.1 working_set_mb=1341 commit_mb=1209 handles=1033 gdi=210 user=21 window=responsive last_resource="(none)" resource_offset=0 resource_bytes=0 resource_age_ms=0
2026-08-28 08:31:40.684 [seq=4025] [tid=4800] event=health cpu_core_pct=90.7 working_set_mb=1349 commit_mb=1217 handles=1034 gdi=211 user=21 window=responsive last_resource="(none)" resource_offset=0 resource_bytes=0 resource_age_ms=0
2026-08-28 08:31:41.691 [seq=4026] [tid=4800] event=health cpu_core_pct=79.6 working_set_mb=1352 commit_mb=1220 handles=1036 gdi=211 user=21 window=responsive last_resource="(none)" resource_offset=0 resource_bytes=0 resource_age_ms=0
2026-08-28 08:31:42.722 [seq=4027] [tid=4800] event=health cpu_core_pct=84.8 working_set_mb=1356 commit_mb=1223 handles=1035 gdi=211 user=21 window=responsive last_resource="(none)" resource_offset=0 resource_bytes=0 resource_age_ms=0
2026-08-28 08:31:43.996 [seq=4028] [tid=4800] event=health cpu_core_pct=86.4 working_set_mb=1357 commit_mb=1225 handles=1030 gdi=211 user=21 window=responsive last_resource="(none)" resource_offset=0 resource_bytes=0 resource_age_ms=0
2026-08-28 08:31:45.033 [seq=4029] [tid=4800] event=health cpu_core_pct=65.6 working_set_mb=1358 commit_mb=1225 handles=1029 gdi=211 user=21 window=responsive last_resource="(none)" resource_offset=0 resource_bytes=0 resource_age_ms=0
2026-08-28 08:31:46.076 [seq=4030] [tid=4800] event=health cpu_core_pct=78.7 working_set_mb=1358 commit_mb=1225 handles=1029 gdi=211 user=21 window=responsive last_resource="(none)" resource_offset=0 resource_bytes=0 resource_age_ms=0
2026-08-28 08:31:47.093 [seq=4031] [tid=4800] event=health cpu_core_pct=62.1 working_set_mb=1358 commit_mb=1226 handles=1030 gdi=211 user=21 window=responsive last_resource="(none)" resource_offset=0 resource_bytes=0 resource_age_ms=0
2026-08-28 08:31:48.111 [seq=4032] [tid=4800] event=health cpu_core_pct=66.1 working_set_mb=1360 commit_mb=1228 handles=1031 gdi=211 user=21 window=responsive last_resource="(none)" resource_offset=0 resource_bytes=0 resource_age_ms=0
2026-08-28 08:31:49.208 [seq=4033] [tid=4800] event=health cpu_core_pct=79.3 working_set_mb=1361 commit_mb=1228 handles=1030 gdi=211 user=21 window=responsive last_resource="(none)" resource_offset=0 resource_bytes=0 resource_age_ms=0
2026-08-28 08:31:50.262 [seq=4034] [tid=4800] event=health cpu_core_pct=95.6 working_set_mb=1361 commit_mb=1228 handles=1030 gdi=211 user=21 window=responsive last_resource="(none)" resource_offset=0 resource_bytes=0 resource_age_ms=0
2026-08-28 08:31:51.312 [seq=4035] [tid=4800] event=health cpu_core_pct=70.1 working_set_mb=1361 commit_mb=1228 handles=1030 gdi=211 user=21 window=responsive last_resource="(none)" resource_offset=0 resource_bytes=0 resource_age_ms=0
2026-08-28 08:31:52.380 [seq=4036] [tid=4800] event=health cpu_core_pct=92.7 working_set_mb=1361 commit_mb=1228 handles=1029 gdi=211 user=21 window=responsive last_resource="(none)" resource_offset=0 resource_bytes=0 resource_age_ms=0
2026-08-28 08:31:53.527 [seq=4037] [tid=4800] event=health cpu_core_pct=87.6 working_set_mb=1361 commit_mb=1228 handles=1029 gdi=211 user=21 window=responsive last_resource="(none)" resource_offset=0 resource_bytes=0 resource_age_ms=0
2026-08-28 08:31:54.550 [seq=4038] [tid=4800] event=health cpu_core_pct=67.7 working_set_mb=1361 commit_mb=1228 handles=1029 gdi=211 user=21 window=responsive last_resource="(none)" resource_offset=0 resource_bytes=0 resource_age_ms=0
2026-08-28 08:31:55.554 [seq=4039] [tid=4800] event=health cpu_core_pct=78.4 working_set_mb=1361 commit_mb=1228 handles=1028 gdi=211 user=21 window=responsive last_resource="(none)" resource_offset=0 resource_bytes=0 resource_age_ms=0
2026-08-28 08:31:55.992 [seq=4040] [tid=8696] CreateFileMappingA input=00002170 result=00002024 err=0 name=(null) file=\\?\UNC\psf\Home\Documents\mxd\BeiDou-Server\clien\Data\Mob\8820004.img
2026-08-28 08:31:56.027 [seq=4041] [tid=8696] MapViewOfFile mapping=00002024 result=33120000 err=0 access=0x00000004 offset=0:0 bytes=0
2026-08-28 08:31:56.570 [seq=4042] [tid=4800] event=health cpu_core_pct=75.3 working_set_mb=1362 commit_mb=1229 handles=1030 gdi=211 user=21 window=responsive last_resource="(none)" resource_offset=0 resource_bytes=0 resource_age_ms=0
2026-08-28 08:31:57.645 [seq=4043] [tid=4800] event=health cpu_core_pct=80.9 working_set_mb=1376 commit_mb=1242 handles=1034 gdi=211 user=21 window=responsive last_resource="(none)" resource_offset=0 resource_bytes=0 resource_age_ms=0
2026-08-28 08:31:58.678 [seq=4044] [tid=4800] event=health cpu_core_pct=67.1 working_set_mb=1383 commit_mb=1249 handles=1040 gdi=211 user=21 window=responsive last_resource="(none)" resource_offset=0 resource_bytes=0 resource_age_ms=0
2026-08-28 08:31:59.837 [seq=4045] [tid=4800] event=health cpu_core_pct=86.5 working_set_mb=1392 commit_mb=1258 handles=1039 gdi=211 user=21 window=responsive last_resource="(none)" resource_offset=0 resource_bytes=0 resource_age_ms=0
2026-08-28 08:32:00.879 [seq=4046] [tid=4800] event=health cpu_core_pct=76.1 working_set_mb=1400 commit_mb=1266 handles=1037 gdi=211 user=21 window=responsive last_resource="(none)" resource_offset=0 resource_bytes=0 resource_age_ms=0
2026-08-28 08:32:01.920 [seq=4047] [tid=4800] event=health cpu_core_pct=76.1 working_set_mb=1402 commit_mb=1267 handles=1035 gdi=211 user=21 window=responsive last_resource="(none)" resource_offset=0 resource_bytes=0 resource_age_ms=0
2026-08-28 08:32:02.930 [seq=4048] [tid=4800] event=health cpu_core_pct=75.0 working_set_mb=1401 commit_mb=1267 handles=1032 gdi=211 user=21 window=responsive last_resource="(none)" resource_offset=0 resource_bytes=0 resource_age_ms=0
2026-08-28 08:32:04.149 [seq=4049] [tid=4800] event=health cpu_core_pct=85.8 working_set_mb=1402 commit_mb=1267 handles=1033 gdi=211 user=21 window=responsive last_resource="(none)" resource_offset=0 resource_bytes=0 resource_age_ms=0
2026-08-28 08:32:05.153 [seq=4050] [tid=4800] event=health cpu_core_pct=69.2 working_set_mb=1402 commit_mb=1267 handles=1032 gdi=211 user=21 window=responsive last_resource="(none)" resource_offset=0 resource_bytes=0 resource_age_ms=0
2026-08-28 08:32:06.191 [seq=4051] [tid=4800] event=health cpu_core_pct=77.2 working_set_mb=1402 commit_mb=1268 handles=1033 gdi=211 user=21 window=responsive last_resource="(none)" resource_offset=0 resource_bytes=0 resource_age_ms=0
2026-08-28 08:32:07.229 [seq=4052] [tid=4800] event=health cpu_core_pct=80.3 working_set_mb=1406 commit_mb=1271 handles=1034 gdi=211 user=21 window=responsive last_resource="(none)" resource_offset=0 resource_bytes=0 resource_age_ms=0
2026-08-28 08:32:08.291 [seq=4053] [tid=4800] event=health cpu_core_pct=89.7 working_set_mb=1406 commit_mb=1272 handles=1038 gdi=211 user=21 window=responsive last_resource="(none)" resource_offset=0 resource_bytes=0 resource_age_ms=0
2026-08-28 08:32:09.351 [seq=4054] [tid=4800] event=health cpu_core_pct=85.2 working_set_mb=1411 commit_mb=1277 handles=1040 gdi=211 user=21 window=responsive last_resource="(none)" resource_offset=0 resource_bytes=0 resource_age_ms=0
2026-08-28 08:32:10.410 [seq=4055] [tid=4800] event=health cpu_core_pct=79.0 working_set_mb=1416 commit_mb=1281 handles=1032 gdi=211 user=21 window=responsive last_resource="(none)" resource_offset=0 resource_bytes=0 resource_age_ms=0
2026-08-28 08:32:11.485 [seq=4056] [tid=4800] event=health cpu_core_pct=70.0 working_set_mb=1417 commit_mb=1282 handles=1033 gdi=211 user=21 window=responsive last_resource="(none)" resource_offset=0 resource_bytes=0 resource_age_ms=0
2026-08-28 08:32:12.526 [seq=4057] [tid=4800] event=health cpu_core_pct=71.1 working_set_mb=1417 commit_mb=1282 handles=1035 gdi=211 user=21 window=responsive last_resource="(none)" resource_offset=0 resource_bytes=0 resource_age_ms=0
2026-08-28 08:32:13.663 [seq=4058] [tid=4800] event=health cpu_core_pct=75.3 working_set_mb=1417 commit_mb=1282 handles=1032 gdi=211 user=21 window=responsive last_resource="(none)" resource_offset=0 resource_bytes=0 resource_age_ms=0
2026-08-28 08:32:14.667 [seq=4059] [tid=4800] event=health cpu_core_pct=71.8 working_set_mb=1417 commit_mb=1282 handles=1031 gdi=211 user=21 window=responsive last_resource="(none)" resource_offset=0 resource_bytes=0 resource_age_ms=0
2026-08-28 08:32:15.682 [seq=4060] [tid=4800] event=health cpu_core_pct=84.5 working_set_mb=1417 commit_mb=1282 handles=1033 gdi=211 user=21 window=responsive last_resource="(none)" resource_offset=0 resource_bytes=0 resource_age_ms=0
2026-08-28 08:32:16.730 [seq=4061] [tid=4800] event=health cpu_core_pct=70.6 working_set_mb=1417 commit_mb=1282 handles=1033 gdi=211 user=21 window=responsive last_resource="(none)" resource_offset=0 resource_bytes=0 resource_age_ms=0
2026-08-28 08:32:17.770 [seq=4062] [tid=4800] event=health cpu_core_pct=75.7 working_set_mb=1417 commit_mb=1282 handles=1032 gdi=211 user=21 window=responsive last_resource="(none)" resource_offset=0 resource_bytes=0 resource_age_ms=0
2026-08-28 08:32:18.826 [seq=4063] [tid=4800] event=health cpu_core_pct=73.5 working_set_mb=1417 commit_mb=1282 handles=1032 gdi=207 user=21 window=responsive last_resource="(none)" resource_offset=0 resource_bytes=0 resource_age_ms=0
2026-08-28 08:32:19.857 [seq=4064] [tid=4800] event=health cpu_core_pct=68.1 working_set_mb=1417 commit_mb=1282 handles=1031 gdi=207 user=21 window=responsive last_resource="(none)" resource_offset=0 resource_bytes=0 resource_age_ms=0
2026-08-28 08:32:21.019 [seq=4065] [tid=4800] event=health cpu_core_pct=98.5 working_set_mb=1417 commit_mb=1282 handles=1031 gdi=207 user=21 window=responsive last_resource="(none)" resource_offset=0 resource_bytes=0 resource_age_ms=0
2026-08-28 08:32:22.066 [seq=4066] [tid=4800] event=health cpu_core_pct=84.4 working_set_mb=1417 commit_mb=1282 handles=1031 gdi=207 user=21 window=responsive last_resource="(none)" resource_offset=0 resource_bytes=0 resource_age_ms=0
2026-08-28 08:32:23.158 [seq=4067] [tid=4800] event=health cpu_core_pct=78.6 working_set_mb=1419 commit_mb=1284 handles=1031 gdi=207 user=21 window=responsive last_resource="(none)" resource_offset=0 resource_bytes=0 resource_age_ms=0
2026-08-28 08:32:24.366 [seq=4068] [tid=4800] event=health cpu_core_pct=88.3 working_set_mb=1419 commit_mb=1284 handles=1031 gdi=207 user=21 window=responsive last_resource="(none)" resource_offset=0 resource_bytes=0 resource_age_ms=0
2026-08-28 08:32:25.420 [seq=4069] [tid=4800] event=health cpu_core_pct=76.4 working_set_mb=1419 commit_mb=1285 handles=1031 gdi=207 user=21 window=responsive last_resource="(none)" resource_offset=0 resource_bytes=0 resource_age_ms=0
2026-08-28 08:32:26.223 [seq=4070] [tid=8696] CreateFileMappingA input=00001020 result=00002204 err=0 name=(null) file=\\?\UNC\psf\Home\Documents\mxd\BeiDou-Server\clien\Data\Mob\8820005.img
2026-08-28 08:32:26.226 [seq=4071] [tid=8696] MapViewOfFile mapping=00002204 result=33500000 err=0 access=0x00000004 offset=0:0 bytes=0
2026-08-28 08:32:26.478 [seq=4072] [tid=4800] event=health cpu_core_pct=83.5 working_set_mb=1420 commit_mb=1285 handles=1034 gdi=207 user=21 window=responsive last_resource="(none)" resource_offset=0 resource_bytes=0 resource_age_ms=0
2026-08-28 08:32:27.531 [seq=4073] [tid=4800] event=health cpu_core_pct=68.6 working_set_mb=1423 commit_mb=1288 handles=1037 gdi=168 user=21 window=responsive last_resource="(none)" resource_offset=0 resource_bytes=0 resource_age_ms=0
2026-08-28 08:32:28.629 [seq=4074] [tid=4800] event=health cpu_core_pct=77.4 working_set_mb=1424 commit_mb=1288 handles=1042 gdi=168 user=21 window=responsive last_resource="(none)" resource_offset=0 resource_bytes=0 resource_age_ms=0
2026-08-28 08:32:29.225 [seq=4075] [tid=8696] CreateFileMappingA input=00001304 result=00002018 err=0 name=(null) file=\\?\UNC\psf\Home\Documents\mxd\BeiDou-Server\clien\Data\Item\Etc\0403.img
2026-08-28 08:32:29.226 [seq=4076] [tid=8696] MapViewOfFile mapping=00002018 result=335F0000 err=0 access=0x00000004 offset=0:0 bytes=0
2026-08-28 08:32:29.693 [seq=4077] [tid=4800] event=health cpu_core_pct=82.0 working_set_mb=1428 commit_mb=1291 handles=1047 gdi=168 user=21 window=responsive last_resource="(none)" resource_offset=0 resource_bytes=0 resource_age_ms=0
2026-08-28 08:32:30.778 [seq=4078] [tid=4800] event=health cpu_core_pct=83.8 working_set_mb=1428 commit_mb=1290 handles=1041 gdi=168 user=21 window=responsive last_resource="(none)" resource_offset=0 resource_bytes=0 resource_age_ms=0
2026-08-28 08:32:31.785 [seq=4079] [tid=4800] event=health cpu_core_pct=77.6 working_set_mb=1428 commit_mb=1290 handles=1038 gdi=168 user=21 window=responsive last_resource="(none)" resource_offset=0 resource_bytes=0 resource_age_ms=0
2026-08-28 08:32:32.790 [seq=4080] [tid=4800] event=health cpu_core_pct=90.6 working_set_mb=1428 commit_mb=1290 handles=1037 gdi=168 user=21 window=responsive last_resource="(none)" resource_offset=0 resource_bytes=0 resource_age_ms=0
2026-08-28 08:32:33.949 [seq=4081] [tid=4800] event=health cpu_core_pct=81.3 working_set_mb=1432 commit_mb=1295 handles=1037 gdi=168 user=21 window=responsive last_resource="(none)" resource_offset=0 resource_bytes=0 resource_age_ms=0
2026-08-28 08:32:34.954 [seq=4082] [tid=4800] event=health cpu_core_pct=70.3 working_set_mb=1434 commit_mb=1297 handles=1038 gdi=168 user=21 window=responsive last_resource="(none)" resource_offset=0 resource_bytes=0 resource_age_ms=0
2026-08-28 08:32:35.960 [seq=4083] [tid=4800] event=health cpu_core_pct=98.4 working_set_mb=1437 commit_mb=1300 handles=1045 gdi=168 user=21 window=responsive last_resource="(none)" resource_offset=0 resource_bytes=0 resource_age_ms=0
2026-08-28 08:32:36.968 [seq=4084] [tid=4800] event=health cpu_core_pct=76.8 working_set_mb=1444 commit_mb=1307 handles=1046 gdi=168 user=21 window=responsive last_resource="(none)" resource_offset=0 resource_bytes=0 resource_age_ms=0
2026-08-28 08:32:37.971 [seq=4085] [tid=4800] event=health cpu_core_pct=76.5 working_set_mb=1448 commit_mb=1310 handles=1045 gdi=168 user=21 window=responsive last_resource="(none)" resource_offset=0 resource_bytes=0 resource_age_ms=0
2026-08-28 08:32:38.975 [seq=4086] [tid=4800] event=health cpu_core_pct=68.7 working_set_mb=1451 commit_mb=1313 handles=1044 gdi=168 user=21 window=responsive last_resource="(none)" resource_offset=0 resource_bytes=0 resource_age_ms=0
2026-08-28 08:32:39.982 [seq=4087] [tid=4800] event=health cpu_core_pct=71.8 working_set_mb=1453 commit_mb=1315 handles=1046 gdi=168 user=21 window=responsive last_resource="(none)" resource_offset=0 resource_bytes=0 resource_age_ms=0
2026-08-28 08:32:40.989 [seq=4088] [tid=4800] event=health cpu_core_pct=76.9 working_set_mb=1453 commit_mb=1315 handles=1044 gdi=168 user=21 window=responsive last_resource="(none)" resource_offset=0 resource_bytes=0 resource_age_ms=0
2026-08-28 08:32:41.995 [seq=4089] [tid=4800] event=health cpu_core_pct=70.3 working_set_mb=1456 commit_mb=1318 handles=1045 gdi=168 user=21 window=responsive last_resource="(none)" resource_offset=0 resource_bytes=0 resource_age_ms=0
2026-08-28 08:32:43.004 [seq=4090] [tid=4800] event=health cpu_core_pct=75.3 working_set_mb=1457 commit_mb=1320 handles=1044 gdi=168 user=21 window=responsive last_resource="(none)" resource_offset=0 resource_bytes=0 resource_age_ms=0
2026-08-28 08:32:44.160 [seq=4091] [tid=4800] event=health cpu_core_pct=97.3 working_set_mb=1458 commit_mb=1320 handles=1045 gdi=168 user=21 window=responsive last_resource="(none)" resource_offset=0 resource_bytes=0 resource_age_ms=0
2026-08-28 08:32:45.180 [seq=4092] [tid=4800] event=health cpu_core_pct=83.0 working_set_mb=1458 commit_mb=1320 handles=1045 gdi=168 user=21 window=responsive last_resource="(none)" resource_offset=0 resource_bytes=0 resource_age_ms=0
2026-08-28 08:32:45.604 [seq=4093] [tid=8696] CreateFileMappingA input=00002208 result=00001594 err=0 name=(null) file=\\?\UNC\psf\Home\Documents\mxd\BeiDou-Server\clien\Data\Mob\8820007.img
2026-08-28 08:32:45.611 [seq=4094] [tid=8696] MapViewOfFile mapping=00001594 result=1A1F0000 err=0 access=0x00000004 offset=0:0 bytes=0
2026-08-28 08:32:46.192 [seq=4095] [tid=4800] event=health cpu_core_pct=81.5 working_set_mb=1460 commit_mb=1322 handles=1047 gdi=168 user=21 window=responsive last_resource="(none)" resource_offset=0 resource_bytes=0 resource_age_ms=0
2026-08-28 08:32:47.236 [seq=4096] [tid=4800] event=health cpu_core_pct=78.5 working_set_mb=1462 commit_mb=1324 handles=1046 gdi=168 user=21 window=responsive last_resource="(none)" resource_offset=0 resource_bytes=0 resource_age_ms=0
2026-08-28 08:32:48.565 [seq=4097] [tid=4800] event=health cpu_core_pct=106.9 working_set_mb=1463 commit_mb=1325 handles=1046 gdi=169 user=21 window=responsive last_resource="(none)" resource_offset=0 resource_bytes=0 resource_age_ms=0
2026-08-28 08:32:49.596 [seq=4098] [tid=4800] event=health cpu_core_pct=102.5 working_set_mb=1463 commit_mb=1325 handles=1047 gdi=169 user=21 window=responsive last_resource="(none)" resource_offset=0 resource_bytes=0 resource_age_ms=0
2026-08-28 08:32:50.628 [seq=4099] [tid=4800] event=health cpu_core_pct=89.5 working_set_mb=1463 commit_mb=1325 handles=1025 gdi=169 user=21 window=responsive last_resource="(none)" resource_offset=0 resource_bytes=0 resource_age_ms=0
2026-08-28 08:32:51.645 [seq=4100] [tid=4800] event=health cpu_core_pct=87.5 working_set_mb=1463 commit_mb=1325 handles=1025 gdi=169 user=21 window=responsive last_resource="(none)" resource_offset=0 resource_bytes=0 resource_age_ms=0
2026-08-28 08:32:52.650 [seq=4101] [tid=4800] event=health cpu_core_pct=72.2 working_set_mb=1464 commit_mb=1326 handles=1023 gdi=169 user=21 window=responsive last_resource="(none)" resource_offset=0 resource_bytes=0 resource_age_ms=0
2026-08-28 08:32:53.820 [seq=4102] [tid=4800] event=health cpu_core_pct=87.9 working_set_mb=1466 commit_mb=1328 handles=1025 gdi=169 user=21 window=responsive last_resource="(none)" resource_offset=0 resource_bytes=0 resource_age_ms=0
2026-08-28 08:32:54.825 [seq=4103] [tid=4800] event=health cpu_core_pct=83.1 working_set_mb=1466 commit_mb=1328 handles=1025 gdi=169 user=21 window=responsive last_resource="(none)" resource_offset=0 resource_bytes=0 resource_age_ms=0
2026-08-28 08:32:55.830 [seq=4104] [tid=4800] event=health cpu_core_pct=90.6 working_set_mb=1466 commit_mb=1328 handles=1025 gdi=169 user=21 window=responsive last_resource="(none)" resource_offset=0 resource_bytes=0 resource_age_ms=0
2026-08-28 08:32:56.859 [seq=4105] [tid=4800] event=health cpu_core_pct=83.3 working_set_mb=1466 commit_mb=1328 handles=1024 gdi=169 user=21 window=responsive last_resource="(none)" resource_offset=0 resource_bytes=0 resource_age_ms=0
2026-08-28 08:32:57.863 [seq=4106] [tid=4800] event=health cpu_core_pct=75.0 working_set_mb=1466 commit_mb=1328 handles=1025 gdi=169 user=21 window=responsive last_resource="(none)" resource_offset=0 resource_bytes=0 resource_age_ms=0
2026-08-28 08:32:58.879 [seq=4107] [tid=4800] event=health cpu_core_pct=90.6 working_set_mb=1466 commit_mb=1328 handles=1024 gdi=169 user=21 window=responsive last_resource="(none)" resource_offset=0 resource_bytes=0 resource_age_ms=0
2026-08-28 08:32:59.885 [seq=4108] [tid=4800] event=health cpu_core_pct=79.9 working_set_mb=1466 commit_mb=1329 handles=1025 gdi=169 user=21 window=responsive last_resource="(none)" resource_offset=0 resource_bytes=0 resource_age_ms=0
2026-08-28 08:33:00.908 [seq=4109] [tid=4800] event=health cpu_core_pct=86.3 working_set_mb=1466 commit_mb=1328 handles=1024 gdi=169 user=21 window=responsive last_resource="(none)" resource_offset=0 resource_bytes=0 resource_age_ms=0
2026-08-28 08:33:02.055 [seq=4110] [tid=4800] event=health cpu_core_pct=87.6 working_set_mb=1468 commit_mb=1330 handles=1036 gdi=169 user=21 window=responsive last_resource="(none)" resource_offset=0 resource_bytes=0 resource_age_ms=0
2026-08-28 08:33:03.132 [seq=4111] [tid=4800] event=health cpu_core_pct=94.2 working_set_mb=1469 commit_mb=1332 handles=1037 gdi=169 user=21 window=responsive last_resource="(none)" resource_offset=0 resource_bytes=0 resource_age_ms=0
2026-08-28 08:33:04.462 [seq=4112] [tid=4800] event=health cpu_core_pct=101.2 working_set_mb=1472 commit_mb=1334 handles=1048 gdi=169 user=21 window=responsive last_resource="(none)" resource_offset=0 resource_bytes=0 resource_age_ms=0
2026-08-28 08:33:05.527 [seq=4113] [tid=4800] event=health cpu_core_pct=83.0 working_set_mb=1471 commit_mb=1334 handles=1027 gdi=169 user=21 window=responsive last_resource="(none)" resource_offset=0 resource_bytes=0 resource_age_ms=0
2026-08-28 08:33:06.612 [seq=4114] [tid=4800] event=health cpu_core_pct=90.0 working_set_mb=1472 commit_mb=1334 handles=1026 gdi=169 user=21 window=responsive last_resource="(none)" resource_offset=0 resource_bytes=0 resource_age_ms=0
2026-08-28 08:33:07.673 [seq=4115] [tid=4800] event=health cpu_core_pct=85.2 working_set_mb=1474 commit_mb=1336 handles=1026 gdi=169 user=21 window=responsive last_resource="(none)" resource_offset=0 resource_bytes=0 resource_age_ms=0
2026-08-28 08:33:08.727 [seq=4116] [tid=4800] event=health cpu_core_pct=83.5 working_set_mb=1474 commit_mb=1336 handles=1024 gdi=169 user=21 window=responsive last_resource="(none)" resource_offset=0 resource_bytes=0 resource_age_ms=0
2026-08-28 08:33:09.786 [seq=4117] [tid=4800] event=health cpu_core_pct=79.4 working_set_mb=1474 commit_mb=1336 handles=1022 gdi=169 user=21 window=responsive last_resource="(none)" resource_offset=0 resource_bytes=0 resource_age_ms=0
2026-08-28 08:33:10.794 [seq=4118] [tid=4800] event=health cpu_core_pct=79.6 working_set_mb=1474 commit_mb=1336 handles=1022 gdi=169 user=21 window=responsive last_resource="(none)" resource_offset=0 resource_bytes=0 resource_age_ms=0
2026-08-28 08:33:11.846 [seq=4119] [tid=4800] event=health cpu_core_pct=76.4 working_set_mb=1475 commit_mb=1337 handles=1022 gdi=169 user=21 window=responsive last_resource="(none)" resource_offset=0 resource_bytes=0 resource_age_ms=0
2026-08-28 08:33:12.916 [seq=4120] [tid=4800] event=health cpu_core_pct=75.0 working_set_mb=1475 commit_mb=1337 handles=1023 gdi=169 user=21 window=responsive last_resource="(none)" resource_offset=0 resource_bytes=0 resource_age_ms=0
2026-08-28 08:33:14.173 [seq=4121] [tid=4800] event=health cpu_core_pct=86.3 working_set_mb=1475 commit_mb=1337 handles=1022 gdi=169 user=21 window=responsive last_resource="(none)" resource_offset=0 resource_bytes=0 resource_age_ms=0
2026-08-28 08:33:15.766 [seq=4122] [tid=4800] event=health cpu_core_pct=83.1 working_set_mb=1475 commit_mb=1337 handles=1023 gdi=169 user=21 window=responsive last_resource="(none)" resource_offset=0 resource_bytes=0 resource_age_ms=0
2026-08-28 08:33:16.817 [seq=4123] [tid=4800] event=health cpu_core_pct=86.5 working_set_mb=1475 commit_mb=1337 handles=1022 gdi=169 user=21 window=responsive last_resource="(none)" resource_offset=0 resource_bytes=0 resource_age_ms=0
2026-08-28 08:33:17.879 [seq=4124] [tid=4800] event=health cpu_core_pct=86.9 working_set_mb=1475 commit_mb=1337 handles=1024 gdi=169 user=21 window=responsive last_resource="(none)" resource_offset=0 resource_bytes=0 resource_age_ms=0
2026-08-28 08:33:18.908 [seq=4125] [tid=4800] event=health cpu_core_pct=81.8 working_set_mb=1475 commit_mb=1337 handles=1022 gdi=169 user=21 window=responsive last_resource="(none)" resource_offset=0 resource_bytes=0 resource_age_ms=0
2026-08-28 08:33:19.952 [seq=4126] [tid=4800] event=health cpu_core_pct=85.0 working_set_mb=1475 commit_mb=1337 handles=1022 gdi=169 user=21 window=responsive last_resource="(none)" resource_offset=0 resource_bytes=0 resource_age_ms=0
2026-08-28 08:33:20.958 [seq=4127] [tid=4800] event=health cpu_core_pct=78.1 working_set_mb=1475 commit_mb=1337 handles=1022 gdi=169 user=21 window=responsive last_resource="(none)" resource_offset=0 resource_bytes=0 resource_age_ms=0
2026-08-28 08:33:21.398 [seq=4128] [tid=8696] CreateFileMappingA input=0000237C result=00002600 err=0 name=(null) file=\\?\UNC\psf\Home\Documents\mxd\BeiDou-Server\clien\Data\Mob\8820006.img
2026-08-28 08:33:21.402 [seq=4129] [tid=8696] MapViewOfFile mapping=00002600 result=3A330000 err=0 access=0x00000004 offset=0:0 bytes=0
2026-08-28 08:33:22.021 [seq=4130] [tid=4800] event=health cpu_core_pct=72.0 working_set_mb=1476 commit_mb=1338 handles=1024 gdi=169 user=21 window=responsive last_resource="(none)" resource_offset=0 resource_bytes=0 resource_age_ms=0
2026-08-28 08:33:23.086 [seq=4131] [tid=4800] event=health cpu_core_pct=72.0 working_set_mb=1480 commit_mb=1342 handles=1029 gdi=169 user=21 window=responsive last_resource="(none)" resource_offset=0 resource_bytes=0 resource_age_ms=0
2026-08-28 08:33:24.321 [seq=4132] [tid=4800] event=health cpu_core_pct=93.6 working_set_mb=1481 commit_mb=1343 handles=1033 gdi=169 user=21 window=responsive last_resource="(none)" resource_offset=0 resource_bytes=0 resource_age_ms=0
2026-08-28 08:33:25.367 [seq=4133] [tid=4800] event=health cpu_core_pct=94.1 working_set_mb=1493 commit_mb=1355 handles=1037 gdi=169 user=21 window=responsive last_resource="(none)" resource_offset=0 resource_bytes=0 resource_age_ms=0
2026-08-28 08:33:26.416 [seq=4134] [tid=4800] event=health cpu_core_pct=68.6 working_set_mb=1497 commit_mb=1358 handles=1030 gdi=169 user=21 window=responsive last_resource="(none)" resource_offset=0 resource_bytes=0 resource_age_ms=0
2026-08-28 08:33:27.421 [seq=4135] [tid=4800] event=health cpu_core_pct=81.5 working_set_mb=1498 commit_mb=1359 handles=1031 gdi=169 user=21 window=responsive last_resource="(none)" resource_offset=0 resource_bytes=0 resource_age_ms=0
2026-08-28 08:33:28.427 [seq=4136] [tid=4800] event=health cpu_core_pct=78.1 working_set_mb=1504 commit_mb=1365 handles=1030 gdi=169 user=21 window=responsive last_resource="(none)" resource_offset=0 resource_bytes=0 resource_age_ms=0
2026-08-28 08:33:29.431 [seq=4137] [tid=4800] event=health cpu_core_pct=59.3 working_set_mb=1505 commit_mb=1366 handles=1029 gdi=169 user=21 window=responsive last_resource="(none)" resource_offset=0 resource_bytes=0 resource_age_ms=0
2026-08-28 08:33:30.442 [seq=4138] [tid=4800] event=health cpu_core_pct=79.9 working_set_mb=1507 commit_mb=1368 handles=1028 gdi=169 user=21 window=responsive last_resource="(none)" resource_offset=0 resource_bytes=0 resource_age_ms=0
2026-08-28 08:33:31.446 [seq=4139] [tid=4800] event=health cpu_core_pct=73.4 working_set_mb=1507 commit_mb=1368 handles=1029 gdi=169 user=21 window=responsive last_resource="(none)" resource_offset=0 resource_bytes=0 resource_age_ms=0
2026-08-28 08:33:32.451 [seq=4140] [tid=4800] event=health cpu_core_pct=63.1 working_set_mb=1507 commit_mb=1369 handles=1028 gdi=169 user=21 window=responsive last_resource="(none)" resource_offset=0 resource_bytes=0 resource_age_ms=0
2026-08-28 08:33:33.697 [seq=4141] [tid=4800] event=health cpu_core_pct=89.8 working_set_mb=1510 commit_mb=1371 handles=1030 gdi=169 user=21 window=responsive last_resource="(none)" resource_offset=0 resource_bytes=0 resource_age_ms=0
2026-08-28 08:33:34.722 [seq=4142] [tid=4800] event=health cpu_core_pct=72.7 working_set_mb=1510 commit_mb=1371 handles=1029 gdi=169 user=21 window=responsive last_resource="(none)" resource_offset=0 resource_bytes=0 resource_age_ms=0
2026-08-28 08:33:35.727 [seq=4143] [tid=4800] event=health cpu_core_pct=70.3 working_set_mb=1510 commit_mb=1371 handles=1030 gdi=169 user=21 window=responsive last_resource="(none)" resource_offset=0 resource_bytes=0 resource_age_ms=0
2026-08-28 08:33:36.731 [seq=4144] [tid=4800] event=health cpu_core_pct=63.1 working_set_mb=1510 commit_mb=1371 handles=1028 gdi=169 user=21 window=responsive last_resource="(none)" resource_offset=0 resource_bytes=0 resource_age_ms=0
2026-08-28 08:33:37.739 [seq=4145] [tid=4800] event=health cpu_core_pct=60.9 working_set_mb=1510 commit_mb=1371 handles=1027 gdi=169 user=21 window=responsive last_resource="(none)" resource_offset=0 resource_bytes=0 resource_age_ms=0
2026-08-28 08:33:38.745 [seq=4146] [tid=4800] event=health cpu_core_pct=82.8 working_set_mb=1510 commit_mb=1371 handles=1026 gdi=169 user=21 window=responsive last_resource="(none)" resource_offset=0 resource_bytes=0 resource_age_ms=0
2026-08-28 08:33:39.750 [seq=4147] [tid=4800] event=health cpu_core_pct=72.2 working_set_mb=1510 commit_mb=1371 handles=1026 gdi=169 user=21 window=responsive last_resource="(none)" resource_offset=0 resource_bytes=0 resource_age_ms=0
2026-08-28 08:33:40.754 [seq=4148] [tid=4800] event=health cpu_core_pct=78.1 working_set_mb=1510 commit_mb=1371 handles=1026 gdi=169 user=21 window=responsive last_resource="(none)" resource_offset=0 resource_bytes=0 resource_age_ms=0
2026-08-28 08:33:41.760 [seq=4149] [tid=4800] event=health cpu_core_pct=76.5 working_set_mb=1510 commit_mb=1371 handles=1027 gdi=169 user=21 window=responsive last_resource="(none)" resource_offset=0 resource_bytes=0 resource_age_ms=0
2026-08-28 08:33:42.765 [seq=4150] [tid=4800] event=health cpu_core_pct=73.8 working_set_mb=1510 commit_mb=1371 handles=1026 gdi=169 user=21 window=responsive last_resource="(none)" resource_offset=0 resource_bytes=0 resource_age_ms=0
2026-08-28 08:33:43.958 [seq=4151] [tid=4800] event=health cpu_core_pct=73.7 working_set_mb=1510 commit_mb=1371 handles=1027 gdi=169 user=21 window=responsive last_resource="(none)" resource_offset=0 resource_bytes=0 resource_age_ms=0
2026-08-28 08:33:44.964 [seq=4152] [tid=4800] event=health cpu_core_pct=79.6 working_set_mb=1510 commit_mb=1371 handles=1026 gdi=169 user=21 window=responsive last_resource="(none)" resource_offset=0 resource_bytes=0 resource_age_ms=0
2026-08-28 08:33:45.971 [seq=4153] [tid=4800] event=health cpu_core_pct=67.6 working_set_mb=1510 commit_mb=1371 handles=1026 gdi=169 user=21 window=responsive last_resource="(none)" resource_offset=0 resource_bytes=0 resource_age_ms=0
2026-08-28 08:33:46.974 [seq=4154] [tid=4800] event=health cpu_core_pct=81.2 working_set_mb=1510 commit_mb=1371 handles=1026 gdi=169 user=21 window=responsive last_resource="(none)" resource_offset=0 resource_bytes=0 resource_age_ms=0
2026-08-28 08:33:47.980 [seq=4155] [tid=4800] event=health cpu_core_pct=76.5 working_set_mb=1510 commit_mb=1371 handles=1028 gdi=169 user=21 window=responsive last_resource="(none)" resource_offset=0 resource_bytes=0 resource_age_ms=0
2026-08-28 08:33:48.999 [seq=4156] [tid=4800] event=health cpu_core_pct=69.2 working_set_mb=1510 commit_mb=1371 handles=1025 gdi=169 user=21 window=responsive last_resource="(none)" resource_offset=0 resource_bytes=0 resource_age_ms=0
2026-08-28 08:33:50.046 [seq=4157] [tid=4800] event=health cpu_core_pct=77.9 working_set_mb=1510 commit_mb=1371 handles=1027 gdi=169 user=21 window=responsive last_resource="(none)" resource_offset=0 resource_bytes=0 resource_age_ms=0
2026-08-28 08:33:51.100 [seq=4158] [tid=4800] event=health cpu_core_pct=83.5 working_set_mb=1372 commit_mb=1243 handles=1022 gdi=169 user=21 window=responsive last_resource="(none)" resource_offset=0 resource_bytes=0 resource_age_ms=0
2026-08-28 08:33:52.126 [seq=4159] [tid=4800] event=health cpu_core_pct=80.3 working_set_mb=1372 commit_mb=1244 handles=1023 gdi=171 user=21 window=responsive last_resource="(none)" resource_offset=0 resource_bytes=0 resource_age_ms=0
2026-08-28 08:33:53.136 [seq=4160] [tid=4800] event=health cpu_core_pct=75.0 working_set_mb=1372 commit_mb=1244 handles=1022 gdi=171 user=21 window=responsive last_resource="(none)" resource_offset=0 resource_bytes=0 resource_age_ms=0
2026-08-28 08:33:54.683 [seq=4161] [tid=4800] event=health cpu_core_pct=86.3 working_set_mb=1373 commit_mb=1244 handles=1023 gdi=171 user=21 window=responsive last_resource="(none)" resource_offset=0 resource_bytes=0 resource_age_ms=0
2026-08-28 08:33:55.767 [seq=4162] [tid=4800] event=health cpu_core_pct=93.7 working_set_mb=1372 commit_mb=1244 handles=1021 gdi=171 user=21 window=responsive last_resource="(none)" resource_offset=0 resource_bytes=0 resource_age_ms=0
2026-08-28 08:33:56.065 [seq=4163] [tid=8696] CreateFileMappingA input=000023A4 result=00002638 err=0 name=(null) file=\\?\UNC\psf\Home\Documents\mxd\BeiDou-Server\clien\Data\Sound\Item.img
2026-08-28 08:33:56.074 [seq=4164] [tid=8696] MapViewOfFile mapping=00002638 result=1A240000 err=0 access=0x00000004 offset=0:0 bytes=0
2026-08-28 08:33:56.891 [seq=4165] [tid=4800] event=health cpu_core_pct=86.1 working_set_mb=1372 commit_mb=1243 handles=1024 gdi=171 user=21 window=responsive last_resource="(none)" resource_offset=0 resource_bytes=0 resource_age_ms=0
2026-08-28 08:33:57.897 [seq=4166] [tid=4800] event=health cpu_core_pct=67.1 working_set_mb=1331 commit_mb=1202 handles=1024 gdi=171 user=21 window=responsive last_resource="(none)" resource_offset=0 resource_bytes=0 resource_age_ms=0
2026-08-28 08:33:58.903 [seq=4167] [tid=4800] event=health cpu_core_pct=80.0 working_set_mb=1295 commit_mb=1166 handles=1025 gdi=171 user=21 window=responsive last_resource="(none)" resource_offset=0 resource_bytes=0 resource_age_ms=0
2026-08-28 08:33:59.978 [seq=4168] [tid=4800] event=health cpu_core_pct=79.3 working_set_mb=1295 commit_mb=1166 handles=1024 gdi=171 user=21 window=responsive last_resource="(none)" resource_offset=0 resource_bytes=0 resource_age_ms=0
2026-08-28 08:34:01.014 [seq=4169] [tid=4800] event=health cpu_core_pct=64.1 working_set_mb=1294 commit_mb=1165 handles=1023 gdi=171 user=21 window=responsive last_resource="(none)" resource_offset=0 resource_bytes=0 resource_age_ms=0
2026-08-28 08:34:02.035 [seq=4170] [tid=4800] event=health cpu_core_pct=75.0 working_set_mb=1294 commit_mb=1165 handles=1024 gdi=171 user=21 window=responsive last_resource="(none)" resource_offset=0 resource_bytes=0 resource_age_ms=0
2026-08-28 08:34:03.041 [seq=4171] [tid=4800] event=health cpu_core_pct=73.8 working_set_mb=1294 commit_mb=1165 handles=1025 gdi=171 user=21 window=responsive last_resource="(none)" resource_offset=0 resource_bytes=0 resource_age_ms=0
2026-08-28 08:34:04.867 [seq=4172] [tid=4800] event=health cpu_core_pct=111.9 working_set_mb=1294 commit_mb=1165 handles=1023 gdi=171 user=21 window=responsive last_resource="(none)" resource_offset=0 resource_bytes=0 resource_age_ms=0
2026-08-28 08:34:05.942 [seq=4173] [tid=4800] event=health cpu_core_pct=75.3 working_set_mb=1294 commit_mb=1165 handles=1027 gdi=171 user=21 window=responsive last_resource="(none)" resource_offset=0 resource_bytes=0 resource_age_ms=0
2026-08-28 08:34:06.949 [seq=4174] [tid=4800] event=health cpu_core_pct=78.5 working_set_mb=1295 commit_mb=1166 handles=1028 gdi=171 user=21 window=responsive last_resource="(none)" resource_offset=0 resource_bytes=0 resource_age_ms=0
2026-08-28 08:34:07.954 [seq=4175] [tid=4800] event=health cpu_core_pct=70.3 working_set_mb=1295 commit_mb=1166 handles=1029 gdi=171 user=21 window=responsive last_resource="(none)" resource_offset=0 resource_bytes=0 resource_age_ms=0
2026-08-28 08:34:08.962 [seq=4176] [tid=4800] event=health cpu_core_pct=76.5 working_set_mb=1295 commit_mb=1166 handles=1027 gdi=171 user=21 window=responsive last_resource="(none)" resource_offset=0 resource_bytes=0 resource_age_ms=0
2026-08-28 08:34:09.968 [seq=4177] [tid=4800] event=health cpu_core_pct=73.8 working_set_mb=1295 commit_mb=1166 handles=1028 gdi=171 user=21 window=responsive last_resource="(none)" resource_offset=0 resource_bytes=0 resource_age_ms=0
2026-08-28 08:34:10.979 [seq=4178] [tid=4800] event=health cpu_core_pct=87.5 working_set_mb=1295 commit_mb=1166 handles=1028 gdi=171 user=21 window=responsive last_resource="(none)" resource_offset=0 resource_bytes=0 resource_age_ms=0
2026-08-28 08:34:12.062 [seq=4179] [tid=4800] event=health cpu_core_pct=85.6 working_set_mb=1296 commit_mb=1167 handles=1031 gdi=171 user=21 window=responsive last_resource="(none)" resource_offset=0 resource_bytes=0 resource_age_ms=0
2026-08-28 08:34:13.104 [seq=4180] [tid=4800] event=health cpu_core_pct=92.4 working_set_mb=1296 commit_mb=1167 handles=1030 gdi=171 user=21 window=responsive last_resource="(none)" resource_offset=0 resource_bytes=0 resource_age_ms=0
2026-08-28 08:34:15.054 [seq=4181] [tid=4800] event=health cpu_core_pct=106.4 working_set_mb=1296 commit_mb=1167 handles=1025 gdi=171 user=21 window=responsive last_resource="(none)" resource_offset=0 resource_bytes=0 resource_age_ms=0
2026-08-28 08:34:16.127 [seq=4182] [tid=4800] event=health cpu_core_pct=71.0 working_set_mb=1296 commit_mb=1168 handles=1031 gdi=171 user=21 window=responsive last_resource="(none)" resource_offset=0 resource_bytes=0 resource_age_ms=0
2026-08-28 08:34:17.132 [seq=4183] [tid=4800] event=health cpu_core_pct=79.6 working_set_mb=1296 commit_mb=1167 handles=1028 gdi=171 user=21 window=responsive last_resource="(none)" resource_offset=0 resource_bytes=0 resource_age_ms=0
2026-08-28 08:34:18.155 [seq=4184] [tid=4800] event=health cpu_core_pct=69.7 working_set_mb=1296 commit_mb=1167 handles=1029 gdi=171 user=21 window=responsive last_resource="(none)" resource_offset=0 resource_bytes=0 resource_age_ms=0
2026-08-28 08:34:19.246 [seq=4185] [tid=4800] event=health cpu_core_pct=79.7 working_set_mb=1296 commit_mb=1168 handles=1032 gdi=171 user=21 window=responsive last_resource="(none)" resource_offset=0 resource_bytes=0 resource_age_ms=0
2026-08-28 08:34:20.302 [seq=4186] [tid=4800] event=health cpu_core_pct=76.4 working_set_mb=1297 commit_mb=1168 handles=1034 gdi=171 user=21 window=responsive last_resource="(none)" resource_offset=0 resource_bytes=0 resource_age_ms=0
2026-08-28 08:34:21.309 [seq=4187] [tid=4800] event=health cpu_core_pct=81.5 working_set_mb=1297 commit_mb=1168 handles=1030 gdi=171 user=21 window=responsive last_resource="(none)" resource_offset=0 resource_bytes=0 resource_age_ms=0
2026-08-28 08:34:22.339 [seq=4188] [tid=4800] event=health cpu_core_pct=86.2 working_set_mb=1297 commit_mb=1168 handles=1028 gdi=171 user=21 window=responsive last_resource="(none)" resource_offset=0 resource_bytes=0 resource_age_ms=0
2026-08-28 08:34:23.458 [seq=4189] [tid=4800] event=health cpu_core_pct=72.2 working_set_mb=1297 commit_mb=1168 handles=1026 gdi=171 user=21 window=responsive last_resource="(none)" resource_offset=0 resource_bytes=0 resource_age_ms=0
2026-08-28 08:34:25.134 [seq=4190] [tid=4800] event=health cpu_core_pct=108.4 working_set_mb=1297 commit_mb=1168 handles=1028 gdi=171 user=21 window=responsive last_resource="(none)" resource_offset=0 resource_bytes=0 resource_age_ms=0
2026-08-28 08:34:26.171 [seq=4191] [tid=4800] event=health cpu_core_pct=83.5 working_set_mb=1297 commit_mb=1168 handles=1027 gdi=171 user=21 window=responsive last_resource="(none)" resource_offset=0 resource_bytes=0 resource_age_ms=0
2026-08-28 08:34:27.181 [seq=4192] [tid=4800] event=health cpu_core_pct=82.8 working_set_mb=1296 commit_mb=1168 handles=1028 gdi=171 user=21 window=responsive last_resource="(none)" resource_offset=0 resource_bytes=0 resource_age_ms=0
2026-08-28 08:34:28.187 [seq=4193] [tid=4800] event=health cpu_core_pct=78.4 working_set_mb=1296 commit_mb=1167 handles=1027 gdi=171 user=21 window=responsive last_resource="(none)" resource_offset=0 resource_bytes=0 resource_age_ms=0
2026-08-28 08:34:29.195 [seq=4194] [tid=4800] event=health cpu_core_pct=75.0 working_set_mb=1296 commit_mb=1167 handles=1026 gdi=171 user=21 window=responsive last_resource="(none)" resource_offset=0 resource_bytes=0 resource_age_ms=0
2026-08-28 08:34:30.223 [seq=4195] [tid=4800] event=health cpu_core_pct=61.5 working_set_mb=1296 commit_mb=1168 handles=1027 gdi=171 user=21 window=responsive last_resource="(none)" resource_offset=0 resource_bytes=0 resource_age_ms=0
2026-08-28 08:34:31.259 [seq=4196] [tid=4800] event=health cpu_core_pct=70.1 working_set_mb=1296 commit_mb=1167 handles=1027 gdi=171 user=21 window=responsive last_resource="(none)" resource_offset=0 resource_bytes=0 resource_age_ms=0
2026-08-28 08:34:32.326 [seq=4197] [tid=4800] event=health cpu_core_pct=81.1 working_set_mb=1296 commit_mb=1167 handles=1027 gdi=171 user=21 window=responsive last_resource="(none)" resource_offset=0 resource_bytes=0 resource_age_ms=0
2026-08-28 08:34:33.421 [seq=4198] [tid=4800] event=health cpu_core_pct=77.1 working_set_mb=1296 commit_mb=1167 handles=1026 gdi=171 user=21 window=responsive last_resource="(none)" resource_offset=0 resource_bytes=0 resource_age_ms=0
2026-08-28 08:34:35.170 [seq=4199] [tid=4800] event=health cpu_core_pct=102.6 working_set_mb=1296 commit_mb=1167 handles=1027 gdi=171 user=21 window=responsive last_resource="(none)" resource_offset=0 resource_bytes=0 resource_age_ms=0
2026-08-28 08:34:36.198 [seq=4200] [tid=4800] event=health cpu_core_pct=89.1 working_set_mb=1297 commit_mb=1168 handles=1030 gdi=171 user=21 window=responsive last_resource="(none)" resource_offset=0 resource_bytes=0 resource_age_ms=0
2026-08-28 08:34:37.242 [seq=4201] [tid=4800] event=health cpu_core_pct=88.1 working_set_mb=1298 commit_mb=1169 handles=1037 gdi=171 user=21 window=responsive last_resource="(none)" resource_offset=0 resource_bytes=0 resource_age_ms=0
2026-08-28 08:34:38.256 [seq=4202] [tid=4800] event=health cpu_core_pct=70.7 working_set_mb=1298 commit_mb=1169 handles=1038 gdi=171 user=21 window=responsive last_resource="(none)" resource_offset=0 resource_bytes=0 resource_age_ms=0
2026-08-28 08:34:39.318 [seq=4203] [tid=4800] event=health cpu_core_pct=95.5 working_set_mb=1299 commit_mb=1171 handles=1033 gdi=171 user=21 window=responsive last_resource="(none)" resource_offset=0 resource_bytes=0 resource_age_ms=0
2026-08-28 08:34:40.378 [seq=4204] [tid=4800] event=health cpu_core_pct=82.6 working_set_mb=1299 commit_mb=1172 handles=1026 gdi=171 user=21 window=responsive last_resource="(none)" resource_offset=0 resource_bytes=0 resource_age_ms=0
2026-08-28 08:34:41.453 [seq=4205] [tid=4800] event=health cpu_core_pct=65.2 working_set_mb=1300 commit_mb=1173 handles=1026 gdi=171 user=21 window=responsive last_resource="(none)" resource_offset=0 resource_bytes=0 resource_age_ms=0
2026-08-28 08:34:42.517 [seq=4206] [tid=4800] event=health cpu_core_pct=77.9 working_set_mb=1300 commit_mb=1172 handles=1026 gdi=171 user=21 window=responsive last_resource="(none)" resource_offset=0 resource_bytes=0 resource_age_ms=0
2026-08-28 08:34:43.769 [seq=4207] [tid=4800] event=health cpu_core_pct=88.7 working_set_mb=1300 commit_mb=1173 handles=1026 gdi=171 user=21 window=responsive last_resource="(none)" resource_offset=0 resource_bytes=0 resource_age_ms=0
2026-08-28 08:34:45.510 [seq=4208] [tid=4800] event=health cpu_core_pct=99.1 working_set_mb=1300 commit_mb=1173 handles=1028 gdi=171 user=21 window=responsive last_resource="(none)" resource_offset=0 resource_bytes=0 resource_age_ms=0
2026-08-28 08:34:46.565 [seq=4209] [tid=4800] event=health cpu_core_pct=89.9 working_set_mb=1300 commit_mb=1173 handles=1026 gdi=171 user=21 window=responsive last_resource="(none)" resource_offset=0 resource_bytes=0 resource_age_ms=0
2026-08-28 08:34:47.637 [seq=4210] [tid=4800] event=health cpu_core_pct=84.0 working_set_mb=1300 commit_mb=1173 handles=1031 gdi=171 user=21 window=responsive last_resource="(none)" resource_offset=0 resource_bytes=0 resource_age_ms=0
2026-08-28 08:34:48.704 [seq=4211] [tid=4800] event=health cpu_core_pct=79.7 working_set_mb=1300 commit_mb=1173 handles=1029 gdi=171 user=21 window=responsive last_resource="(none)" resource_offset=0 resource_bytes=0 resource_age_ms=0
2026-08-28 08:34:49.795 [seq=4212] [tid=4800] event=health cpu_core_pct=77.1 working_set_mb=1301 commit_mb=1173 handles=1031 gdi=171 user=21 window=responsive last_resource="(none)" resource_offset=0 resource_bytes=0 resource_age_ms=0
2026-08-28 08:34:50.852 [seq=4213] [tid=4800] event=health cpu_core_pct=81.8 working_set_mb=1297 commit_mb=1170 handles=1021 gdi=171 user=21 window=responsive last_resource="(none)" resource_offset=0 resource_bytes=0 resource_age_ms=0
2026-08-28 08:34:51.985 [seq=4214] [tid=4800] event=health cpu_core_pct=77.0 working_set_mb=1297 commit_mb=1170 handles=1017 gdi=171 user=21 window=responsive last_resource="(none)" resource_offset=0 resource_bytes=0 resource_age_ms=0
2026-08-28 08:34:53.061 [seq=4215] [tid=4800] event=health cpu_core_pct=79.3 working_set_mb=1301 commit_mb=1175 handles=1019 gdi=171 user=21 window=responsive last_resource="(none)" resource_offset=0 resource_bytes=0 resource_age_ms=0
2026-08-28 08:34:54.810 [seq=4216] [tid=4800] event=health cpu_core_pct=102.6 working_set_mb=1301 commit_mb=1175 handles=1014 gdi=171 user=21 window=responsive last_resource="(none)" resource_offset=0 resource_bytes=0 resource_age_ms=0
2026-08-28 08:34:55.885 [seq=4217] [tid=4800] event=health cpu_core_pct=73.5 working_set_mb=1301 commit_mb=1175 handles=1016 gdi=171 user=21 window=responsive last_resource="(none)" resource_offset=0 resource_bytes=0 resource_age_ms=0
2026-08-28 08:34:57.003 [seq=4218] [tid=4800] event=health cpu_core_pct=84.7 working_set_mb=1300 commit_mb=1174 handles=1015 gdi=171 user=21 window=responsive last_resource="(none)" resource_offset=0 resource_bytes=0 resource_age_ms=0
2026-08-28 08:34:58.065 [seq=4219] [tid=4800] event=health cpu_core_pct=70.5 working_set_mb=1300 commit_mb=1174 handles=1017 gdi=171 user=21 window=responsive last_resource="(none)" resource_offset=0 resource_bytes=0 resource_age_ms=0
2026-08-28 08:34:59.217 [seq=4220] [tid=4800] event=health cpu_core_pct=90.4 working_set_mb=1300 commit_mb=1174 handles=1018 gdi=171 user=21 window=responsive last_resource="(none)" resource_offset=0 resource_bytes=0 resource_age_ms=0
2026-08-28 08:35:00.327 [seq=4221] [tid=4800] event=health cpu_core_pct=88.8 working_set_mb=1300 commit_mb=1174 handles=1017 gdi=169 user=21 window=responsive last_resource="(none)" resource_offset=0 resource_bytes=0 resource_age_ms=0
2026-08-28 08:35:01.422 [seq=4222] [tid=4800] event=health cpu_core_pct=97.1 working_set_mb=1299 commit_mb=1173 handles=1015 gdi=169 user=21 window=responsive last_resource="(none)" resource_offset=0 resource_bytes=0 resource_age_ms=0
2026-08-28 08:35:02.864 [seq=4223] [tid=4800] event=health cpu_core_pct=90.1 working_set_mb=1287 commit_mb=1161 handles=990 gdi=169 user=20 window=responsive last_resource="(none)" resource_offset=0 resource_bytes=0 resource_age_ms=0
2026-08-28 08:35:04.772 [seq=4224] [tid=4800] event=health cpu_core_pct=95.9 working_set_mb=1287 commit_mb=1161 handles=986 gdi=169 user=20 window=responsive last_resource="(none)" resource_offset=0 resource_bytes=0 resource_age_ms=0
2026-08-28 08:35:06.803 [seq=4225] [tid=4800] event=health cpu_core_pct=106.9 working_set_mb=1287 commit_mb=1160 handles=986 gdi=169 user=20 window=hung last_resource="(none)" resource_offset=0 resource_bytes=0 resource_age_ms=0
2026-08-28 08:35:08.606 [seq=4226] [tid=4800] event=health cpu_core_pct=82.6 working_set_mb=1282 commit_mb=1155 handles=986 gdi=169 user=20 window=hung last_resource="(none)" resource_offset=0 resource_bytes=0 resource_age_ms=0
2026-08-28 08:35:10.435 [seq=4227] [tid=4800] event=health cpu_core_pct=90.6 working_set_mb=1279 commit_mb=1153 handles=986 gdi=169 user=20 window=hung last_resource="(none)" resource_offset=0 resource_bytes=0 resource_age_ms=0
2026-08-28 08:35:12.391 [seq=4228] [tid=4800] event=health cpu_core_pct=80.6 working_set_mb=1279 commit_mb=1153 handles=986 gdi=169 user=20 window=hung last_resource="(none)" resource_offset=0 resource_bytes=0 resource_age_ms=0
2026-08-28 08:35:12.400 [seq=4229] [tid=4800] event=hang_detected reason=window_unresponsive
2026-08-28 08:35:14.819 [seq=4230] [tid=4800] event=dump status=ok reason=hang error=0 path="C:\Mac\Home\Documents\mxd\BeiDou-Server\clien\diagnostics\hang-20260828-082236-pid8156-7636375.dmp"
2026-08-28 08:35:16.260 [seq=4231] [tid=4800] event=health cpu_core_pct=50.4 working_set_mb=1242 commit_mb=1152 handles=851 gdi=169 user=20 window=hung last_resource="(none)" resource_offset=0 resource_bytes=0 resource_age_ms=0
2026-08-28 08:35:16.282 [seq=4232] [tid=8696] event=exception_filter action=preserved_client_filter
2026-08-28 08:35:17.271 [seq=4233] [tid=4800] event=health cpu_core_pct=23.0 working_set_mb=1129 commit_mb=1033 handles=845 gdi=169 user=20 window=hung last_resource="(none)" resource_offset=0 resource_bytes=0 resource_age_ms=0
2026-08-28 08:35:18.293 [seq=4234] [tid=4800] event=health cpu_core_pct=23.0 working_set_mb=1004 commit_mb=910 handles=845 gdi=169 user=20 window=hung last_resource="(none)" resource_offset=0 resource_bytes=0 resource_age_ms=0
2026-08-28 08:35:19.313 [seq=4235] [tid=4800] event=health cpu_core_pct=40.8 working_set_mb=767 commit_mb=676 handles=845 gdi=169 user=20 window=hung last_resource="(none)" resource_offset=0 resource_bytes=0 resource_age_ms=0
2026-08-28 08:35:20.491 [seq=4236] [tid=4800] event=health cpu_core_pct=58.4 working_set_mb=686 commit_mb=665 handles=649 gdi=169 user=20 window=missing last_resource="(none)" resource_offset=0 resource_bytes=0 resource_age_ms=0
2026-08-28 08:35:20.515 [seq=4237] [tid=4800] event=window_lost reason=visible_client_window_disappeared
2026-08-28 08:35:21.098 [seq=4238] [tid=8696] event=resource_search status=failed handle=FFFFFFFF error=2 pattern="C:\Users\lizixian\AppData\Local\Temp\nst*.tmp"
2026-08-28 08:35:21.902 [seq=4239] [tid=4800] event=dump status=ok reason=window-lost error=0 path="C:\Mac\Home\Documents\mxd\BeiDou-Server\clien\diagnostics\window-lost-20260828-082236-pid8156-7644343.dmp"
2026-08-28 08:35:22.958 [seq=4240] [tid=4800] event=health cpu_core_pct=35.9 working_set_mb=586 commit_mb=564 handles=598 gdi=80 user=18 window=responsive last_resource="(none)" resource_offset=0 resource_bytes=0 resource_age_ms=0
2026-08-28 08:35:23.966 [seq=4241] [tid=4800] event=health cpu_core_pct=3.0 working_set_mb=554 commit_mb=532 handles=598 gdi=80 user=18 window=responsive last_resource="(none)" resource_offset=0 resource_bytes=0 resource_age_ms=0
2026-08-28 08:35:24.984 [seq=4242] [tid=4800] event=health cpu_core_pct=1.5 working_set_mb=522 commit_mb=499 handles=598 gdi=81 user=18 window=responsive last_resource="(none)" resource_offset=0 resource_bytes=0 resource_age_ms=0
2026-08-28 08:35:25.500 [seq=4243] [tid=8696] event=exception_filter action=preserved_client_filter
2026-08-28 08:35:26.024 [seq=4244] [tid=4800] event=health cpu_core_pct=65.1 working_set_mb=326 commit_mb=300 handles=577 gdi=79 user=9 window=missing last_resource="(none)" resource_offset=0 resource_bytes=0 resource_age_ms=0
2026-08-28 08:35:26.081 [seq=4245] [tid=8696] event=exception_filter action=preserved_client_filter
2026-08-28 08:35:26.083 [seq=4246] [tid=8696] event=process_exit api=ExitProcess code=0 tid=8696
2026-08-28 08:35:28.043 [seq=4247] [tid=4800] event=health cpu_core_pct=47.3 working_set_mb=230 commit_mb=205 handles=600 gdi=79 user=9 window=missing last_resource="(none)" resource_offset=0 resource_bytes=0 resource_age_ms=0
2026-08-28 08:35:28.061 [seq=4248] [tid=8696] event=dump status=ok reason=exit-process error=0 path="C:\Mac\Home\Documents\mxd\BeiDou-Server\clien\diagnostics\exit-process-20260828-082236-pid8156-7649921.dmp"
2026-08-28 08:35:28.170 [seq=4249] [tid=8696] event=exception_filter action=preserved_client_filter
