2026-09-24 08:24:13.590 [seq=1] [tid=7116] event=session_start session=20260924-082413-pid3136 pid=3136 exe_dir="C:\Mac\Home\Documents\mxd\BeiDou-Server\clien\" health_interval_ms=1000 hang_threshold_ms=5000 high_cpu_threshold=70 high_cpu_threshold_ms=3000 dump_on_hang=1 manual_dump_hotkey=1 log_first_chance_exceptions=1 log_successful_mappings=0
2026-09-24 08:24:13.605 [seq=2] [tid=7116] event=first_chance_handler status=installed av_limit=32 cpp_limit=32 filters=C0000005/E06D7363/80004003 cpp_after_client_window=1 av_stack_samples=4 cpp_stack_samples=8 stack_dwords=32/96
2026-09-24 08:24:13.605 [seq=3] [tid=7116] event=hook_summary total=14 CreateFileW=0 CreateFileA=1 _lopen=1 FindFirstFileA=1 GetProcAddress=0 Mapping=1/0/1 ReadFile=1 CloseHandle=1 ExceptionFilter=1 Exit=1/1 FatalAppExit=0/1 LoadLibrary=0/1/1 MessageBox=0/1 Ex=0/0 Indirect=0/0 DispatchMessage=0/0 fopen=0 fread=0 module="C:\Mac\Home\Documents\mxd\BeiDou-Server\clien\BeiDou.exe"
2026-09-24 08:24:13.623 [seq=4] [tid=7116] event=hook_summary total=6 CreateFileW=0 CreateFileA=0 _lopen=0 FindFirstFileA=0 GetProcAddress=0 Mapping=0/0/0 ReadFile=0 CloseHandle=1 ExceptionFilter=1 Exit=1/1 FatalAppExit=0/0 LoadLibrary=0/1/0 MessageBox=1/0 Ex=0/0 Indirect=0/0 DispatchMessage=0/0 fopen=0 fread=0 module="C:\Mac\Home\Documents\mxd\BeiDou-Server\clien\ijl15.dll"
2026-09-24 08:24:13.625 [seq=5] [tid=7116] event=hook_summary total=9 CreateFileW=0 CreateFileA=1 _lopen=0 FindFirstFileA=1 GetProcAddress=0 Mapping=0/0/0 ReadFile=1 CloseHandle=1 ExceptionFilter=1 Exit=1/1 FatalAppExit=0/0 LoadLibrary=0/1/0 MessageBox=0/1 Ex=0/0 Indirect=0/0 DispatchMessage=0/0 fopen=0 fread=0 module="C:\Mac\Home\Documents\mxd\BeiDou-Server\clien\mss32.dll"
2026-09-24 08:24:13.637 [seq=6] [tid=7116] event=hook_summary total=11 CreateFileW=1 CreateFileA=1 _lopen=0 FindFirstFileA=0 GetProcAddress=0 Mapping=1/0/1 ReadFile=1 CloseHandle=1 ExceptionFilter=1 Exit=1/1 FatalAppExit=0/0 LoadLibrary=1/1/0 MessageBox=0/0 Ex=0/0 Indirect=0/0 DispatchMessage=0/0 fopen=0 fread=0 module="C:\Mac\Home\Documents\mxd\BeiDou-Server\clien\nmcogame.dll"
2026-09-24 08:24:13.637 [seq=7] [tid=7116] event=hook_summary total=6 CreateFileW=0 CreateFileA=1 _lopen=0 FindFirstFileA=0 GetProcAddress=0 Mapping=0/0/0 ReadFile=1 CloseHandle=1 ExceptionFilter=0 Exit=1/1 FatalAppExit=0/0 LoadLibrary=0/1/0 MessageBox=0/0 Ex=0/0 Indirect=0/0 DispatchMessage=0/0 fopen=0 fread=0 module="C:\Mac\Home\Documents\mxd\BeiDou-Server\clien\2ijl15.dll"
2026-09-24 08:24:13.637 [seq=8] [tid=7116] event=hook_summary total=2 CreateFileW=0 CreateFileA=0 _lopen=0 FindFirstFileA=0 GetProcAddress=0 Mapping=0/0/0 ReadFile=0 CloseHandle=0 ExceptionFilter=1 Exit=0/1 FatalAppExit=0/0 LoadLibrary=0/0/0 MessageBox=0/0 Ex=0/0 Indirect=0/0 DispatchMessage=0/0 fopen=0 fread=0 module="C:\Mac\Home\Documents\mxd\BeiDou-Server\clien\CIL.dll"
2026-09-24 08:24:13.637 [seq=9] [tid=7116] event=hook_summary total=4 CreateFileW=0 CreateFileA=1 _lopen=0 FindFirstFileA=0 GetProcAddress=0 Mapping=0/0/0 ReadFile=1 CloseHandle=1 ExceptionFilter=0 Exit=0/0 FatalAppExit=0/0 LoadLibrary=0/1/0 MessageBox=0/0 Ex=0/0 Indirect=0/0 DispatchMessage=0/0 fopen=0 fread=0 module="C:\Mac\Home\Documents\mxd\BeiDou-Server\clien\DawnWarriorSkillCompat.dll"
2026-09-24 08:24:13.637 [seq=10] [tid=7116] event=hook_summary total=3 CreateFileW=0 CreateFileA=1 _lopen=0 FindFirstFileA=0 GetProcAddress=0 Mapping=0/0/0 ReadFile=0 CloseHandle=1 ExceptionFilter=0 Exit=0/0 FatalAppExit=0/0 LoadLibrary=0/1/0 MessageBox=0/0 Ex=0/0 Indirect=0/0 DispatchMessage=0/0 fopen=0 fread=0 module="C:\Mac\Home\Documents\mxd\BeiDou-Server\clien\BeiDouSkillCompatCore.dll"
2026-09-24 08:24:13.637 [seq=11] [tid=7116] event=hook_summary total=3 CreateFileW=0 CreateFileA=1 _lopen=0 FindFirstFileA=0 GetProcAddress=0 Mapping=0/0/0 ReadFile=0 CloseHandle=1 ExceptionFilter=0 Exit=0/0 FatalAppExit=0/0 LoadLibrary=0/1/0 MessageBox=0/0 Ex=0/0 Indirect=0/0 DispatchMessage=0/0 fopen=0 fread=0 module="C:\Mac\Home\Documents\mxd\BeiDou-Server\clien\BeiDouVellumVideoCompat.dll"
2026-09-24 08:24:13.637 [seq=12] [tid=7116] event=hook_summary total=3 CreateFileW=0 CreateFileA=1 _lopen=0 FindFirstFileA=0 GetProcAddress=0 Mapping=0/0/0 ReadFile=0 CloseHandle=1 ExceptionFilter=0 Exit=0/0 FatalAppExit=0/0 LoadLibrary=0/1/0 MessageBox=0/0 Ex=0/0 Indirect=0/0 DispatchMessage=0/0 fopen=0 fread=0 module="C:\Mac\Home\Documents\mxd\BeiDou-Server\clien\BeiDouSetItemCompat.dll"
2026-09-24 08:24:13.637 [seq=13] [tid=7116] event=watchdog status=started
2026-09-24 08:24:13.678 [seq=14] [tid=1424] event=diagnostic_file status=ok error=0 size=3837009 write_time=01dd3f36:0b5a4ae8 path="C:\Mac\Home\Documents\mxd\BeiDou-Server\clien\Data\Skill\000.img"
2026-09-24 08:24:13.683 [seq=15] [tid=1424] event=diagnostic_file status=ok error=0 size=179367 write_time=01dc5dee:d61b8680 path="C:\Mac\Home\Documents\mxd\BeiDou-Server\clien\Data\Skill\400.img"
2026-09-24 08:24:13.685 [seq=16] [tid=1424] event=diagnostic_file status=ok error=0 size=49296 write_time=01dc5dee:d61b8680 path="C:\Mac\Home\Documents\mxd\BeiDou-Server\clien\Data\Skill\410.img"
2026-09-24 08:24:13.688 [seq=17] [tid=1424] event=diagnostic_file status=ok error=0 size=483625 write_time=01dc5dee:d61b8680 path="C:\Mac\Home\Documents\mxd\BeiDou-Server\clien\Data\Skill\411.img"
2026-09-24 08:24:13.693 [seq=18] [tid=1424] event=diagnostic_file status=ok error=0 size=28436273 write_time=01dd2d4a:dee32859 path="C:\Mac\Home\Documents\mxd\BeiDou-Server\clien\Data\Skill\412.img"
2026-09-24 08:24:13.695 [seq=19] [tid=1424] event=diagnostic_file status=ok error=0 size=2305356 write_time=01dd4741:7026d48e path="C:\Mac\Home\Documents\mxd\BeiDou-Server\clien\Data\String\Skill.img"
2026-09-24 08:24:13.695 [seq=20] [tid=1424] event=diagnostic_file status=ok error=0 size=43008 write_time=01dd4b58:c6a59ac5 path="C:\Mac\Home\Documents\mxd\BeiDou-Server\clien\WzFileLogger.dll"
2026-09-24 08:24:13.703 [seq=21] [tid=1424] event=diagnostic_file status=ok error=0 size=524288 write_time=01dd313d:d2c6e880 path="C:\Mac\Home\Documents\mxd\BeiDou-Server\clien\WzFlashRenderer.dll"
2026-09-24 08:24:13.703 [seq=22] [tid=1424] event=diagnostic_file status=ok error=0 size=9728 write_time=01dd4b53:bb5bc7a0 path="C:\Mac\Home\Documents\mxd\BeiDou-Server\clien\DawnWarriorSkillCompat.dll"
2026-09-24 08:24:13.703 [seq=23] [tid=1424] event=diagnostic_file status=ok error=0 size=18944 write_time=01dd4b54:8ab8e07b path="C:\Mac\Home\Documents\mxd\BeiDou-Server\clien\BeiDouSetItemCompat.dll"
2026-09-24 08:24:13.719 [seq=24] [tid=1424] event=indexed_damage_number_compat status=loaded
2026-09-24 08:24:14.305 [seq=25] [tid=5572] event=module_load api=LoadLibraryW status=ok module=0E6A0000 error=0 path="C:\Mac\Home\Documents\mxd\BeiDou-Server\clien\nmconew.dll"
2026-09-24 08:24:14.308 [seq=26] [tid=5572] event=hook_summary total=2 CreateFileW=0 CreateFileA=1 _lopen=0 FindFirstFileA=0 GetProcAddress=0 Mapping=0/0/0 ReadFile=0 CloseHandle=1 ExceptionFilter=0 Exit=0/0 FatalAppExit=0/0 LoadLibrary=0/0/0 MessageBox=0/0 Ex=0/0 Indirect=0/0 DispatchMessage=0/0 fopen=0 fread=0 module="C:\Mac\Home\Documents\mxd\BeiDou-Server\clien\IndexedDamageNumberCompat.dll"
2026-09-24 08:24:14.321 [seq=27] [tid=5572] event=hook_summary total=12 CreateFileW=1 CreateFileA=0 _lopen=0 FindFirstFileA=0 GetProcAddress=0 Mapping=1/0/1 ReadFile=1 CloseHandle=1 ExceptionFilter=1 Exit=1/1 FatalAppExit=0/1 LoadLibrary=1/1/0 MessageBox=1/0 Ex=0/0 Indirect=0/0 DispatchMessage=0/0 fopen=0 fread=0 module="C:\Mac\Home\Documents\mxd\BeiDou-Server\clien\nmconew.dll"
2026-09-24 08:24:14.323 [seq=28] [tid=5572] event=module_load api=LoadLibraryW status=ok module=0E6A0000 error=0 path="C:\Mac\Home\Documents\mxd\BeiDou-Server\clien\nmconew.dll"
2026-09-24 08:24:14.339 [seq=29] [tid=5572] event=module_load api=LoadLibraryA status=ok module=50C00000 error=0 path="PCOM.DLL"
2026-09-24 08:24:14.339 [seq=30] [tid=5572] event=hook_summary total=3 CreateFileW=0 CreateFileA=0 _lopen=0 FindFirstFileA=0 GetProcAddress=0 Mapping=0/0/0 ReadFile=0 CloseHandle=0 ExceptionFilter=0 Exit=0/0 FatalAppExit=0/0 LoadLibrary=0/1/0 MessageBox=0/0 Ex=0/0 Indirect=0/0 DispatchMessage=0/0 fopen=1 fread=1 module="C:\Mac\Home\Documents\mxd\BeiDou-Server\clien\PCOM.DLL"
2026-09-24 08:24:14.773 [seq=31] [tid=1424] event=health cpu_core_pct=69.7 working_set_mb=49 commit_mb=39 handles=330 gdi=9 user=9 window=missing last_resource="(none)" resource_offset=0 resource_bytes=0 resource_age_ms=0
2026-09-24 08:24:14.918 [seq=32] [tid=5572] event=module_load api=LoadLibraryA status=ok module=51000000 error=0 path="C:/Mac/Home/Documents/mxd/BeiDou-Server/clien/RESMAN.DLL"
2026-09-24 08:24:14.922 [seq=33] [tid=5572] event=hook_summary total=1 CreateFileW=0 CreateFileA=0 _lopen=0 FindFirstFileA=0 GetProcAddress=0 Mapping=0/0/0 ReadFile=0 CloseHandle=0 ExceptionFilter=0 Exit=0/0 FatalAppExit=0/0 LoadLibrary=0/1/0 MessageBox=0/0 Ex=0/0 Indirect=0/0 DispatchMessage=0/0 fopen=0 fread=0 module="C:\Mac\Home\Documents\mxd\BeiDou-Server\clien\RESMAN.DLL"
2026-09-24 08:24:14.930 [seq=34] [tid=5572] event=module_load api=LoadLibraryA status=ok module=50800000 error=0 path="C:/Mac/Home/Documents/mxd/BeiDou-Server/clien/NAMESPACE.DLL"
2026-09-24 08:24:14.934 [seq=35] [tid=5572] event=hook_summary total=4 CreateFileW=0 CreateFileA=0 _lopen=0 FindFirstFileA=0 GetProcAddress=0 Mapping=1/1/1 ReadFile=0 CloseHandle=0 ExceptionFilter=0 Exit=0/0 FatalAppExit=0/0 LoadLibrary=0/1/0 MessageBox=0/0 Ex=0/0 Indirect=0/0 DispatchMessage=0/0 fopen=0 fread=0 module="C:\Mac\Home\Documents\mxd\BeiDou-Server\clien\NAMESPACE.DLL"
2026-09-24 08:24:14.942 [seq=36] [tid=5572] event=module_load api=LoadLibraryA status=ok module=50400000 error=0 path="C:/Mac/Home/Documents/mxd/BeiDou-Server/clien/GR2D_DX8.DLL"
2026-09-24 08:24:14.942 [seq=37] [tid=5572] event=hook_summary total=2 CreateFileW=0 CreateFileA=0 _lopen=0 FindFirstFileA=0 GetProcAddress=1 Mapping=0/0/0 ReadFile=0 CloseHandle=0 ExceptionFilter=0 Exit=0/0 FatalAppExit=0/0 LoadLibrary=0/1/0 MessageBox=0/0 Ex=0/0 Indirect=0/0 DispatchMessage=0/0 fopen=0 fread=0 module="C:\Mac\Home\Documents\mxd\BeiDou-Server\clien\GR2D_DX8.DLL"
2026-09-24 08:24:14.958 [seq=38] [tid=5572] event=module_load api=LoadLibraryA status=ok module=70B00000 error=0 path="D3D8.DLL"
2026-09-24 08:24:14.975 [seq=39] [tid=5572] event=module_load api=LoadLibraryA status=ok module=50C00000 error=0 path="PCOM.DLL"
2026-09-24 08:24:14.990 [seq=40] [tid=5572] event=module_load api=LoadLibraryA status=ok module=51400000 error=0 path="C:/Mac/Home/Documents/mxd/BeiDou-Server/clien/SHAPE2D.DLL"
2026-09-24 08:24:14.990 [seq=41] [tid=5572] event=hook_summary total=1 CreateFileW=0 CreateFileA=0 _lopen=0 FindFirstFileA=0 GetProcAddress=0 Mapping=0/0/0 ReadFile=0 CloseHandle=0 ExceptionFilter=0 Exit=0/0 FatalAppExit=0/0 LoadLibrary=0/1/0 MessageBox=0/0 Ex=0/0 Indirect=0/0 DispatchMessage=0/0 fopen=0 fread=0 module="C:\Mac\Home\Documents\mxd\BeiDou-Server\clien\SHAPE2D.DLL"
2026-09-24 08:24:15.106 [seq=42] [tid=5572] event=module_load api=LoadLibraryA status=ok module=50000000 error=0 path="C:/Mac/Home/Documents/mxd/BeiDou-Server/clien/CANVAS.DLL"
2026-09-24 08:24:15.111 [seq=43] [tid=5572] event=hook_summary total=3 CreateFileW=0 CreateFileA=0 _lopen=0 FindFirstFileA=0 GetProcAddress=0 Mapping=0/0/0 ReadFile=0 CloseHandle=0 ExceptionFilter=0 Exit=0/0 FatalAppExit=0/0 LoadLibrary=0/1/0 MessageBox=0/0 Ex=0/0 Indirect=0/0 DispatchMessage=0/0 fopen=1 fread=1 module="C:\Mac\Home\Documents\mxd\BeiDou-Server\clien\CANVAS.DLL"
2026-09-24 08:24:15.113 [seq=44] [tid=5572] event=hook_summary total=1 CreateFileW=0 CreateFileA=0 _lopen=0 FindFirstFileA=0 GetProcAddress=0 Mapping=0/0/0 ReadFile=0 CloseHandle=0 ExceptionFilter=0 Exit=0/0 FatalAppExit=0/0 LoadLibrary=0/1/0 MessageBox=0/0 Ex=0/0 Indirect=0/0 DispatchMessage=0/0 fopen=0 fread=0 module="C:\Mac\Home\Documents\mxd\BeiDou-Server\clien\ZLZ.dll"
2026-09-24 08:24:15.185 [seq=45] [tid=5572] event=module_load api=LoadLibraryA status=ok module=50C00000 error=0 path="PCOM.DLL"
2026-09-24 08:24:15.199 [seq=46] [tid=5572] event=resource_open api=fopen status=ok stream=761EC660 mode=rb path="C:\Mac\Home\Documents\mxd\BeiDou-Server\clien\List.wz"
2026-09-24 08:24:15.206 [seq=47] [tid=5572] event=module_load api=LoadLibraryA status=ok module=50C00000 error=0 path="PCOM.DLL"
2026-09-24 08:24:15.211 [seq=48] [tid=5572] event=resource_open api=fopen status=ok stream=761EC660 mode=rb path="C:\Mac\Home\Documents\mxd\BeiDou-Server\clien\List.wz"
2026-09-24 08:24:15.559 [seq=49] [tid=5572] event=module_load api=LoadLibraryA status=ok module=51800000 error=0 path="C:/Mac/Home/Documents/mxd/BeiDou-Server/clien/SOUND_DX8.DLL"
2026-09-24 08:24:15.563 [seq=50] [tid=5572] event=hook_summary total=4 CreateFileW=0 CreateFileA=0 _lopen=0 FindFirstFileA=0 GetProcAddress=0 Mapping=1/1/1 ReadFile=0 CloseHandle=0 ExceptionFilter=0 Exit=0/0 FatalAppExit=0/0 LoadLibrary=0/1/0 MessageBox=0/0 Ex=0/0 Indirect=0/0 DispatchMessage=0/0 fopen=0 fread=0 module="C:\Mac\Home\Documents\mxd\BeiDou-Server\clien\SOUND_DX8.DLL"
2026-09-24 08:24:15.579 [seq=51] [tid=5572] event=module_load api=LoadLibraryA status=ok module=12AD0000 error=0 path="C:\Mac\Home\Documents\mxd\BeiDou-Server\clien\l3codeca.acm"
2026-09-24 08:24:15.584 [seq=52] [tid=5572] event=hook_summary total=5 CreateFileW=0 CreateFileA=0 _lopen=0 FindFirstFileA=0 GetProcAddress=0 Mapping=0/0/0 ReadFile=0 CloseHandle=1 ExceptionFilter=1 Exit=1/1 FatalAppExit=0/0 LoadLibrary=0/1/0 MessageBox=0/0 Ex=0/0 Indirect=0/0 DispatchMessage=0/0 fopen=0 fread=0 module="C:\Mac\Home\Documents\mxd\BeiDou-Server\clien\l3codeca.acm"
2026-09-24 08:25:06.883 [seq=53] [tid=5572] event=module_load api=LoadLibraryA status=ok module=0DE00000 error=0 path="WzFlashRenderer.dll"
2026-09-24 08:25:06.907 [seq=54] [tid=5572] event=flash_renderer_exports module=0DE00000 InitializeFlash=0DE016B0 InitializeFlashbyDevice=0DE013D0 IsRenderFlash=0DE01570 LoadMediaFile=0DE01480 ReleaseFlash=0DE01000 RenderFlash=0DE014F0
2026-09-24 08:25:06.912 [seq=55] [tid=5572] event=hook_summary total=3 CreateFileW=0 CreateFileA=0 _lopen=0 FindFirstFileA=0 GetProcAddress=0 Mapping=0/0/0 ReadFile=0 CloseHandle=0 ExceptionFilter=0 Exit=1/0 FatalAppExit=0/0 LoadLibrary=0/1/0 MessageBox=0/1 Ex=0/0 Indirect=0/0 DispatchMessage=0/0 fopen=0 fread=0 module="C:\Mac\Home\Documents\mxd\BeiDou-Server\clien\WzFlashRenderer.dll"
2026-09-24 08:25:06.914 [seq=56] [tid=5572] event=hook_summary total=1 CreateFileW=0 CreateFileA=0 _lopen=0 FindFirstFileA=0 GetProcAddress=0 Mapping=0/0/0 ReadFile=0 CloseHandle=0 ExceptionFilter=0 Exit=1/0 FatalAppExit=0/0 LoadLibrary=0/0/0 MessageBox=0/0 Ex=0/0 Indirect=0/0 DispatchMessage=0/0 fopen=0 fread=0 module="C:\Mac\Home\Documents\mxd\BeiDou-Server\clien\MSVCP71.dll"
2026-09-24 08:25:06.916 [seq=57] [tid=5572] event=hook_summary total=9 CreateFileW=1 CreateFileA=1 _lopen=0 FindFirstFileA=1 GetProcAddress=0 Mapping=0/0/0 ReadFile=1 CloseHandle=1 ExceptionFilter=1 Exit=1/1 FatalAppExit=0/0 LoadLibrary=0/1/0 MessageBox=0/0 Ex=0/0 Indirect=0/0 DispatchMessage=0/0 fopen=0 fread=0 module="C:\Mac\Home\Documents\mxd\BeiDou-Server\clien\MSVCR71.dll"
2026-09-24 08:25:06.921 [seq=58] [tid=5572] event=flash_render_guard status=installed module=0DE00000 render=0DE014F0 movie_slot=0DE6E088 path="C:\Mac\Home\Documents\mxd\BeiDou-Server\clien\WzFlashRenderer.dll"
2026-09-24 08:25:26.636 [seq=59] [tid=5572] event=resource_search status=failed handle=FFFFFFFF error=2 pattern="C:\Mac\Home\Documents\mxd\BeiDou-Server\clien\*.mix"
2026-09-24 08:25:26.638 [seq=60] [tid=5572] event=resource_search status=failed handle=FFFFFFFF error=3 pattern="C:\Mac\Home\Documents\mxd\BeiDou-Server\clien\./redist/*.mix"
2026-09-24 08:25:26.639 [seq=61] [tid=5572] event=resource_search status=failed handle=FFFFFFFF error=2 pattern="C:\Mac\Home\Documents\mxd\BeiDou-Server\clien\*.asi"
2026-09-24 08:25:26.640 [seq=62] [tid=5572] event=resource_search status=failed handle=FFFFFFFF error=3 pattern="C:\Mac\Home\Documents\mxd\BeiDou-Server\clien\./redist/*.asi"
2026-09-24 08:25:26.640 [seq=63] [tid=5572] event=resource_search status=failed handle=FFFFFFFF error=2 pattern="C:\Mac\Home\Documents\mxd\BeiDou-Server\clien\*.flt"
2026-09-24 08:25:26.642 [seq=64] [tid=5572] event=resource_search status=failed handle=FFFFFFFF error=3 pattern="C:\Mac\Home\Documents\mxd\BeiDou-Server\clien\./redist/*.flt"
2026-09-24 08:25:26.645 [seq=65] [tid=5572] event=module_load api=LoadLibraryA status=ok module=70360000 error=0 path="DSOUND.DLL"
2026-09-24 08:25:30.607 [seq=66] [tid=1424] event=health cpu_core_pct=52.9 working_set_mb=62 commit_mb=46 handles=488 gdi=15 user=23 window=responsive last_resource="(none)" resource_offset=0 resource_bytes=0 resource_age_ms=0
2026-09-24 08:25:31.617 [seq=67] [tid=1424] event=health cpu_core_pct=95.4 working_set_mb=429 commit_mb=314 handles=2326 gdi=55 user=21 window=responsive last_resource="(none)" resource_offset=0 resource_bytes=0 resource_age_ms=0
2026-09-24 08:25:32.627 [seq=68] [tid=1424] event=health cpu_core_pct=57.8 working_set_mb=429 commit_mb=315 handles=2326 gdi=55 user=21 window=responsive last_resource="(none)" resource_offset=0 resource_bytes=0 resource_age_ms=0
2026-09-24 08:25:33.632 [seq=69] [tid=1424] event=health cpu_core_pct=43.1 working_set_mb=430 commit_mb=315 handles=2326 gdi=55 user=21 window=responsive last_resource="(none)" resource_offset=0 resource_bytes=0 resource_age_ms=0
2026-09-24 08:25:34.641 [seq=70] [tid=1424] event=health cpu_core_pct=45.3 working_set_mb=430 commit_mb=315 handles=2326 gdi=55 user=21 window=responsive last_resource="(none)" resource_offset=0 resource_bytes=0 resource_age_ms=0
2026-09-24 08:25:36.008 [seq=71] [tid=1424] event=health cpu_core_pct=42.5 working_set_mb=430 commit_mb=315 handles=2326 gdi=55 user=21 window=responsive last_resource="(none)" resource_offset=0 resource_bytes=0 resource_age_ms=0
2026-09-24 08:25:37.017 [seq=72] [tid=1424] event=health cpu_core_pct=73.6 working_set_mb=430 commit_mb=315 handles=2327 gdi=55 user=21 window=responsive last_resource="(none)" resource_offset=0 resource_bytes=0 resource_age_ms=0
2026-09-24 08:25:38.024 [seq=73] [tid=1424] event=health cpu_core_pct=58.4 working_set_mb=430 commit_mb=315 handles=2327 gdi=55 user=21 window=responsive last_resource="(none)" resource_offset=0 resource_bytes=0 resource_age_ms=0
2026-09-24 08:25:39.032 [seq=74] [tid=1424] event=health cpu_core_pct=51.5 working_set_mb=431 commit_mb=316 handles=2339 gdi=55 user=21 window=responsive last_resource="(none)" resource_offset=0 resource_bytes=0 resource_age_ms=0
2026-09-24 08:25:40.081 [seq=75] [tid=1424] event=health cpu_core_pct=70.1 working_set_mb=450 commit_mb=334 handles=2344 gdi=62 user=22 window=responsive last_resource="(none)" resource_offset=0 resource_bytes=0 resource_age_ms=0
2026-09-24 08:25:41.086 [seq=76] [tid=1424] event=health cpu_core_pct=60.0 working_set_mb=450 commit_mb=334 handles=2343 gdi=62 user=22 window=responsive last_resource="(none)" resource_offset=0 resource_bytes=0 resource_age_ms=0
2026-09-24 08:25:42.098 [seq=77] [tid=1424] event=health cpu_core_pct=73.4 working_set_mb=464 commit_mb=346 handles=2367 gdi=67 user=22 window=responsive last_resource="(none)" resource_offset=0 resource_bytes=0 resource_age_ms=0
2026-09-24 08:25:43.118 [seq=78] [tid=1424] event=health cpu_core_pct=29.2 working_set_mb=464 commit_mb=346 handles=2372 gdi=67 user=22 window=responsive last_resource="(none)" resource_offset=0 resource_bytes=0 resource_age_ms=0
2026-09-24 08:25:43.165 [seq=79] [tid=5572] event=resource_open status=ok handle=000024B8 error=0 access=0x00000004 disposition=4 path="BeiDouDamageSkinCompat.log"
2026-09-24 08:25:48.264 [seq=80] [tid=5572] event=first_chance_cpp occurrence=1 code=0xe06d7363 address=769D9E4F module="C:\WINDOWS\System32\KERNELBASE.dll" module_offset=0x00369e4f eip=769D9E4F esp=001AE108 eax=0x001ae108 ebx=0x0a7162cc ecx=0x00000004 edx=0x001ae19c esi=0x00b41270 edi=0x001ae19c exception_info="i0=0x19930520;i1=0x001ae1ac;i2=0x00b44b18" stack_candidates="s3:KERNELBASE.dll+0x00369e4f@769D9E4F;s11:BeiDou.exe+0x00009f00@00409F00;s17:BeiDou.exe+0x001cd9e2@005CD9E2;s19:BeiDou.exe+0x00009f00@00409F00;s22:BeiDou.exe+0x00660beb@00A60BEB;s38:BeiDou.exe+0x006605e7@00A605E7;s46:BeiDou.exe+0x0065fe4f@00A5FE4F;s51:BeiDou.exe+0x00003af7@00403AF7"
2026-09-24 08:25:48.280 [seq=81] [tid=5572] event=first_chance_cpp occurrence=2 code=0xe06d7363 address=769D9E4F module="C:\WINDOWS\System32\KERNELBASE.dll" module_offset=0x00369e4f eip=769D9E4F esp=001AE108 eax=0x001ae108 ebx=0x0a7162cc ecx=0x00000004 edx=0x001ae19c esi=0x00b41270 edi=0x001ae19c exception_info="i0=0x19930520;i1=0x001ae1ac;i2=0x00b44b18" stack_candidates="s3:KERNELBASE.dll+0x00369e4f@769D9E4F;s11:BeiDou.exe+0x00009f00@00409F00;s17:BeiDou.exe+0x001cd9e2@005CD9E2;s19:BeiDou.exe+0x00009f00@00409F00;s22:BeiDou.exe+0x00660beb@00A60BEB;s38:BeiDou.exe+0x006605e7@00A605E7;s46:BeiDou.exe+0x0065fe4f@00A5FE4F;s51:BeiDou.exe+0x00003af7@00403AF7"
2026-09-24 08:25:48.290 [seq=82] [tid=5572] event=first_chance_cpp occurrence=3 code=0xe06d7363 address=769D9E4F module="C:\WINDOWS\System32\KERNELBASE.dll" module_offset=0x00369e4f eip=769D9E4F esp=001AE108 eax=0x001ae108 ebx=0x0a7162cc ecx=0x00000004 edx=0x001ae19c esi=0x00b41270 edi=0x001ae19c exception_info="i0=0x19930520;i1=0x001ae1ac;i2=0x00b44b18" stack_candidates="s3:KERNELBASE.dll+0x00369e4f@769D9E4F;s11:BeiDou.exe+0x00009f00@00409F00;s17:BeiDou.exe+0x001cd9e2@005CD9E2;s19:BeiDou.exe+0x00009f00@00409F00;s22:BeiDou.exe+0x00660beb@00A60BEB;s38:BeiDou.exe+0x006605e7@00A605E7;s46:BeiDou.exe+0x0065fe4f@00A5FE4F;s51:BeiDou.exe+0x00003af7@00403AF7"
2026-09-24 08:25:48.304 [seq=83] [tid=1424] event=health cpu_core_pct=80.8 working_set_mb=469 commit_mb=351 handles=2385 gdi=114 user=22 window=responsive last_resource="(none)" resource_offset=0 resource_bytes=0 resource_age_ms=0
2026-09-24 08:25:48.899 [seq=84] [tid=5572] event=flash_render_guard action=skipped_null_movie occurrence=1 x=-1262 y=973 tick=61599465
2026-09-24 08:25:48.900 [seq=85] [tid=5572] event=flash_render_guard action=capture_first_null_context
2026-09-24 08:25:48.902 [seq=86] [tid=5572] event=incident_state reason=flash-null tid=5572 handles=2476 gdi=131 user=22 client_window_ready=1 flash_slot=0DE6E088 flash_movie=00000000 flash_null_skips=1 last_resource="(none)" resource_offset=0 resource_bytes=0 resource_age_ms=0
2026-09-24 08:25:48.903 [seq=87] [tid=5572] event=incident_mapping reason=flash-null age_ms=1828 api=CreateFileMappingA input=0000265C result=00002660 error=0 access=0x00000002 offset=0:0 bytes=0 path="(unknown)"
2026-09-24 08:25:48.904 [seq=88] [tid=5572] event=incident_mapping reason=flash-null age_ms=1828 api=MapViewOfFile input=00002660 result=5FEE0000 error=0 access=0x00000004 offset=0:0 bytes=0 path="(unknown)"
2026-09-24 08:25:48.905 [seq=89] [tid=5572] event=incident_mapping reason=flash-null age_ms=1828 api=CreateFileMappingA input=00002664 result=00002668 error=0 access=0x00000002 offset=0:0 bytes=0 path="(unknown)"
2026-09-24 08:25:48.906 [seq=90] [tid=5572] event=incident_mapping reason=flash-null age_ms=1828 api=MapViewOfFile input=00002668 result=5FEF0000 error=0 access=0x00000004 offset=0:0 bytes=0 path="(unknown)"
2026-09-24 08:25:48.907 [seq=91] [tid=5572] event=incident_mapping reason=flash-null age_ms=1781 api=CreateFileMappingA input=0000266C result=00002670 error=0 access=0x00000002 offset=0:0 bytes=0 path="(unknown)"
2026-09-24 08:25:48.907 [seq=92] [tid=5572] event=incident_mapping reason=flash-null age_ms=1797 api=MapViewOfFile input=00002670 result=5FF00000 error=0 access=0x00000004 offset=0:0 bytes=0 path="(unknown)"
2026-09-24 08:25:48.908 [seq=93] [tid=5572] event=incident_mapping reason=flash-null age_ms=1594 api=CreateFileMappingA input=0000266C result=00002670 error=0 access=0x00000002 offset=0:0 bytes=0 path="(unknown)"
2026-09-24 08:25:48.909 [seq=94] [tid=5572] event=incident_mapping reason=flash-null age_ms=1594 api=MapViewOfFile input=00002670 result=5FF00000 error=0 access=0x00000004 offset=0:0 bytes=0 path="(unknown)"
2026-09-24 08:25:48.910 [seq=95] [tid=5572] event=incident_mapping reason=flash-null age_ms=1579 api=CreateFileMappingA input=00002674 result=00002678 error=0 access=0x00000002 offset=0:0 bytes=0 path="(unknown)"
2026-09-24 08:25:48.911 [seq=96] [tid=5572] event=incident_mapping reason=flash-null age_ms=1579 api=MapViewOfFile input=00002678 result=5FF20000 error=0 access=0x00000004 offset=0:0 bytes=0 path="(unknown)"
2026-09-24 08:25:48.912 [seq=97] [tid=5572] event=incident_mapping reason=flash-null age_ms=1579 api=CreateFileMappingA input=0000267C result=00002680 error=0 access=0x00000002 offset=0:0 bytes=0 path="(unknown)"
2026-09-24 08:25:48.913 [seq=98] [tid=5572] event=incident_mapping reason=flash-null age_ms=1579 api=MapViewOfFile input=00002680 result=5FF30000 error=0 access=0x00000004 offset=0:0 bytes=0 path="(unknown)"
2026-09-24 08:25:48.914 [seq=99] [tid=5572] event=incident_mapping reason=flash-null age_ms=1563 api=CreateFileMappingA input=00002684 result=00002688 error=0 access=0x00000002 offset=0:0 bytes=0 path="(unknown)"
2026-09-24 08:25:48.915 [seq=100] [tid=5572] event=incident_mapping reason=flash-null age_ms=1563 api=MapViewOfFile input=00002688 result=5FF40000 error=0 access=0x00000004 offset=0:0 bytes=0 path="(unknown)"
2026-09-24 08:25:48.917 [seq=101] [tid=5572] event=incident_mapping reason=flash-null age_ms=1500 api=CreateFileMappingA input=0000268C result=00002690 error=0 access=0x00000002 offset=0:0 bytes=0 path="(unknown)"
2026-09-24 08:25:48.917 [seq=102] [tid=5572] event=incident_mapping reason=flash-null age_ms=1500 api=MapViewOfFile input=00002690 result=5FF60000 error=0 access=0x00000004 offset=0:0 bytes=0 path="(unknown)"
2026-09-24 08:25:48.919 [seq=103] [tid=5572] event=incident_mapping reason=flash-null age_ms=907 api=CreateFileMappingA input=00002694 result=00002698 error=0 access=0x00000002 offset=0:0 bytes=0 path="(unknown)"
2026-09-24 08:25:48.919 [seq=104] [tid=5572] event=incident_mapping reason=flash-null age_ms=907 api=MapViewOfFile input=00002698 result=5FF70000 error=0 access=0x00000004 offset=0:0 bytes=0 path="(unknown)"
2026-09-24 08:25:48.920 [seq=105] [tid=5572] event=incident_mapping reason=flash-null age_ms=813 api=CreateFileMappingA input=00002694 result=00002698 error=0 access=0x00000002 offset=0:0 bytes=0 path="(unknown)"
2026-09-24 08:25:48.921 [seq=106] [tid=5572] event=incident_mapping reason=flash-null age_ms=813 api=MapViewOfFile input=00002698 result=5FF70000 error=0 access=0x00000004 offset=0:0 bytes=0 path="(unknown)"
2026-09-24 08:25:48.922 [seq=107] [tid=5572] event=incident_mapping reason=flash-null age_ms=813 api=CreateFileMappingA input=00002694 result=00002698 error=0 access=0x00000002 offset=0:0 bytes=0 path="(unknown)"
2026-09-24 08:25:48.922 [seq=108] [tid=5572] event=incident_mapping reason=flash-null age_ms=813 api=MapViewOfFile input=00002698 result=5FF70000 error=0 access=0x00000004 offset=0:0 bytes=0 path="(unknown)"
2026-09-24 08:25:48.923 [seq=109] [tid=5572] event=incident_mapping reason=flash-null age_ms=797 api=CreateFileMappingA input=00002694 result=00002698 error=0 access=0x00000002 offset=0:0 bytes=0 path="(unknown)"
2026-09-24 08:25:48.924 [seq=110] [tid=5572] event=incident_mapping reason=flash-null age_ms=812 api=MapViewOfFile input=00002698 result=5FF70000 error=0 access=0x00000004 offset=0:0 bytes=0 path="(unknown)"
2026-09-24 08:25:48.925 [seq=111] [tid=5572] event=incident_mapping reason=flash-null age_ms=812 api=CreateFileMappingA input=00002694 result=00002698 error=0 access=0x00000002 offset=0:0 bytes=0 path="(unknown)"
2026-09-24 08:25:48.926 [seq=112] [tid=5572] event=incident_mapping reason=flash-null age_ms=812 api=MapViewOfFile input=00002698 result=5FF70000 error=0 access=0x00000004 offset=0:0 bytes=0 path="(unknown)"
2026-09-24 08:25:48.927 [seq=113] [tid=5572] event=incident_mapping reason=flash-null age_ms=797 api=CreateFileMappingA input=00002694 result=00002698 error=0 access=0x00000002 offset=0:0 bytes=0 path="(unknown)"
2026-09-24 08:25:48.930 [seq=114] [tid=5572] event=incident_mapping reason=flash-null age_ms=797 api=MapViewOfFile input=00002698 result=5FF70000 error=0 access=0x00000004 offset=0:0 bytes=0 path="(unknown)"
2026-09-24 08:25:48.930 [seq=115] [tid=5572] event=incident_mapping reason=flash-null age_ms=406 api=CreateFileMappingA input=000025E8 result=000025EC error=0 access=0x00000002 offset=0:0 bytes=0 path="(unknown)"
2026-09-24 08:25:48.932 [seq=116] [tid=5572] event=incident_mapping reason=flash-null age_ms=406 api=MapViewOfFile input=000025EC result=5F5C0000 error=0 access=0x00000004 offset=0:0 bytes=0 path="(unknown)"
2026-09-24 08:25:48.932 [seq=117] [tid=5572] event=incident_mapping reason=flash-null age_ms=390 api=CreateFileMappingA input=000025BC result=000025B8 error=0 access=0x00000002 offset=0:0 bytes=0 path="(unknown)"
2026-09-24 08:25:48.934 [seq=118] [tid=5572] event=incident_mapping reason=flash-null age_ms=390 api=MapViewOfFile input=000025B8 result=5F5F0000 error=0 access=0x00000004 offset=0:0 bytes=0 path="(unknown)"
2026-09-24 08:25:48.935 [seq=119] [tid=5572] event=incident_mapping reason=flash-null age_ms=390 api=CreateFileMappingA input=00002628 result=000025D0 error=0 access=0x00000002 offset=0:0 bytes=0 path="(unknown)"
2026-09-24 08:25:48.936 [seq=120] [tid=5572] event=incident_mapping reason=flash-null age_ms=390 api=MapViewOfFile input=000025D0 result=5F660000 error=0 access=0x00000004 offset=0:0 bytes=0 path="(unknown)"
2026-09-24 08:25:48.936 [seq=121] [tid=5572] event=incident_mapping reason=flash-null age_ms=359 api=CreateFileMappingA input=000025D4 result=00002530 error=0 access=0x00000002 offset=0:0 bytes=0 path="(unknown)"
2026-09-24 08:25:48.937 [seq=122] [tid=5572] event=incident_mapping reason=flash-null age_ms=359 api=MapViewOfFile input=00002530 result=5FF90000 error=0 access=0x00000004 offset=0:0 bytes=0 path="(unknown)"
2026-09-24 08:25:48.938 [seq=123] [tid=5572] event=incident_mapping reason=flash-null age_ms=328 api=CreateFileMappingA input=00002498 result=00002538 error=0 access=0x00000002 offset=0:0 bytes=0 path="(unknown)"
2026-09-24 08:25:48.939 [seq=124] [tid=5572] event=incident_mapping reason=flash-null age_ms=344 api=MapViewOfFile input=00002538 result=5FFB0000 error=0 access=0x00000004 offset=0:0 bytes=0 path="(unknown)"
2026-09-24 08:25:48.939 [seq=125] [tid=5572] event=incident_mapping reason=flash-null age_ms=328 api=CreateFileMappingA input=00002610 result=0000260C error=0 access=0x00000002 offset=0:0 bytes=0 path="(unknown)"
2026-09-24 08:25:48.940 [seq=126] [tid=5572] event=incident_mapping reason=flash-null age_ms=328 api=MapViewOfFile input=0000260C result=5FFD0000 error=0 access=0x00000004 offset=0:0 bytes=0 path="(unknown)"
2026-09-24 08:25:48.941 [seq=127] [tid=5572] event=incident_mapping reason=flash-null age_ms=313 api=CreateFileMappingA input=000025FC result=00002600 error=0 access=0x00000002 offset=0:0 bytes=0 path="(unknown)"
2026-09-24 08:25:48.942 [seq=128] [tid=5572] event=incident_mapping reason=flash-null age_ms=313 api=MapViewOfFile input=00002600 result=5FFE0000 error=0 access=0x00000004 offset=0:0 bytes=0 path="(unknown)"
2026-09-24 08:25:48.942 [seq=129] [tid=5572] event=incident_mapping reason=flash-null age_ms=297 api=CreateFileMappingA input=0000269C result=00002698 error=0 access=0x00000002 offset=0:0 bytes=0 path="(unknown)"
2026-09-24 08:25:48.943 [seq=130] [tid=5572] event=incident_mapping reason=flash-null age_ms=297 api=MapViewOfFile input=00002698 result=5FFF0000 error=0 access=0x00000004 offset=0:0 bytes=0 path="(unknown)"
2026-09-24 08:25:48.944 [seq=131] [tid=5572] event=incident_mapping reason=flash-null age_ms=281 api=CreateFileMappingA input=00002634 result=00002694 error=0 access=0x00000002 offset=0:0 bytes=0 path="(unknown)"
2026-09-24 08:25:48.945 [seq=132] [tid=5572] event=incident_mapping reason=flash-null age_ms=281 api=MapViewOfFile input=00002694 result=68250000 error=0 access=0x00000004 offset=0:0 bytes=0 path="(unknown)"
2026-09-24 08:25:48.945 [seq=133] [tid=5572] event=incident_mapping reason=flash-null age_ms=281 api=CreateFileMappingA input=000026A0 result=000026A4 error=0 access=0x00000002 offset=0:0 bytes=0 path="(unknown)"
2026-09-24 08:25:48.946 [seq=134] [tid=5572] event=incident_mapping reason=flash-null age_ms=281 api=MapViewOfFile input=000026A4 result=68260000 error=0 access=0x00000004 offset=0:0 bytes=0 path="(unknown)"
2026-09-24 08:25:48.946 [seq=135] [tid=5572] event=incident_mapping reason=flash-null age_ms=250 api=CreateFileMappingA input=000026A8 result=000026AC error=0 access=0x00000002 offset=0:0 bytes=0 path="(unknown)"
2026-09-24 08:25:48.947 [seq=136] [tid=5572] event=incident_mapping reason=flash-null age_ms=250 api=MapViewOfFile input=000026AC result=68270000 error=0 access=0x00000004 offset=0:0 bytes=0 path="(unknown)"
2026-09-24 08:25:48.948 [seq=137] [tid=5572] event=incident_mapping reason=flash-null age_ms=250 api=CreateFileMappingA input=000026B0 result=000026B4 error=0 access=0x00000002 offset=0:0 bytes=0 path="(unknown)"
2026-09-24 08:25:48.949 [seq=138] [tid=5572] event=incident_mapping reason=flash-null age_ms=250 api=MapViewOfFile input=000026B4 result=68280000 error=0 access=0x00000004 offset=0:0 bytes=0 path="(unknown)"
2026-09-24 08:25:48.950 [seq=139] [tid=5572] event=incident_mapping reason=flash-null age_ms=235 api=CreateFileMappingA input=000026B8 result=000026BC error=0 access=0x00000002 offset=0:0 bytes=0 path="(unknown)"
2026-09-24 08:25:48.950 [seq=140] [tid=5572] event=incident_mapping reason=flash-null age_ms=235 api=MapViewOfFile input=000026BC result=68290000 error=0 access=0x00000004 offset=0:0 bytes=0 path="(unknown)"
2026-09-24 08:25:48.951 [seq=141] [tid=5572] event=incident_mapping reason=flash-null age_ms=235 api=CreateFileMappingA input=000026B8 result=000026BC error=0 access=0x00000002 offset=0:0 bytes=0 path="(unknown)"
2026-09-24 08:25:48.952 [seq=142] [tid=5572] event=incident_mapping reason=flash-null age_ms=235 api=MapViewOfFile input=000026BC result=68290000 error=0 access=0x00000004 offset=0:0 bytes=0 path="(unknown)"
2026-09-24 08:25:48.952 [seq=143] [tid=5572] event=incident_mapping reason=flash-null age_ms=219 api=CreateFileMappingA input=000026C4 result=000026C8 error=0 access=0x00000002 offset=0:0 bytes=0 path="(unknown)"
2026-09-24 08:25:48.953 [seq=144] [tid=5572] event=incident_mapping reason=flash-null age_ms=219 api=MapViewOfFile input=000026C8 result=682A0000 error=0 access=0x00000004 offset=0:0 bytes=0 path="(unknown)"
2026-09-24 08:25:48.953 [seq=145] [tid=5572] event=incident_mapping reason=flash-null age_ms=203 api=CreateFileMappingA input=000026CC result=000026D0 error=0 access=0x00000002 offset=0:0 bytes=0 path="(unknown)"
2026-09-24 08:25:48.954 [seq=146] [tid=5572] event=incident_mapping reason=flash-null age_ms=218 api=MapViewOfFile input=000026D0 result=682B0000 error=0 access=0x00000004 offset=0:0 bytes=0 path="(unknown)"
2026-09-24 08:25:48.956 [seq=147] [tid=5572] event=incident_mapping reason=flash-null age_ms=125 api=CreateFileMappingA input=000026D4 result=000026D8 error=0 access=0x00000002 offset=0:0 bytes=0 path="(unknown)"
2026-09-24 08:25:48.956 [seq=148] [tid=5572] event=incident_mapping reason=flash-null age_ms=125 api=MapViewOfFile input=000026D8 result=682B0000 error=0 access=0x00000004 offset=0:0 bytes=0 path="(unknown)"
2026-09-24 08:25:48.957 [seq=149] [tid=5572] event=incident_mapping reason=flash-null age_ms=109 api=CreateFileMappingA input=000026DC result=000026E0 error=0 access=0x00000002 offset=0:0 bytes=0 path="(unknown)"
2026-09-24 08:25:48.958 [seq=150] [tid=5572] event=incident_mapping reason=flash-null age_ms=109 api=MapViewOfFile input=000026E0 result=682C0000 error=0 access=0x00000004 offset=0:0 bytes=0 path="(unknown)"
2026-09-24 08:25:48.961 [seq=151] [tid=5572] event=incident_log_snapshot reason=flash-null status=ok error=0 bytes=50466 file="EquipSlotDiagnostic.log"
2026-09-24 08:25:48.964 [seq=152] [tid=5572] event=incident_log_snapshot reason=flash-null status=ok error=0 bytes=51820 file="BeiDouSetItemCompat.log"
2026-09-24 08:25:48.966 [seq=153] [tid=5572] event=incident_log_snapshot reason=flash-null status=ok error=0 bytes=5075 file="DawnWarriorSkillCompat.log"
2026-09-24 08:25:48.968 [seq=154] [tid=5572] event=incident_log_snapshot reason=flash-null status=ok error=0 bytes=864 file="BeiDouDamageSkinCompat.log"
2026-09-24 08:25:48.969 [seq=155] [tid=5572] event=incident_log_snapshot reason=flash-null status=ok error=0 bytes=113 file="IndexedDamageNumberCompat.log"
2026-09-24 08:25:48.972 [seq=156] [tid=5572] event=incident_log_snapshot reason=flash-null status=ok error=0 bytes=103 file="BeiDouVideo.log"
2026-09-24 08:25:48.975 [seq=157] [tid=5572] event=incident_module reason=flash-null base=00400000 size=11091968 path="C:\Mac\Home\Documents\mxd\BeiDou-Server\clien\BeiDou.exe"
2026-09-24 08:25:48.976 [seq=158] [tid=5572] event=incident_module reason=flash-null base=773E0000 size=2433024 path="C:\WINDOWS\SYSTEM32\ntdll.dll"
2026-09-24 08:25:48.977 [seq=159] [tid=5572] event=incident_module reason=flash-null base=75100000 size=1179648 path="C:\WINDOWS\System32\KERNEL32.DLL"
2026-09-24 08:25:48.977 [seq=160] [tid=5572] event=incident_module reason=flash-null base=76670000 size=4014080 path="C:\WINDOWS\System32\KERNELBASE.dll"
2026-09-24 08:25:48.978 [seq=161] [tid=5572] event=incident_module reason=flash-null base=72AF0000 size=716800 path="C:\WINDOWS\SYSTEM32\apphelp.dll"
2026-09-24 08:25:48.978 [seq=162] [tid=5572] event=incident_module reason=flash-null base=76450000 size=905216 path="C:\WINDOWS\System32\advapi32.dll"
2026-09-24 08:25:48.980 [seq=163] [tid=5572] event=incident_module reason=flash-null base=760E0000 size=1179648 path="C:\WINDOWS\System32\msvcrt.dll"
2026-09-24 08:25:48.981 [seq=164] [tid=5572] event=incident_module reason=flash-null base=72E80000 size=544768 path="C:\WINDOWS\System32\sechost.dll"
2026-09-24 08:25:48.982 [seq=165] [tid=5572] event=incident_module reason=flash-null base=76530000 size=1269760 path="C:\WINDOWS\System32\RPCRT4.dll"
2026-09-24 08:25:48.983 [seq=166] [tid=5572] event=incident_module reason=flash-null base=75D40000 size=315392 path="C:\WINDOWS\System32\gdi32.dll"
2026-09-24 08:25:48.983 [seq=167] [tid=5572] event=incident_module reason=flash-null base=74B70000 size=114688 path="C:\WINDOWS\System32\win32u.dll"
2026-09-24 08:25:48.984 [seq=168] [tid=5572] event=incident_module reason=flash-null base=71810000 size=229376 path="C:\WINDOWS\SYSTEM32\dinput8.dll"
2026-09-24 08:25:48.985 [seq=169] [tid=5572] event=incident_module reason=flash-null base=75F90000 size=1351680 path="C:\WINDOWS\System32\gdi32full.dll"
2026-09-24 08:25:48.986 [seq=170] [tid=5572] event=incident_module reason=flash-null base=76A50000 size=1593344 path="C:\WINDOWS\System32\ucrtbase.dll"
2026-09-24 08:25:48.987 [seq=171] [tid=5572] event=incident_module reason=flash-null base=74C70000 size=544768 path="C:\WINDOWS\System32\msvcp_win.dll"
2026-09-24 08:25:48.987 [seq=172] [tid=5572] event=incident_module reason=flash-null base=738B0000 size=1994752 path="C:\WINDOWS\System32\USER32.dll"
2026-09-24 08:25:48.988 [seq=173] [tid=5572] event=incident_module reason=flash-null base=71BD0000 size=86016 path="C:\WINDOWS\SYSTEM32\netapi32.dll"
2026-09-24 08:25:48.988 [seq=174] [tid=5572] event=incident_module reason=flash-null base=75C30000 size=1101824 path="C:\WINDOWS\System32\oleaut32.dll"
2026-09-24 08:25:48.989 [seq=175] [tid=5572] event=incident_module reason=flash-null base=76BE0000 size=4222976 path="C:\WINDOWS\System32\combase.dll"
2026-09-24 08:25:48.990 [seq=176] [tid=5572] event=incident_module reason=flash-null base=75220000 size=10506240 path="C:\WINDOWS\System32\shell32.dll"
2026-09-24 08:25:48.991 [seq=177] [tid=5572] event=incident_module reason=flash-null base=72AC0000 size=32768 path="C:\WINDOWS\SYSTEM32\version.dll"
2026-09-24 08:25:48.991 [seq=178] [tid=5572] event=incident_module reason=flash-null base=72D40000 size=434176 path="C:\WINDOWS\System32\ws2_32.dll"
2026-09-24 08:25:48.992 [seq=179] [tid=5572] event=incident_module reason=flash-null base=717D0000 size=208896 path="C:\WINDOWS\SYSTEM32\winmm.dll"
2026-09-24 08:25:48.993 [seq=180] [tid=5572] event=incident_module reason=flash-null base=714D0000 size=3117056 path="C:\WINDOWS\SYSTEM32\wininet.dll"
2026-09-24 08:25:48.993 [seq=181] [tid=5572] event=incident_module reason=flash-null base=75D90000 size=2097152 path="C:\WINDOWS\System32\ole32.dll"
2026-09-24 08:25:48.994 [seq=182] [tid=5572] event=incident_module reason=flash-null base=71450000 size=327680 path="C:\Mac\Home\Documents\mxd\BeiDou-Server\clien\ijl15.dll"
2026-09-24 08:25:48.994 [seq=183] [tid=5572] event=incident_module reason=flash-null base=21100000 size=626688 path="C:\Mac\Home\Documents\mxd\BeiDou-Server\clien\mss32.dll"
2026-09-24 08:25:48.995 [seq=184] [tid=5572] event=incident_module reason=flash-null base=714A0000 size=155648 path="C:\WINDOWS\SYSTEM32\iphlpapi.dll"
2026-09-24 08:25:48.996 [seq=185] [tid=5572] event=incident_module reason=flash-null base=10000000 size=323584 path="C:\Mac\Home\Documents\mxd\BeiDou-Server\clien\nmcogame.dll"
2026-09-24 08:25:48.997 [seq=186] [tid=5572] event=incident_module reason=flash-null base=745E0000 size=151552 path="C:\WINDOWS\System32\IMM32.dll"
2026-09-24 08:25:48.997 [seq=187] [tid=5572] event=incident_module reason=flash-null base=713A0000 size=614400 path="C:\WINDOWS\SYSTEM32\MSVCP140.dll"
2026-09-24 08:25:48.998 [seq=188] [tid=5572] event=incident_module reason=flash-null base=71440000 size=24576 path="C:\WINDOWS\SYSTEM32\SHFOLDER.dll"
2026-09-24 08:25:48.999 [seq=189] [tid=5572] event=incident_module reason=flash-null base=74C10000 size=335872 path="C:\WINDOWS\System32\SHLWAPI.dll"
2026-09-24 08:25:48.999 [seq=190] [tid=5572] event=incident_module reason=flash-null base=71380000 size=118784 path="C:\WINDOWS\SYSTEM32\VCRUNTIME140.dll"
2026-09-24 08:25:49.000 [seq=191] [tid=5572] event=incident_module reason=flash-null base=60000000 size=364544 path="C:\Mac\Home\Documents\mxd\BeiDou-Server\clien\2ijl15.dll"
2026-09-24 08:25:49.001 [seq=192] [tid=5572] event=incident_module reason=flash-null base=71370000 size=40960 path="C:\Mac\Home\Documents\mxd\BeiDou-Server\clien\CIL.dll"
2026-09-24 08:25:49.001 [seq=193] [tid=5572] event=incident_module reason=flash-null base=71360000 size=32768 path="C:\Mac\Home\Documents\mxd\BeiDou-Server\clien\DawnWarriorSkillCompat.dll"
2026-09-24 08:25:49.002 [seq=194] [tid=5572] event=incident_module reason=flash-null base=711E0000 size=1515520 path="C:\WINDOWS\SYSTEM32\inputhost.dll"
2026-09-24 08:25:49.003 [seq=195] [tid=5572] event=incident_module reason=flash-null base=710F0000 size=917504 path="C:\WINDOWS\SYSTEM32\CoreMessaging.dll"
2026-09-24 08:25:49.003 [seq=196] [tid=5572] event=incident_module reason=flash-null base=710D0000 size=86016 path="C:\Mac\Home\Documents\mxd\BeiDou-Server\clien\BeiDouSkillCompatCore.dll"
2026-09-24 08:25:49.004 [seq=197] [tid=5572] event=incident_module reason=flash-null base=710C0000 size=28672 path="C:\Mac\Home\Documents\mxd\BeiDou-Server\clien\BeiDouVellumVideoCompat.dll"
2026-09-24 08:25:49.005 [seq=198] [tid=5572] event=incident_module reason=flash-null base=70DA0000 size=3219456 path="C:\Mac\Home\Documents\mxd\BeiDou-Server\clien\BeiDouSetItemCompat.dll"
2026-09-24 08:25:49.005 [seq=199] [tid=5572] event=incident_module reason=flash-null base=70D40000 size=344064 path="C:\Mac\Home\Documents\mxd\BeiDou-Server\clien\WzFileLogger.dll"
2026-09-24 08:25:49.007 [seq=200] [tid=5572] event=incident_module reason=flash-null base=73830000 size=499712 path="C:\WINDOWS\System32\bcryptPrimitives.dll"
2026-09-24 08:25:49.008 [seq=201] [tid=5572] event=incident_module reason=flash-null base=70D30000 size=32768 path="C:\Mac\Home\Documents\mxd\BeiDou-Server\clien\BeiDouDamageSkinCompat.dll"
2026-09-24 08:25:49.009 [seq=202] [tid=5572] event=incident_module reason=flash-null base=71870000 size=40960 path="C:\WINDOWS\SYSTEM32\CRYPTBASE.DLL"
2026-09-24 08:25:49.010 [seq=203] [tid=5572] event=incident_module reason=flash-null base=72AA0000 size=86016 path="C:\WINDOWS\SYSTEM32\kernel.appcore.dll"
2026-09-24 08:25:49.010 [seq=204] [tid=5572] event=incident_module reason=flash-null base=70D20000 size=24576 path="C:\Mac\Home\Documents\mxd\BeiDou-Server\clien\IndexedDamageNumberCompat.dll"
2026-09-24 08:25:49.011 [seq=205] [tid=5572] event=incident_module reason=flash-null base=747C0000 size=24576 path="C:\WINDOWS\System32\psapi.dll"
2026-09-24 08:25:49.012 [seq=206] [tid=5572] event=incident_module reason=flash-null base=70CF0000 size=114688 path="C:\WINDOWS\SYSTEM32\bcrypt.dll"
2026-09-24 08:25:49.014 [seq=207] [tid=5572] event=incident_module reason=flash-null base=70C60000 size=516096 path="C:\WINDOWS\system32\uxtheme.dll"
2026-09-24 08:25:49.015 [seq=208] [tid=5572] event=incident_module reason=flash-null base=0E6A0000 size=3420160 path="C:\Mac\Home\Documents\mxd\BeiDou-Server\clien\nmconew.dll"
2026-09-24 08:25:49.016 [seq=209] [tid=5572] event=incident_module reason=flash-null base=53400000 size=12288 path="C:\WINDOWS\SYSTEM32\ICMP.dll"
2026-09-24 08:25:49.018 [seq=210] [tid=5572] event=incident_module reason=flash-null base=70C30000 size=167936 path="C:\WINDOWS\SYSTEM32\ntmarta.dll"
2026-09-24 08:25:49.019 [seq=211] [tid=5572] event=incident_module reason=flash-null base=50C00000 size=151552 path="C:\Mac\Home\Documents\mxd\BeiDou-Server\clien\PCOM.DLL"
2026-09-24 08:25:49.020 [seq=212] [tid=5572] event=incident_module reason=flash-null base=74FE0000 size=1142784 path="C:\WINDOWS\System32\MSCTF.dll"
2026-09-24 08:25:49.021 [seq=213] [tid=5572] event=incident_module reason=flash-null base=70BD0000 size=344064 path="C:\WINDOWS\system32\mswsock.dll"
2026-09-24 08:25:49.022 [seq=214] [tid=5572] event=incident_module reason=flash-null base=51000000 size=49152 path="C:\Mac\Home\Documents\mxd\BeiDou-Server\clien\RESMAN.DLL"
2026-09-24 08:25:49.023 [seq=215] [tid=5572] event=incident_module reason=flash-null base=50800000 size=143360 path="C:\Mac\Home\Documents\mxd\BeiDou-Server\clien\NAMESPACE.DLL"
2026-09-24 08:25:49.024 [seq=216] [tid=5572] event=incident_module reason=flash-null base=50400000 size=262144 path="C:\Mac\Home\Documents\mxd\BeiDou-Server\clien\GR2D_DX8.DLL"
2026-09-24 08:25:49.025 [seq=217] [tid=5572] event=incident_module reason=flash-null base=70B00000 size=765952 path="C:\WINDOWS\SYSTEM32\D3D8.DLL"
2026-09-24 08:25:49.027 [seq=218] [tid=5572] event=incident_module reason=flash-null base=70AC0000 size=28672 path="C:\WINDOWS\SYSTEM32\d3d8thk.dll"
2026-09-24 08:25:49.028 [seq=219] [tid=5572] event=incident_module reason=flash-null base=70AD0000 size=155648 path="C:\WINDOWS\SYSTEM32\dwmapi.dll"
2026-09-24 08:25:49.028 [seq=220] [tid=5572] event=incident_module reason=flash-null base=70A50000 size=401408 path="C:\WINDOWS\SYSTEM32\dxcore.dll"
2026-09-24 08:25:49.029 [seq=221] [tid=5572] event=incident_module reason=flash-null base=51400000 size=86016 path="C:\Mac\Home\Documents\mxd\BeiDou-Server\clien\SHAPE2D.DLL"
2026-09-24 08:25:49.030 [seq=222] [tid=5572] event=incident_module reason=flash-null base=74DC0000 size=548864 path="C:\WINDOWS\System32\clbcatq.dll"
2026-09-24 08:25:49.030 [seq=223] [tid=5572] event=incident_module reason=flash-null base=70940000 size=1044480 path="C:\WINDOWS\SYSTEM32\textinputframework.dll"
2026-09-24 08:25:49.032 [seq=224] [tid=5572] event=incident_module reason=flash-null base=706A0000 size=2699264 path="C:\WINDOWS\SYSTEM32\CoreUIComponents.dll"
2026-09-24 08:25:49.033 [seq=225] [tid=5572] event=incident_module reason=flash-null base=705A0000 size=1019904 path="C:\WINDOWS\SYSTEM32\wintypes.dll"
2026-09-24 08:25:49.033 [seq=226] [tid=5572] event=incident_module reason=flash-null base=70540000 size=389120 path="C:\WINDOWS\SYSTEM32\prl_umdd.dll"
2026-09-24 08:25:49.034 [seq=227] [tid=5572] event=incident_module reason=flash-null base=50000000 size=565248 path="C:\Mac\Home\Documents\mxd\BeiDou-Server\clien\CANVAS.DLL"
2026-09-24 08:25:49.035 [seq=228] [tid=5572] event=incident_module reason=flash-null base=0FCC0000 size=102400 path="C:\Mac\Home\Documents\mxd\BeiDou-Server\clien\ZLZ.dll"
2026-09-24 08:25:49.036 [seq=229] [tid=5572] event=incident_module reason=flash-null base=70520000 size=45056 path="C:\WINDOWS\SYSTEM32\HID.DLL"
2026-09-24 08:25:49.036 [seq=230] [tid=5572] event=incident_module reason=flash-null base=73C00000 size=4526080 path="C:\WINDOWS\System32\SETUPAPI.DLL"
2026-09-24 08:25:49.037 [seq=231] [tid=5572] event=incident_module reason=flash-null base=704D0000 size=262144 path="C:\WINDOWS\SYSTEM32\cfgmgr32.DLL"
2026-09-24 08:25:49.038 [seq=232] [tid=5572] event=incident_module reason=flash-null base=704A0000 size=151552 path="C:\WINDOWS\SYSTEM32\DEVOBJ.dll"
2026-09-24 08:25:49.039 [seq=233] [tid=5572] event=incident_module reason=flash-null base=72BB0000 size=421888 path="C:\WINDOWS\System32\WINTRUST.dll"
2026-09-24 08:25:49.040 [seq=234] [tid=5572] event=incident_module reason=flash-null base=72C20000 size=1105920 path="C:\WINDOWS\System32\CRYPT32.dll"
2026-09-24 08:25:49.040 [seq=235] [tid=5572] event=incident_module reason=flash-null base=70480000 size=57344 path="C:\WINDOWS\SYSTEM32\MSASN1.dll"
2026-09-24 08:25:49.041 [seq=236] [tid=5572] event=incident_module reason=flash-null base=51800000 size=147456 path="C:\Mac\Home\Documents\mxd\BeiDou-Server\clien\SOUND_DX8.DLL"
2026-09-24 08:25:49.042 [seq=237] [tid=5572] event=incident_module reason=flash-null base=70460000 size=106496 path="C:\WINDOWS\SYSTEM32\MSACM32.dll"
2026-09-24 08:25:49.042 [seq=238] [tid=5572] event=incident_module reason=flash-null base=12AD0000 size=565248 path="C:\Mac\Home\Documents\mxd\BeiDou-Server\clien\l3codeca.acm"
2026-09-24 08:25:49.043 [seq=239] [tid=5572] event=incident_module reason=flash-null base=70430000 size=151552 path="C:\WINDOWS\SYSTEM32\WINMMBASE.dll"
2026-09-24 08:25:49.044 [seq=240] [tid=5572] event=incident_module reason=flash-null base=74A90000 size=876544 path="C:\WINDOWS\System32\shcore.dll"
2026-09-24 08:25:49.045 [seq=241] [tid=5572] event=incident_module reason=flash-null base=70360000 size=851968 path="C:\WINDOWS\System32\dsound.dll"
2026-09-24 08:25:49.045 [seq=242] [tid=5572] event=incident_module reason=flash-null base=70290000 size=823296 path="C:\WINDOWS\System32\ResampleDmo.DLL"
2026-09-24 08:25:49.046 [seq=243] [tid=5572] event=incident_module reason=flash-null base=70230000 size=348160 path="C:\WINDOWS\SYSTEM32\powrprof.dll"
2026-09-24 08:25:49.046 [seq=244] [tid=5572] event=incident_module reason=flash-null base=70220000 size=36864 path="C:\WINDOWS\System32\msdmo.dll"
2026-09-24 08:25:49.046 [seq=245] [tid=5572] event=incident_module reason=flash-null base=70200000 size=61440 path="C:\WINDOWS\SYSTEM32\UMPDC.dll"
2026-09-24 08:25:49.047 [seq=246] [tid=5572] event=incident_module reason=flash-null base=70110000 size=983040 path="C:\WINDOWS\System32\MMDevApi.dll"
2026-09-24 08:25:49.049 [seq=247] [tid=5572] event=incident_module reason=flash-null base=6FEB0000 size=2449408 path="C:\WINDOWS\SYSTEM32\AUDIOSES.DLL"
2026-09-24 08:25:49.049 [seq=248] [tid=5572] event=incident_module reason=flash-null base=6FE90000 size=65536 path="C:\WINDOWS\SYSTEM32\resourcepolicyclient.dll"
2026-09-24 08:25:49.050 [seq=249] [tid=5572] event=incident_module reason=flash-null base=0DE00000 size=532480 path="C:\Mac\Home\Documents\mxd\BeiDou-Server\clien\WzFlashRenderer.dll"
2026-09-24 08:25:49.051 [seq=250] [tid=5572] event=incident_module reason=flash-null base=7C3A0000 size=503808 path="C:\Mac\Home\Documents\mxd\BeiDou-Server\clien\MSVCP71.dll"
2026-09-24 08:25:49.052 [seq=251] [tid=5572] event=incident_module reason=flash-null base=7C340000 size=352256 path="C:\Mac\Home\Documents\mxd\BeiDou-Server\clien\MSVCR71.dll"
2026-09-24 08:25:49.052 [seq=252] [tid=5572] event=incident_module reason=flash-null base=71E60000 size=12812288 path="C:\WINDOWS\SYSTEM32\windows.storage.dll"
2026-09-24 08:25:49.052 [seq=253] [tid=5572] event=incident_module reason=flash-null base=71970000 size=122880 path="C:\WINDOWS\SYSTEM32\profapi.dll"
2026-09-24 08:25:49.054 [seq=254] [tid=5572] event=incident_module reason=flash-null base=6FD70000 size=1118208 path="C:\Windows\System32\Windows.UI.dll"
2026-09-24 08:25:49.054 [seq=255] [tid=5572] event=incident_module reason=flash-null base=6FD60000 size=36864 path="C:\WINDOWS\SYSTEM32\avrt.dll"
2026-09-24 08:25:49.055 [seq=256] [tid=5572] event=incident_module reason=flash-null base=6FD10000 size=262144 path="C:\WINDOWS\SYSTEM32\wdmaud.drv"
2026-09-24 08:25:49.056 [seq=257] [tid=5572] event=incident_module reason=flash-null base=6FCE0000 size=118784 path="C:\WINDOWS\SYSTEM32\wdmaud2.drv"
2026-09-24 08:25:49.057 [seq=258] [tid=5572] event=incident_module reason=flash-null base=6FCC0000 size=45056 path="C:\WINDOWS\SYSTEM32\msacm32.drv"
2026-09-24 08:25:49.057 [seq=259] [tid=5572] event=incident_module reason=flash-null base=6FCB0000 size=32768 path="C:\WINDOWS\SYSTEM32\midimap.dll"
2026-09-24 08:25:49.057 [seq=260] [tid=5572] event=incident_module reason=flash-null base=6FCA0000 size=40960 path="C:\WINDOWS\SYSTEM32\netbios.dll"
2026-09-24 08:25:49.059 [seq=261] [tid=5572] event=incident_module reason=flash-null base=6FC80000 size=90112 path="C:\Windows\System32\l3codeca.acm"
2026-09-24 08:25:49.060 [seq=262] [tid=5572] event=incident_module reason=flash-null base=6FB80000 size=962560 path="C:\WINDOWS\SYSTEM32\TextShaping.dll"
2026-09-24 08:25:49.060 [seq=263] [tid=5572] event=incident_module reason=flash-null base=74610000 size=28672 path="C:\WINDOWS\System32\NSI.dll"
2026-09-24 08:25:49.061 [seq=264] [tid=5572] event=incident_module reason=flash-null base=6FB50000 size=110592 path="C:\WINDOWS\SYSTEM32\dhcpcsvc.DLL"
2026-09-24 08:25:49.952 [seq=265] [tid=5572] event=dump status=ok reason=flash-null error=0 path="C:\Mac\Home\Documents\mxd\BeiDou-Server\clien\diagnostics\flash-null-20260924-082413-pid3136-61680921.dmp"
2026-09-24 08:25:49.995 [seq=266] [tid=1424] event=health cpu_core_pct=83.7 working_set_mb=555 commit_mb=421 handles=2548 gdi=131 user=22 window=responsive last_resource="(none)" resource_offset=0 resource_bytes=0 resource_age_ms=0
2026-09-24 08:25:49.997 [seq=267] [tid=1424] event=hang_detected reason=sustained_high_cpu
2026-09-24 08:25:50.793 [seq=268] [tid=1424] event=dump status=ok reason=high-cpu error=0 path="C:\Mac\Home\Documents\mxd\BeiDou-Server\clien\diagnostics\high-cpu-20260924-082413-pid3136-61681843.dmp"
2026-09-24 08:25:50.860 [seq=269] [tid=5572] event=first_chance_cpp occurrence=4 code=0xe06d7363 address=769D9E4F module="C:\WINDOWS\System32\KERNELBASE.dll" module_offset=0x00369e4f eip=769D9E4F esp=001ADA18 eax=0x001ada18 ebx=0x0a7162cc ecx=0x00000004 edx=0x001adaac esi=0x00b41270 edi=0x001adaac exception_info="i0=0x19930520;i1=0x001adabc;i2=0x00b44b18" stack_candidates="s3:KERNELBASE.dll+0x00369e4f@769D9E4F;s22:BeiDou.exe+0x00660beb@00A60BEB;s38:BeiDou.exe+0x006605e7@00A605E7;s46:BeiDou.exe+0x0065fe4f@00A5FE4F;s51:BeiDou.exe+0x00003af7@00403AF7;s64:BeiDou.exe+0x00675394@00A75394;s67:BeiDou.exe+0x001cad00@005CAD00;s95:ntdll.dll+0x000582f4@774382F4"
2026-09-24 08:25:50.861 [seq=270] [tid=5572] event=first_chance_cpp action=dump_incident_context
2026-09-24 08:25:50.862 [seq=271] [tid=5572] event=incident_state reason=first-chance-cpp tid=5572 handles=2513 gdi=132 user=22 client_window_ready=1 flash_slot=0DE6E088 flash_movie=00000000 flash_null_skips=1 last_resource="(none)" resource_offset=0 resource_bytes=0 resource_age_ms=0
2026-09-24 08:25:50.864 [seq=272] [tid=5572] event=incident_mapping reason=first-chance-cpp age_ms=3797 api=CreateFileMappingA input=0000265C result=00002660 error=0 access=0x00000002 offset=0:0 bytes=0 path="(unknown)"
2026-09-24 08:25:50.865 [seq=273] [tid=5572] event=incident_mapping reason=first-chance-cpp age_ms=3797 api=MapViewOfFile input=00002660 result=5FEE0000 error=0 access=0x00000004 offset=0:0 bytes=0 path="(unknown)"
2026-09-24 08:25:50.866 [seq=274] [tid=5572] event=incident_mapping reason=first-chance-cpp age_ms=3797 api=CreateFileMappingA input=00002664 result=00002668 error=0 access=0x00000002 offset=0:0 bytes=0 path="(unknown)"
2026-09-24 08:25:50.867 [seq=275] [tid=5572] event=incident_mapping reason=first-chance-cpp age_ms=3797 api=MapViewOfFile input=00002668 result=5FEF0000 error=0 access=0x00000004 offset=0:0 bytes=0 path="(unknown)"
2026-09-24 08:25:50.869 [seq=276] [tid=5572] event=incident_mapping reason=first-chance-cpp age_ms=3750 api=CreateFileMappingA input=0000266C result=00002670 error=0 access=0x00000002 offset=0:0 bytes=0 path="(unknown)"
2026-09-24 08:25:50.870 [seq=277] [tid=5572] event=incident_mapping reason=first-chance-cpp age_ms=3750 api=MapViewOfFile input=00002670 result=5FF00000 error=0 access=0x00000004 offset=0:0 bytes=0 path="(unknown)"
2026-09-24 08:25:50.872 [seq=278] [tid=5572] event=incident_mapping reason=first-chance-cpp age_ms=3547 api=CreateFileMappingA input=0000266C result=00002670 error=0 access=0x00000002 offset=0:0 bytes=0 path="(unknown)"
2026-09-24 08:25:50.873 [seq=279] [tid=5572] event=incident_mapping reason=first-chance-cpp age_ms=3547 api=MapViewOfFile input=00002670 result=5FF00000 error=0 access=0x00000004 offset=0:0 bytes=0 path="(unknown)"
2026-09-24 08:25:50.874 [seq=280] [tid=5572] event=incident_mapping reason=first-chance-cpp age_ms=3532 api=CreateFileMappingA input=00002674 result=00002678 error=0 access=0x00000002 offset=0:0 bytes=0 path="(unknown)"
2026-09-24 08:25:50.874 [seq=281] [tid=5572] event=incident_mapping reason=first-chance-cpp age_ms=3532 api=MapViewOfFile input=00002678 result=5FF20000 error=0 access=0x00000004 offset=0:0 bytes=0 path="(unknown)"
2026-09-24 08:25:50.875 [seq=282] [tid=5572] event=incident_mapping reason=first-chance-cpp age_ms=3532 api=CreateFileMappingA input=0000267C result=00002680 error=0 access=0x00000002 offset=0:0 bytes=0 path="(unknown)"
2026-09-24 08:25:50.876 [seq=283] [tid=5572] event=incident_mapping reason=first-chance-cpp age_ms=3547 api=MapViewOfFile input=00002680 result=5FF30000 error=0 access=0x00000004 offset=0:0 bytes=0 path="(unknown)"
2026-09-24 08:25:50.877 [seq=284] [tid=5572] event=incident_mapping reason=first-chance-cpp age_ms=3531 api=CreateFileMappingA input=00002684 result=00002688 error=0 access=0x00000002 offset=0:0 bytes=0 path="(unknown)"
2026-09-24 08:25:50.879 [seq=285] [tid=5572] event=incident_mapping reason=first-chance-cpp age_ms=3531 api=MapViewOfFile input=00002688 result=5FF40000 error=0 access=0x00000004 offset=0:0 bytes=0 path="(unknown)"
2026-09-24 08:25:50.880 [seq=286] [tid=5572] event=incident_mapping reason=first-chance-cpp age_ms=3468 api=CreateFileMappingA input=0000268C result=00002690 error=0 access=0x00000002 offset=0:0 bytes=0 path="(unknown)"
2026-09-24 08:25:50.881 [seq=287] [tid=5572] event=incident_mapping reason=first-chance-cpp age_ms=3468 api=MapViewOfFile input=00002690 result=5FF60000 error=0 access=0x00000004 offset=0:0 bytes=0 path="(unknown)"
2026-09-24 08:25:50.882 [seq=288] [tid=5572] event=incident_mapping reason=first-chance-cpp age_ms=2875 api=CreateFileMappingA input=00002694 result=00002698 error=0 access=0x00000002 offset=0:0 bytes=0 path="(unknown)"
2026-09-24 08:25:50.882 [seq=289] [tid=5572] event=incident_mapping reason=first-chance-cpp age_ms=2875 api=MapViewOfFile input=00002698 result=5FF70000 error=0 access=0x00000004 offset=0:0 bytes=0 path="(unknown)"
2026-09-24 08:25:50.883 [seq=290] [tid=5572] event=incident_mapping reason=first-chance-cpp age_ms=2781 api=CreateFileMappingA input=00002694 result=00002698 error=0 access=0x00000002 offset=0:0 bytes=0 path="(unknown)"
2026-09-24 08:25:50.884 [seq=291] [tid=5572] event=incident_mapping reason=first-chance-cpp age_ms=2781 api=MapViewOfFile input=00002698 result=5FF70000 error=0 access=0x00000004 offset=0:0 bytes=0 path="(unknown)"
2026-09-24 08:25:50.884 [seq=292] [tid=5572] event=incident_mapping reason=first-chance-cpp age_ms=2781 api=CreateFileMappingA input=00002694 result=00002698 error=0 access=0x00000002 offset=0:0 bytes=0 path="(unknown)"
2026-09-24 08:25:50.885 [seq=293] [tid=5572] event=incident_mapping reason=first-chance-cpp age_ms=2781 api=MapViewOfFile input=00002698 result=5FF70000 error=0 access=0x00000004 offset=0:0 bytes=0 path="(unknown)"
2026-09-24 08:25:50.885 [seq=294] [tid=5572] event=incident_mapping reason=first-chance-cpp age_ms=2765 api=CreateFileMappingA input=00002694 result=00002698 error=0 access=0x00000002 offset=0:0 bytes=0 path="(unknown)"
2026-09-24 08:25:50.886 [seq=295] [tid=5572] event=incident_mapping reason=first-chance-cpp age_ms=2765 api=MapViewOfFile input=00002698 result=5FF70000 error=0 access=0x00000004 offset=0:0 bytes=0 path="(unknown)"
2026-09-24 08:25:50.887 [seq=296] [tid=5572] event=incident_mapping reason=first-chance-cpp age_ms=2765 api=CreateFileMappingA input=00002694 result=00002698 error=0 access=0x00000002 offset=0:0 bytes=0 path="(unknown)"
2026-09-24 08:25:50.888 [seq=297] [tid=5572] event=incident_mapping reason=first-chance-cpp age_ms=2765 api=MapViewOfFile input=00002698 result=5FF70000 error=0 access=0x00000004 offset=0:0 bytes=0 path="(unknown)"
2026-09-24 08:25:50.889 [seq=298] [tid=5572] event=incident_mapping reason=first-chance-cpp age_ms=2750 api=CreateFileMappingA input=00002694 result=00002698 error=0 access=0x00000002 offset=0:0 bytes=0 path="(unknown)"
2026-09-24 08:25:50.889 [seq=299] [tid=5572] event=incident_mapping reason=first-chance-cpp age_ms=2750 api=MapViewOfFile input=00002698 result=5FF70000 error=0 access=0x00000004 offset=0:0 bytes=0 path="(unknown)"
2026-09-24 08:25:50.890 [seq=300] [tid=5572] event=incident_mapping reason=first-chance-cpp age_ms=2359 api=CreateFileMappingA input=000025E8 result=000025EC error=0 access=0x00000002 offset=0:0 bytes=0 path="(unknown)"
2026-09-24 08:25:50.890 [seq=301] [tid=5572] event=incident_mapping reason=first-chance-cpp age_ms=2359 api=MapViewOfFile input=000025EC result=5F5C0000 error=0 access=0x00000004 offset=0:0 bytes=0 path="(unknown)"
2026-09-24 08:25:50.890 [seq=302] [tid=5572] event=incident_mapping reason=first-chance-cpp age_ms=2343 api=CreateFileMappingA input=000025BC result=000025B8 error=0 access=0x00000002 offset=0:0 bytes=0 path="(unknown)"
2026-09-24 08:25:50.892 [seq=303] [tid=5572] event=incident_mapping reason=first-chance-cpp age_ms=2343 api=MapViewOfFile input=000025B8 result=5F5F0000 error=0 access=0x00000004 offset=0:0 bytes=0 path="(unknown)"
2026-09-24 08:25:50.892 [seq=304] [tid=5572] event=incident_mapping reason=first-chance-cpp age_ms=2359 api=CreateFileMappingA input=00002628 result=000025D0 error=0 access=0x00000002 offset=0:0 bytes=0 path="(unknown)"
2026-09-24 08:25:50.892 [seq=305] [tid=5572] event=incident_mapping reason=first-chance-cpp age_ms=2359 api=MapViewOfFile input=000025D0 result=5F660000 error=0 access=0x00000004 offset=0:0 bytes=0 path="(unknown)"
2026-09-24 08:25:50.894 [seq=306] [tid=5572] event=incident_mapping reason=first-chance-cpp age_ms=2328 api=CreateFileMappingA input=000025D4 result=00002530 error=0 access=0x00000002 offset=0:0 bytes=0 path="(unknown)"
2026-09-24 08:25:50.894 [seq=307] [tid=5572] event=incident_mapping reason=first-chance-cpp age_ms=2328 api=MapViewOfFile input=00002530 result=5FF90000 error=0 access=0x00000004 offset=0:0 bytes=0 path="(unknown)"
2026-09-24 08:25:50.895 [seq=308] [tid=5572] event=incident_mapping reason=first-chance-cpp age_ms=2297 api=CreateFileMappingA input=00002498 result=00002538 error=0 access=0x00000002 offset=0:0 bytes=0 path="(unknown)"
2026-09-24 08:25:50.895 [seq=309] [tid=5572] event=incident_mapping reason=first-chance-cpp age_ms=2297 api=MapViewOfFile input=00002538 result=5FFB0000 error=0 access=0x00000004 offset=0:0 bytes=0 path="(unknown)"
2026-09-24 08:25:50.896 [seq=310] [tid=5572] event=incident_mapping reason=first-chance-cpp age_ms=2281 api=CreateFileMappingA input=00002610 result=0000260C error=0 access=0x00000002 offset=0:0 bytes=0 path="(unknown)"
2026-09-24 08:25:50.897 [seq=311] [tid=5572] event=incident_mapping reason=first-chance-cpp age_ms=2281 api=MapViewOfFile input=0000260C result=5FFD0000 error=0 access=0x00000004 offset=0:0 bytes=0 path="(unknown)"
2026-09-24 08:25:50.898 [seq=312] [tid=5572] event=incident_mapping reason=first-chance-cpp age_ms=2266 api=CreateFileMappingA input=000025FC result=00002600 error=0 access=0x00000002 offset=0:0 bytes=0 path="(unknown)"
2026-09-24 08:25:50.898 [seq=313] [tid=5572] event=incident_mapping reason=first-chance-cpp age_ms=2266 api=MapViewOfFile input=00002600 result=5FFE0000 error=0 access=0x00000004 offset=0:0 bytes=0 path="(unknown)"
2026-09-24 08:25:50.899 [seq=314] [tid=5572] event=incident_mapping reason=first-chance-cpp age_ms=2250 api=CreateFileMappingA input=0000269C result=00002698 error=0 access=0x00000002 offset=0:0 bytes=0 path="(unknown)"
2026-09-24 08:25:50.900 [seq=315] [tid=5572] event=incident_mapping reason=first-chance-cpp age_ms=2250 api=MapViewOfFile input=00002698 result=5FFF0000 error=0 access=0x00000004 offset=0:0 bytes=0 path="(unknown)"
2026-09-24 08:25:50.900 [seq=316] [tid=5572] event=incident_mapping reason=first-chance-cpp age_ms=2234 api=CreateFileMappingA input=00002634 result=00002694 error=0 access=0x00000002 offset=0:0 bytes=0 path="(unknown)"
2026-09-24 08:25:50.900 [seq=317] [tid=5572] event=incident_mapping reason=first-chance-cpp age_ms=2234 api=MapViewOfFile input=00002694 result=68250000 error=0 access=0x00000004 offset=0:0 bytes=0 path="(unknown)"
2026-09-24 08:25:50.902 [seq=318] [tid=5572] event=incident_mapping reason=first-chance-cpp age_ms=2234 api=CreateFileMappingA input=000026A0 result=000026A4 error=0 access=0x00000002 offset=0:0 bytes=0 path="(unknown)"
2026-09-24 08:25:50.903 [seq=319] [tid=5572] event=incident_mapping reason=first-chance-cpp age_ms=2234 api=MapViewOfFile input=000026A4 result=68260000 error=0 access=0x00000004 offset=0:0 bytes=0 path="(unknown)"
2026-09-24 08:25:50.903 [seq=320] [tid=5572] event=incident_mapping reason=first-chance-cpp age_ms=2203 api=CreateFileMappingA input=000026A8 result=000026AC error=0 access=0x00000002 offset=0:0 bytes=0 path="(unknown)"
2026-09-24 08:25:50.904 [seq=321] [tid=5572] event=incident_mapping reason=first-chance-cpp age_ms=2203 api=MapViewOfFile input=000026AC result=68270000 error=0 access=0x00000004 offset=0:0 bytes=0 path="(unknown)"
2026-09-24 08:25:50.905 [seq=322] [tid=5572] event=incident_mapping reason=first-chance-cpp age_ms=2203 api=CreateFileMappingA input=000026B0 result=000026B4 error=0 access=0x00000002 offset=0:0 bytes=0 path="(unknown)"
2026-09-24 08:25:50.905 [seq=323] [tid=5572] event=incident_mapping reason=first-chance-cpp age_ms=2203 api=MapViewOfFile input=000026B4 result=68280000 error=0 access=0x00000004 offset=0:0 bytes=0 path="(unknown)"
2026-09-24 08:25:50.905 [seq=324] [tid=5572] event=incident_mapping reason=first-chance-cpp age_ms=2188 api=CreateFileMappingA input=000026B8 result=000026BC error=0 access=0x00000002 offset=0:0 bytes=0 path="(unknown)"
2026-09-24 08:25:50.905 [seq=325] [tid=5572] event=incident_mapping reason=first-chance-cpp age_ms=2188 api=MapViewOfFile input=000026BC result=68290000 error=0 access=0x00000004 offset=0:0 bytes=0 path="(unknown)"
2026-09-24 08:25:50.907 [seq=326] [tid=5572] event=incident_mapping reason=first-chance-cpp age_ms=2204 api=CreateFileMappingA input=000026B8 result=000026BC error=0 access=0x00000002 offset=0:0 bytes=0 path="(unknown)"
2026-09-24 08:25:50.908 [seq=327] [tid=5572] event=incident_mapping reason=first-chance-cpp age_ms=2204 api=MapViewOfFile input=000026BC result=68290000 error=0 access=0x00000004 offset=0:0 bytes=0 path="(unknown)"
2026-09-24 08:25:50.908 [seq=328] [tid=5572] event=incident_mapping reason=first-chance-cpp age_ms=2188 api=CreateFileMappingA input=000026C4 result=000026C8 error=0 access=0x00000002 offset=0:0 bytes=0 path="(unknown)"
2026-09-24 08:25:50.908 [seq=329] [tid=5572] event=incident_mapping reason=first-chance-cpp age_ms=2188 api=MapViewOfFile input=000026C8 result=682A0000 error=0 access=0x00000004 offset=0:0 bytes=0 path="(unknown)"
2026-09-24 08:25:50.909 [seq=330] [tid=5572] event=incident_mapping reason=first-chance-cpp age_ms=2172 api=CreateFileMappingA input=000026CC result=000026D0 error=0 access=0x00000002 offset=0:0 bytes=0 path="(unknown)"
2026-09-24 08:25:50.910 [seq=331] [tid=5572] event=incident_mapping reason=first-chance-cpp age_ms=2172 api=MapViewOfFile input=000026D0 result=682B0000 error=0 access=0x00000004 offset=0:0 bytes=0 path="(unknown)"
2026-09-24 08:25:50.910 [seq=332] [tid=5572] event=incident_mapping reason=first-chance-cpp age_ms=2079 api=CreateFileMappingA input=000026D4 result=000026D8 error=0 access=0x00000002 offset=0:0 bytes=0 path="(unknown)"
2026-09-24 08:25:50.912 [seq=333] [tid=5572] event=incident_mapping reason=first-chance-cpp age_ms=2079 api=MapViewOfFile input=000026D8 result=682B0000 error=0 access=0x00000004 offset=0:0 bytes=0 path="(unknown)"
2026-09-24 08:25:50.913 [seq=334] [tid=5572] event=incident_mapping reason=first-chance-cpp age_ms=2063 api=CreateFileMappingA input=000026DC result=000026E0 error=0 access=0x00000002 offset=0:0 bytes=0 path="(unknown)"
2026-09-24 08:25:50.914 [seq=335] [tid=5572] event=incident_mapping reason=first-chance-cpp age_ms=2063 api=MapViewOfFile input=000026E0 result=682C0000 error=0 access=0x00000004 offset=0:0 bytes=0 path="(unknown)"
2026-09-24 08:25:50.917 [seq=336] [tid=5572] event=incident_log_snapshot reason=first-chance-cpp status=ok error=0 bytes=50466 file="EquipSlotDiagnostic.log"
2026-09-24 08:25:50.919 [seq=337] [tid=5572] event=incident_log_snapshot reason=first-chance-cpp status=ok error=0 bytes=51820 file="BeiDouSetItemCompat.log"
2026-09-24 08:25:50.920 [seq=338] [tid=5572] event=incident_log_snapshot reason=first-chance-cpp status=ok error=0 bytes=5075 file="DawnWarriorSkillCompat.log"
2026-09-24 08:25:50.923 [seq=339] [tid=5572] event=incident_log_snapshot reason=first-chance-cpp status=ok error=0 bytes=864 file="BeiDouDamageSkinCompat.log"
2026-09-24 08:25:50.925 [seq=340] [tid=5572] event=incident_log_snapshot reason=first-chance-cpp status=ok error=0 bytes=113 file="IndexedDamageNumberCompat.log"
2026-09-24 08:25:50.928 [seq=341] [tid=5572] event=incident_log_snapshot reason=first-chance-cpp status=ok error=0 bytes=103 file="BeiDouVideo.log"
2026-09-24 08:25:50.929 [seq=342] [tid=5572] event=incident_module reason=first-chance-cpp base=00400000 size=11091968 path="C:\Mac\Home\Documents\mxd\BeiDou-Server\clien\BeiDou.exe"
2026-09-24 08:25:50.930 [seq=343] [tid=5572] event=incident_module reason=first-chance-cpp base=773E0000 size=2433024 path="C:\WINDOWS\SYSTEM32\ntdll.dll"
2026-09-24 08:25:50.931 [seq=344] [tid=5572] event=incident_module reason=first-chance-cpp base=75100000 size=1179648 path="C:\WINDOWS\System32\KERNEL32.DLL"
2026-09-24 08:25:50.931 [seq=345] [tid=5572] event=incident_module reason=first-chance-cpp base=76670000 size=4014080 path="C:\WINDOWS\System32\KERNELBASE.dll"
2026-09-24 08:25:50.933 [seq=346] [tid=5572] event=incident_module reason=first-chance-cpp base=72AF0000 size=716800 path="C:\WINDOWS\SYSTEM32\apphelp.dll"
2026-09-24 08:25:50.934 [seq=347] [tid=5572] event=incident_module reason=first-chance-cpp base=76450000 size=905216 path="C:\WINDOWS\System32\advapi32.dll"
2026-09-24 08:25:50.935 [seq=348] [tid=5572] event=incident_module reason=first-chance-cpp base=760E0000 size=1179648 path="C:\WINDOWS\System32\msvcrt.dll"
2026-09-24 08:25:50.936 [seq=349] [tid=5572] event=incident_module reason=first-chance-cpp base=72E80000 size=544768 path="C:\WINDOWS\System32\sechost.dll"
2026-09-24 08:25:50.936 [seq=350] [tid=5572] event=incident_module reason=first-chance-cpp base=76530000 size=1269760 path="C:\WINDOWS\System32\RPCRT4.dll"
2026-09-24 08:25:50.937 [seq=351] [tid=5572] event=incident_module reason=first-chance-cpp base=75D40000 size=315392 path="C:\WINDOWS\System32\gdi32.dll"
2026-09-24 08:25:50.938 [seq=352] [tid=5572] event=incident_module reason=first-chance-cpp base=74B70000 size=114688 path="C:\WINDOWS\System32\win32u.dll"
2026-09-24 08:25:50.939 [seq=353] [tid=5572] event=incident_module reason=first-chance-cpp base=71810000 size=229376 path="C:\WINDOWS\SYSTEM32\dinput8.dll"
2026-09-24 08:25:50.939 [seq=354] [tid=5572] event=incident_module reason=first-chance-cpp base=75F90000 size=1351680 path="C:\WINDOWS\System32\gdi32full.dll"
2026-09-24 08:25:50.939 [seq=355] [tid=5572] event=incident_module reason=first-chance-cpp base=76A50000 size=1593344 path="C:\WINDOWS\System32\ucrtbase.dll"
2026-09-24 08:25:50.941 [seq=356] [tid=5572] event=incident_module reason=first-chance-cpp base=74C70000 size=544768 path="C:\WINDOWS\System32\msvcp_win.dll"
2026-09-24 08:25:50.941 [seq=357] [tid=5572] event=incident_module reason=first-chance-cpp base=738B0000 size=1994752 path="C:\WINDOWS\System32\USER32.dll"
2026-09-24 08:25:50.941 [seq=358] [tid=5572] event=incident_module reason=first-chance-cpp base=71BD0000 size=86016 path="C:\WINDOWS\SYSTEM32\netapi32.dll"
2026-09-24 08:25:50.943 [seq=359] [tid=5572] event=incident_module reason=first-chance-cpp base=75C30000 size=1101824 path="C:\WINDOWS\System32\oleaut32.dll"
2026-09-24 08:25:50.944 [seq=360] [tid=5572] event=incident_module reason=first-chance-cpp base=76BE0000 size=4222976 path="C:\WINDOWS\System32\combase.dll"
2026-09-24 08:25:50.945 [seq=361] [tid=5572] event=incident_module reason=first-chance-cpp base=75220000 size=10506240 path="C:\WINDOWS\System32\shell32.dll"
2026-09-24 08:25:50.945 [seq=362] [tid=5572] event=incident_module reason=first-chance-cpp base=72AC0000 size=32768 path="C:\WINDOWS\SYSTEM32\version.dll"
2026-09-24 08:25:50.946 [seq=363] [tid=5572] event=incident_module reason=first-chance-cpp base=72D40000 size=434176 path="C:\WINDOWS\System32\ws2_32.dll"
2026-09-24 08:25:50.946 [seq=364] [tid=5572] event=incident_module reason=first-chance-cpp base=717D0000 size=208896 path="C:\WINDOWS\SYSTEM32\winmm.dll"
2026-09-24 08:25:50.948 [seq=365] [tid=5572] event=incident_module reason=first-chance-cpp base=714D0000 size=3117056 path="C:\WINDOWS\SYSTEM32\wininet.dll"
2026-09-24 08:25:50.949 [seq=366] [tid=5572] event=incident_module reason=first-chance-cpp base=75D90000 size=2097152 path="C:\WINDOWS\System32\ole32.dll"
2026-09-24 08:25:50.950 [seq=367] [tid=5572] event=incident_module reason=first-chance-cpp base=71450000 size=327680 path="C:\Mac\Home\Documents\mxd\BeiDou-Server\clien\ijl15.dll"
2026-09-24 08:25:50.950 [seq=368] [tid=5572] event=incident_module reason=first-chance-cpp base=21100000 size=626688 path="C:\Mac\Home\Documents\mxd\BeiDou-Server\clien\mss32.dll"
2026-09-24 08:25:50.951 [seq=369] [tid=5572] event=incident_module reason=first-chance-cpp base=714A0000 size=155648 path="C:\WINDOWS\SYSTEM32\iphlpapi.dll"
2026-09-24 08:25:50.951 [seq=370] [tid=5572] event=incident_module reason=first-chance-cpp base=10000000 size=323584 path="C:\Mac\Home\Documents\mxd\BeiDou-Server\clien\nmcogame.dll"
2026-09-24 08:25:50.953 [seq=371] [tid=5572] event=incident_module reason=first-chance-cpp base=745E0000 size=151552 path="C:\WINDOWS\System32\IMM32.dll"
2026-09-24 08:25:50.953 [seq=372] [tid=5572] event=incident_module reason=first-chance-cpp base=713A0000 size=614400 path="C:\WINDOWS\SYSTEM32\MSVCP140.dll"
2026-09-24 08:25:50.954 [seq=373] [tid=5572] event=incident_module reason=first-chance-cpp base=71440000 size=24576 path="C:\WINDOWS\SYSTEM32\SHFOLDER.dll"
2026-09-24 08:25:50.954 [seq=374] [tid=5572] event=incident_module reason=first-chance-cpp base=74C10000 size=335872 path="C:\WINDOWS\System32\SHLWAPI.dll"
2026-09-24 08:25:50.954 [seq=375] [tid=5572] event=incident_module reason=first-chance-cpp base=71380000 size=118784 path="C:\WINDOWS\SYSTEM32\VCRUNTIME140.dll"
2026-09-24 08:25:50.956 [seq=376] [tid=5572] event=incident_module reason=first-chance-cpp base=60000000 size=364544 path="C:\Mac\Home\Documents\mxd\BeiDou-Server\clien\2ijl15.dll"
2026-09-24 08:25:50.956 [seq=377] [tid=5572] event=incident_module reason=first-chance-cpp base=71370000 size=40960 path="C:\Mac\Home\Documents\mxd\BeiDou-Server\clien\CIL.dll"
2026-09-24 08:25:50.956 [seq=378] [tid=5572] event=incident_module reason=first-chance-cpp base=71360000 size=32768 path="C:\Mac\Home\Documents\mxd\BeiDou-Server\clien\DawnWarriorSkillCompat.dll"
2026-09-24 08:25:50.958 [seq=379] [tid=5572] event=incident_module reason=first-chance-cpp base=711E0000 size=1515520 path="C:\WINDOWS\SYSTEM32\inputhost.dll"
2026-09-24 08:25:50.959 [seq=380] [tid=5572] event=incident_module reason=first-chance-cpp base=710F0000 size=917504 path="C:\WINDOWS\SYSTEM32\CoreMessaging.dll"
2026-09-24 08:25:50.959 [seq=381] [tid=5572] event=incident_module reason=first-chance-cpp base=710D0000 size=86016 path="C:\Mac\Home\Documents\mxd\BeiDou-Server\clien\BeiDouSkillCompatCore.dll"
2026-09-24 08:25:50.960 [seq=382] [tid=5572] event=incident_module reason=first-chance-cpp base=710C0000 size=28672 path="C:\Mac\Home\Documents\mxd\BeiDou-Server\clien\BeiDouVellumVideoCompat.dll"
2026-09-24 08:25:50.961 [seq=383] [tid=5572] event=incident_module reason=first-chance-cpp base=70DA0000 size=3219456 path="C:\Mac\Home\Documents\mxd\BeiDou-Server\clien\BeiDouSetItemCompat.dll"
2026-09-24 08:25:50.961 [seq=384] [tid=5572] event=incident_module reason=first-chance-cpp base=70D40000 size=344064 path="C:\Mac\Home\Documents\mxd\BeiDou-Server\clien\WzFileLogger.dll"
2026-09-24 08:25:50.961 [seq=385] [tid=5572] event=incident_module reason=first-chance-cpp base=73830000 size=499712 path="C:\WINDOWS\System32\bcryptPrimitives.dll"
2026-09-24 08:25:50.963 [seq=386] [tid=5572] event=incident_module reason=first-chance-cpp base=70D30000 size=32768 path="C:\Mac\Home\Documents\mxd\BeiDou-Server\clien\BeiDouDamageSkinCompat.dll"
2026-09-24 08:25:50.964 [seq=387] [tid=5572] event=incident_module reason=first-chance-cpp base=71870000 size=40960 path="C:\WINDOWS\SYSTEM32\CRYPTBASE.DLL"
2026-09-24 08:25:50.965 [seq=388] [tid=5572] event=incident_module reason=first-chance-cpp base=72AA0000 size=86016 path="C:\WINDOWS\SYSTEM32\kernel.appcore.dll"
2026-09-24 08:25:50.966 [seq=389] [tid=5572] event=incident_module reason=first-chance-cpp base=70D20000 size=24576 path="C:\Mac\Home\Documents\mxd\BeiDou-Server\clien\IndexedDamageNumberCompat.dll"
2026-09-24 08:25:50.966 [seq=390] [tid=5572] event=incident_module reason=first-chance-cpp base=747C0000 size=24576 path="C:\WINDOWS\System32\psapi.dll"
2026-09-24 08:25:50.968 [seq=391] [tid=5572] event=incident_module reason=first-chance-cpp base=70CF0000 size=114688 path="C:\WINDOWS\SYSTEM32\bcrypt.dll"
2026-09-24 08:25:50.969 [seq=392] [tid=5572] event=incident_module reason=first-chance-cpp base=70C60000 size=516096 path="C:\WINDOWS\system32\uxtheme.dll"
2026-09-24 08:25:50.970 [seq=393] [tid=5572] event=incident_module reason=first-chance-cpp base=0E6A0000 size=3420160 path="C:\Mac\Home\Documents\mxd\BeiDou-Server\clien\nmconew.dll"
2026-09-24 08:25:50.971 [seq=394] [tid=5572] event=incident_module reason=first-chance-cpp base=53400000 size=12288 path="C:\WINDOWS\SYSTEM32\ICMP.dll"
2026-09-24 08:25:50.971 [seq=395] [tid=5572] event=incident_module reason=first-chance-cpp base=70C30000 size=167936 path="C:\WINDOWS\SYSTEM32\ntmarta.dll"
2026-09-24 08:25:50.972 [seq=396] [tid=5572] event=incident_module reason=first-chance-cpp base=50C00000 size=151552 path="C:\Mac\Home\Documents\mxd\BeiDou-Server\clien\PCOM.DLL"
2026-09-24 08:25:50.972 [seq=397] [tid=5572] event=incident_module reason=first-chance-cpp base=74FE0000 size=1142784 path="C:\WINDOWS\System32\MSCTF.dll"
2026-09-24 08:25:50.974 [seq=398] [tid=5572] event=incident_module reason=first-chance-cpp base=70BD0000 size=344064 path="C:\WINDOWS\system32\mswsock.dll"
2026-09-24 08:25:50.975 [seq=399] [tid=5572] event=incident_module reason=first-chance-cpp base=51000000 size=49152 path="C:\Mac\Home\Documents\mxd\BeiDou-Server\clien\RESMAN.DLL"
2026-09-24 08:25:50.976 [seq=400] [tid=5572] event=incident_module reason=first-chance-cpp base=50800000 size=143360 path="C:\Mac\Home\Documents\mxd\BeiDou-Server\clien\NAMESPACE.DLL"
2026-09-24 08:25:50.977 [seq=401] [tid=5572] event=incident_module reason=first-chance-cpp base=50400000 size=262144 path="C:\Mac\Home\Documents\mxd\BeiDou-Server\clien\GR2D_DX8.DLL"
2026-09-24 08:25:50.977 [seq=402] [tid=5572] event=incident_module reason=first-chance-cpp base=70B00000 size=765952 path="C:\WINDOWS\SYSTEM32\D3D8.DLL"
2026-09-24 08:25:50.977 [seq=403] [tid=5572] event=incident_module reason=first-chance-cpp base=70AC0000 size=28672 path="C:\WINDOWS\SYSTEM32\d3d8thk.dll"
2026-09-24 08:25:50.979 [seq=404] [tid=5572] event=incident_module reason=first-chance-cpp base=70AD0000 size=155648 path="C:\WINDOWS\SYSTEM32\dwmapi.dll"
2026-09-24 08:25:50.980 [seq=405] [tid=5572] event=incident_module reason=first-chance-cpp base=70A50000 size=401408 path="C:\WINDOWS\SYSTEM32\dxcore.dll"
2026-09-24 08:25:50.982 [seq=406] [tid=5572] event=incident_module reason=first-chance-cpp base=51400000 size=86016 path="C:\Mac\Home\Documents\mxd\BeiDou-Server\clien\SHAPE2D.DLL"
2026-09-24 08:25:50.983 [seq=407] [tid=5572] event=incident_module reason=first-chance-cpp base=74DC0000 size=548864 path="C:\WINDOWS\System32\clbcatq.dll"
2026-09-24 08:25:50.986 [seq=408] [tid=5572] event=incident_module reason=first-chance-cpp base=70940000 size=1044480 path="C:\WINDOWS\SYSTEM32\textinputframework.dll"
2026-09-24 08:25:50.987 [seq=409] [tid=5572] event=incident_module reason=first-chance-cpp base=706A0000 size=2699264 path="C:\WINDOWS\SYSTEM32\CoreUIComponents.dll"
2026-09-24 08:25:50.988 [seq=410] [tid=5572] event=incident_module reason=first-chance-cpp base=705A0000 size=1019904 path="C:\WINDOWS\SYSTEM32\wintypes.dll"
2026-09-24 08:25:50.993 [seq=411] [tid=5572] event=incident_module reason=first-chance-cpp base=70540000 size=389120 path="C:\WINDOWS\SYSTEM32\prl_umdd.dll"
2026-09-24 08:25:50.994 [seq=412] [tid=5572] event=incident_module reason=first-chance-cpp base=50000000 size=565248 path="C:\Mac\Home\Documents\mxd\BeiDou-Server\clien\CANVAS.DLL"
2026-09-24 08:25:50.996 [seq=413] [tid=5572] event=incident_module reason=first-chance-cpp base=0FCC0000 size=102400 path="C:\Mac\Home\Documents\mxd\BeiDou-Server\clien\ZLZ.dll"
2026-09-24 08:25:50.997 [seq=414] [tid=5572] event=incident_module reason=first-chance-cpp base=70520000 size=45056 path="C:\WINDOWS\SYSTEM32\HID.DLL"
2026-09-24 08:25:50.998 [seq=415] [tid=5572] event=incident_module reason=first-chance-cpp base=73C00000 size=4526080 path="C:\WINDOWS\System32\SETUPAPI.DLL"
2026-09-24 08:25:50.998 [seq=416] [tid=5572] event=incident_module reason=first-chance-cpp base=704D0000 size=262144 path="C:\WINDOWS\SYSTEM32\cfgmgr32.DLL"
2026-09-24 08:25:51.000 [seq=417] [tid=5572] event=incident_module reason=first-chance-cpp base=704A0000 size=151552 path="C:\WINDOWS\SYSTEM32\DEVOBJ.dll"
2026-09-24 08:25:51.001 [seq=418] [tid=5572] event=incident_module reason=first-chance-cpp base=72BB0000 size=421888 path="C:\WINDOWS\System32\WINTRUST.dll"
2026-09-24 08:25:51.001 [seq=419] [tid=5572] event=incident_module reason=first-chance-cpp base=72C20000 size=1105920 path="C:\WINDOWS\System32\CRYPT32.dll"
2026-09-24 08:25:51.002 [seq=420] [tid=5572] event=incident_module reason=first-chance-cpp base=70480000 size=57344 path="C:\WINDOWS\SYSTEM32\MSASN1.dll"
2026-09-24 08:25:51.002 [seq=421] [tid=5572] event=incident_module reason=first-chance-cpp base=51800000 size=147456 path="C:\Mac\Home\Documents\mxd\BeiDou-Server\clien\SOUND_DX8.DLL"
2026-09-24 08:25:51.002 [seq=422] [tid=5572] event=incident_module reason=first-chance-cpp base=70460000 size=106496 path="C:\WINDOWS\SYSTEM32\MSACM32.dll"
2026-09-24 08:25:51.003 [seq=423] [tid=5572] event=incident_module reason=first-chance-cpp base=12AD0000 size=565248 path="C:\Mac\Home\Documents\mxd\BeiDou-Server\clien\l3codeca.acm"
2026-09-24 08:25:51.004 [seq=424] [tid=5572] event=incident_module reason=first-chance-cpp base=70430000 size=151552 path="C:\WINDOWS\SYSTEM32\WINMMBASE.dll"
2026-09-24 08:25:51.006 [seq=425] [tid=5572] event=incident_module reason=first-chance-cpp base=74A90000 size=876544 path="C:\WINDOWS\System32\shcore.dll"
2026-09-24 08:25:51.006 [seq=426] [tid=5572] event=incident_module reason=first-chance-cpp base=70360000 size=851968 path="C:\WINDOWS\System32\dsound.dll"
2026-09-24 08:25:51.007 [seq=427] [tid=5572] event=incident_module reason=first-chance-cpp base=70290000 size=823296 path="C:\WINDOWS\System32\ResampleDmo.DLL"
2026-09-24 08:25:51.008 [seq=428] [tid=5572] event=incident_module reason=first-chance-cpp base=70230000 size=348160 path="C:\WINDOWS\SYSTEM32\powrprof.dll"
2026-09-24 08:25:51.009 [seq=429] [tid=5572] event=incident_module reason=first-chance-cpp base=70220000 size=36864 path="C:\WINDOWS\System32\msdmo.dll"
2026-09-24 08:25:51.009 [seq=430] [tid=5572] event=incident_module reason=first-chance-cpp base=70200000 size=61440 path="C:\WINDOWS\SYSTEM32\UMPDC.dll"
2026-09-24 08:25:51.009 [seq=431] [tid=5572] event=incident_module reason=first-chance-cpp base=70110000 size=983040 path="C:\WINDOWS\System32\MMDevApi.dll"
2026-09-24 08:25:51.010 [seq=432] [tid=5572] event=incident_module reason=first-chance-cpp base=6FEB0000 size=2449408 path="C:\WINDOWS\SYSTEM32\AUDIOSES.DLL"
2026-09-24 08:25:51.011 [seq=433] [tid=5572] event=incident_module reason=first-chance-cpp base=6FE90000 size=65536 path="C:\WINDOWS\SYSTEM32\resourcepolicyclient.dll"
2026-09-24 08:25:51.012 [seq=434] [tid=5572] event=incident_module reason=first-chance-cpp base=0DE00000 size=532480 path="C:\Mac\Home\Documents\mxd\BeiDou-Server\clien\WzFlashRenderer.dll"
2026-09-24 08:25:51.013 [seq=435] [tid=5572] event=incident_module reason=first-chance-cpp base=7C3A0000 size=503808 path="C:\Mac\Home\Documents\mxd\BeiDou-Server\clien\MSVCP71.dll"
2026-09-24 08:25:51.014 [seq=436] [tid=5572] event=incident_module reason=first-chance-cpp base=7C340000 size=352256 path="C:\Mac\Home\Documents\mxd\BeiDou-Server\clien\MSVCR71.dll"
2026-09-24 08:25:51.015 [seq=437] [tid=5572] event=incident_module reason=first-chance-cpp base=71E60000 size=12812288 path="C:\WINDOWS\SYSTEM32\windows.storage.dll"
2026-09-24 08:25:51.015 [seq=438] [tid=5572] event=incident_module reason=first-chance-cpp base=71970000 size=122880 path="C:\WINDOWS\SYSTEM32\profapi.dll"
2026-09-24 08:25:51.017 [seq=439] [tid=5572] event=incident_module reason=first-chance-cpp base=6FD70000 size=1118208 path="C:\Windows\System32\Windows.UI.dll"
2026-09-24 08:25:51.017 [seq=440] [tid=5572] event=incident_module reason=first-chance-cpp base=6FD60000 size=36864 path="C:\WINDOWS\SYSTEM32\avrt.dll"
2026-09-24 08:25:51.018 [seq=441] [tid=5572] event=incident_module reason=first-chance-cpp base=6FD10000 size=262144 path="C:\WINDOWS\SYSTEM32\wdmaud.drv"
2026-09-24 08:25:51.019 [seq=442] [tid=5572] event=incident_module reason=first-chance-cpp base=6FCE0000 size=118784 path="C:\WINDOWS\SYSTEM32\wdmaud2.drv"
2026-09-24 08:25:51.020 [seq=443] [tid=5572] event=incident_module reason=first-chance-cpp base=6FCC0000 size=45056 path="C:\WINDOWS\SYSTEM32\msacm32.drv"
2026-09-24 08:25:51.021 [seq=444] [tid=5572] event=incident_module reason=first-chance-cpp base=6FCB0000 size=32768 path="C:\WINDOWS\SYSTEM32\midimap.dll"
2026-09-24 08:25:51.021 [seq=445] [tid=5572] event=incident_module reason=first-chance-cpp base=6FCA0000 size=40960 path="C:\WINDOWS\SYSTEM32\netbios.dll"
2026-09-24 08:25:51.022 [seq=446] [tid=5572] event=incident_module reason=first-chance-cpp base=6FC80000 size=90112 path="C:\Windows\System32\l3codeca.acm"
2026-09-24 08:25:51.023 [seq=447] [tid=5572] event=incident_module reason=first-chance-cpp base=6FB80000 size=962560 path="C:\WINDOWS\SYSTEM32\TextShaping.dll"
2026-09-24 08:25:51.024 [seq=448] [tid=5572] event=incident_module reason=first-chance-cpp base=74610000 size=28672 path="C:\WINDOWS\System32\NSI.dll"
2026-09-24 08:25:51.024 [seq=449] [tid=5572] event=incident_module reason=first-chance-cpp base=6FB50000 size=110592 path="C:\WINDOWS\SYSTEM32\dhcpcsvc.DLL"
2026-09-24 08:25:51.751 [seq=450] [tid=5572] event=dump status=ok reason=first-chance-cpp error=0 path="C:\Mac\Home\Documents\mxd\BeiDou-Server\clien\diagnostics\first-chance-cpp-20260924-082413-pid3136-61682859.dmp"
2026-09-24 08:25:51.756 [seq=451] [tid=5572] event=first_chance_cpp occurrence=5 code=0xe06d7363 address=769D9E4F module="C:\WINDOWS\System32\KERNELBASE.dll" module_offset=0x00369e4f eip=769D9E4F esp=001ADA18 eax=0x001ada18 ebx=0x0a7162cc ecx=0x00000004 edx=0x001adaac esi=0x00b41270 edi=0x001adaac exception_info="i0=0x19930520;i1=0x001adabc;i2=0x00b44b18" stack_candidates="s3:KERNELBASE.dll+0x00369e4f@769D9E4F;s22:BeiDou.exe+0x00660beb@00A60BEB;s38:BeiDou.exe+0x006605e7@00A605E7;s46:BeiDou.exe+0x0065fe4f@00A5FE4F;s51:BeiDou.exe+0x00003af7@00403AF7;s64:BeiDou.exe+0x00675394@00A75394;s67:BeiDou.exe+0x001cad00@005CAD00;s95:ntdll.dll+0x000582f4@774382F4"
2026-09-24 08:25:51.757 [seq=452] [tid=5572] event=first_chance_cpp occurrence=6 code=0xe06d7363 address=769D9E4F module="C:\WINDOWS\System32\KERNELBASE.dll" module_offset=0x00369e4f eip=769D9E4F esp=001ADA18 eax=0x001ada18 ebx=0x0a7162cc ecx=0x00000004 edx=0x001adaac esi=0x00b41270 edi=0x001adaac exception_info="i0=0x19930520;i1=0x001adabc;i2=0x00b44b18" stack_candidates="s3:KERNELBASE.dll+0x00369e4f@769D9E4F;s22:BeiDou.exe+0x00660beb@00A60BEB;s38:BeiDou.exe+0x006605e7@00A605E7;s46:BeiDou.exe+0x0065fe4f@00A5FE4F;s51:BeiDou.exe+0x00003af7@00403AF7;s64:BeiDou.exe+0x00675394@00A75394;s67:BeiDou.exe+0x001cad00@005CAD00;s95:ntdll.dll+0x000582f4@774382F4"
2026-09-24 08:25:54.395 [seq=453] [tid=5572] event=flash_render_guard action=skipped_null_movie occurrence=2 x=-1262 y=973 tick=61600612
2026-09-24 08:25:54.454 [seq=454] [tid=1424] event=health cpu_core_pct=57.1 working_set_mb=557 commit_mb=423 handles=2527 gdi=132 user=22 window=responsive last_resource="(none)" resource_offset=0 resource_bytes=0 resource_age_ms=0
2026-09-24 08:25:55.125 [seq=455] [tid=5572] event=flash_render_guard action=skipped_null_movie occurrence=3 x=-1262 y=973 tick=61605176
2026-09-24 08:25:55.175 [seq=456] [tid=5572] event=flash_render_guard action=skipped_null_movie occurrence=4 x=-1262 y=973 tick=61605751
2026-09-24 08:25:55.204 [seq=457] [tid=5572] event=flash_render_guard action=skipped_null_movie occurrence=5 x=-1262 y=973 tick=61605763
2026-09-24 08:25:55.216 [seq=458] [tid=5572] event=flash_render_guard action=skipped_null_movie occurrence=6 x=-1262 y=973 tick=61605775
2026-09-24 08:25:55.224 [seq=459] [tid=5572] event=flash_render_guard action=skipped_null_movie occurrence=7 x=-1262 y=973 tick=61605787
2026-09-24 08:25:55.236 [seq=460] [tid=5572] event=flash_render_guard action=skipped_null_movie occurrence=8 x=-1262 y=973 tick=61605798
2026-09-24 08:25:55.486 [seq=461] [tid=1424] event=health cpu_core_pct=74.0 working_set_mb=622 commit_mb=481 handles=2792 gdi=150 user=22 window=responsive last_resource="(none)" resource_offset=0 resource_bytes=0 resource_age_ms=0
2026-09-24 08:25:57.066 [seq=462] [tid=1424] event=health cpu_core_pct=76.8 working_set_mb=626 commit_mb=485 handles=2791 gdi=150 user=22 window=responsive last_resource="(none)" resource_offset=0 resource_bytes=0 resource_age_ms=0
2026-09-24 08:25:58.089 [seq=463] [tid=1424] event=health cpu_core_pct=88.1 working_set_mb=631 commit_mb=490 handles=2790 gdi=153 user=22 window=responsive last_resource="(none)" resource_offset=0 resource_bytes=0 resource_age_ms=0
2026-09-24 08:25:59.049 [seq=464] [tid=5572] event=first_chance_cpp occurrence=7 code=0xe06d7363 address=769D9E4F module="C:\WINDOWS\System32\KERNELBASE.dll" module_offset=0x00369e4f eip=769D9E4F esp=001ADA18 eax=0x001ada18 ebx=0x0a7162cc ecx=0x00000004 edx=0x001adaac esi=0x00b41270 edi=0x001adaac exception_info="i0=0x19930520;i1=0x001adabc;i2=0x00b44b18" stack_candidates="s3:KERNELBASE.dll+0x00369e4f@769D9E4F;s10:SHAPE2D.DLL+0x00006bac@51406BAC;s22:BeiDou.exe+0x00660beb@00A60BEB;s38:BeiDou.exe+0x006605e7@00A605E7;s46:BeiDou.exe+0x0065fe4f@00A5FE4F;s51:BeiDou.exe+0x00003af7@00403AF7;s64:BeiDou.exe+0x00675394@00A75394;s67:BeiDou.exe+0x001cad00@005CAD00"
2026-09-24 08:25:59.053 [seq=465] [tid=5572] event=first_chance_cpp occurrence=8 code=0xe06d7363 address=769D9E4F module="C:\WINDOWS\System32\KERNELBASE.dll" module_offset=0x00369e4f eip=769D9E4F esp=001ADA18 eax=0x001ada18 ebx=0x0a7162cc ecx=0x00000004 edx=0x001adaac esi=0x00b41270 edi=0x001adaac exception_info="i0=0x19930520;i1=0x001adabc;i2=0x00b44b18" stack_candidates="s3:KERNELBASE.dll+0x00369e4f@769D9E4F;s10:SHAPE2D.DLL+0x00006bac@51406BAC;s22:BeiDou.exe+0x00660beb@00A60BEB;s38:BeiDou.exe+0x006605e7@00A605E7;s46:BeiDou.exe+0x0065fe4f@00A5FE4F;s51:BeiDou.exe+0x00003af7@00403AF7;s64:BeiDou.exe+0x00675394@00A75394;s67:BeiDou.exe+0x001cad00@005CAD00"
2026-09-24 08:25:59.055 [seq=466] [tid=5572] event=first_chance_cpp occurrence=9 code=0xe06d7363 address=769D9E4F module="C:\WINDOWS\System32\KERNELBASE.dll" module_offset=0x00369e4f eip=769D9E4F esp=001ADA18 eax=0x001ada18 ebx=0x0a7162cc ecx=0x00000004 edx=0x001adaac esi=0x00b41270 edi=0x001adaac exception_info="i0=0x19930520;i1=0x001adabc;i2=0x00b44b18" stack_candidates="(sample_limit)"
2026-09-24 08:25:59.182 [seq=467] [tid=1424] event=health cpu_core_pct=85.9 working_set_mb=632 commit_mb=491 handles=2790 gdi=153 user=22 window=responsive last_resource="(none)" resource_offset=0 resource_bytes=0 resource_age_ms=0
2026-09-24 08:26:00.199 [seq=468] [tid=1424] event=health cpu_core_pct=87.6 working_set_mb=632 commit_mb=491 handles=2790 gdi=155 user=22 window=responsive last_resource="(none)" resource_offset=0 resource_bytes=0 resource_age_ms=0
2026-09-24 08:26:01.220 [seq=469] [tid=1424] event=health cpu_core_pct=87.7 working_set_mb=632 commit_mb=491 handles=2788 gdi=156 user=22 window=responsive last_resource="(none)" resource_offset=0 resource_bytes=0 resource_age_ms=0
2026-09-24 08:26:02.229 [seq=470] [tid=1424] event=health cpu_core_pct=66.1 working_set_mb=632 commit_mb=491 handles=2788 gdi=156 user=22 window=responsive last_resource="(none)" resource_offset=0 resource_bytes=0 resource_age_ms=0
2026-09-24 08:26:03.244 [seq=471] [tid=1424] event=health cpu_core_pct=81.5 working_set_mb=632 commit_mb=491 handles=2788 gdi=156 user=22 window=responsive last_resource="(none)" resource_offset=0 resource_bytes=0 resource_age_ms=0
2026-09-24 08:26:04.256 [seq=472] [tid=1424] event=health cpu_core_pct=84.3 working_set_mb=632 commit_mb=491 handles=2788 gdi=157 user=22 window=responsive last_resource="(none)" resource_offset=0 resource_bytes=0 resource_age_ms=0
2026-09-24 08:26:05.270 [seq=473] [tid=1424] event=health cpu_core_pct=76.9 working_set_mb=633 commit_mb=491 handles=2788 gdi=159 user=22 window=responsive last_resource="(none)" resource_offset=0 resource_bytes=0 resource_age_ms=0
2026-09-24 08:26:06.276 [seq=474] [tid=1424] event=health cpu_core_pct=78.4 working_set_mb=633 commit_mb=492 handles=2788 gdi=159 user=22 window=responsive last_resource="(none)" resource_offset=0 resource_bytes=0 resource_age_ms=0
2026-09-24 08:26:07.409 [seq=475] [tid=1424] event=health cpu_core_pct=90.1 working_set_mb=635 commit_mb=493 handles=2802 gdi=159 user=22 window=responsive last_resource="(none)" resource_offset=0 resource_bytes=0 resource_age_ms=0
2026-09-24 08:26:07.617 [seq=476] [tid=5572] event=first_chance_cpp occurrence=10 code=0xe06d7363 address=769D9E4F module="C:\WINDOWS\System32\KERNELBASE.dll" module_offset=0x00369e4f eip=769D9E4F esp=001ADA18 eax=0x001ada18 ebx=0x0a7162cc ecx=0x00000004 edx=0x001adaac esi=0x00b41270 edi=0x001adaac exception_info="i0=0x19930520;i1=0x001adabc;i2=0x00b44b18" stack_candidates="(sample_limit)"
2026-09-24 08:26:07.619 [seq=477] [tid=5572] event=first_chance_cpp occurrence=11 code=0xe06d7363 address=769D9E4F module="C:\WINDOWS\System32\KERNELBASE.dll" module_offset=0x00369e4f eip=769D9E4F esp=001ADA18 eax=0x001ada18 ebx=0x0a7162cc ecx=0x00000004 edx=0x001adaac esi=0x00b41270 edi=0x001adaac exception_info="i0=0x19930520;i1=0x001adabc;i2=0x00b44b18" stack_candidates="(sample_limit)"
2026-09-24 08:26:07.621 [seq=478] [tid=5572] event=first_chance_cpp occurrence=12 code=0xe06d7363 address=769D9E4F module="C:\WINDOWS\System32\KERNELBASE.dll" module_offset=0x00369e4f eip=769D9E4F esp=001ADA18 eax=0x001ada18 ebx=0x0a7162cc ecx=0x00000004 edx=0x001adaac esi=0x00b41270 edi=0x001adaac exception_info="i0=0x19930520;i1=0x001adabc;i2=0x00b44b18" stack_candidates="(sample_limit)"
2026-09-24 08:26:08.551 [seq=479] [tid=1424] event=health cpu_core_pct=69.4 working_set_mb=637 commit_mb=495 handles=2801 gdi=159 user=22 window=responsive last_resource="(none)" resource_offset=0 resource_bytes=0 resource_age_ms=0
2026-09-24 08:26:10.858 [seq=480] [tid=1424] event=health cpu_core_pct=62.5 working_set_mb=637 commit_mb=495 handles=2801 gdi=159 user=22 window=responsive last_resource="(none)" resource_offset=0 resource_bytes=0 resource_age_ms=0
2026-09-24 08:26:11.016 [seq=481] [tid=5572] event=first_chance_cpp occurrence=13 code=0xe06d7363 address=769D9E4F module="C:\WINDOWS\System32\KERNELBASE.dll" module_offset=0x00369e4f eip=769D9E4F esp=001ADA18 eax=0x001ada18 ebx=0x0a7162cc ecx=0x00000004 edx=0x001adaac esi=0x00b41270 edi=0x001adaac exception_info="i0=0x19930520;i1=0x001adabc;i2=0x00b44b18" stack_candidates="(sample_limit)"
2026-09-24 08:26:11.018 [seq=482] [tid=5572] event=first_chance_cpp occurrence=14 code=0xe06d7363 address=769D9E4F module="C:\WINDOWS\System32\KERNELBASE.dll" module_offset=0x00369e4f eip=769D9E4F esp=001ADA18 eax=0x001ada18 ebx=0x0a7162cc ecx=0x00000004 edx=0x001adaac esi=0x00b41270 edi=0x001adaac exception_info="i0=0x19930520;i1=0x001adabc;i2=0x00b44b18" stack_candidates="(sample_limit)"
2026-09-24 08:26:11.020 [seq=483] [tid=5572] event=first_chance_cpp occurrence=15 code=0xe06d7363 address=769D9E4F module="C:\WINDOWS\System32\KERNELBASE.dll" module_offset=0x00369e4f eip=769D9E4F esp=001ADA18 eax=0x001ada18 ebx=0x0a7162cc ecx=0x00000004 edx=0x001adaac esi=0x00b41270 edi=0x001adaac exception_info="i0=0x19930520;i1=0x001adabc;i2=0x00b44b18" stack_candidates="(sample_limit)"
2026-09-24 08:26:11.927 [seq=484] [tid=1424] event=health cpu_core_pct=76.0 working_set_mb=638 commit_mb=495 handles=2800 gdi=159 user=22 window=responsive last_resource="(none)" resource_offset=0 resource_bytes=0 resource_age_ms=0
2026-09-24 08:26:12.931 [seq=485] [tid=1424] event=health cpu_core_pct=78.5 working_set_mb=638 commit_mb=495 handles=2800 gdi=159 user=22 window=responsive last_resource="(none)" resource_offset=0 resource_bytes=0 resource_age_ms=0
2026-09-24 08:26:13.940 [seq=486] [tid=1424] event=health cpu_core_pct=92.1 working_set_mb=638 commit_mb=495 handles=2800 gdi=159 user=22 window=responsive last_resource="(none)" resource_offset=0 resource_bytes=0 resource_age_ms=0
2026-09-24 08:26:15.110 [seq=487] [tid=1424] event=health cpu_core_pct=95.6 working_set_mb=638 commit_mb=495 handles=2801 gdi=159 user=22 window=responsive last_resource="(none)" resource_offset=0 resource_bytes=0 resource_age_ms=0
2026-09-24 08:26:15.316 [seq=488] [tid=5572] event=first_chance_cpp occurrence=16 code=0xe06d7363 address=769D9E4F module="C:\WINDOWS\System32\KERNELBASE.dll" module_offset=0x00369e4f eip=769D9E4F esp=001ADA18 eax=0x001ada18 ebx=0x0a7162cc ecx=0x00000004 edx=0x001adaac esi=0x00b41270 edi=0x001adaac exception_info="i0=0x19930520;i1=0x001adabc;i2=0x00b44b18" stack_candidates="(sample_limit)"
2026-09-24 08:26:15.319 [seq=489] [tid=5572] event=first_chance_cpp occurrence=17 code=0xe06d7363 address=769D9E4F module="C:\WINDOWS\System32\KERNELBASE.dll" module_offset=0x00369e4f eip=769D9E4F esp=001ADA18 eax=0x001ada18 ebx=0x0a7162cc ecx=0x00000004 edx=0x001adaac esi=0x00b41270 edi=0x001adaac exception_info="i0=0x19930520;i1=0x001adabc;i2=0x00b44b18" stack_candidates="(sample_limit)"
2026-09-24 08:26:15.321 [seq=490] [tid=5572] event=first_chance_cpp occurrence=18 code=0xe06d7363 address=769D9E4F module="C:\WINDOWS\System32\KERNELBASE.dll" module_offset=0x00369e4f eip=769D9E4F esp=001ADA18 eax=0x001ada18 ebx=0x0a7162cc ecx=0x00000004 edx=0x001adaac esi=0x00b41270 edi=0x001adaac exception_info="i0=0x19930520;i1=0x001adabc;i2=0x00b44b18" stack_candidates="(sample_limit)"
2026-09-24 08:26:18.098 [seq=491] [tid=1424] event=health cpu_core_pct=67.9 working_set_mb=638 commit_mb=495 handles=2802 gdi=159 user=22 window=responsive last_resource="(none)" resource_offset=0 resource_bytes=0 resource_age_ms=0
2026-09-24 08:26:18.294 [seq=492] [tid=5572] event=first_chance_cpp occurrence=19 code=0xe06d7363 address=769D9E4F module="C:\WINDOWS\System32\KERNELBASE.dll" module_offset=0x00369e4f eip=769D9E4F esp=001ADA18 eax=0x001ada18 ebx=0x0a7162cc ecx=0x00000004 edx=0x001adaac esi=0x00b41270 edi=0x001adaac exception_info="i0=0x19930520;i1=0x001adabc;i2=0x00b44b18" stack_candidates="(sample_limit)"
2026-09-24 08:26:18.296 [seq=493] [tid=5572] event=first_chance_cpp occurrence=20 code=0xe06d7363 address=769D9E4F module="C:\WINDOWS\System32\KERNELBASE.dll" module_offset=0x00369e4f eip=769D9E4F esp=001ADA18 eax=0x001ada18 ebx=0x0a7162cc ecx=0x00000004 edx=0x001adaac esi=0x00b41270 edi=0x001adaac exception_info="i0=0x19930520;i1=0x001adabc;i2=0x00b44b18" stack_candidates="(sample_limit)"
2026-09-24 08:26:18.297 [seq=494] [tid=5572] event=first_chance_cpp occurrence=21 code=0xe06d7363 address=769D9E4F module="C:\WINDOWS\System32\KERNELBASE.dll" module_offset=0x00369e4f eip=769D9E4F esp=001ADA18 eax=0x001ada18 ebx=0x0a7162cc ecx=0x00000004 edx=0x001adaac esi=0x00b41270 edi=0x001adaac exception_info="i0=0x19930520;i1=0x001adabc;i2=0x00b44b18" stack_candidates="(sample_limit)"
2026-09-24 08:26:19.182 [seq=495] [tid=1424] event=health cpu_core_pct=73.8 working_set_mb=641 commit_mb=498 handles=2801 gdi=159 user=22 window=responsive last_resource="(none)" resource_offset=0 resource_bytes=0 resource_age_ms=0
2026-09-24 08:26:20.191 [seq=496] [tid=1424] event=health cpu_core_pct=71.8 working_set_mb=641 commit_mb=498 handles=2801 gdi=160 user=22 window=responsive last_resource="(none)" resource_offset=0 resource_bytes=0 resource_age_ms=0
2026-09-24 08:26:21.198 [seq=497] [tid=1424] event=health cpu_core_pct=67.6 working_set_mb=641 commit_mb=498 handles=2800 gdi=161 user=22 window=responsive last_resource="(none)" resource_offset=0 resource_bytes=0 resource_age_ms=0
2026-09-24 08:26:22.201 [seq=498] [tid=1424] event=health cpu_core_pct=78.1 working_set_mb=641 commit_mb=498 handles=2800 gdi=161 user=22 window=responsive last_resource="(none)" resource_offset=0 resource_bytes=0 resource_age_ms=0
2026-09-24 08:26:23.225 [seq=499] [tid=1424] event=health cpu_core_pct=80.0 working_set_mb=642 commit_mb=498 handles=2800 gdi=163 user=22 window=responsive last_resource="(none)" resource_offset=0 resource_bytes=0 resource_age_ms=0
2026-09-24 08:26:24.235 [seq=500] [tid=1424] event=health cpu_core_pct=76.8 working_set_mb=644 commit_mb=500 handles=2798 gdi=163 user=22 window=responsive last_resource="(none)" resource_offset=0 resource_bytes=0 resource_age_ms=0
2026-09-24 08:26:26.105 [seq=501] [tid=1424] event=health cpu_core_pct=101.5 working_set_mb=646 commit_mb=502 handles=2799 gdi=165 user=22 window=responsive last_resource="(none)" resource_offset=0 resource_bytes=0 resource_age_ms=0
2026-09-24 08:26:26.344 [seq=502] [tid=5572] event=first_chance_cpp occurrence=22 code=0xe06d7363 address=769D9E4F module="C:\WINDOWS\System32\KERNELBASE.dll" module_offset=0x00369e4f eip=769D9E4F esp=001ADA18 eax=0x001ada18 ebx=0x0a7162cc ecx=0x00000004 edx=0x001adaac esi=0x00b41270 edi=0x001adaac exception_info="i0=0x19930520;i1=0x001adabc;i2=0x00b44b18" stack_candidates="(sample_limit)"
2026-09-24 08:26:26.348 [seq=503] [tid=5572] event=first_chance_cpp occurrence=23 code=0xe06d7363 address=769D9E4F module="C:\WINDOWS\System32\KERNELBASE.dll" module_offset=0x00369e4f eip=769D9E4F esp=001ADA18 eax=0x001ada18 ebx=0x0a7162cc ecx=0x00000004 edx=0x001adaac esi=0x00b41270 edi=0x001adaac exception_info="i0=0x19930520;i1=0x001adabc;i2=0x00b44b18" stack_candidates="(sample_limit)"
2026-09-24 08:26:26.350 [seq=504] [tid=5572] event=first_chance_cpp occurrence=24 code=0xe06d7363 address=769D9E4F module="C:\WINDOWS\System32\KERNELBASE.dll" module_offset=0x00369e4f eip=769D9E4F esp=001ADA18 eax=0x001ada18 ebx=0x0a7162cc ecx=0x00000004 edx=0x001adaac esi=0x00b41270 edi=0x001adaac exception_info="i0=0x19930520;i1=0x001adabc;i2=0x00b44b18" stack_candidates="(sample_limit)"
2026-09-24 08:26:29.170 [seq=505] [tid=1424] event=health cpu_core_pct=79.3 working_set_mb=646 commit_mb=502 handles=2799 gdi=165 user=22 window=responsive last_resource="(none)" resource_offset=0 resource_bytes=0 resource_age_ms=0
2026-09-24 08:26:29.399 [seq=506] [tid=5572] event=first_chance_cpp occurrence=25 code=0xe06d7363 address=769D9E4F module="C:\WINDOWS\System32\KERNELBASE.dll" module_offset=0x00369e4f eip=769D9E4F esp=001ADA18 eax=0x001ada18 ebx=0x0a7162cc ecx=0x00000004 edx=0x001adaac esi=0x00b41270 edi=0x001adaac exception_info="i0=0x19930520;i1=0x001adabc;i2=0x00b44b18" stack_candidates="(sample_limit)"
2026-09-24 08:26:29.401 [seq=507] [tid=5572] event=first_chance_cpp occurrence=26 code=0xe06d7363 address=769D9E4F module="C:\WINDOWS\System32\KERNELBASE.dll" module_offset=0x00369e4f eip=769D9E4F esp=001ADA18 eax=0x001ada18 ebx=0x0a7162cc ecx=0x00000004 edx=0x001adaac esi=0x00b41270 edi=0x001adaac exception_info="i0=0x19930520;i1=0x001adabc;i2=0x00b44b18" stack_candidates="(sample_limit)"
2026-09-24 08:26:29.404 [seq=508] [tid=5572] event=first_chance_cpp occurrence=27 code=0xe06d7363 address=769D9E4F module="C:\WINDOWS\System32\KERNELBASE.dll" module_offset=0x00369e4f eip=769D9E4F esp=001ADA18 eax=0x001ada18 ebx=0x0a7162cc ecx=0x00000004 edx=0x001adaac esi=0x00b41270 edi=0x001adaac exception_info="i0=0x19930520;i1=0x001adabc;i2=0x00b44b18" stack_candidates="(sample_limit)"
2026-09-24 08:26:30.267 [seq=509] [tid=1424] event=health cpu_core_pct=80.5 working_set_mb=646 commit_mb=502 handles=2797 gdi=165 user=22 window=responsive last_resource="(none)" resource_offset=0 resource_bytes=0 resource_age_ms=0
2026-09-24 08:26:31.274 [seq=510] [tid=1424] event=health cpu_core_pct=87.6 working_set_mb=646 commit_mb=502 handles=2797 gdi=165 user=22 window=responsive last_resource="(none)" resource_offset=0 resource_bytes=0 resource_age_ms=0
2026-09-24 08:26:32.279 [seq=511] [tid=1424] event=health cpu_core_pct=70.3 working_set_mb=646 commit_mb=502 handles=2797 gdi=165 user=22 window=responsive last_resource="(none)" resource_offset=0 resource_bytes=0 resource_age_ms=0
2026-09-24 08:26:33.784 [seq=512] [tid=1424] event=health cpu_core_pct=84.3 working_set_mb=646 commit_mb=502 handles=2798 gdi=165 user=22 window=responsive last_resource="(none)" resource_offset=0 resource_bytes=0 resource_age_ms=0
2026-09-24 08:26:34.011 [seq=513] [tid=5572] event=first_chance_cpp occurrence=28 code=0xe06d7363 address=769D9E4F module="C:\WINDOWS\System32\KERNELBASE.dll" module_offset=0x00369e4f eip=769D9E4F esp=001ADA18 eax=0x001ada18 ebx=0x0a7162cc ecx=0x00000004 edx=0x001adaac esi=0x00b41270 edi=0x001adaac exception_info="i0=0x19930520;i1=0x001adabc;i2=0x00b44b18" stack_candidates="(sample_limit)"
2026-09-24 08:26:34.014 [seq=514] [tid=5572] event=first_chance_cpp occurrence=29 code=0xe06d7363 address=769D9E4F module="C:\WINDOWS\System32\KERNELBASE.dll" module_offset=0x00369e4f eip=769D9E4F esp=001ADA18 eax=0x001ada18 ebx=0x0a7162cc ecx=0x00000004 edx=0x001adaac esi=0x00b41270 edi=0x001adaac exception_info="i0=0x19930520;i1=0x001adabc;i2=0x00b44b18" stack_candidates="(sample_limit)"
2026-09-24 08:26:34.016 [seq=515] [tid=5572] event=first_chance_cpp occurrence=30 code=0xe06d7363 address=769D9E4F module="C:\WINDOWS\System32\KERNELBASE.dll" module_offset=0x00369e4f eip=769D9E4F esp=001ADA18 eax=0x001ada18 ebx=0x0a7162cc ecx=0x00000004 edx=0x001adaac esi=0x00b41270 edi=0x001adaac exception_info="i0=0x19930520;i1=0x001adabc;i2=0x00b44b18" stack_candidates="(sample_limit)"
2026-09-24 08:26:36.564 [seq=516] [tid=1424] event=health cpu_core_pct=68.9 working_set_mb=646 commit_mb=502 handles=2799 gdi=165 user=21 window=responsive last_resource="(none)" resource_offset=0 resource_bytes=0 resource_age_ms=0
2026-09-24 08:26:36.795 [seq=517] [tid=5572] event=first_chance_cpp occurrence=31 code=0xe06d7363 address=769D9E4F module="C:\WINDOWS\System32\KERNELBASE.dll" module_offset=0x00369e4f eip=769D9E4F esp=001ADA18 eax=0x001ada18 ebx=0x0a7162cc ecx=0x00000004 edx=0x001adaac esi=0x00b41270 edi=0x001adaac exception_info="i0=0x19930520;i1=0x001adabc;i2=0x00b44b18" stack_candidates="(sample_limit)"
2026-09-24 08:26:36.796 [seq=518] [tid=5572] event=first_chance_cpp occurrence=32 code=0xe06d7363 address=769D9E4F module="C:\WINDOWS\System32\KERNELBASE.dll" module_offset=0x00369e4f eip=769D9E4F esp=001ADA18 eax=0x001ada18 ebx=0x0a7162cc ecx=0x00000004 edx=0x001adaac esi=0x00b41270 edi=0x001adaac exception_info="i0=0x19930520;i1=0x001adabc;i2=0x00b44b18" stack_candidates="(sample_limit)"
2026-09-24 08:26:37.680 [seq=519] [tid=1424] event=health cpu_core_pct=75.4 working_set_mb=647 commit_mb=503 handles=2797 gdi=166 user=21 window=responsive last_resource="(none)" resource_offset=0 resource_bytes=0 resource_age_ms=0
2026-09-24 08:26:38.691 [seq=520] [tid=1424] event=health cpu_core_pct=79.6 working_set_mb=647 commit_mb=503 handles=2797 gdi=168 user=21 window=responsive last_resource="(none)" resource_offset=0 resource_bytes=0 resource_age_ms=0
2026-09-24 08:26:39.727 [seq=521] [tid=1424] event=health cpu_core_pct=74.2 working_set_mb=648 commit_mb=504 handles=2797 gdi=168 user=21 window=responsive last_resource="(none)" resource_offset=0 resource_bytes=0 resource_age_ms=0
2026-09-24 08:26:41.317 [seq=522] [tid=1424] event=health cpu_core_pct=93.8 working_set_mb=648 commit_mb=504 handles=2798 gdi=168 user=21 window=responsive last_resource="(none)" resource_offset=0 resource_bytes=0 resource_age_ms=0
2026-09-24 08:26:43.625 [seq=523] [tid=1424] event=health cpu_core_pct=84.2 working_set_mb=648 commit_mb=504 handles=2799 gdi=168 user=21 window=responsive last_resource="(none)" resource_offset=0 resource_bytes=0 resource_age_ms=0
2026-09-24 08:26:44.921 [seq=524] [tid=1424] event=health cpu_core_pct=79.3 working_set_mb=648 commit_mb=504 handles=2797 gdi=169 user=21 window=responsive last_resource="(none)" resource_offset=0 resource_bytes=0 resource_age_ms=0
2026-09-24 08:26:45.928 [seq=525] [tid=1424] event=health cpu_core_pct=71.9 working_set_mb=648 commit_mb=504 handles=2797 gdi=169 user=21 window=responsive last_resource="(none)" resource_offset=0 resource_bytes=0 resource_age_ms=0
2026-09-24 08:26:46.931 [seq=526] [tid=1424] event=health cpu_core_pct=87.5 working_set_mb=649 commit_mb=505 handles=2797 gdi=169 user=21 window=responsive last_resource="(none)" resource_offset=0 resource_bytes=0 resource_age_ms=0
2026-09-24 08:26:47.942 [seq=527] [tid=1424] event=health cpu_core_pct=90.6 working_set_mb=652 commit_mb=509 handles=2797 gdi=169 user=21 window=responsive last_resource="(none)" resource_offset=0 resource_bytes=0 resource_age_ms=0
2026-09-24 08:26:49.197 [seq=528] [tid=5572] event=first_chance_av occurrence=1 code=0xc0000005 address=00410FF5 module="C:\Mac\Home\Documents\mxd\BeiDou-Server\clien\BeiDou.exe" module_offset=0x00010ff5 eip=00410FF5 esp=001ADA40 eax=0x00000000 ebx=0x00000000 ecx=0x001ada8c edx=0x00bf6300 esi=0x001ada8c edi=0x00000000 exception_info="i0=0x00000000;i1=0x00000000" stack_candidates="s1:BeiDou.exe+0x0023a85d@0063A85D;s9:oleaut32.dll+0x000c4944@75CF4944;s29:BeiDou.exe+0x0023a5ce@0063A5CE;s31:BeiDou.exe+0x0069d448@00A9D448"
2026-09-24 08:26:49.279 [seq=529] [tid=5572] event=crash code=0xc0000005 address=00410FF5 module="C:\Mac\Home\Documents\mxd\BeiDou-Server\clien\BeiDou.exe" module_offset=0x00010ff5 last_resource="(none)" resource_offset=0 resource_bytes=0 resource_age_ms=0
2026-09-24 08:26:50.026 [seq=530] [tid=5572] event=dump status=ok reason=crash error=0 path="C:\Mac\Home\Documents\mxd\BeiDou-Server\clien\diagnostics\crash-20260924-082413-pid3136-61741156.dmp"
2026-09-24 08:26:50.038 [seq=531] [tid=5572] event=module_load api=LoadLibraryA status=ok module=74060000 error=0 path="DBGHELP.DLL"
2026-09-24 08:27:00.768 [seq=532] [tid=5572] event=exception_filter action=preserved_client_filter
2026-09-24 08:27:03.061 [seq=533] [tid=1424] event=health cpu_core_pct=87.6 working_set_mb=654 commit_mb=510 handles=2798 gdi=162 user=21 window=responsive last_resource="(none)" resource_offset=0 resource_bytes=0 resource_age_ms=0
2026-09-24 08:27:03.111 [seq=534] [tid=5572] event=resource_search status=failed handle=FFFFFFFF error=2 pattern="C:\Users\lizixian\AppData\Local\Temp\nst*.tmp"
2026-09-24 08:27:03.117 [seq=535] [tid=5572] event=exception_filter action=preserved_client_filter
2026-09-24 08:27:03.122 [seq=536] [tid=5572] event=process_exit api=ExitProcess code=3221225477 tid=5572
2026-09-24 08:27:03.122 [seq=537] [tid=5572] event=first_chance_av occurrence=2 code=0xc0000005 address=70D424F4 module="C:\Mac\Home\Documents\mxd\BeiDou-Server\clien\WzFileLogger.dll" module_offset=0x000024f4 eip=70D424F4 esp=001AED24 eax=0x00000001 ebx=0x0de6e088 ecx=0x0000000c edx=0x7759b680 esi=0xffffffff edi=0x00000000 exception_info="i0=0x00000000;i1=0x0de6e088" stack_candidates="s4:ntdll.dll+0x00058c34@77438C34;s28:ntdll.dll+0x000582f4@774382F4"
2026-09-24 08:27:03.129 [seq=538] [tid=5572] event=crash code=0xc0000005 address=70D424F4 module="C:\Mac\Home\Documents\mxd\BeiDou-Server\clien\WzFileLogger.dll" module_offset=0x000024f4 last_resource="(none)" resource_offset=0 resource_bytes=0 resource_age_ms=0
2026-09-24 08:27:03.775 [seq=539] [tid=5572] event=dump status=ok reason=crash error=0 path="C:\Mac\Home\Documents\mxd\BeiDou-Server\clien\diagnostics\crash-20260924-082413-pid3136-61754968.dmp"
2026-09-24 08:27:04.069 [seq=540] [tid=1424] event=health cpu_core_pct=78.0 working_set_mb=357 commit_mb=335 handles=562 gdi=62 user=10 window=missing last_resource="(none)" resource_offset=0 resource_bytes=0 resource_age_ms=0
2026-09-24 08:27:04.069 [seq=541] [tid=1424] event=window_lost reason=visible_client_window_disappeared
