2026-07-07 15:00:48.141 [tid=6736] WzFileLogger attached
2026-07-07 15:00:48.141 [tid=6736] PatchModule total=9 CreateFileW=0 CreateFileA=1 _lopen=1 FindFirstFileA=1 GetProcAddress=0 Mapping=1/0/1 ReadFile=1 LoadLibrary=0/1/1 MessageBox=0/1 fopen=0 fread=0 module=C:\Mac\Home\Documents\mxd\BeiDou-Server\clien\BeiDou.exe
2026-07-07 15:00:48.147 [tid=6736] PatchModule total=5 CreateFileW=0 CreateFileA=1 _lopen=0 FindFirstFileA=1 GetProcAddress=0 Mapping=0/0/0 ReadFile=1 LoadLibrary=0/1/0 MessageBox=0/1 fopen=0 fread=0 module=C:\Mac\Home\Documents\mxd\BeiDou-Server\clien\mss32.dll
2026-07-07 15:00:48.147 [tid=6736] PatchModule total=7 CreateFileW=1 CreateFileA=1 _lopen=0 FindFirstFileA=0 GetProcAddress=0 Mapping=1/0/1 ReadFile=1 LoadLibrary=1/1/0 MessageBox=0/0 fopen=0 fread=0 module=C:\Mac\Home\Documents\mxd\BeiDou-Server\clien\nmcogame.dll
2026-07-07 15:00:48.147 [tid=6736] PatchModule total=2 CreateFileW=0 CreateFileA=0 _lopen=0 FindFirstFileA=0 GetProcAddress=0 Mapping=0/0/0 ReadFile=0 LoadLibrary=0/1/0 MessageBox=1/0 fopen=0 fread=0 module=C:\Mac\Home\Documents\mxd\BeiDou-Server\clien\ijl15.dll
2026-07-07 15:00:48.153 [tid=6736] PatchModule total=3 CreateFileW=0 CreateFileA=1 _lopen=0 FindFirstFileA=0 GetProcAddress=0 Mapping=0/0/0 ReadFile=1 LoadLibrary=0/1/0 MessageBox=0/0 fopen=0 fread=0 module=C:\Mac\Home\Documents\mxd\BeiDou-Server\clien\2ijl15.dll
2026-07-07 15:00:48.157 [tid=6736] FindFirstFileA result=0A770560 err=0 pattern=*
2026-07-07 15:00:48.165 [tid=6736] LoadLibraryA result=76170000 err=0 path=Kernel32.dll
2026-07-07 15:00:48.168 [tid=6736] LoadLibraryA result=72A70000 err=0 path=User32.dll
2026-07-07 15:00:48.173 [tid=6736] LoadLibraryA result=766C0000 err=0 path=Ole32.dll
2026-07-07 15:00:48.173 [tid=6736] LoadLibraryA result=762A0000 err=0 path=GDI32.dll
2026-07-07 15:00:48.173 [tid=6736] LoadLibraryA result=74B40000 err=0 path=ADVAPI32.dll
2026-07-07 15:00:48.181 [tid=6736] LoadLibraryA result=75780000 err=0 path=SHELL32.dll
2026-07-07 15:00:48.184 [tid=6736] LoadLibraryA result=74A80000 err=0 path=IMM32.dll
2026-07-07 15:00:48.188 [tid=6736] LoadLibraryA result=71020000 err=0 path=WINMM.dll
2026-07-07 15:00:48.192 [tid=6736] LoadLibraryA result=73DC0000 err=0 path=WS2_32.DLL
2026-07-07 15:00:48.656 [tid=6736] LoadLibraryW result=0E1A0000 err=0 path=C:\Mac\Home\Documents\mxd\BeiDou-Server\clien\nmconew.dll
2026-07-07 15:00:48.659 [tid=6736] PatchModule total=7 CreateFileW=1 CreateFileA=0 _lopen=0 FindFirstFileA=0 GetProcAddress=0 Mapping=1/0/1 ReadFile=1 LoadLibrary=1/1/0 MessageBox=1/0 fopen=0 fread=0 module=C:\Mac\Home\Documents\mxd\BeiDou-Server\clien\nmconew.dll
2026-07-07 15:00:48.660 [tid=6736] LoadLibraryW result=0E1A0000 err=0 path=C:\Mac\Home\Documents\mxd\BeiDou-Server\clien\nmconew.dll
2026-07-07 15:00:48.679 [tid=6736] LoadLibraryA result=50C00000 err=0 path=PCOM.DLL
2026-07-07 15:00:48.679 [tid=6736] PatchModule total=3 CreateFileW=0 CreateFileA=0 _lopen=0 FindFirstFileA=0 GetProcAddress=0 Mapping=0/0/0 ReadFile=0 LoadLibrary=0/1/0 MessageBox=0/0 fopen=1 fread=1 module=C:\Mac\Home\Documents\mxd\BeiDou-Server\clien\PCOM.DLL
2026-07-07 15:00:49.239 [tid=6736] LoadLibraryA result=51000000 err=0 path=C:/Mac/Home/Documents/mxd/BeiDou-Server/clien/RESMAN.DLL
2026-07-07 15:00:49.242 [tid=6736] PatchModule total=1 CreateFileW=0 CreateFileA=0 _lopen=0 FindFirstFileA=0 GetProcAddress=0 Mapping=0/0/0 ReadFile=0 LoadLibrary=0/1/0 MessageBox=0/0 fopen=0 fread=0 module=C:\Mac\Home\Documents\mxd\BeiDou-Server\clien\RESMAN.DLL
2026-07-07 15:00:49.266 [tid=6736] LoadLibraryA result=50800000 err=0 path=C:/Mac/Home/Documents/mxd/BeiDou-Server/clien/NAMESPACE.DLL
2026-07-07 15:00:49.267 [tid=6736] PatchModule total=4 CreateFileW=0 CreateFileA=0 _lopen=0 FindFirstFileA=0 GetProcAddress=0 Mapping=1/1/1 ReadFile=0 LoadLibrary=0/1/0 MessageBox=0/0 fopen=0 fread=0 module=C:\Mac\Home\Documents\mxd\BeiDou-Server\clien\NAMESPACE.DLL
2026-07-07 15:00:49.297 [tid=6736] LoadLibraryA result=50400000 err=0 path=C:/Mac/Home/Documents/mxd/BeiDou-Server/clien/GR2D_DX8.DLL
2026-07-07 15:00:49.299 [tid=6736] PatchModule total=1 CreateFileW=0 CreateFileA=0 _lopen=0 FindFirstFileA=0 GetProcAddress=0 Mapping=0/0/0 ReadFile=0 LoadLibrary=0/1/0 MessageBox=0/0 fopen=0 fread=0 module=C:\Mac\Home\Documents\mxd\BeiDou-Server\clien\GR2D_DX8.DLL
2026-07-07 15:00:49.334 [tid=6736] LoadLibraryA result=70A70000 err=0 path=D3D8.DLL
2026-07-07 15:00:49.365 [tid=6736] LoadLibraryA result=50C00000 err=0 path=PCOM.DLL
2026-07-07 15:00:49.391 [tid=6736] LoadLibraryA result=51400000 err=0 path=C:/Mac/Home/Documents/mxd/BeiDou-Server/clien/SHAPE2D.DLL
2026-07-07 15:00:49.396 [tid=6736] PatchModule total=1 CreateFileW=0 CreateFileA=0 _lopen=0 FindFirstFileA=0 GetProcAddress=0 Mapping=0/0/0 ReadFile=0 LoadLibrary=0/1/0 MessageBox=0/0 fopen=0 fread=0 module=C:\Mac\Home\Documents\mxd\BeiDou-Server\clien\SHAPE2D.DLL
2026-07-07 15:00:49.604 [tid=6736] LoadLibraryA result=50000000 err=0 path=C:/Mac/Home/Documents/mxd/BeiDou-Server/clien/CANVAS.DLL
2026-07-07 15:00:49.606 [tid=6736] PatchModule total=3 CreateFileW=0 CreateFileA=0 _lopen=0 FindFirstFileA=0 GetProcAddress=0 Mapping=0/0/0 ReadFile=0 LoadLibrary=0/1/0 MessageBox=0/0 fopen=1 fread=1 module=C:\Mac\Home\Documents\mxd\BeiDou-Server\clien\CANVAS.DLL
2026-07-07 15:00:49.606 [tid=6736] PatchModule total=1 CreateFileW=0 CreateFileA=0 _lopen=0 FindFirstFileA=0 GetProcAddress=0 Mapping=0/0/0 ReadFile=0 LoadLibrary=0/1/0 MessageBox=0/0 fopen=0 fread=0 module=C:\Mac\Home\Documents\mxd\BeiDou-Server\clien\ZLZ.dll
2026-07-07 15:00:49.749 [tid=6736] LoadLibraryA result=50C00000 err=0 path=PCOM.DLL
2026-07-07 15:00:49.772 [tid=6736] CreateFileMappingA input=00000624 result=00000628 err=0 name=(null) file=\\?\UNC\Mac\Home\Documents\mxd\BeiDou-Server\clien\Data\UI\Basic.img
2026-07-07 15:00:49.784 [tid=6736] MapViewOfFile mapping=00000628 result=0FF80000 err=0 access=0x00000004 offset=0:0 bytes=0
2026-07-07 15:00:49.794 [tid=6736] fopen result=755DC660 mode=rb path=C:\Mac\Home\Documents\mxd\BeiDou-Server\clien\List.wz
2026-07-07 15:00:49.799 [tid=6736] LoadLibraryA result=50C00000 err=0 path=PCOM.DLL
2026-07-07 15:00:49.803 [tid=6736] fopen result=755DC660 mode=rb path=C:\Mac\Home\Documents\mxd\BeiDou-Server\clien\List.wz
2026-07-07 15:00:50.161 [tid=6736] LoadLibraryA result=51800000 err=0 path=C:/Mac/Home/Documents/mxd/BeiDou-Server/clien/SOUND_DX8.DLL
2026-07-07 15:00:50.167 [tid=6736] PatchModule total=4 CreateFileW=0 CreateFileA=0 _lopen=0 FindFirstFileA=0 GetProcAddress=0 Mapping=1/1/1 ReadFile=0 LoadLibrary=0/1/0 MessageBox=0/0 fopen=0 fread=0 module=C:\Mac\Home\Documents\mxd\BeiDou-Server\clien\SOUND_DX8.DLL
2026-07-07 15:00:50.223 [tid=6736] LoadLibraryA result=120D0000 err=0 path=C:\Mac\Home\Documents\mxd\BeiDou-Server\clien\l3codeca.acm
2026-07-07 15:00:50.229 [tid=6736] PatchModule total=1 CreateFileW=0 CreateFileA=0 _lopen=0 FindFirstFileA=0 GetProcAddress=0 Mapping=0/0/0 ReadFile=0 LoadLibrary=0/1/0 MessageBox=0/0 fopen=0 fread=0 module=C:\Mac\Home\Documents\mxd\BeiDou-Server\clien\l3codeca.acm
2026-07-07 15:00:51.258 [tid=6736] CreateFileMappingA input=00000768 result=0000076C err=0 name=(null) file=\\?\UNC\Mac\Home\Documents\mxd\BeiDou-Server\clien\Data\String\Map.img
2026-07-07 15:00:51.261 [tid=6736] MapViewOfFile mapping=0000076C result=126C0000 err=0 access=0x00000004 offset=0:0 bytes=0
2026-07-07 15:00:52.573 [tid=6736] CreateFileMappingA input=00000770 result=00000774 err=0 name=(null) file=\\?\UNC\Mac\Home\Documents\mxd\BeiDou-Server\clien\Data\String\Eqp.img
2026-07-07 15:00:52.575 [tid=6736] MapViewOfFile mapping=00000774 result=13340000 err=0 access=0x00000004 offset=0:0 bytes=0
2026-07-07 15:00:56.248 [tid=6736] CreateFileMappingA input=00000778 result=0000077C err=0 name=(null) file=\\?\UNC\Mac\Home\Documents\mxd\BeiDou-Server\clien\Data\String\Consume.img
2026-07-07 15:00:56.249 [tid=6736] MapViewOfFile mapping=0000077C result=126C0000 err=0 access=0x00000004 offset=0:0 bytes=0
2026-07-07 15:00:56.694 [tid=6736] CreateFileMappingA input=00000770 result=00000774 err=0 name=(null) file=\\?\UNC\Mac\Home\Documents\mxd\BeiDou-Server\clien\Data\String\Ins.img
2026-07-07 15:00:56.696 [tid=6736] MapViewOfFile mapping=00000774 result=0FF80000 err=0 access=0x00000004 offset=0:0 bytes=0
2026-07-07 15:00:56.819 [tid=6736] CreateFileMappingA input=00000780 result=00000784 err=0 name=(null) file=\\?\UNC\Mac\Home\Documents\mxd\BeiDou-Server\clien\Data\String\Cash.img
2026-07-07 15:00:56.820 [tid=6736] MapViewOfFile mapping=00000784 result=0FF80000 err=0 access=0x00000004 offset=0:0 bytes=0
2026-07-07 15:00:56.917 [tid=6736] CreateFileMappingA input=00000788 result=0000078C err=0 name=(null) file=\\?\UNC\Mac\Home\Documents\mxd\BeiDou-Server\clien\Data\String\Pet.img
2026-07-07 15:00:56.918 [tid=6736] MapViewOfFile mapping=0000078C result=0FF80000 err=0 access=0x00000004 offset=0:0 bytes=0
2026-07-07 15:00:57.120 [tid=6736] CreateFileMappingA input=00000794 result=00000798 err=0 name=(null) file=\\?\UNC\Mac\Home\Documents\mxd\BeiDou-Server\clien\Data\String\Etc.img
2026-07-07 15:00:57.121 [tid=6736] MapViewOfFile mapping=00000798 result=126C0000 err=0 access=0x00000004 offset=0:0 bytes=0
2026-07-07 15:00:57.552 [tid=6736] CreateFileMappingA input=000007A0 result=000007A4 err=0 name=(null) file=\\?\UNC\Mac\Home\Documents\mxd\BeiDou-Server\clien\Data\Effect\SetEff.img
2026-07-07 15:00:57.554 [tid=6736] MapViewOfFile mapping=000007A4 result=154F0000 err=0 access=0x00000004 offset=0:0 bytes=0
2026-07-07 15:00:57.585 [tid=6736] CreateFileMappingA input=000007A8 result=000007AC err=0 name=(null) file=\\?\UNC\Mac\Home\Documents\mxd\BeiDou-Server\clien\Data\Etc\ScanBlock.img
2026-07-07 15:00:57.586 [tid=6736] MapViewOfFile mapping=000007AC result=0FF80000 err=0 access=0x00000004 offset=0:0 bytes=0
2026-07-07 15:00:57.588 [tid=6736] CreateFileMappingA input=000007A8 result=000007AC err=0 name=(null) file=\\?\UNC\Mac\Home\Documents\mxd\BeiDou-Server\clien\Data\String\Eqp.img
2026-07-07 15:00:57.589 [tid=6736] MapViewOfFile mapping=000007AC result=13340000 err=0 access=0x00000004 offset=0:0 bytes=0
2026-07-07 15:01:02.667 [tid=6736] CreateFileMappingA input=000007A0 result=000007A4 err=0 name=(null) file=\\?\UNC\Mac\Home\Documents\mxd\BeiDou-Server\clien\Data\String\Consume.img
2026-07-07 15:01:02.668 [tid=6736] MapViewOfFile mapping=000007A4 result=126C0000 err=0 access=0x00000004 offset=0:0 bytes=0
2026-07-07 15:01:03.092 [tid=6736] CreateFileMappingA input=000007A8 result=000007AC err=0 name=(null) file=\\?\UNC\Mac\Home\Documents\mxd\BeiDou-Server\clien\Data\String\Ins.img
2026-07-07 15:01:03.093 [tid=6736] MapViewOfFile mapping=000007AC result=0FF80000 err=0 access=0x00000004 offset=0:0 bytes=0
2026-07-07 15:01:03.246 [tid=6736] CreateFileMappingA input=000007B0 result=000007B4 err=0 name=(null) file=\\?\UNC\Mac\Home\Documents\mxd\BeiDou-Server\clien\Data\String\Cash.img
2026-07-07 15:01:03.247 [tid=6736] MapViewOfFile mapping=000007B4 result=0FF80000 err=0 access=0x00000004 offset=0:0 bytes=0
2026-07-07 15:01:03.321 [tid=6736] CreateFileMappingA input=000007B8 result=000007BC err=0 name=(null) file=\\?\UNC\Mac\Home\Documents\mxd\BeiDou-Server\clien\Data\String\Pet.img
2026-07-07 15:01:03.321 [tid=6736] MapViewOfFile mapping=000007BC result=0FF80000 err=0 access=0x00000004 offset=0:0 bytes=0
2026-07-07 15:01:03.442 [tid=6736] CreateFileMappingA input=000007C0 result=000007C4 err=0 name=(null) file=\\?\UNC\Mac\Home\Documents\mxd\BeiDou-Server\clien\Data\String\Etc.img
2026-07-07 15:01:03.443 [tid=6736] MapViewOfFile mapping=000007C4 result=126C0000 err=0 access=0x00000004 offset=0:0 bytes=0
2026-07-07 15:01:03.887 [tid=6736] CreateFileMappingA input=000007C8 result=000007CC err=0 name=(null) file=\\?\UNC\Mac\Home\Documents\mxd\BeiDou-Server\clien\Data\Item\Cash\0524.img
2026-07-07 15:01:03.888 [tid=6736] MapViewOfFile mapping=000007CC result=0FF80000 err=0 access=0x00000004 offset=0:0 bytes=0
2026-07-07 15:01:03.901 [tid=6736] CreateFileMappingA input=000007D0 result=000007D4 err=0 name=(null) file=\\?\UNC\Mac\Home\Documents\mxd\BeiDou-Server\clien\Data\Item\Cash\0530.img
2026-07-07 15:01:03.902 [tid=6736] MapViewOfFile mapping=000007D4 result=0FF90000 err=0 access=0x00000004 offset=0:0 bytes=0
2026-07-07 15:01:03.904 [tid=6736] CreateFileMappingA input=000007D8 result=000007DC err=0 name=(null) file=\\?\UNC\Mac\Home\Documents\mxd\BeiDou-Server\clien\Data\Item\Cash\0518.img
2026-07-07 15:01:03.905 [tid=6736] MapViewOfFile mapping=000007DC result=0FFA0000 err=0 access=0x00000004 offset=0:0 bytes=0
2026-07-07 15:01:03.908 [tid=6736] CreateFileMappingA input=000007E0 result=000007E4 err=0 name=(null) file=\\?\UNC\Mac\Home\Documents\mxd\BeiDou-Server\clien\Data\Item\Cash\0519.img
2026-07-07 15:01:03.909 [tid=6736] MapViewOfFile mapping=000007E4 result=126C0000 err=0 access=0x00000004 offset=0:0 bytes=0
2026-07-07 15:01:03.911 [tid=6736] CreateFileMappingA input=000007E8 result=000007EC err=0 name=(null) file=\\?\UNC\Mac\Home\Documents\mxd\BeiDou-Server\clien\Data\Item\Cash\0525.img
2026-07-07 15:01:03.913 [tid=6736] MapViewOfFile mapping=000007EC result=126D0000 err=0 access=0x00000004 offset=0:0 bytes=0
2026-07-07 15:01:03.916 [tid=6736] CreateFileMappingA input=000007F0 result=000007F4 err=0 name=(null) file=\\?\UNC\Mac\Home\Documents\mxd\BeiDou-Server\clien\Data\Item\Cash\0533.img
2026-07-07 15:01:03.916 [tid=6736] MapViewOfFile mapping=000007F4 result=126E0000 err=0 access=0x00000004 offset=0:0 bytes=0
2026-07-07 15:01:03.919 [tid=6736] CreateFileMappingA input=000007F8 result=000007FC err=0 name=(null) file=\\?\UNC\Mac\Home\Documents\mxd\BeiDou-Server\clien\Data\Item\Cash\0536.img
2026-07-07 15:01:03.920 [tid=6736] MapViewOfFile mapping=000007FC result=126F0000 err=0 access=0x00000004 offset=0:0 bytes=0
2026-07-07 15:01:03.923 [tid=6736] CreateFileMappingA input=0000079C result=00000790 err=0 name=(null) file=\\?\UNC\Mac\Home\Documents\mxd\BeiDou-Server\clien\Data\Item\Cash\0522.img
2026-07-07 15:01:03.924 [tid=6736] MapViewOfFile mapping=00000790 result=12700000 err=0 access=0x00000004 offset=0:0 bytes=0
2026-07-07 15:01:03.926 [tid=6736] CreateFileMappingA input=00000778 result=0000077C err=0 name=(null) file=\\?\UNC\Mac\Home\Documents\mxd\BeiDou-Server\clien\Data\Item\Cash\0523.img
2026-07-07 15:01:03.926 [tid=6736] MapViewOfFile mapping=0000077C result=12710000 err=0 access=0x00000004 offset=0:0 bytes=0
2026-07-07 15:01:03.930 [tid=6736] CreateFileMappingA input=00000794 result=00000798 err=0 name=(null) file=\\?\UNC\Mac\Home\Documents\mxd\BeiDou-Server\clien\Data\Item\Cash\0537.img
2026-07-07 15:01:03.931 [tid=6736] MapViewOfFile mapping=00000798 result=12720000 err=0 access=0x00000004 offset=0:0 bytes=0
2026-07-07 15:01:03.933 [tid=6736] CreateFileMappingA input=00000788 result=0000078C err=0 name=(null) file=\\?\UNC\Mac\Home\Documents\mxd\BeiDou-Server\clien\Data\Item\Cash\0509.img
2026-07-07 15:01:03.934 [tid=6736] MapViewOfFile mapping=0000078C result=12730000 err=0 access=0x00000004 offset=0:0 bytes=0
2026-07-07 15:01:03.936 [tid=6736] CreateFileMappingA input=00000770 result=00000774 err=0 name=(null) file=\\?\UNC\Mac\Home\Documents\mxd\BeiDou-Server\clien\Data\Item\Cash\0521.img
2026-07-07 15:01:03.937 [tid=6736] MapViewOfFile mapping=00000774 result=13340000 err=0 access=0x00000004 offset=0:0 bytes=0
2026-07-07 15:01:03.941 [tid=6736] CreateFileMappingA input=000007C0 result=000007C4 err=0 name=(null) file=\\?\UNC\Mac\Home\Documents\mxd\BeiDou-Server\clien\Data\Item\Cash\0520.img
2026-07-07 15:01:03.943 [tid=6736] MapViewOfFile mapping=000007C4 result=13350000 err=0 access=0x00000004 offset=0:0 bytes=0
2026-07-07 15:01:03.945 [tid=6736] CreateFileMappingA input=000007B8 result=000007BC err=0 name=(null) file=\\?\UNC\Mac\Home\Documents\mxd\BeiDou-Server\clien\Data\Item\Cash\0508.img
2026-07-07 15:01:03.946 [tid=6736] MapViewOfFile mapping=000007BC result=13360000 err=0 access=0x00000004 offset=0:0 bytes=0
2026-07-07 15:01:03.949 [tid=6736] CreateFileMappingA input=000007B0 result=000007B4 err=0 name=(null) file=\\?\UNC\Mac\Home\Documents\mxd\BeiDou-Server\clien\Data\Item\Cash\0547.img
2026-07-07 15:01:03.949 [tid=6736] MapViewOfFile mapping=000007B4 result=13370000 err=0 access=0x00000004 offset=0:0 bytes=0
2026-07-07 15:01:03.952 [tid=6736] CreateFileMappingA input=000007A8 result=000007AC err=0 name=(null) file=\\?\UNC\Mac\Home\Documents\mxd\BeiDou-Server\clien\Data\Item\Cash\0553.img
2026-07-07 15:01:03.953 [tid=6736] MapViewOfFile mapping=000007AC result=13380000 err=0 access=0x00000004 offset=0:0 bytes=0
2026-07-07 15:01:03.955 [tid=6736] CreateFileMappingA input=000007A0 result=000007A4 err=0 name=(null) file=\\?\UNC\Mac\Home\Documents\mxd\BeiDou-Server\clien\Data\Item\Cash\0552.img
2026-07-07 15:01:03.956 [tid=6736] MapViewOfFile mapping=000007A4 result=13390000 err=0 access=0x00000004 offset=0:0 bytes=0
2026-07-07 15:01:03.960 [tid=6736] CreateFileMappingA input=00000780 result=00000784 err=0 name=(null) file=\\?\UNC\Mac\Home\Documents\mxd\BeiDou-Server\clien\Data\Item\Cash\0546.img
2026-07-07 15:01:03.961 [tid=6736] MapViewOfFile mapping=00000784 result=133A0000 err=0 access=0x00000004 offset=0:0 bytes=0
2026-07-07 15:01:03.963 [tid=6736] CreateFileMappingA input=00000768 result=0000076C err=0 name=(null) file=\\?\UNC\Mac\Home\Documents\mxd\BeiDou-Server\clien\Data\Item\Cash\0550.img
2026-07-07 15:01:03.964 [tid=6736] MapViewOfFile mapping=0000076C result=133B0000 err=0 access=0x00000004 offset=0:0 bytes=0
2026-07-07 15:01:03.966 [tid=6736] CreateFileMappingA input=00000624 result=00000628 err=0 name=(null) file=\\?\UNC\Mac\Home\Documents\mxd\BeiDou-Server\clien\Data\Item\Cash\0545.img
2026-07-07 15:01:03.967 [tid=6736] MapViewOfFile mapping=00000628 result=133C0000 err=0 access=0x00000004 offset=0:0 bytes=0
2026-07-07 15:01:03.969 [tid=6736] CreateFileMappingA input=00000804 result=00000808 err=0 name=(null) file=\\?\UNC\Mac\Home\Documents\mxd\BeiDou-Server\clien\Data\Item\Cash\0551.img
2026-07-07 15:01:03.970 [tid=6736] MapViewOfFile mapping=00000808 result=133D0000 err=0 access=0x00000004 offset=0:0 bytes=0
2026-07-07 15:01:03.971 [tid=6736] CreateFileMappingA input=0000080C result=00000810 err=0 name=(null) file=\\?\UNC\Mac\Home\Documents\mxd\BeiDou-Server\clien\Data\Item\Cash\0555.img
2026-07-07 15:01:03.972 [tid=6736] MapViewOfFile mapping=00000810 result=133E0000 err=0 access=0x00000004 offset=0:0 bytes=0
2026-07-07 15:01:03.975 [tid=6736] CreateFileMappingA input=00000814 result=00000818 err=0 name=(null) file=\\?\UNC\Mac\Home\Documents\mxd\BeiDou-Server\clien\Data\Item\Cash\0540.img
2026-07-07 15:01:03.976 [tid=6736] MapViewOfFile mapping=00000818 result=133F0000 err=0 access=0x00000004 offset=0:0 bytes=0
2026-07-07 15:01:03.978 [tid=6736] CreateFileMappingA input=0000081C result=00000820 err=0 name=(null) file=\\?\UNC\Mac\Home\Documents\mxd\BeiDou-Server\clien\Data\Item\Cash\0542.img
2026-07-07 15:01:03.979 [tid=6736] MapViewOfFile mapping=00000820 result=13400000 err=0 access=0x00000004 offset=0:0 bytes=0
2026-07-07 15:01:03.984 [tid=6736] CreateFileMappingA input=00000824 result=00000828 err=0 name=(null) file=\\?\UNC\Mac\Home\Documents\mxd\BeiDou-Server\clien\Data\Item\Cash\0557.img
2026-07-07 15:01:03.984 [tid=6736] MapViewOfFile mapping=00000828 result=13410000 err=0 access=0x00000004 offset=0:0 bytes=0
2026-07-07 15:01:03.987 [tid=6736] CreateFileMappingA input=0000082C result=00000830 err=0 name=(null) file=\\?\UNC\Mac\Home\Documents\mxd\BeiDou-Server\clien\Data\Item\Cash\0543.img
2026-07-07 15:01:03.987 [tid=6736] MapViewOfFile mapping=00000830 result=13420000 err=0 access=0x00000004 offset=0:0 bytes=0
2026-07-07 15:01:03.990 [tid=6736] CreateFileMappingA input=00000834 result=00000838 err=0 name=(null) file=\\?\UNC\Mac\Home\Documents\mxd\BeiDou-Server\clien\Data\Item\Cash\0599.img
2026-07-07 15:01:03.991 [tid=6736] MapViewOfFile mapping=00000838 result=13430000 err=0 access=0x00000004 offset=0:0 bytes=0
2026-07-07 15:01:03.995 [tid=6736] CreateFileMappingA input=0000083C result=00000840 err=0 name=(null) file=\\?\UNC\Mac\Home\Documents\mxd\BeiDou-Server\clien\Data\Item\Cash\0559.img
2026-07-07 15:01:03.996 [tid=6736] MapViewOfFile mapping=00000840 result=13440000 err=0 access=0x00000004 offset=0:0 bytes=0
2026-07-07 15:01:03.999 [tid=6736] CreateFileMappingA input=00000844 result=00000848 err=0 name=(null) file=\\?\UNC\Mac\Home\Documents\mxd\BeiDou-Server\clien\Data\Item\Cash\0561.img
2026-07-07 15:01:04.000 [tid=6736] MapViewOfFile mapping=00000848 result=13450000 err=0 access=0x00000004 offset=0:0 bytes=0
2026-07-07 15:01:04.002 [tid=6736] CreateFileMappingA input=0000084C result=00000850 err=0 name=(null) file=\\?\UNC\Mac\Home\Documents\mxd\BeiDou-Server\clien\Data\Item\Cash\0549.img
2026-07-07 15:01:04.002 [tid=6736] MapViewOfFile mapping=00000850 result=13460000 err=0 access=0x00000004 offset=0:0 bytes=0
2026-07-07 15:01:04.005 [tid=6736] CreateFileMappingA input=00000854 result=00000858 err=0 name=(null) file=\\?\UNC\Mac\Home\Documents\mxd\BeiDou-Server\clien\Data\Item\Cash\0505.img
2026-07-07 15:01:04.006 [tid=6736] MapViewOfFile mapping=00000858 result=13470000 err=0 access=0x00000004 offset=0:0 bytes=0
2026-07-07 15:01:04.009 [tid=6736] CreateFileMappingA input=0000085C result=00000860 err=0 name=(null) file=\\?\UNC\Mac\Home\Documents\mxd\BeiDou-Server\clien\Data\Item\Cash\0511.img
2026-07-07 15:01:04.010 [tid=6736] MapViewOfFile mapping=00000860 result=13480000 err=0 access=0x00000004 offset=0:0 bytes=0
2026-07-07 15:01:04.012 [tid=6736] CreateFileMappingA input=00000864 result=00000868 err=0 name=(null) file=\\?\UNC\Mac\Home\Documents\mxd\BeiDou-Server\clien\Data\Item\Cash\0539.img
2026-07-07 15:01:04.013 [tid=6736] MapViewOfFile mapping=00000868 result=13490000 err=0 access=0x00000004 offset=0:0 bytes=0
2026-07-07 15:01:04.015 [tid=6736] CreateFileMappingA input=0000086C result=00000870 err=0 name=(null) file=\\?\UNC\Mac\Home\Documents\mxd\BeiDou-Server\clien\Data\Item\Cash\0538.img
2026-07-07 15:01:04.016 [tid=6736] MapViewOfFile mapping=00000870 result=134A0000 err=0 access=0x00000004 offset=0:0 bytes=0
2026-07-07 15:01:04.018 [tid=6736] CreateFileMappingA input=00000874 result=00000878 err=0 name=(null) file=\\?\UNC\Mac\Home\Documents\mxd\BeiDou-Server\clien\Data\Item\Cash\0510.img
2026-07-07 15:01:04.018 [tid=6736] MapViewOfFile mapping=00000878 result=134B0000 err=0 access=0x00000004 offset=0:0 bytes=0
2026-07-07 15:01:04.021 [tid=6736] CreateFileMappingA input=0000087C result=00000880 err=0 name=(null) file=\\?\UNC\Mac\Home\Documents\mxd\BeiDou-Server\clien\Data\Item\Cash\0504.img
2026-07-07 15:01:04.022 [tid=6736] MapViewOfFile mapping=00000880 result=14490000 err=0 access=0x00000004 offset=0:0 bytes=0
2026-07-07 15:01:04.024 [tid=6736] CreateFileMappingA input=00000884 result=00000888 err=0 name=(null) file=\\?\UNC\Mac\Home\Documents\mxd\BeiDou-Server\clien\Data\Item\Cash\0512.img
2026-07-07 15:01:04.025 [tid=6736] MapViewOfFile mapping=00000888 result=144A0000 err=0 access=0x00000004 offset=0:0 bytes=0
2026-07-07 15:01:04.028 [tid=6736] CreateFileMappingA input=0000088C result=00000890 err=0 name=(null) file=\\?\UNC\Mac\Home\Documents\mxd\BeiDou-Server\clien\Data\Item\Cash\0506.img
2026-07-07 15:01:04.029 [tid=6736] MapViewOfFile mapping=00000890 result=144B0000 err=0 access=0x00000004 offset=0:0 bytes=0
2026-07-07 15:01:04.031 [tid=6736] CreateFileMappingA input=00000894 result=00000898 err=0 name=(null) file=\\?\UNC\Mac\Home\Documents\mxd\BeiDou-Server\clien\Data\Item\Cash\0507.img
2026-07-07 15:01:04.032 [tid=6736] MapViewOfFile mapping=00000898 result=144C0000 err=0 access=0x00000004 offset=0:0 bytes=0
2026-07-07 15:01:04.035 [tid=6736] CreateFileMappingA input=0000089C result=000008A0 err=0 name=(null) file=\\?\UNC\Mac\Home\Documents\mxd\BeiDou-Server\clien\Data\Item\Cash\0513.img
2026-07-07 15:01:04.035 [tid=6736] MapViewOfFile mapping=000008A0 result=144D0000 err=0 access=0x00000004 offset=0:0 bytes=0
2026-07-07 15:01:04.038 [tid=6736] CreateFileMappingA input=000008A4 result=000008A8 err=0 name=(null) file=\\?\UNC\Mac\Home\Documents\mxd\BeiDou-Server\clien\Data\Item\Cash\0517.img
2026-07-07 15:01:04.039 [tid=6736] MapViewOfFile mapping=000008A8 result=144E0000 err=0 access=0x00000004 offset=0:0 bytes=0
2026-07-07 15:01:04.044 [tid=6736] CreateFileMappingA input=000008AC result=000008B0 err=0 name=(null) file=\\?\UNC\Mac\Home\Documents\mxd\BeiDou-Server\clien\Data\Item\Cash\0503.img
2026-07-07 15:01:04.045 [tid=6736] MapViewOfFile mapping=000008B0 result=154F0000 err=0 access=0x00000004 offset=0:0 bytes=0
2026-07-07 15:01:04.051 [tid=6736] CreateFileMappingA input=000008B4 result=000008B8 err=0 name=(null) file=\\?\UNC\Mac\Home\Documents\mxd\BeiDou-Server\clien\Data\Item\Cash\0502.img
2026-07-07 15:01:04.052 [tid=6736] MapViewOfFile mapping=000008B8 result=15560000 err=0 access=0x00000004 offset=0:0 bytes=0
2026-07-07 15:01:04.059 [tid=6736] CreateFileMappingA input=000008C0 result=000008C4 err=0 name=(null) file=\\?\UNC\Mac\Home\Documents\mxd\BeiDou-Server\clien\Data\Item\Cash\0516.img
2026-07-07 15:01:04.060 [tid=6736] MapViewOfFile mapping=000008C4 result=144F0000 err=0 access=0x00000004 offset=0:0 bytes=0
2026-07-07 15:01:04.063 [tid=6736] CreateFileMappingA input=000008C8 result=000008CC err=0 name=(null) file=\\?\UNC\Mac\Home\Documents\mxd\BeiDou-Server\clien\Data\Item\Cash\0528.img
2026-07-07 15:01:04.063 [tid=6736] MapViewOfFile mapping=000008CC result=15610000 err=0 access=0x00000004 offset=0:0 bytes=0
2026-07-07 15:01:04.069 [tid=6736] CreateFileMappingA input=000008D0 result=000008D4 err=0 name=(null) file=\\?\UNC\Mac\Home\Documents\mxd\BeiDou-Server\clien\Data\Item\Cash\0514.img
2026-07-07 15:01:04.070 [tid=6736] MapViewOfFile mapping=000008D4 result=14500000 err=0 access=0x00000004 offset=0:0 bytes=0
2026-07-07 15:01:04.074 [tid=6736] CreateFileMappingA input=000008D8 result=000008DC err=0 name=(null) file=\\?\UNC\Mac\Home\Documents\mxd\BeiDou-Server\clien\Data\Item\Cash\0515.img
2026-07-07 15:01:04.076 [tid=6736] MapViewOfFile mapping=000008DC result=15670000 err=0 access=0x00000004 offset=0:0 bytes=0
2026-07-07 15:01:04.080 [tid=6736] CreateFileMappingA input=000008E0 result=000008E4 err=0 name=(null) file=\\?\UNC\Mac\Home\Documents\mxd\BeiDou-Server\clien\Data\Item\Cash\0501.img
2026-07-07 15:01:04.081 [tid=6736] MapViewOfFile mapping=000008E4 result=156A0000 err=0 access=0x00000004 offset=0:0 bytes=0
2026-07-07 15:01:04.089 [tid=6736] CreateFileMappingA input=000008E8 result=000008EC err=0 name=(null) file=\\?\UNC\Mac\Home\Documents\mxd\BeiDou-Server\clien\Data\Item\Cash\0529.img
2026-07-07 15:01:04.090 [tid=6736] MapViewOfFile mapping=000008EC result=14510000 err=0 access=0x00000004 offset=0:0 bytes=0
2026-07-07 15:01:04.099 [tid=6736] CreateFileMappingA input=000008E8 result=000008EC err=0 name=(null) file=\\?\UNC\Mac\Home\Documents\mxd\BeiDou-Server\clien\Data\Item\Consume\0227.img
2026-07-07 15:01:04.099 [tid=6736] MapViewOfFile mapping=000008EC result=0FF80000 err=0 access=0x00000004 offset=0:0 bytes=0
2026-07-07 15:01:04.109 [tid=6736] CreateFileMappingA input=000008E0 result=000008E4 err=0 name=(null) file=\\?\UNC\Mac\Home\Documents\mxd\BeiDou-Server\clien\Data\Item\Consume\0243.img
2026-07-07 15:01:04.110 [tid=6736] MapViewOfFile mapping=000008E4 result=0FF90000 err=0 access=0x00000004 offset=0:0 bytes=0
2026-07-07 15:01:04.113 [tid=6736] CreateFileMappingA input=000008D0 result=000008D4 err=0 name=(null) file=\\?\UNC\Mac\Home\Documents\mxd\BeiDou-Server\clien\Data\Item\Consume\0243.img
2026-07-07 15:01:04.114 [tid=6736] MapViewOfFile mapping=000008D4 result=0FFA0000 err=0 access=0x00000004 offset=0:0 bytes=0
2026-07-07 15:01:04.118 [tid=6736] CreateFileMappingA input=000008E0 result=000008E4 err=0 name=(null) file=\\?\UNC\Mac\Home\Documents\mxd\BeiDou-Server\clien\Data\Item\Consume\0240.img
2026-07-07 15:01:04.118 [tid=6736] MapViewOfFile mapping=000008E4 result=0FF90000 err=0 access=0x00000004 offset=0:0 bytes=0
2026-07-07 15:01:04.120 [tid=6736] CreateFileMappingA input=000008D8 result=000008DC err=0 name=(null) file=\\?\UNC\Mac\Home\Documents\mxd\BeiDou-Server\clien\Data\Item\Consume\0240.img
2026-07-07 15:01:04.121 [tid=6736] MapViewOfFile mapping=000008DC result=126C0000 err=0 access=0x00000004 offset=0:0 bytes=0
2026-07-07 15:01:04.124 [tid=6736] CreateFileMappingA input=000008E0 result=000008E4 err=0 name=(null) file=\\?\UNC\Mac\Home\Documents\mxd\BeiDou-Server\clien\Data\Item\Consume\0250.img
2026-07-07 15:01:04.124 [tid=6736] MapViewOfFile mapping=000008E4 result=0FF90000 err=0 access=0x00000004 offset=0:0 bytes=0
2026-07-07 15:01:04.127 [tid=6736] CreateFileMappingA input=000008B4 result=000008B8 err=0 name=(null) file=\\?\UNC\Mac\Home\Documents\mxd\BeiDou-Server\clien\Data\Item\Consume\0250.img
2026-07-07 15:01:04.127 [tid=6736] MapViewOfFile mapping=000008B8 result=126D0000 err=0 access=0x00000004 offset=0:0 bytes=0
2026-07-07 15:01:04.130 [tid=6736] CreateFileMappingA input=000008E0 result=000008E4 err=0 name=(null) file=\\?\UNC\Mac\Home\Documents\mxd\BeiDou-Server\clien\Data\Item\Consume\0244.img
2026-07-07 15:01:04.131 [tid=6736] MapViewOfFile mapping=000008E4 result=0FF90000 err=0 access=0x00000004 offset=0:0 bytes=0
2026-07-07 15:01:04.132 [tid=6736] CreateFileMappingA input=000008BC result=000008C0 err=0 name=(null) file=\\?\UNC\Mac\Home\Documents\mxd\BeiDou-Server\clien\Data\Item\Consume\0244.img
2026-07-07 15:01:04.133 [tid=6736] MapViewOfFile mapping=000008C0 result=126E0000 err=0 access=0x00000004 offset=0:0 bytes=0
2026-07-07 15:01:04.136 [tid=6736] CreateFileMappingA input=000008E0 result=000008E4 err=0 name=(null) file=\\?\UNC\Mac\Home\Documents\mxd\BeiDou-Server\clien\Data\Item\Consume\0245.img
2026-07-07 15:01:04.137 [tid=6736] MapViewOfFile mapping=000008E4 result=0FF90000 err=0 access=0x00000004 offset=0:0 bytes=0
2026-07-07 15:01:04.140 [tid=6736] CreateFileMappingA input=000008C4 result=000008C8 err=0 name=(null) file=\\?\UNC\Mac\Home\Documents\mxd\BeiDou-Server\clien\Data\Item\Consume\0245.img
2026-07-07 15:01:04.140 [tid=6736] MapViewOfFile mapping=000008C8 result=126F0000 err=0 access=0x00000004 offset=0:0 bytes=0
2026-07-07 15:01:04.144 [tid=6736] CreateFileMappingA input=000008E0 result=000008E4 err=0 name=(null) file=\\?\UNC\Mac\Home\Documents\mxd\BeiDou-Server\clien\Data\Item\Consume\0221.img
2026-07-07 15:01:04.145 [tid=6736] MapViewOfFile mapping=000008E4 result=0FF90000 err=0 access=0x00000004 offset=0:0 bytes=0
2026-07-07 15:01:04.147 [tid=6736] CreateFileMappingA input=000008CC result=000008AC err=0 name=(null) file=\\?\UNC\Mac\Home\Documents\mxd\BeiDou-Server\clien\Data\Item\Consume\0221.img
2026-07-07 15:01:04.148 [tid=6736] MapViewOfFile mapping=000008AC result=12700000 err=0 access=0x00000004 offset=0:0 bytes=0
2026-07-07 15:01:04.150 [tid=6736] CreateFileMappingA input=000008E0 result=000008E4 err=0 name=(null) file=\\?\UNC\Mac\Home\Documents\mxd\BeiDou-Server\clien\Data\Item\Consume\0235.img
2026-07-07 15:01:04.151 [tid=6736] MapViewOfFile mapping=000008E4 result=0FF90000 err=0 access=0x00000004 offset=0:0 bytes=0
2026-07-07 15:01:04.153 [tid=6736] CreateFileMappingA input=000008B0 result=0000089C err=0 name=(null) file=\\?\UNC\Mac\Home\Documents\mxd\BeiDou-Server\clien\Data\Item\Consume\0235.img
2026-07-07 15:01:04.154 [tid=6736] MapViewOfFile mapping=0000089C result=12710000 err=0 access=0x00000004 offset=0:0 bytes=0
2026-07-07 15:01:04.158 [tid=6736] CreateFileMappingA input=000008E0 result=000008E4 err=0 name=(null) file=\\?\UNC\Mac\Home\Documents\mxd\BeiDou-Server\clien\Data\Item\Consume\0234.img
2026-07-07 15:01:04.159 [tid=6736] MapViewOfFile mapping=000008E4 result=0FF90000 err=0 access=0x00000004 offset=0:0 bytes=0
2026-07-07 15:01:04.162 [tid=6736] CreateFileMappingA input=000008A0 result=000008A4 err=0 name=(null) file=\\?\UNC\Mac\Home\Documents\mxd\BeiDou-Server\clien\Data\Item\Consume\0234.img
2026-07-07 15:01:04.163 [tid=6736] MapViewOfFile mapping=000008A4 result=12720000 err=0 access=0x00000004 offset=0:0 bytes=0
2026-07-07 15:01:04.165 [tid=6736] CreateFileMappingA input=000008E0 result=000008E4 err=0 name=(null) file=\\?\UNC\Mac\Home\Documents\mxd\BeiDou-Server\clien\Data\Item\Consume\0236.img
2026-07-07 15:01:04.165 [tid=6736] MapViewOfFile mapping=000008E4 result=0FF90000 err=0 access=0x00000004 offset=0:0 bytes=0
2026-07-07 15:01:04.167 [tid=6736] CreateFileMappingA input=000008A8 result=00000874 err=0 name=(null) file=\\?\UNC\Mac\Home\Documents\mxd\BeiDou-Server\clien\Data\Item\Consume\0236.img
2026-07-07 15:01:04.168 [tid=6736] MapViewOfFile mapping=00000874 result=12730000 err=0 access=0x00000004 offset=0:0 bytes=0
2026-07-07 15:01:04.170 [tid=6736] CreateFileMappingA input=000008E0 result=000008E4 err=0 name=(null) file=\\?\UNC\Mac\Home\Documents\mxd\BeiDou-Server\clien\Data\Item\Consume\0237.img
2026-07-07 15:01:04.171 [tid=6736] MapViewOfFile mapping=000008E4 result=0FF90000 err=0 access=0x00000004 offset=0:0 bytes=0
2026-07-07 15:01:04.174 [tid=6736] CreateFileMappingA input=00000878 result=00000894 err=0 name=(null) file=\\?\UNC\Mac\Home\Documents\mxd\BeiDou-Server\clien\Data\Item\Consume\0237.img
2026-07-07 15:01:04.175 [tid=6736] MapViewOfFile mapping=00000894 result=13340000 err=0 access=0x00000004 offset=0:0 bytes=0
2026-07-07 15:01:04.178 [tid=6736] CreateFileMappingA input=000008E0 result=000008E4 err=0 name=(null) file=\\?\UNC\Mac\Home\Documents\mxd\BeiDou-Server\clien\Data\Item\Consume\0233.img
2026-07-07 15:01:04.179 [tid=6736] MapViewOfFile mapping=000008E4 result=0FF90000 err=0 access=0x00000004 offset=0:0 bytes=0
2026-07-07 15:01:04.181 [tid=6736] CreateFileMappingA input=00000898 result=00000884 err=0 name=(null) file=\\?\UNC\Mac\Home\Documents\mxd\BeiDou-Server\clien\Data\Item\Consume\0233.img
2026-07-07 15:01:04.181 [tid=6736] MapViewOfFile mapping=00000884 result=13350000 err=0 access=0x00000004 offset=0:0 bytes=0
2026-07-07 15:01:04.184 [tid=6736] CreateFileMappingA input=000008E0 result=000008E4 err=0 name=(null) file=\\?\UNC\Mac\Home\Documents\mxd\BeiDou-Server\clien\Data\Item\Consume\0227.img
2026-07-07 15:01:04.184 [tid=6736] MapViewOfFile mapping=000008E4 result=0FF90000 err=0 access=0x00000004 offset=0:0 bytes=0
2026-07-07 15:01:04.186 [tid=6736] CreateFileMappingA input=000008E0 result=000008E4 err=0 name=(null) file=\\?\UNC\Mac\Home\Documents\mxd\BeiDou-Server\clien\Data\Item\Consume\0226.img
2026-07-07 15:01:04.186 [tid=6736] MapViewOfFile mapping=000008E4 result=0FF90000 err=0 access=0x00000004 offset=0:0 bytes=0
2026-07-07 15:01:04.189 [tid=6736] CreateFileMappingA input=0000088C result=00000890 err=0 name=(null) file=\\?\UNC\Mac\Home\Documents\mxd\BeiDou-Server\clien\Data\Item\Consume\0226.img
2026-07-07 15:01:04.190 [tid=6736] MapViewOfFile mapping=00000890 result=13360000 err=0 access=0x00000004 offset=0:0 bytes=0
2026-07-07 15:01:04.192 [tid=6736] CreateFileMappingA input=000008E0 result=000008E4 err=0 name=(null) file=\\?\UNC\Mac\Home\Documents\mxd\BeiDou-Server\clien\Data\Item\Consume\0232.img
2026-07-07 15:01:04.193 [tid=6736] MapViewOfFile mapping=000008E4 result=0FF90000 err=0 access=0x00000004 offset=0:0 bytes=0
2026-07-07 15:01:04.195 [tid=6736] CreateFileMappingA input=00000888 result=0000087C err=0 name=(null) file=\\?\UNC\Mac\Home\Documents\mxd\BeiDou-Server\clien\Data\Item\Consume\0232.img
2026-07-07 15:01:04.196 [tid=6736] MapViewOfFile mapping=0000087C result=13370000 err=0 access=0x00000004 offset=0:0 bytes=0
2026-07-07 15:01:04.199 [tid=6736] CreateFileMappingA input=000008E0 result=000008E4 err=0 name=(null) file=\\?\UNC\Mac\Home\Documents\mxd\BeiDou-Server\clien\Data\Item\Consume\0224.img
2026-07-07 15:01:04.199 [tid=6736] MapViewOfFile mapping=000008E4 result=0FF90000 err=0 access=0x00000004 offset=0:0 bytes=0
2026-07-07 15:01:04.201 [tid=6736] CreateFileMappingA input=00000880 result=0000084C err=0 name=(null) file=\\?\UNC\Mac\Home\Documents\mxd\BeiDou-Server\clien\Data\Item\Consume\0224.img
2026-07-07 15:01:04.202 [tid=6736] MapViewOfFile mapping=0000084C result=13380000 err=0 access=0x00000004 offset=0:0 bytes=0
2026-07-07 15:01:04.204 [tid=6736] CreateFileMappingA input=000008E0 result=000008E4 err=0 name=(null) file=\\?\UNC\Mac\Home\Documents\mxd\BeiDou-Server\clien\Data\Item\Consume\0230.img
2026-07-07 15:01:04.205 [tid=6736] MapViewOfFile mapping=000008E4 result=0FF90000 err=0 access=0x00000004 offset=0:0 bytes=0
2026-07-07 15:01:04.207 [tid=6736] CreateFileMappingA input=00000850 result=00000854 err=0 name=(null) file=\\?\UNC\Mac\Home\Documents\mxd\BeiDou-Server\clien\Data\Item\Consume\0230.img
2026-07-07 15:01:04.208 [tid=6736] MapViewOfFile mapping=00000854 result=13390000 err=0 access=0x00000004 offset=0:0 bytes=0
2026-07-07 15:01:04.210 [tid=6736] CreateFileMappingA input=000008E0 result=000008E4 err=0 name=(null) file=\\?\UNC\Mac\Home\Documents\mxd\BeiDou-Server\clien\Data\Item\Consume\0231.img
2026-07-07 15:01:04.211 [tid=6736] MapViewOfFile mapping=000008E4 result=0FF90000 err=0 access=0x00000004 offset=0:0 bytes=0
2026-07-07 15:01:04.213 [tid=6736] CreateFileMappingA input=00000858 result=0000086C err=0 name=(null) file=\\?\UNC\Mac\Home\Documents\mxd\BeiDou-Server\clien\Data\Item\Consume\0231.img
2026-07-07 15:01:04.214 [tid=6736] MapViewOfFile mapping=0000086C result=133A0000 err=0 access=0x00000004 offset=0:0 bytes=0
2026-07-07 15:01:04.216 [tid=6736] CreateFileMappingA input=000008E0 result=000008E4 err=0 name=(null) file=\\?\UNC\Mac\Home\Documents\mxd\BeiDou-Server\clien\Data\Item\Consume\0219.img
2026-07-07 15:01:04.216 [tid=6736] MapViewOfFile mapping=000008E4 result=0FF90000 err=0 access=0x00000004 offset=0:0 bytes=0
2026-07-07 15:01:04.219 [tid=6736] CreateFileMappingA input=00000870 result=00000864 err=0 name=(null) file=\\?\UNC\Mac\Home\Documents\mxd\BeiDou-Server\clien\Data\Item\Consume\0219.img
2026-07-07 15:01:04.219 [tid=6736] MapViewOfFile mapping=00000864 result=133B0000 err=0 access=0x00000004 offset=0:0 bytes=0
2026-07-07 15:01:04.222 [tid=6736] CreateFileMappingA input=000008E0 result=000008E4 err=0 name=(null) file=\\?\UNC\Mac\Home\Documents\mxd\BeiDou-Server\clien\Data\Item\Consume\0200.img
2026-07-07 15:01:04.223 [tid=6736] MapViewOfFile mapping=000008E4 result=133C0000 err=0 access=0x00000004 offset=0:0 bytes=0
2026-07-07 15:01:04.225 [tid=6736] CreateFileMappingA input=00000868 result=0000085C err=0 name=(null) file=\\?\UNC\Mac\Home\Documents\mxd\BeiDou-Server\clien\Data\Item\Consume\0200.img
2026-07-07 15:01:04.226 [tid=6736] MapViewOfFile mapping=0000085C result=133E0000 err=0 access=0x00000004 offset=0:0 bytes=0
2026-07-07 15:01:04.230 [tid=6736] CreateFileMappingA input=000008E0 result=000008E4 err=0 name=(null) file=\\?\UNC\Mac\Home\Documents\mxd\BeiDou-Server\clien\Data\Item\Consume\0228.img
2026-07-07 15:01:04.230 [tid=6736] MapViewOfFile mapping=000008E4 result=0FF90000 err=0 access=0x00000004 offset=0:0 bytes=0
2026-07-07 15:01:04.232 [tid=6736] CreateFileMappingA input=00000860 result=00000844 err=0 name=(null) file=\\?\UNC\Mac\Home\Documents\mxd\BeiDou-Server\clien\Data\Item\Consume\0228.img
2026-07-07 15:01:04.233 [tid=6736] MapViewOfFile mapping=00000844 result=133C0000 err=0 access=0x00000004 offset=0:0 bytes=0
2026-07-07 15:01:04.236 [tid=6736] CreateFileMappingA input=000008E0 result=000008E4 err=0 name=(null) file=\\?\UNC\Mac\Home\Documents\mxd\BeiDou-Server\clien\Data\Item\Consume\0229.img
2026-07-07 15:01:04.237 [tid=6736] MapViewOfFile mapping=000008E4 result=13400000 err=0 access=0x00000004 offset=0:0 bytes=0
2026-07-07 15:01:04.239 [tid=6736] CreateFileMappingA input=00000848 result=0000083C err=0 name=(null) file=\\?\UNC\Mac\Home\Documents\mxd\BeiDou-Server\clien\Data\Item\Consume\0229.img
2026-07-07 15:01:04.240 [tid=6736] MapViewOfFile mapping=0000083C result=13440000 err=0 access=0x00000004 offset=0:0 bytes=0
2026-07-07 15:01:04.245 [tid=6736] CreateFileMappingA input=000008E0 result=000008E4 err=0 name=(null) file=\\?\UNC\Mac\Home\Documents\mxd\BeiDou-Server\clien\Data\Item\Consume\0201.img
2026-07-07 15:01:04.246 [tid=6736] MapViewOfFile mapping=000008E4 result=0FF90000 err=0 access=0x00000004 offset=0:0 bytes=0
2026-07-07 15:01:04.247 [tid=6736] CreateFileMappingA input=00000840 result=0000082C err=0 name=(null) file=\\?\UNC\Mac\Home\Documents\mxd\BeiDou-Server\clien\Data\Item\Consume\0201.img
2026-07-07 15:01:04.248 [tid=6736] MapViewOfFile mapping=0000082C result=133D0000 err=0 access=0x00000004 offset=0:0 bytes=0
2026-07-07 15:01:04.251 [tid=6736] CreateFileMappingA input=000008E0 result=000008E4 err=0 name=(null) file=\\?\UNC\Mac\Home\Documents\mxd\BeiDou-Server\clien\Data\Item\Consume\0203.img
2026-07-07 15:01:04.252 [tid=6736] MapViewOfFile mapping=000008E4 result=0FF90000 err=0 access=0x00000004 offset=0:0 bytes=0
2026-07-07 15:01:04.256 [tid=6736] CreateFileMappingA input=00000830 result=00000834 err=0 name=(null) file=\\?\UNC\Mac\Home\Documents\mxd\BeiDou-Server\clien\Data\Item\Consume\0203.img
2026-07-07 15:01:04.257 [tid=6736] MapViewOfFile mapping=00000834 result=13400000 err=0 access=0x00000004 offset=0:0 bytes=0
2026-07-07 15:01:04.260 [tid=6736] CreateFileMappingA input=000008E0 result=000008E4 err=0 name=(null) file=\\?\UNC\Mac\Home\Documents\mxd\BeiDou-Server\clien\Data\Item\Consume\0202.img
2026-07-07 15:01:04.261 [tid=6736] MapViewOfFile mapping=000008E4 result=154F0000 err=0 access=0x00000004 offset=0:0 bytes=0
2026-07-07 15:01:04.264 [tid=6736] CreateFileMappingA input=00000838 result=00000824 err=0 name=(null) file=\\?\UNC\Mac\Home\Documents\mxd\BeiDou-Server\clien\Data\Item\Consume\0202.img
2026-07-07 15:01:04.265 [tid=6736] MapViewOfFile mapping=00000824 result=155D0000 err=0 access=0x00000004 offset=0:0 bytes=0
2026-07-07 15:01:04.306 [tid=6736] CreateFileMappingA input=000008E0 result=000008E4 err=0 name=(null) file=\\?\UNC\Mac\Home\Documents\mxd\BeiDou-Server\clien\Data\Item\Consume\0216.img
2026-07-07 15:01:04.307 [tid=6736] MapViewOfFile mapping=000008E4 result=0FF90000 err=0 access=0x00000004 offset=0:0 bytes=0
2026-07-07 15:01:04.309 [tid=6736] CreateFileMappingA input=00000828 result=0000081C err=0 name=(null) file=\\?\UNC\Mac\Home\Documents\mxd\BeiDou-Server\clien\Data\Item\Consume\0216.img
2026-07-07 15:01:04.310 [tid=6736] MapViewOfFile mapping=0000081C result=13410000 err=0 access=0x00000004 offset=0:0 bytes=0
2026-07-07 15:01:04.313 [tid=6736] CreateFileMappingA input=000008E0 result=000008E4 err=0 name=(null) file=\\?\UNC\Mac\Home\Documents\mxd\BeiDou-Server\clien\Data\Item\Consume\0212.img
2026-07-07 15:01:04.314 [tid=6736] MapViewOfFile mapping=000008E4 result=0FF90000 err=0 access=0x00000004 offset=0:0 bytes=0
2026-07-07 15:01:04.316 [tid=6736] CreateFileMappingA input=00000820 result=00000814 err=0 name=(null) file=\\?\UNC\Mac\Home\Documents\mxd\BeiDou-Server\clien\Data\Item\Consume\0212.img
2026-07-07 15:01:04.317 [tid=6736] MapViewOfFile mapping=00000814 result=13420000 err=0 access=0x00000004 offset=0:0 bytes=0
2026-07-07 15:01:04.319 [tid=6736] CreateFileMappingA input=000008E0 result=000008E4 err=0 name=(null) file=\\?\UNC\Mac\Home\Documents\mxd\BeiDou-Server\clien\Data\Item\Consume\0206.img
2026-07-07 15:01:04.319 [tid=6736] MapViewOfFile mapping=000008E4 result=0FF90000 err=0 access=0x00000004 offset=0:0 bytes=0
2026-07-07 15:01:04.322 [tid=6736] CreateFileMappingA input=00000818 result=0000080C err=0 name=(null) file=\\?\UNC\Mac\Home\Documents\mxd\BeiDou-Server\clien\Data\Item\Consume\0206.img
2026-07-07 15:01:04.323 [tid=6736] MapViewOfFile mapping=0000080C result=13430000 err=0 access=0x00000004 offset=0:0 bytes=0
2026-07-07 15:01:04.326 [tid=6736] CreateFileMappingA input=000008E0 result=000008E4 err=0 name=(null) file=\\?\UNC\Mac\Home\Documents\mxd\BeiDou-Server\clien\Data\Item\Consume\0207.img
2026-07-07 15:01:04.327 [tid=6736] MapViewOfFile mapping=000008E4 result=13480000 err=0 access=0x00000004 offset=0:0 bytes=0
2026-07-07 15:01:04.329 [tid=6736] CreateFileMappingA input=00000810 result=00000804 err=0 name=(null) file=\\?\UNC\Mac\Home\Documents\mxd\BeiDou-Server\clien\Data\Item\Consume\0207.img
2026-07-07 15:01:04.330 [tid=6736] MapViewOfFile mapping=00000804 result=134A0000 err=0 access=0x00000004 offset=0:0 bytes=0
2026-07-07 15:01:04.333 [tid=6736] CreateFileMappingA input=000008E0 result=000008E4 err=0 name=(null) file=\\?\UNC\Mac\Home\Documents\mxd\BeiDou-Server\clien\Data\Item\Consume\0205.img
2026-07-07 15:01:04.334 [tid=6736] MapViewOfFile mapping=000008E4 result=0FF90000 err=0 access=0x00000004 offset=0:0 bytes=0
2026-07-07 15:01:04.336 [tid=6736] CreateFileMappingA input=00000808 result=00000624 err=0 name=(null) file=\\?\UNC\Mac\Home\Documents\mxd\BeiDou-Server\clien\Data\Item\Consume\0205.img
2026-07-07 15:01:04.336 [tid=6736] MapViewOfFile mapping=00000624 result=13480000 err=0 access=0x00000004 offset=0:0 bytes=0
2026-07-07 15:01:04.339 [tid=6736] CreateFileMappingA input=000008E0 result=000008E4 err=0 name=(null) file=\\?\UNC\Mac\Home\Documents\mxd\BeiDou-Server\clien\Data\Item\Consume\0210.img
2026-07-07 15:01:04.340 [tid=6736] MapViewOfFile mapping=000008E4 result=14490000 err=0 access=0x00000004 offset=0:0 bytes=0
2026-07-07 15:01:04.343 [tid=6736] CreateFileMappingA input=00000628 result=00000768 err=0 name=(null) file=\\?\UNC\Mac\Home\Documents\mxd\BeiDou-Server\clien\Data\Item\Consume\0210.img
2026-07-07 15:01:04.343 [tid=6736] MapViewOfFile mapping=00000768 result=154F0000 err=0 access=0x00000004 offset=0:0 bytes=0
2026-07-07 15:01:04.350 [tid=6736] CreateFileMappingA input=000008E0 result=000008E4 err=0 name=(null) file=\\?\UNC\Mac\Home\Documents\mxd\BeiDou-Server\clien\Data\Item\Consume\0204.img
2026-07-07 15:01:04.350 [tid=6736] MapViewOfFile mapping=000008E4 result=14490000 err=0 access=0x00000004 offset=0:0 bytes=0
2026-07-07 15:01:04.352 [tid=6736] CreateFileMappingA input=0000076C result=00000780 err=0 name=(null) file=\\?\UNC\Mac\Home\Documents\mxd\BeiDou-Server\clien\Data\Item\Consume\0204.img
2026-07-07 15:01:04.353 [tid=6736] MapViewOfFile mapping=00000780 result=144D0000 err=0 access=0x00000004 offset=0:0 bytes=0
2026-07-07 15:01:04.363 [tid=6736] CreateFileMappingA input=000008E0 result=000008E4 err=0 name=(null) file=\\?\UNC\Mac\Home\Documents\mxd\BeiDou-Server\clien\Data\Item\Consume\0238.img
2026-07-07 15:01:04.364 [tid=6736] MapViewOfFile mapping=000008E4 result=16680000 err=0 access=0x00000004 offset=0:0 bytes=0
2026-07-07 15:01:04.366 [tid=6736] CreateFileMappingA input=00000784 result=000007A0 err=0 name=(null) file=\\?\UNC\Mac\Home\Documents\mxd\BeiDou-Server\clien\Data\Item\Consume\0238.img
2026-07-07 15:01:04.367 [tid=6736] MapViewOfFile mapping=000007A0 result=16720000 err=0 access=0x00000004 offset=0:0 bytes=0
2026-07-07 15:01:04.375 [tid=6736] CreateFileMappingA input=000008E0 result=000008E4 err=0 name=(null) file=\\?\UNC\Mac\Home\Documents\mxd\BeiDou-Server\clien\Data\Item\Install\0399.img
2026-07-07 15:01:04.376 [tid=6736] MapViewOfFile mapping=000008E4 result=15540000 err=0 access=0x00000004 offset=0:0 bytes=0
2026-07-07 15:01:04.378 [tid=6736] CreateFileMappingA input=000007A4 result=000007B0 err=0 name=(null) file=\\?\UNC\Mac\Home\Documents\mxd\BeiDou-Server\clien\Data\Item\Install\0399.img
2026-07-07 15:01:04.379 [tid=6736] MapViewOfFile mapping=000007B0 result=16680000 err=0 access=0x00000004 offset=0:0 bytes=0
2026-07-07 15:01:04.384 [tid=6736] CreateFileMappingA input=000008E0 result=000008E4 err=0 name=(null) file=\\?\UNC\Mac\Home\Documents\mxd\BeiDou-Server\clien\Data\Item\Install\0301.img
2026-07-07 15:01:04.384 [tid=6736] MapViewOfFile mapping=000008E4 result=167C0000 err=0 access=0x00000004 offset=0:0 bytes=0
2026-07-07 15:01:04.386 [tid=6736] CreateFileMappingA input=000007B4 result=000007B8 err=0 name=(null) file=\\?\UNC\Mac\Home\Documents\mxd\BeiDou-Server\clien\Data\Item\Install\0301.img
2026-07-07 15:01:04.386 [tid=6736] MapViewOfFile mapping=000007B8 result=1AF40000 err=0 access=0x00000004 offset=0:0 bytes=0
2026-07-07 15:01:04.533 [tid=6736] CreateFileMappingA input=000008E0 result=000008E4 err=0 name=(null) file=\\?\UNC\Mac\Home\Documents\mxd\BeiDou-Server\clien\Data\Item\Etc\0426.img
2026-07-07 15:01:04.534 [tid=6736] MapViewOfFile mapping=000008E4 result=0FF90000 err=0 access=0x00000004 offset=0:0 bytes=0
2026-07-07 15:01:04.536 [tid=6736] CreateFileMappingA input=000007C0 result=000007C4 err=0 name=(null) file=\\?\UNC\Mac\Home\Documents\mxd\BeiDou-Server\clien\Data\Item\Etc\0426.img
2026-07-07 15:01:04.536 [tid=6736] MapViewOfFile mapping=000007C4 result=13490000 err=0 access=0x00000004 offset=0:0 bytes=0
2026-07-07 15:01:04.540 [tid=6736] CreateFileMappingA input=000008E0 result=000008E4 err=0 name=(null) file=\\?\UNC\Mac\Home\Documents\mxd\BeiDou-Server\clien\Data\Item\Etc\0430.img
2026-07-07 15:01:04.541 [tid=6736] MapViewOfFile mapping=000008E4 result=0FF90000 err=0 access=0x00000004 offset=0:0 bytes=0
2026-07-07 15:01:04.543 [tid=6736] CreateFileMappingA input=000007BC result=000007A8 err=0 name=(null) file=\\?\UNC\Mac\Home\Documents\mxd\BeiDou-Server\clien\Data\Item\Etc\0430.img
2026-07-07 15:01:04.543 [tid=6736] MapViewOfFile mapping=000007A8 result=14490000 err=0 access=0x00000004 offset=0:0 bytes=0
2026-07-07 15:01:04.546 [tid=6736] CreateFileMappingA input=000008E0 result=000008E4 err=0 name=(null) file=\\?\UNC\Mac\Home\Documents\mxd\BeiDou-Server\clien\Data\Item\Etc\0431.img
2026-07-07 15:01:04.546 [tid=6736] MapViewOfFile mapping=000008E4 result=0FF90000 err=0 access=0x00000004 offset=0:0 bytes=0
2026-07-07 15:01:04.549 [tid=6736] CreateFileMappingA input=000007AC result=00000770 err=0 name=(null) file=\\?\UNC\Mac\Home\Documents\mxd\BeiDou-Server\clien\Data\Item\Etc\0431.img
2026-07-07 15:01:04.549 [tid=6736] MapViewOfFile mapping=00000770 result=144A0000 err=0 access=0x00000004 offset=0:0 bytes=0
2026-07-07 15:01:04.551 [tid=6736] CreateFileMappingA input=000008E0 result=000008E4 err=0 name=(null) file=\\?\UNC\Mac\Home\Documents\mxd\BeiDou-Server\clien\Data\Item\Etc\0425.img
2026-07-07 15:01:04.552 [tid=6736] MapViewOfFile mapping=000008E4 result=144B0000 err=0 access=0x00000004 offset=0:0 bytes=0
2026-07-07 15:01:04.554 [tid=6736] CreateFileMappingA input=00000774 result=00000788 err=0 name=(null) file=\\?\UNC\Mac\Home\Documents\mxd\BeiDou-Server\clien\Data\Item\Etc\0425.img
2026-07-07 15:01:04.555 [tid=6736] MapViewOfFile mapping=00000788 result=15540000 err=0 access=0x00000004 offset=0:0 bytes=0
2026-07-07 15:01:04.559 [tid=6736] CreateFileMappingA input=000008E0 result=000008E4 err=0 name=(null) file=\\?\UNC\Mac\Home\Documents\mxd\BeiDou-Server\clien\Data\Item\Etc\0421.img
2026-07-07 15:01:04.559 [tid=6736] MapViewOfFile mapping=000008E4 result=0FF90000 err=0 access=0x00000004 offset=0:0 bytes=0
2026-07-07 15:01:04.561 [tid=6736] CreateFileMappingA input=0000078C result=00000794 err=0 name=(null) file=\\?\UNC\Mac\Home\Documents\mxd\BeiDou-Server\clien\Data\Item\Etc\0421.img
2026-07-07 15:01:04.562 [tid=6736] MapViewOfFile mapping=00000794 result=144B0000 err=0 access=0x00000004 offset=0:0 bytes=0
2026-07-07 15:01:04.565 [tid=6736] CreateFileMappingA input=000008E0 result=000008E4 err=0 name=(null) file=\\?\UNC\Mac\Home\Documents\mxd\BeiDou-Server\clien\Data\Item\Etc\0408.img
2026-07-07 15:01:04.566 [tid=6736] MapViewOfFile mapping=000008E4 result=0FF90000 err=0 access=0x00000004 offset=0:0 bytes=0
2026-07-07 15:01:04.568 [tid=6736] CreateFileMappingA input=00000798 result=00000778 err=0 name=(null) file=\\?\UNC\Mac\Home\Documents\mxd\BeiDou-Server\clien\Data\Item\Etc\0408.img
2026-07-07 15:01:04.569 [tid=6736] MapViewOfFile mapping=00000778 result=144C0000 err=0 access=0x00000004 offset=0:0 bytes=0
2026-07-07 15:01:04.571 [tid=6736] CreateFileMappingA input=000008E0 result=000008E4 err=0 name=(null) file=\\?\UNC\Mac\Home\Documents\mxd\BeiDou-Server\clien\Data\Item\Etc\0422.img
2026-07-07 15:01:04.573 [tid=6736] MapViewOfFile mapping=000008E4 result=15560000 err=0 access=0x00000004 offset=0:0 bytes=0
2026-07-07 15:01:04.574 [tid=6736] CreateFileMappingA input=0000077C result=000007F8 err=0 name=(null) file=\\?\UNC\Mac\Home\Documents\mxd\BeiDou-Server\clien\Data\Item\Etc\0422.img
2026-07-07 15:01:04.575 [tid=6736] MapViewOfFile mapping=000007F8 result=15590000 err=0 access=0x00000004 offset=0:0 bytes=0
2026-07-07 15:01:04.579 [tid=6736] CreateFileMappingA input=000008E0 result=000008E4 err=0 name=(null) file=\\?\UNC\Mac\Home\Documents\mxd\BeiDou-Server\clien\Data\Item\Etc\0406.img
2026-07-07 15:01:04.580 [tid=6736] MapViewOfFile mapping=000008E4 result=0FF90000 err=0 access=0x00000004 offset=0:0 bytes=0
2026-07-07 15:01:04.582 [tid=6736] CreateFileMappingA input=000007FC result=000007F0 err=0 name=(null) file=\\?\UNC\Mac\Home\Documents\mxd\BeiDou-Server\clien\Data\Item\Etc\0406.img
2026-07-07 15:01:04.582 [tid=6736] MapViewOfFile mapping=000007F0 result=14510000 err=0 access=0x00000004 offset=0:0 bytes=0
2026-07-07 15:01:04.585 [tid=6736] CreateFileMappingA input=000008E0 result=000008E4 err=0 name=(null) file=\\?\UNC\Mac\Home\Documents\mxd\BeiDou-Server\clien\Data\Item\Etc\0413.img
2026-07-07 15:01:04.586 [tid=6736] MapViewOfFile mapping=000008E4 result=0FF90000 err=0 access=0x00000004 offset=0:0 bytes=0
2026-07-07 15:01:04.589 [tid=6736] CreateFileMappingA input=000007E8 result=000007EC err=0 name=(null) file=\\?\UNC\Mac\Home\Documents\mxd\BeiDou-Server\clien\Data\Item\Etc\0413.img
2026-07-07 15:01:04.590 [tid=6736] MapViewOfFile mapping=000007EC result=15560000 err=0 access=0x00000004 offset=0:0 bytes=0
2026-07-07 15:01:04.598 [tid=6736] CreateFileMappingA input=000008E0 result=000008E4 err=0 name=(null) file=\\?\UNC\Mac\Home\Documents\mxd\BeiDou-Server\clien\Data\Item\Etc\0405.img
2026-07-07 15:01:04.598 [tid=6736] MapViewOfFile mapping=000008E4 result=0FF90000 err=0 access=0x00000004 offset=0:0 bytes=0
2026-07-07 15:01:04.601 [tid=6736] CreateFileMappingA input=000007F4 result=0000079C err=0 name=(null) file=\\?\UNC\Mac\Home\Documents\mxd\BeiDou-Server\clien\Data\Item\Etc\0405.img
2026-07-07 15:01:04.602 [tid=6736] MapViewOfFile mapping=0000079C result=15570000 err=0 access=0x00000004 offset=0:0 bytes=0
2026-07-07 15:01:04.605 [tid=6736] CreateFileMappingA input=000008E0 result=000008E4 err=0 name=(null) file=\\?\UNC\Mac\Home\Documents\mxd\BeiDou-Server\clien\Data\Item\Etc\0428.img
2026-07-07 15:01:04.606 [tid=6736] MapViewOfFile mapping=000008E4 result=0FF90000 err=0 access=0x00000004 offset=0:0 bytes=0
2026-07-07 15:01:04.609 [tid=6736] CreateFileMappingA input=00000790 result=000007E0 err=0 name=(null) file=\\?\UNC\Mac\Home\Documents\mxd\BeiDou-Server\clien\Data\Item\Etc\0428.img
2026-07-07 15:01:04.609 [tid=6736] MapViewOfFile mapping=000007E0 result=15580000 err=0 access=0x00000004 offset=0:0 bytes=0
2026-07-07 15:01:04.615 [tid=6736] CreateFileMappingA input=000008E0 result=000008E4 err=0 name=(null) file=\\?\UNC\Mac\Home\Documents\mxd\BeiDou-Server\clien\Data\Item\Etc\0400.img
2026-07-07 15:01:04.616 [tid=6736] MapViewOfFile mapping=000008E4 result=167C0000 err=0 access=0x00000004 offset=0:0 bytes=0
2026-07-07 15:01:04.618 [tid=6736] CreateFileMappingA input=000007D8 result=000007DC err=0 name=(null) file=\\?\UNC\Mac\Home\Documents\mxd\BeiDou-Server\clien\Data\Item\Etc\0400.img
2026-07-07 15:01:04.619 [tid=6736] MapViewOfFile mapping=000007DC result=16910000 err=0 access=0x00000004 offset=0:0 bytes=0
2026-07-07 15:01:04.634 [tid=6736] CreateFileMappingA input=000008E0 result=000008E4 err=0 name=(null) file=\\?\UNC\Mac\Home\Documents\mxd\BeiDou-Server\clien\Data\Item\Etc\0414.img
2026-07-07 15:01:04.635 [tid=6736] MapViewOfFile mapping=000008E4 result=0FF90000 err=0 access=0x00000004 offset=0:0 bytes=0
2026-07-07 15:01:04.637 [tid=6736] CreateFileMappingA input=000007D0 result=000007D4 err=0 name=(null) file=\\?\UNC\Mac\Home\Documents\mxd\BeiDou-Server\clien\Data\Item\Etc\0414.img
2026-07-07 15:01:04.638 [tid=6736] MapViewOfFile mapping=000007D4 result=155C0000 err=0 access=0x00000004 offset=0:0 bytes=0
2026-07-07 15:01:04.641 [tid=6736] CreateFileMappingA input=000008E0 result=000008E4 err=0 name=(null) file=\\?\UNC\Mac\Home\Documents\mxd\BeiDou-Server\clien\Data\Item\Etc\0401.img
2026-07-07 15:01:04.642 [tid=6736] MapViewOfFile mapping=000008E4 result=0FF90000 err=0 access=0x00000004 offset=0:0 bytes=0
2026-07-07 15:01:04.644 [tid=6736] CreateFileMappingA input=000007C8 result=000007CC err=0 name=(null) file=\\?\UNC\Mac\Home\Documents\mxd\BeiDou-Server\clien\Data\Item\Etc\0401.img
2026-07-07 15:01:04.644 [tid=6736] MapViewOfFile mapping=000007CC result=166D0000 err=0 access=0x00000004 offset=0:0 bytes=0
2026-07-07 15:01:04.648 [tid=6736] CreateFileMappingA input=000008E0 result=000008E4 err=0 name=(null) file=\\?\UNC\Mac\Home\Documents\mxd\BeiDou-Server\clien\Data\Item\Etc\0429.img
2026-07-07 15:01:04.648 [tid=6736] MapViewOfFile mapping=000008E4 result=166E0000 err=0 access=0x00000004 offset=0:0 bytes=0
2026-07-07 15:01:04.651 [tid=6736] CreateFileMappingA input=000008F0 result=000008F4 err=0 name=(null) file=\\?\UNC\Mac\Home\Documents\mxd\BeiDou-Server\clien\Data\Item\Etc\0429.img
2026-07-07 15:01:04.651 [tid=6736] MapViewOfFile mapping=000008F4 result=167C0000 err=0 access=0x00000004 offset=0:0 bytes=0
2026-07-07 15:01:04.654 [tid=6736] CreateFileMappingA input=000008E0 result=000008E4 err=0 name=(null) file=\\?\UNC\Mac\Home\Documents\mxd\BeiDou-Server\clien\Data\Item\Etc\0417.img
2026-07-07 15:01:04.656 [tid=6736] MapViewOfFile mapping=000008E4 result=0FF90000 err=0 access=0x00000004 offset=0:0 bytes=0
2026-07-07 15:01:04.658 [tid=6736] CreateFileMappingA input=000008F8 result=000008FC err=0 name=(null) file=\\?\UNC\Mac\Home\Documents\mxd\BeiDou-Server\clien\Data\Item\Etc\0417.img
2026-07-07 15:01:04.659 [tid=6736] MapViewOfFile mapping=000008FC result=166E0000 err=0 access=0x00000004 offset=0:0 bytes=0
2026-07-07 15:01:04.663 [tid=6736] CreateFileMappingA input=000008E0 result=000008E4 err=0 name=(null) file=\\?\UNC\Mac\Home\Documents\mxd\BeiDou-Server\clien\Data\Item\Etc\0403.img
2026-07-07 15:01:04.664 [tid=6736] MapViewOfFile mapping=000008E4 result=16A60000 err=0 access=0x00000004 offset=0:0 bytes=0
2026-07-07 15:01:04.666 [tid=6736] CreateFileMappingA input=00000900 result=00000904 err=0 name=(null) file=\\?\UNC\Mac\Home\Documents\mxd\BeiDou-Server\clien\Data\Item\Etc\0403.img
2026-07-07 15:01:04.667 [tid=6736] MapViewOfFile mapping=00000904 result=16C00000 err=0 access=0x00000004 offset=0:0 bytes=0
2026-07-07 15:01:04.690 [tid=6736] CreateFileMappingA input=000008E0 result=000008E4 err=0 name=(null) file=\\?\UNC\Mac\Home\Documents\mxd\BeiDou-Server\clien\Data\Item\Etc\0402.img
2026-07-07 15:01:04.692 [tid=6736] MapViewOfFile mapping=000008E4 result=0FF90000 err=0 access=0x00000004 offset=0:0 bytes=0
2026-07-07 15:01:04.694 [tid=6736] CreateFileMappingA input=000007E4 result=00000908 err=0 name=(null) file=\\?\UNC\Mac\Home\Documents\mxd\BeiDou-Server\clien\Data\Item\Etc\0402.img
2026-07-07 15:01:04.694 [tid=6736] MapViewOfFile mapping=00000908 result=166F0000 err=0 access=0x00000004 offset=0:0 bytes=0
2026-07-07 15:01:04.698 [tid=6736] CreateFileMappingA input=000008E0 result=000008E4 err=0 name=(null) file=\\?\UNC\Mac\Home\Documents\mxd\BeiDou-Server\clien\Data\Item\Etc\0416.img
2026-07-07 15:01:04.699 [tid=6736] MapViewOfFile mapping=000008E4 result=16800000 err=0 access=0x00000004 offset=0:0 bytes=0
2026-07-07 15:01:04.701 [tid=6736] CreateFileMappingA input=0000090C result=00000910 err=0 name=(null) file=\\?\UNC\Mac\Home\Documents\mxd\BeiDou-Server\clien\Data\Item\Etc\0416.img
2026-07-07 15:01:04.702 [tid=6736] MapViewOfFile mapping=00000910 result=16840000 err=0 access=0x00000004 offset=0:0 bytes=0
2026-07-07 15:01:04.733 [tid=6736] CreateFileMappingA input=0000090C result=00000910 err=0 name=(null) file=\\?\UNC\Mac\Home\Documents\mxd\BeiDou-Server\clien\Data\Item\Cash\0550.img
2026-07-07 15:01:04.734 [tid=6736] MapViewOfFile mapping=00000910 result=0FF80000 err=0 access=0x00000004 offset=0:0 bytes=0
2026-07-07 15:01:04.737 [tid=6736] CreateFileMappingA input=0000090C result=00000910 err=0 name=(null) file=\\?\UNC\Mac\Home\Documents\mxd\BeiDou-Server\clien\Data\Etc\ItemMake.img
2026-07-07 15:01:04.739 [tid=6736] MapViewOfFile mapping=00000910 result=0FF80000 err=0 access=0x00000004 offset=0:0 bytes=0
2026-07-07 15:01:04.780 [tid=6736] CreateFileMappingA input=0000090C result=00000910 err=0 name=(null) file=\\?\UNC\Mac\Home\Documents\mxd\BeiDou-Server\clien\Data\Item\Etc\0425.img
2026-07-07 15:01:04.782 [tid=6736] MapViewOfFile mapping=00000910 result=0FF80000 err=0 access=0x00000004 offset=0:0 bytes=0
2026-07-07 15:01:04.787 [tid=6736] CreateFileMappingA input=000007E4 result=00000908 err=0 name=(null) file=\\?\UNC\Mac\Home\Documents\mxd\BeiDou-Server\clien\Data\Item\Etc\0426.img
2026-07-07 15:01:04.788 [tid=6736] MapViewOfFile mapping=00000908 result=0FFA0000 err=0 access=0x00000004 offset=0:0 bytes=0
2026-07-07 15:01:04.792 [tid=6736] CreateFileMappingA input=00000900 result=00000904 err=0 name=(null) file=\\?\UNC\Mac\Home\Documents\mxd\BeiDou-Server\clien\Data\Item\Etc\0400.img
2026-07-07 15:01:04.793 [tid=6736] MapViewOfFile mapping=00000904 result=13340000 err=0 access=0x00000004 offset=0:0 bytes=0
2026-07-07 15:01:04.821 [tid=6736] CreateFileMappingA input=000008F8 result=000008FC err=0 name=(null) file=\\?\UNC\Mac\Home\Documents\mxd\BeiDou-Server\clien\Data\Morph\1000.img
2026-07-07 15:01:04.823 [tid=6736] MapViewOfFile mapping=000008FC result=154F0000 err=0 access=0x00000004 offset=0:0 bytes=0
2026-07-07 15:01:04.825 [tid=6736] CreateFileMappingA input=000007C8 result=000007CC err=0 name=(null) file=\\?\UNC\Mac\Home\Documents\mxd\BeiDou-Server\clien\Data\Morph\1000.img
2026-07-07 15:01:04.826 [tid=6736] MapViewOfFile mapping=000007CC result=16680000 err=0 access=0x00000004 offset=0:0 bytes=0
2026-07-07 15:01:04.832 [tid=6736] CreateFileMappingA input=000008F8 result=000008FC err=0 name=(null) file=\\?\UNC\Mac\Home\Documents\mxd\BeiDou-Server\clien\Data\Morph\0083.img
2026-07-07 15:01:04.833 [tid=6736] MapViewOfFile mapping=000008FC result=126C0000 err=0 access=0x00000004 offset=0:0 bytes=0
2026-07-07 15:01:04.835 [tid=6736] CreateFileMappingA input=000008F0 result=000008F4 err=0 name=(null) file=\\?\UNC\Mac\Home\Documents\mxd\BeiDou-Server\clien\Data\Morph\0083.img
2026-07-07 15:01:04.835 [tid=6736] MapViewOfFile mapping=000008F4 result=126D0000 err=0 access=0x00000004 offset=0:0 bytes=0
2026-07-07 15:01:04.838 [tid=6736] CreateFileMappingA input=000008F8 result=000008FC err=0 name=(null) file=\\?\UNC\Mac\Home\Documents\mxd\BeiDou-Server\clien\Data\Morph\0097.img
2026-07-07 15:01:04.839 [tid=6736] MapViewOfFile mapping=000008FC result=126E0000 err=0 access=0x00000004 offset=0:0 bytes=0
2026-07-07 15:01:04.842 [tid=6736] CreateFileMappingA input=000007D0 result=000007D4 err=0 name=(null) file=\\?\UNC\Mac\Home\Documents\mxd\BeiDou-Server\clien\Data\Morph\0097.img
2026-07-07 15:01:04.843 [tid=6736] MapViewOfFile mapping=000007D4 result=12710000 err=0 access=0x00000004 offset=0:0 bytes=0
2026-07-07 15:01:04.846 [tid=6736] CreateFileMappingA input=000008F8 result=000008FC err=0 name=(null) file=\\?\UNC\Mac\Home\Documents\mxd\BeiDou-Server\clien\Data\Morph\0040.img
2026-07-07 15:01:04.847 [tid=6736] MapViewOfFile mapping=000008FC result=126C0000 err=0 access=0x00000004 offset=0:0 bytes=0
2026-07-07 15:01:04.849 [tid=6736] CreateFileMappingA input=00000790 result=000007E0 err=0 name=(null) file=\\?\UNC\Mac\Home\Documents\mxd\BeiDou-Server\clien\Data\Morph\0040.img
2026-07-07 15:01:04.850 [tid=6736] MapViewOfFile mapping=000007E0 result=126E0000 err=0 access=0x00000004 offset=0:0 bytes=0
2026-07-07 15:01:04.854 [tid=6736] CreateFileMappingA input=000008F8 result=000008FC err=0 name=(null) file=\\?\UNC\Mac\Home\Documents\mxd\BeiDou-Server\clien\Data\Morph\0041.img
2026-07-07 15:01:04.855 [tid=6736] MapViewOfFile mapping=000008FC result=126C0000 err=0 access=0x00000004 offset=0:0 bytes=0
2026-07-07 15:01:04.857 [tid=6736] CreateFileMappingA input=000007D8 result=000007DC err=0 name=(null) file=\\?\UNC\Mac\Home\Documents\mxd\BeiDou-Server\clien\Data\Morph\0041.img
2026-07-07 15:01:04.858 [tid=6736] MapViewOfFile mapping=000007DC result=126F0000 err=0 access=0x00000004 offset=0:0 bytes=0
2026-07-07 15:01:04.860 [tid=6736] CreateFileMappingA input=000008F8 result=000008FC err=0 name=(null) file=\\?\UNC\Mac\Home\Documents\mxd\BeiDou-Server\clien\Data\Morph\0096.img
2026-07-07 15:01:04.861 [tid=6736] MapViewOfFile mapping=000008FC result=13490000 err=0 access=0x00000004 offset=0:0 bytes=0
2026-07-07 15:01:04.863 [tid=6736] CreateFileMappingA input=000007F4 result=0000079C err=0 name=(null) file=\\?\UNC\Mac\Home\Documents\mxd\BeiDou-Server\clien\Data\Morph\0096.img
2026-07-07 15:01:04.864 [tid=6736] MapViewOfFile mapping=0000079C result=14490000 err=0 access=0x00000004 offset=0:0 bytes=0
2026-07-07 15:01:04.866 [tid=6736] CreateFileMappingA input=000008F8 result=000008FC err=0 name=(null) file=\\?\UNC\Mac\Home\Documents\mxd\BeiDou-Server\clien\Data\Morph\0082.img
2026-07-07 15:01:04.867 [tid=6736] MapViewOfFile mapping=000008FC result=126C0000 err=0 access=0x00000004 offset=0:0 bytes=0
2026-07-07 15:01:04.868 [tid=6736] CreateFileMappingA input=000007EC result=000007FC err=0 name=(null) file=\\?\UNC\Mac\Home\Documents\mxd\BeiDou-Server\clien\Data\Morph\0082.img
2026-07-07 15:01:04.869 [tid=6736] MapViewOfFile mapping=000007FC result=12700000 err=0 access=0x00000004 offset=0:0 bytes=0
2026-07-07 15:01:04.871 [tid=6736] CreateFileMappingA input=000008F8 result=000008FC err=0 name=(null) file=\\?\UNC\Mac\Home\Documents\mxd\BeiDou-Server\clien\Data\Morph\1001.img
2026-07-07 15:01:04.872 [tid=6736] MapViewOfFile mapping=000008FC result=154F0000 err=0 access=0x00000004 offset=0:0 bytes=0
2026-07-07 15:01:04.874 [tid=6736] CreateFileMappingA input=000007F0 result=0000077C err=0 name=(null) file=\\?\UNC\Mac\Home\Documents\mxd\BeiDou-Server\clien\Data\Morph\1001.img
2026-07-07 15:01:04.875 [tid=6736] MapViewOfFile mapping=0000077C result=16770000 err=0 access=0x00000004 offset=0:0 bytes=0
2026-07-07 15:01:04.880 [tid=6736] CreateFileMappingA input=000008F8 result=000008FC err=0 name=(null) file=\\?\UNC\Mac\Home\Documents\mxd\BeiDou-Server\clien\Data\Morph\1003.img
2026-07-07 15:01:04.880 [tid=6736] MapViewOfFile mapping=000008FC result=144B0000 err=0 access=0x00000004 offset=0:0 bytes=0
2026-07-07 15:01:04.882 [tid=6736] CreateFileMappingA input=000007E8 result=000007F8 err=0 name=(null) file=\\?\UNC\Mac\Home\Documents\mxd\BeiDou-Server\clien\Data\Morph\1003.img
2026-07-07 15:01:04.883 [tid=6736] MapViewOfFile mapping=000007F8 result=154F0000 err=0 access=0x00000004 offset=0:0 bytes=0
2026-07-07 15:01:04.886 [tid=6736] CreateFileMappingA input=000008F8 result=000008FC err=0 name=(null) file=\\?\UNC\Mac\Home\Documents\mxd\BeiDou-Server\clien\Data\Morph\0094.img
2026-07-07 15:01:04.887 [tid=6736] MapViewOfFile mapping=000008FC result=13490000 err=0 access=0x00000004 offset=0:0 bytes=0
2026-07-07 15:01:04.889 [tid=6736] CreateFileMappingA input=00000798 result=00000778 err=0 name=(null) file=\\?\UNC\Mac\Home\Documents\mxd\BeiDou-Server\clien\Data\Morph\0094.img
2026-07-07 15:01:04.889 [tid=6736] MapViewOfFile mapping=00000778 result=144B0000 err=0 access=0x00000004 offset=0:0 bytes=0
2026-07-07 15:01:04.891 [tid=6736] CreateFileMappingA input=000008F8 result=000008FC err=0 name=(null) file=\\?\UNC\Mac\Home\Documents\mxd\BeiDou-Server\clien\Data\Morph\0080.img
2026-07-07 15:01:04.892 [tid=6736] MapViewOfFile mapping=000008FC result=13490000 err=0 access=0x00000004 offset=0:0 bytes=0
2026-07-07 15:01:04.894 [tid=6736] CreateFileMappingA input=00000774 result=00000788 err=0 name=(null) file=\\?\UNC\Mac\Home\Documents\mxd\BeiDou-Server\clien\Data\Morph\0080.img
2026-07-07 15:01:04.895 [tid=6736] MapViewOfFile mapping=00000788 result=144D0000 err=0 access=0x00000004 offset=0:0 bytes=0
2026-07-07 15:01:04.901 [tid=6736] CreateFileMappingA input=000008F8 result=000008FC err=0 name=(null) file=\\?\UNC\Mac\Home\Documents\mxd\BeiDou-Server\clien\Data\Morph\0043.img
2026-07-07 15:01:04.902 [tid=6736] MapViewOfFile mapping=000008FC result=126C0000 err=0 access=0x00000004 offset=0:0 bytes=0
2026-07-07 15:01:04.904 [tid=6736] CreateFileMappingA input=000007AC result=00000770 err=0 name=(null) file=\\?\UNC\Mac\Home\Documents\mxd\BeiDou-Server\clien\Data\Morph\0043.img
2026-07-07 15:01:04.905 [tid=6736] MapViewOfFile mapping=00000770 result=13490000 err=0 access=0x00000004 offset=0:0 bytes=0
2026-07-07 15:01:04.908 [tid=6736] CreateFileMappingA input=000008F8 result=000008FC err=0 name=(null) file=\\?\UNC\Mac\Home\Documents\mxd\BeiDou-Server\clien\Data\Morph\0042.img
2026-07-07 15:01:04.908 [tid=6736] MapViewOfFile mapping=000008FC result=126C0000 err=0 access=0x00000004 offset=0:0 bytes=0
2026-07-07 15:01:04.910 [tid=6736] CreateFileMappingA input=00000794 result=000007C0 err=0 name=(null) file=\\?\UNC\Mac\Home\Documents\mxd\BeiDou-Server\clien\Data\Morph\0042.img
2026-07-07 15:01:04.911 [tid=6736] MapViewOfFile mapping=000007C0 result=134A0000 err=0 access=0x00000004 offset=0:0 bytes=0
2026-07-07 15:01:04.914 [tid=6736] CreateFileMappingA input=000008F8 result=000008FC err=0 name=(null) file=\\?\UNC\Mac\Home\Documents\mxd\BeiDou-Server\clien\Data\Morph\0081.img
2026-07-07 15:01:04.915 [tid=6736] MapViewOfFile mapping=000008FC result=126C0000 err=0 access=0x00000004 offset=0:0 bytes=0
2026-07-07 15:01:04.916 [tid=6736] CreateFileMappingA input=0000078C result=000007C4 err=0 name=(null) file=\\?\UNC\Mac\Home\Documents\mxd\BeiDou-Server\clien\Data\Morph\0081.img
2026-07-07 15:01:04.917 [tid=6736] MapViewOfFile mapping=000007C4 result=134B0000 err=0 access=0x00000004 offset=0:0 bytes=0
2026-07-07 15:01:04.920 [tid=6736] CreateFileMappingA input=000008F8 result=000008FC err=0 name=(null) file=\\?\UNC\Mac\Home\Documents\mxd\BeiDou-Server\clien\Data\Morph\0095.img
2026-07-07 15:01:04.921 [tid=6736] MapViewOfFile mapping=000008FC result=14500000 err=0 access=0x00000004 offset=0:0 bytes=0
2026-07-07 15:01:04.923 [tid=6736] CreateFileMappingA input=000007BC result=000007A8 err=0 name=(null) file=\\?\UNC\Mac\Home\Documents\mxd\BeiDou-Server\clien\Data\Morph\0095.img
2026-07-07 15:01:04.924 [tid=6736] MapViewOfFile mapping=000007A8 result=15550000 err=0 access=0x00000004 offset=0:0 bytes=0
2026-07-07 15:01:04.926 [tid=6736] CreateFileMappingA input=000008F8 result=000008FC err=0 name=(null) file=\\?\UNC\Mac\Home\Documents\mxd\BeiDou-Server\clien\Data\Morph\1002.img
2026-07-07 15:01:04.927 [tid=6736] MapViewOfFile mapping=000008FC result=126C0000 err=0 access=0x00000004 offset=0:0 bytes=0
2026-07-07 15:01:04.929 [tid=6736] CreateFileMappingA input=000007B4 result=000007B8 err=0 name=(null) file=\\?\UNC\Mac\Home\Documents\mxd\BeiDou-Server\clien\Data\Morph\1002.img
2026-07-07 15:01:04.930 [tid=6736] MapViewOfFile mapping=000007B8 result=14500000 err=0 access=0x00000004 offset=0:0 bytes=0
2026-07-07 15:01:04.932 [tid=6736] CreateFileMappingA input=000008F8 result=000008FC err=0 name=(null) file=\\?\UNC\Mac\Home\Documents\mxd\BeiDou-Server\clien\Data\Morph\0091.img
2026-07-07 15:01:04.933 [tid=6736] MapViewOfFile mapping=000008FC result=126C0000 err=0 access=0x00000004 offset=0:0 bytes=0
2026-07-07 15:01:04.935 [tid=6736] CreateFileMappingA input=000007A4 result=000007B0 err=0 name=(null) file=\\?\UNC\Mac\Home\Documents\mxd\BeiDou-Server\clien\Data\Morph\0091.img
2026-07-07 15:01:04.936 [tid=6736] MapViewOfFile mapping=000007B0 result=14510000 err=0 access=0x00000004 offset=0:0 bytes=0
2026-07-07 15:01:04.938 [tid=6736] CreateFileMappingA input=000008F8 result=000008FC err=0 name=(null) file=\\?\UNC\Mac\Home\Documents\mxd\BeiDou-Server\clien\Data\Morph\0085.img
2026-07-07 15:01:04.940 [tid=6736] MapViewOfFile mapping=000008FC result=15570000 err=0 access=0x00000004 offset=0:0 bytes=0
2026-07-07 15:01:04.942 [tid=6736] CreateFileMappingA input=000007A0 result=0000076C err=0 name=(null) file=\\?\UNC\Mac\Home\Documents\mxd\BeiDou-Server\clien\Data\Morph\0085.img
2026-07-07 15:01:04.942 [tid=6736] MapViewOfFile mapping=0000076C result=155E0000 err=0 access=0x00000004 offset=0:0 bytes=0
2026-07-07 15:01:04.945 [tid=6736] CreateFileMappingA input=000008F8 result=000008FC err=0 name=(null) file=\\?\UNC\Mac\Home\Documents\mxd\BeiDou-Server\clien\Data\Morph\0084.img
2026-07-07 15:01:04.946 [tid=6736] MapViewOfFile mapping=000008FC result=126C0000 err=0 access=0x00000004 offset=0:0 bytes=0
2026-07-07 15:01:04.948 [tid=6736] CreateFileMappingA input=00000780 result=00000628 err=0 name=(null) file=\\?\UNC\Mac\Home\Documents\mxd\BeiDou-Server\clien\Data\Morph\0084.img
2026-07-07 15:01:04.949 [tid=6736] MapViewOfFile mapping=00000628 result=15570000 err=0 access=0x00000004 offset=0:0 bytes=0
2026-07-07 15:01:04.951 [tid=6736] CreateFileMappingA input=000008F8 result=000008FC err=0 name=(null) file=\\?\UNC\Mac\Home\Documents\mxd\BeiDou-Server\clien\Data\Morph\0090.img
2026-07-07 15:01:04.952 [tid=6736] MapViewOfFile mapping=000008FC result=15580000 err=0 access=0x00000004 offset=0:0 bytes=0
2026-07-07 15:01:04.954 [tid=6736] CreateFileMappingA input=00000768 result=00000808 err=0 name=(null) file=\\?\UNC\Mac\Home\Documents\mxd\BeiDou-Server\clien\Data\Morph\0090.img
2026-07-07 15:01:04.955 [tid=6736] MapViewOfFile mapping=00000808 result=155A0000 err=0 access=0x00000004 offset=0:0 bytes=0
2026-07-07 15:01:04.958 [tid=6736] CreateFileMappingA input=000008F8 result=000008FC err=0 name=(null) file=\\?\UNC\Mac\Home\Documents\mxd\BeiDou-Server\clien\Data\Morph\0086.img
2026-07-07 15:01:04.958 [tid=6736] MapViewOfFile mapping=000008FC result=126C0000 err=0 access=0x00000004 offset=0:0 bytes=0
2026-07-07 15:01:04.961 [tid=6736] CreateFileMappingA input=00000810 result=00000804 err=0 name=(null) file=\\?\UNC\Mac\Home\Documents\mxd\BeiDou-Server\clien\Data\Morph\0086.img
2026-07-07 15:01:04.962 [tid=6736] MapViewOfFile mapping=00000804 result=15580000 err=0 access=0x00000004 offset=0:0 bytes=0
2026-07-07 15:01:04.964 [tid=6736] CreateFileMappingA input=000008F8 result=000008FC err=0 name=(null) file=\\?\UNC\Mac\Home\Documents\mxd\BeiDou-Server\clien\Data\Morph\0092.img
2026-07-07 15:01:04.965 [tid=6736] MapViewOfFile mapping=000008FC result=155C0000 err=0 access=0x00000004 offset=0:0 bytes=0
2026-07-07 15:01:04.967 [tid=6736] CreateFileMappingA input=00000818 result=0000080C err=0 name=(null) file=\\?\UNC\Mac\Home\Documents\mxd\BeiDou-Server\clien\Data\Morph\0092.img
2026-07-07 15:01:04.967 [tid=6736] MapViewOfFile mapping=0000080C result=15650000 err=0 access=0x00000004 offset=0:0 bytes=0
2026-07-07 15:01:04.970 [tid=6736] CreateFileMappingA input=00000624 result=00000784 err=0 name=(null) file=\\?\UNC\Mac\Home\Documents\mxd\BeiDou-Server\clien\Data\Morph\0079.img
2026-07-07 15:01:04.971 [tid=6736] MapViewOfFile mapping=00000784 result=155C0000 err=0 access=0x00000004 offset=0:0 bytes=0
2026-07-07 15:01:04.973 [tid=6736] CreateFileMappingA input=000008F8 result=000008FC err=0 name=(null) file=\\?\UNC\Mac\Home\Documents\mxd\BeiDou-Server\clien\Data\Morph\0079.img
2026-07-07 15:01:04.974 [tid=6736] MapViewOfFile mapping=000008FC result=15670000 err=0 access=0x00000004 offset=0:0 bytes=0
2026-07-07 15:01:04.976 [tid=6736] CreateFileMappingA input=00000624 result=00000784 err=0 name=(null) file=\\?\UNC\Mac\Home\Documents\mxd\BeiDou-Server\clien\Data\Morph\0045.img
2026-07-07 15:01:04.977 [tid=6736] MapViewOfFile mapping=00000784 result=126C0000 err=0 access=0x00000004 offset=0:0 bytes=0
2026-07-07 15:01:04.979 [tid=6736] CreateFileMappingA input=00000820 result=00000814 err=0 name=(null) file=\\?\UNC\Mac\Home\Documents\mxd\BeiDou-Server\clien\Data\Morph\0045.img
2026-07-07 15:01:04.980 [tid=6736] MapViewOfFile mapping=00000814 result=15590000 err=0 access=0x00000004 offset=0:0 bytes=0
2026-07-07 15:01:04.982 [tid=6736] CreateFileMappingA input=00000624 result=00000784 err=0 name=(null) file=\\?\UNC\Mac\Home\Documents\mxd\BeiDou-Server\clien\Data\Morph\0044.img
2026-07-07 15:01:04.982 [tid=6736] MapViewOfFile mapping=00000784 result=126C0000 err=0 access=0x00000004 offset=0:0 bytes=0
2026-07-07 15:01:04.985 [tid=6736] CreateFileMappingA input=00000828 result=0000081C err=0 name=(null) file=\\?\UNC\Mac\Home\Documents\mxd\BeiDou-Server\clien\Data\Morph\0044.img
2026-07-07 15:01:04.986 [tid=6736] MapViewOfFile mapping=0000081C result=155C0000 err=0 access=0x00000004 offset=0:0 bytes=0
2026-07-07 15:01:04.988 [tid=6736] CreateFileMappingA input=00000624 result=00000784 err=0 name=(null) file=\\?\UNC\Mac\Home\Documents\mxd\BeiDou-Server\clien\Data\Morph\0078.img
2026-07-07 15:01:04.989 [tid=6736] MapViewOfFile mapping=00000784 result=16870000 err=0 access=0x00000004 offset=0:0 bytes=0
2026-07-07 15:01:04.991 [tid=6736] CreateFileMappingA input=00000838 result=00000824 err=0 name=(null) file=\\?\UNC\Mac\Home\Documents\mxd\BeiDou-Server\clien\Data\Morph\0078.img
2026-07-07 15:01:04.992 [tid=6736] MapViewOfFile mapping=00000824 result=168A0000 err=0 access=0x00000004 offset=0:0 bytes=0
2026-07-07 15:01:04.995 [tid=6736] CreateFileMappingA input=00000624 result=00000784 err=0 name=(null) file=\\?\UNC\Mac\Home\Documents\mxd\BeiDou-Server\clien\Data\Morph\0093.img
2026-07-07 15:01:04.996 [tid=6736] MapViewOfFile mapping=00000784 result=15690000 err=0 access=0x00000004 offset=0:0 bytes=0
2026-07-07 15:01:04.998 [tid=6736] CreateFileMappingA input=00000830 result=00000834 err=0 name=(null) file=\\?\UNC\Mac\Home\Documents\mxd\BeiDou-Server\clien\Data\Morph\0093.img
2026-07-07 15:01:04.998 [tid=6736] MapViewOfFile mapping=00000834 result=16870000 err=0 access=0x00000004 offset=0:0 bytes=0
2026-07-07 15:01:05.003 [tid=6736] CreateFileMappingA input=00000624 result=00000784 err=0 name=(null) file=\\?\UNC\Mac\Home\Documents\mxd\BeiDou-Server\clien\Data\Morph\0087.img
2026-07-07 15:01:05.004 [tid=6736] MapViewOfFile mapping=00000784 result=168D0000 err=0 access=0x00000004 offset=0:0 bytes=0
2026-07-07 15:01:05.006 [tid=6736] CreateFileMappingA input=00000840 result=0000082C err=0 name=(null) file=\\?\UNC\Mac\Home\Documents\mxd\BeiDou-Server\clien\Data\Morph\0087.img
2026-07-07 15:01:05.008 [tid=6736] MapViewOfFile mapping=0000082C result=16920000 err=0 access=0x00000004 offset=0:0 bytes=0
2026-07-07 15:01:05.011 [tid=6736] CreateFileMappingA input=00000624 result=00000784 err=0 name=(null) file=\\?\UNC\Mac\Home\Documents\mxd\BeiDou-Server\clien\Data\Morph\0023.img
2026-07-07 15:01:05.012 [tid=6736] MapViewOfFile mapping=00000784 result=126C0000 err=0 access=0x00000004 offset=0:0 bytes=0
2026-07-07 15:01:05.013 [tid=6736] CreateFileMappingA input=00000848 result=0000083C err=0 name=(null) file=\\?\UNC\Mac\Home\Documents\mxd\BeiDou-Server\clien\Data\Morph\0023.img
2026-07-07 15:01:05.014 [tid=6736] MapViewOfFile mapping=0000083C result=155D0000 err=0 access=0x00000004 offset=0:0 bytes=0
2026-07-07 15:01:05.017 [tid=6736] CreateFileMappingA input=00000624 result=00000784 err=0 name=(null) file=\\?\UNC\Mac\Home\Documents\mxd\BeiDou-Server\clien\Data\Morph\1103.img
2026-07-07 15:01:05.018 [tid=6736] MapViewOfFile mapping=00000784 result=16970000 err=0 access=0x00000004 offset=0:0 bytes=0
2026-07-07 15:01:05.020 [tid=6736] CreateFileMappingA input=00000860 result=00000844 err=0 name=(null) file=\\?\UNC\Mac\Home\Documents\mxd\BeiDou-Server\clien\Data\Morph\1103.img
2026-07-07 15:01:05.020 [tid=6736] MapViewOfFile mapping=00000844 result=169D0000 err=0 access=0x00000004 offset=0:0 bytes=0
2026-07-07 15:01:05.025 [tid=6736] CreateFileMappingA input=00000624 result=00000784 err=0 name=(null) file=\\?\UNC\Mac\Home\Documents\mxd\BeiDou-Server\clien\Data\Morph\0036.img
2026-07-07 15:01:05.026 [tid=6736] MapViewOfFile mapping=00000784 result=126C0000 err=0 access=0x00000004 offset=0:0 bytes=0
2026-07-07 15:01:05.027 [tid=6736] CreateFileMappingA input=00000868 result=0000085C err=0 name=(null) file=\\?\UNC\Mac\Home\Documents\mxd\BeiDou-Server\clien\Data\Morph\0036.img
2026-07-07 15:01:05.028 [tid=6736] MapViewOfFile mapping=0000085C result=15690000 err=0 access=0x00000004 offset=0:0 bytes=0
2026-07-07 15:01:05.031 [tid=6736] CreateFileMappingA input=00000624 result=00000784 err=0 name=(null) file=\\?\UNC\Mac\Home\Documents\mxd\BeiDou-Server\clien\Data\Morph\0022.img
2026-07-07 15:01:05.031 [tid=6736] MapViewOfFile mapping=00000784 result=126C0000 err=0 access=0x00000004 offset=0:0 bytes=0
2026-07-07 15:01:05.033 [tid=6736] CreateFileMappingA input=00000870 result=00000864 err=0 name=(null) file=\\?\UNC\Mac\Home\Documents\mxd\BeiDou-Server\clien\Data\Morph\0022.img
2026-07-07 15:01:05.034 [tid=6736] MapViewOfFile mapping=00000864 result=156A0000 err=0 access=0x00000004 offset=0:0 bytes=0
2026-07-07 15:01:05.036 [tid=6736] CreateFileMappingA input=00000624 result=00000784 err=0 name=(null) file=\\?\UNC\Mac\Home\Documents\mxd\BeiDou-Server\clien\Data\Morph\0008.img
2026-07-07 15:01:05.037 [tid=6736] MapViewOfFile mapping=00000784 result=126C0000 err=0 access=0x00000004 offset=0:0 bytes=0
2026-07-07 15:01:05.039 [tid=6736] CreateFileMappingA input=00000858 result=0000086C err=0 name=(null) file=\\?\UNC\Mac\Home\Documents\mxd\BeiDou-Server\clien\Data\Morph\0008.img
2026-07-07 15:01:05.040 [tid=6736] MapViewOfFile mapping=0000086C result=16890000 err=0 access=0x00000004 offset=0:0 bytes=0
2026-07-07 15:01:05.043 [tid=6736] CreateFileMappingA input=00000624 result=00000784 err=0 name=(null) file=\\?\UNC\Mac\Home\Documents\mxd\BeiDou-Server\clien\Data\Morph\1100.img
2026-07-07 15:01:05.044 [tid=6736] MapViewOfFile mapping=00000784 result=16A30000 err=0 access=0x00000004 offset=0:0 bytes=0
2026-07-07 15:01:05.047 [tid=6736] CreateFileMappingA input=00000850 result=00000854 err=0 name=(null) file=\\?\UNC\Mac\Home\Documents\mxd\BeiDou-Server\clien\Data\Morph\1100.img
2026-07-07 15:01:05.047 [tid=6736] MapViewOfFile mapping=00000854 result=16B20000 err=0 access=0x00000004 offset=0:0 bytes=0
2026-07-07 15:01:05.052 [tid=6736] CreateFileMappingA input=00000624 result=00000784 err=0 name=(null) file=\\?\UNC\Mac\Home\Documents\mxd\BeiDou-Server\clien\Data\Morph\1101.img
2026-07-07 15:01:05.053 [tid=6736] MapViewOfFile mapping=00000784 result=16C10000 err=0 access=0x00000004 offset=0:0 bytes=0
2026-07-07 15:01:05.055 [tid=6736] CreateFileMappingA input=00000880 result=0000084C err=0 name=(null) file=\\?\UNC\Mac\Home\Documents\mxd\BeiDou-Server\clien\Data\Morph\1101.img
2026-07-07 15:01:05.056 [tid=6736] MapViewOfFile mapping=0000084C result=16D10000 err=0 access=0x00000004 offset=0:0 bytes=0
2026-07-07 15:01:05.061 [tid=6736] CreateFileMappingA input=00000624 result=00000784 err=0 name=(null) file=\\?\UNC\Mac\Home\Documents\mxd\BeiDou-Server\clien\Data\Morph\0009.img
2026-07-07 15:01:05.062 [tid=6736] MapViewOfFile mapping=00000784 result=126C0000 err=0 access=0x00000004 offset=0:0 bytes=0
2026-07-07 15:01:05.064 [tid=6736] CreateFileMappingA input=00000888 result=0000087C err=0 name=(null) file=\\?\UNC\Mac\Home\Documents\mxd\BeiDou-Server\clien\Data\Morph\0009.img
2026-07-07 15:01:05.065 [tid=6736] MapViewOfFile mapping=0000087C result=168D0000 err=0 access=0x00000004 offset=0:0 bytes=0
2026-07-07 15:01:05.068 [tid=6736] CreateFileMappingA input=00000624 result=00000784 err=0 name=(null) file=\\?\UNC\Mac\Home\Documents\mxd\BeiDou-Server\clien\Data\Morph\0021.img
2026-07-07 15:01:05.068 [tid=6736] MapViewOfFile mapping=00000784 result=126C0000 err=0 access=0x00000004 offset=0:0 bytes=0
2026-07-07 15:01:05.071 [tid=6736] CreateFileMappingA input=0000088C result=00000890 err=0 name=(null) file=\\?\UNC\Mac\Home\Documents\mxd\BeiDou-Server\clien\Data\Morph\0021.img
2026-07-07 15:01:05.071 [tid=6736] MapViewOfFile mapping=00000890 result=168E0000 err=0 access=0x00000004 offset=0:0 bytes=0
2026-07-07 15:01:05.074 [tid=6736] CreateFileMappingA input=00000624 result=00000784 err=0 name=(null) file=\\?\UNC\Mac\Home\Documents\mxd\BeiDou-Server\clien\Data\Morph\0025.img
2026-07-07 15:01:05.075 [tid=6736] MapViewOfFile mapping=00000784 result=126C0000 err=0 access=0x00000004 offset=0:0 bytes=0
2026-07-07 15:01:05.078 [tid=6736] CreateFileMappingA input=000008E8 result=000008EC err=0 name=(null) file=\\?\UNC\Mac\Home\Documents\mxd\BeiDou-Server\clien\Data\Morph\0025.img
2026-07-07 15:01:05.079 [tid=6736] MapViewOfFile mapping=000008EC result=168F0000 err=0 access=0x00000004 offset=0:0 bytes=0
2026-07-07 15:01:05.081 [tid=6736] CreateFileMappingA input=00000624 result=00000784 err=0 name=(null) file=\\?\UNC\Mac\Home\Documents\mxd\BeiDou-Server\clien\Data\Morph\0024.img
2026-07-07 15:01:05.082 [tid=6736] MapViewOfFile mapping=00000784 result=126C0000 err=0 access=0x00000004 offset=0:0 bytes=0
2026-07-07 15:01:05.085 [tid=6736] CreateFileMappingA input=00000878 result=00000894 err=0 name=(null) file=\\?\UNC\Mac\Home\Documents\mxd\BeiDou-Server\clien\Data\Morph\0024.img
2026-07-07 15:01:05.085 [tid=6736] MapViewOfFile mapping=00000894 result=16900000 err=0 access=0x00000004 offset=0:0 bytes=0
2026-07-07 15:01:05.088 [tid=6736] CreateFileMappingA input=00000624 result=00000784 err=0 name=(null) file=\\?\UNC\Mac\Home\Documents\mxd\BeiDou-Server\clien\Data\Morph\0030.img
2026-07-07 15:01:05.089 [tid=6736] MapViewOfFile mapping=00000784 result=126C0000 err=0 access=0x00000004 offset=0:0 bytes=0
2026-07-07 15:01:05.091 [tid=6736] CreateFileMappingA input=00000898 result=00000884 err=0 name=(null) file=\\?\UNC\Mac\Home\Documents\mxd\BeiDou-Server\clien\Data\Morph\0030.img
2026-07-07 15:01:05.092 [tid=6736] MapViewOfFile mapping=00000884 result=16910000 err=0 access=0x00000004 offset=0:0 bytes=0
2026-07-07 15:01:05.096 [tid=6736] CreateFileMappingA input=00000624 result=00000784 err=0 name=(null) file=\\?\UNC\Mac\Home\Documents\mxd\BeiDou-Server\clien\Data\Morph\0018.img
2026-07-07 15:01:05.096 [tid=6736] MapViewOfFile mapping=00000784 result=126C0000 err=0 access=0x00000004 offset=0:0 bytes=0
2026-07-07 15:01:05.100 [tid=6736] CreateFileMappingA input=000008A8 result=00000874 err=0 name=(null) file=\\?\UNC\Mac\Home\Documents\mxd\BeiDou-Server\clien\Data\Morph\0018.img
2026-07-07 15:01:05.101 [tid=6736] MapViewOfFile mapping=00000874 result=16970000 err=0 access=0x00000004 offset=0:0 bytes=0
2026-07-07 15:01:05.106 [tid=6736] CreateFileMappingA input=00000624 result=00000784 err=0 name=(null) file=\\?\UNC\Mac\Home\Documents\mxd\BeiDou-Server\clien\Data\Morph\0026.img
2026-07-07 15:01:05.107 [tid=6736] MapViewOfFile mapping=00000784 result=126C0000 err=0 access=0x00000004 offset=0:0 bytes=0
2026-07-07 15:01:05.110 [tid=6736] CreateFileMappingA input=000008A0 result=000008A4 err=0 name=(null) file=\\?\UNC\Mac\Home\Documents\mxd\BeiDou-Server\clien\Data\Morph\0026.img
2026-07-07 15:01:05.110 [tid=6736] MapViewOfFile mapping=000008A4 result=16980000 err=0 access=0x00000004 offset=0:0 bytes=0
2026-07-07 15:01:05.113 [tid=6736] CreateFileMappingA input=00000624 result=00000784 err=0 name=(null) file=\\?\UNC\Mac\Home\Documents\mxd\BeiDou-Server\clien\Data\Morph\0027.img
2026-07-07 15:01:05.114 [tid=6736] MapViewOfFile mapping=00000784 result=126C0000 err=0 access=0x00000004 offset=0:0 bytes=0
2026-07-07 15:01:05.116 [tid=6736] CreateFileMappingA input=000008CC result=000008AC err=0 name=(null) file=\\?\UNC\Mac\Home\Documents\mxd\BeiDou-Server\clien\Data\Morph\0027.img
2026-07-07 15:01:05.117 [tid=6736] MapViewOfFile mapping=000008AC result=16990000 err=0 access=0x00000004 offset=0:0 bytes=0
2026-07-07 15:01:05.147 [tid=6736] CreateFileMappingA input=00000624 result=00000784 err=0 name=(null) file=\\?\UNC\Mac\Home\Documents\mxd\BeiDou-Server\clien\Data\Morph\0002.img
2026-07-07 15:01:05.148 [tid=6736] MapViewOfFile mapping=00000784 result=126C0000 err=0 access=0x00000004 offset=0:0 bytes=0
2026-07-07 15:01:05.150 [tid=6736] CreateFileMappingA input=0000089C result=000008C4 err=0 name=(null) file=\\?\UNC\Mac\Home\Documents\mxd\BeiDou-Server\clien\Data\Morph\0002.img
2026-07-07 15:01:05.150 [tid=6736] MapViewOfFile mapping=000008C4 result=169A0000 err=0 access=0x00000004 offset=0:0 bytes=0
2026-07-07 15:01:05.157 [tid=6736] CreateFileMappingA input=00000624 result=00000784 err=0 name=(null) file=\\?\UNC\Mac\Home\Documents\mxd\BeiDou-Server\clien\Data\Morph\0016.img
2026-07-07 15:01:05.158 [tid=6736] MapViewOfFile mapping=00000784 result=126C0000 err=0 access=0x00000004 offset=0:0 bytes=0
2026-07-07 15:01:05.164 [tid=6736] CreateFileMappingA input=000008C8 result=000008BC err=0 name=(null) file=\\?\UNC\Mac\Home\Documents\mxd\BeiDou-Server\clien\Data\Morph\0016.img
2026-07-07 15:01:05.165 [tid=6736] MapViewOfFile mapping=000008BC result=169B0000 err=0 access=0x00000004 offset=0:0 bytes=0
2026-07-07 15:01:05.167 [tid=6736] CreateFileMappingA input=00000624 result=00000784 err=0 name=(null) file=\\?\UNC\Mac\Home\Documents\mxd\BeiDou-Server\clien\Data\Morph\0017.img
2026-07-07 15:01:05.167 [tid=6736] MapViewOfFile mapping=00000784 result=16A30000 err=0 access=0x00000004 offset=0:0 bytes=0
2026-07-07 15:01:05.169 [tid=6736] CreateFileMappingA input=000008C0 result=000008B4 err=0 name=(null) file=\\?\UNC\Mac\Home\Documents\mxd\BeiDou-Server\clien\Data\Morph\0017.img
2026-07-07 15:01:05.170 [tid=6736] MapViewOfFile mapping=000008B4 result=16A50000 err=0 access=0x00000004 offset=0:0 bytes=0
2026-07-07 15:01:05.194 [tid=6736] CreateFileMappingA input=000008B8 result=000008D8 err=0 name=(null) file=\\?\UNC\Mac\Home\Documents\mxd\BeiDou-Server\clien\Data\Morph\0003.img
2026-07-07 15:01:05.195 [tid=6736] MapViewOfFile mapping=000008D8 result=126C0000 err=0 access=0x00000004 offset=0:0 bytes=0
2026-07-07 15:01:05.197 [tid=6736] CreateFileMappingA input=000008DC result=000008D0 err=0 name=(null) file=\\?\UNC\Mac\Home\Documents\mxd\BeiDou-Server\clien\Data\Morph\0003.img
2026-07-07 15:01:05.198 [tid=6736] MapViewOfFile mapping=000008D0 result=169C0000 err=0 access=0x00000004 offset=0:0 bytes=0
2026-07-07 15:01:05.201 [tid=6736] CreateFileMappingA input=000008B8 result=000008D8 err=0 name=(null) file=\\?\UNC\Mac\Home\Documents\mxd\BeiDou-Server\clien\Data\Morph\0015.img
2026-07-07 15:01:05.202 [tid=6736] MapViewOfFile mapping=000008D8 result=126C0000 err=0 access=0x00000004 offset=0:0 bytes=0
2026-07-07 15:01:05.204 [tid=6736] CreateFileMappingA input=00000624 result=000008D4 err=0 name=(null) file=\\?\UNC\Mac\Home\Documents\mxd\BeiDou-Server\clien\Data\Morph\0015.img
2026-07-07 15:01:05.205 [tid=6736] MapViewOfFile mapping=000008D4 result=16A30000 err=0 access=0x00000004 offset=0:0 bytes=0
2026-07-07 15:01:05.208 [tid=6736] CreateFileMappingA input=000008B8 result=000008D8 err=0 name=(null) file=\\?\UNC\Mac\Home\Documents\mxd\BeiDou-Server\clien\Data\Morph\0001.img
2026-07-07 15:01:05.209 [tid=6736] MapViewOfFile mapping=000008D8 result=126C0000 err=0 access=0x00000004 offset=0:0 bytes=0
2026-07-07 15:01:05.210 [tid=6736] CreateFileMappingA input=000008E0 result=000008E4 err=0 name=(null) file=\\?\UNC\Mac\Home\Documents\mxd\BeiDou-Server\clien\Data\Morph\0001.img
2026-07-07 15:01:05.211 [tid=6736] MapViewOfFile mapping=000008E4 result=16A40000 err=0 access=0x00000004 offset=0:0 bytes=0
2026-07-07 15:01:05.215 [tid=6736] CreateFileMappingA input=00000914 result=00000918 err=0 name=(null) file=\\?\UNC\Mac\Home\Documents\mxd\BeiDou-Server\clien\Data\Morph\0029.img
2026-07-07 15:01:05.216 [tid=6736] MapViewOfFile mapping=00000918 result=126C0000 err=0 access=0x00000004 offset=0:0 bytes=0
2026-07-07 15:01:05.218 [tid=6736] CreateFileMappingA input=0000091C result=00000920 err=0 name=(null) file=\\?\UNC\Mac\Home\Documents\mxd\BeiDou-Server\clien\Data\Morph\0029.img
2026-07-07 15:01:05.219 [tid=6736] MapViewOfFile mapping=00000920 result=16A70000 err=0 access=0x00000004 offset=0:0 bytes=0
2026-07-07 15:01:05.222 [tid=6736] CreateFileMappingA input=00000914 result=00000918 err=0 name=(null) file=\\?\UNC\Mac\Home\Documents\mxd\BeiDou-Server\clien\Data\Morph\0028.img
2026-07-07 15:01:05.223 [tid=6736] MapViewOfFile mapping=00000918 result=126C0000 err=0 access=0x00000004 offset=0:0 bytes=0
2026-07-07 15:01:05.225 [tid=6736] CreateFileMappingA input=000008B8 result=00000924 err=0 name=(null) file=\\?\UNC\Mac\Home\Documents\mxd\BeiDou-Server\clien\Data\Morph\0028.img
2026-07-07 15:01:05.226 [tid=6736] MapViewOfFile mapping=00000924 result=16A80000 err=0 access=0x00000004 offset=0:0 bytes=0
2026-07-07 15:01:05.228 [tid=6736] CreateFileMappingA input=00000914 result=00000918 err=0 name=(null) file=\\?\UNC\Mac\Home\Documents\mxd\BeiDou-Server\clien\Data\Morph\0038.img
2026-07-07 15:01:05.229 [tid=6736] MapViewOfFile mapping=00000918 result=126C0000 err=0 access=0x00000004 offset=0:0 bytes=0
2026-07-07 15:01:05.231 [tid=6736] CreateFileMappingA input=000008D8 result=00000928 err=0 name=(null) file=\\?\UNC\Mac\Home\Documents\mxd\BeiDou-Server\clien\Data\Morph\0038.img
2026-07-07 15:01:05.231 [tid=6736] MapViewOfFile mapping=00000928 result=16A90000 err=0 access=0x00000004 offset=0:0 bytes=0
2026-07-07 15:01:05.234 [tid=6736] CreateFileMappingA input=00000914 result=00000918 err=0 name=(null) file=\\?\UNC\Mac\Home\Documents\mxd\BeiDou-Server\clien\Data\Morph\0010.img
2026-07-07 15:01:05.234 [tid=6736] MapViewOfFile mapping=00000918 result=16AA0000 err=0 access=0x00000004 offset=0:0 bytes=0
2026-07-07 15:01:05.237 [tid=6736] CreateFileMappingA input=0000092C result=00000930 err=0 name=(null) file=\\?\UNC\Mac\Home\Documents\mxd\BeiDou-Server\clien\Data\Morph\0010.img
2026-07-07 15:01:05.238 [tid=6736] MapViewOfFile mapping=00000930 result=16AE0000 err=0 access=0x00000004 offset=0:0 bytes=0
2026-07-07 15:01:05.241 [tid=6736] CreateFileMappingA input=00000914 result=00000918 err=0 name=(null) file=\\?\UNC\Mac\Home\Documents\mxd\BeiDou-Server\clien\Data\Morph\0004.img
2026-07-07 15:01:05.242 [tid=6736] MapViewOfFile mapping=00000918 result=126C0000 err=0 access=0x00000004 offset=0:0 bytes=0
2026-07-07 15:01:05.244 [tid=6736] CreateFileMappingA input=00000934 result=00000938 err=0 name=(null) file=\\?\UNC\Mac\Home\Documents\mxd\BeiDou-Server\clien\Data\Morph\0004.img
2026-07-07 15:01:05.244 [tid=6736] MapViewOfFile mapping=00000938 result=16AA0000 err=0 access=0x00000004 offset=0:0 bytes=0
2026-07-07 15:01:05.247 [tid=6736] CreateFileMappingA input=00000914 result=00000918 err=0 name=(null) file=\\?\UNC\Mac\Home\Documents\mxd\BeiDou-Server\clien\Data\Morph\0005.img
2026-07-07 15:01:05.248 [tid=6736] MapViewOfFile mapping=00000918 result=126C0000 err=0 access=0x00000004 offset=0:0 bytes=0
2026-07-07 15:01:05.250 [tid=6736] CreateFileMappingA input=00000940 result=00000944 err=0 name=(null) file=\\?\UNC\Mac\Home\Documents\mxd\BeiDou-Server\clien\Data\Morph\0005.img
2026-07-07 15:01:05.251 [tid=6736] MapViewOfFile mapping=00000944 result=16AB0000 err=0 access=0x00000004 offset=0:0 bytes=0
2026-07-07 15:01:05.253 [tid=6736] CreateFileMappingA input=00000914 result=00000918 err=0 name=(null) file=\\?\UNC\Mac\Home\Documents\mxd\BeiDou-Server\clien\Data\Morph\0011.img
2026-07-07 15:01:05.254 [tid=6736] MapViewOfFile mapping=00000918 result=16C10000 err=0 access=0x00000004 offset=0:0 bytes=0
2026-07-07 15:01:05.258 [tid=6736] CreateFileMappingA input=00000948 result=0000093C err=0 name=(null) file=\\?\UNC\Mac\Home\Documents\mxd\BeiDou-Server\clien\Data\Morph\0011.img
2026-07-07 15:01:05.259 [tid=6736] MapViewOfFile mapping=0000093C result=16C50000 err=0 access=0x00000004 offset=0:0 bytes=0
2026-07-07 15:01:05.262 [tid=6736] CreateFileMappingA input=00000914 result=00000918 err=0 name=(null) file=\\?\UNC\Mac\Home\Documents\mxd\BeiDou-Server\clien\Data\Morph\0039.img
2026-07-07 15:01:05.263 [tid=6736] MapViewOfFile mapping=00000918 result=126C0000 err=0 access=0x00000004 offset=0:0 bytes=0
2026-07-07 15:01:05.266 [tid=6736] CreateFileMappingA input=0000094C result=00000950 err=0 name=(null) file=\\?\UNC\Mac\Home\Documents\mxd\BeiDou-Server\clien\Data\Morph\0039.img
2026-07-07 15:01:05.266 [tid=6736] MapViewOfFile mapping=00000950 result=16AC0000 err=0 access=0x00000004 offset=0:0 bytes=0
2026-07-07 15:01:05.270 [tid=6736] CreateFileMappingA input=00000954 result=00000958 err=0 name=(null) file=\\?\UNC\Mac\Home\Documents\mxd\BeiDou-Server\clien\Data\Morph\0007.img
2026-07-07 15:01:05.270 [tid=6736] MapViewOfFile mapping=00000958 result=126C0000 err=0 access=0x00000004 offset=0:0 bytes=0
2026-07-07 15:01:05.273 [tid=6736] CreateFileMappingA input=0000095C result=00000960 err=0 name=(null) file=\\?\UNC\Mac\Home\Documents\mxd\BeiDou-Server\clien\Data\Morph\0007.img
2026-07-07 15:01:05.274 [tid=6736] MapViewOfFile mapping=00000960 result=16AD0000 err=0 access=0x00000004 offset=0:0 bytes=0
2026-07-07 15:01:05.276 [tid=6736] CreateFileMappingA input=00000954 result=00000958 err=0 name=(null) file=\\?\UNC\Mac\Home\Documents\mxd\BeiDou-Server\clien\Data\Morph\0012.img
2026-07-07 15:01:05.277 [tid=6736] MapViewOfFile mapping=00000958 result=126C0000 err=0 access=0x00000004 offset=0:0 bytes=0
2026-07-07 15:01:05.280 [tid=6736] CreateFileMappingA input=00000964 result=00000968 err=0 name=(null) file=\\?\UNC\Mac\Home\Documents\mxd\BeiDou-Server\clien\Data\Morph\0012.img
2026-07-07 15:01:05.281 [tid=6736] MapViewOfFile mapping=00000968 result=16C10000 err=0 access=0x00000004 offset=0:0 bytes=0
2026-07-07 15:01:05.285 [tid=6736] CreateFileMappingA input=00000954 result=00000958 err=0 name=(null) file=\\?\UNC\Mac\Home\Documents\mxd\BeiDou-Server\clien\Data\Morph\0006.img
2026-07-07 15:01:05.286 [tid=6736] MapViewOfFile mapping=00000958 result=126C0000 err=0 access=0x00000004 offset=0:0 bytes=0
2026-07-07 15:01:05.289 [tid=6736] CreateFileMappingA input=0000096C result=00000970 err=0 name=(null) file=\\?\UNC\Mac\Home\Documents\mxd\BeiDou-Server\clien\Data\Morph\0006.img
2026-07-07 15:01:05.290 [tid=6736] MapViewOfFile mapping=00000970 result=16C20000 err=0 access=0x00000004 offset=0:0 bytes=0
2026-07-07 15:01:05.293 [tid=6736] CreateFileMappingA input=00000954 result=00000958 err=0 name=(null) file=\\?\UNC\Mac\Home\Documents\mxd\BeiDou-Server\clien\Data\Morph\0075.img
2026-07-07 15:01:05.294 [tid=6736] MapViewOfFile mapping=00000958 result=16C30000 err=0 access=0x00000004 offset=0:0 bytes=0
2026-07-07 15:01:05.296 [tid=6736] CreateFileMappingA input=00000974 result=00000978 err=0 name=(null) file=\\?\UNC\Mac\Home\Documents\mxd\BeiDou-Server\clien\Data\Morph\0075.img
2026-07-07 15:01:05.297 [tid=6736] MapViewOfFile mapping=00000978 result=16C90000 err=0 access=0x00000004 offset=0:0 bytes=0
2026-07-07 15:01:05.299 [tid=6736] CreateFileMappingA input=00000954 result=00000958 err=0 name=(null) file=\\?\UNC\Mac\Home\Documents\mxd\BeiDou-Server\clien\Data\Morph\0049.img
2026-07-07 15:01:05.300 [tid=6736] MapViewOfFile mapping=00000958 result=126C0000 err=0 access=0x00000004 offset=0:0 bytes=0
2026-07-07 15:01:05.302 [tid=6736] CreateFileMappingA input=00000914 result=0000097C err=0 name=(null) file=\\?\UNC\Mac\Home\Documents\mxd\BeiDou-Server\clien\Data\Morph\0049.img
2026-07-07 15:01:05.303 [tid=6736] MapViewOfFile mapping=0000097C result=16C30000 err=0 access=0x00000004 offset=0:0 bytes=0
2026-07-07 15:01:05.306 [tid=6736] CreateFileMappingA input=00000954 result=00000958 err=0 name=(null) file=\\?\UNC\Mac\Home\Documents\mxd\BeiDou-Server\clien\Data\Morph\0074.img
2026-07-07 15:01:05.307 [tid=6736] MapViewOfFile mapping=00000958 result=16CB0000 err=0 access=0x00000004 offset=0:0 bytes=0
2026-07-07 15:01:05.309 [tid=6736] CreateFileMappingA input=00000980 result=00000984 err=0 name=(null) file=\\?\UNC\Mac\Home\Documents\mxd\BeiDou-Server\clien\Data\Morph\0074.img
2026-07-07 15:01:05.309 [tid=6736] MapViewOfFile mapping=00000984 result=16CD0000 err=0 access=0x00000004 offset=0:0 bytes=0
2026-07-07 15:01:05.313 [tid=6736] CreateFileMappingA input=00000954 result=00000958 err=0 name=(null) file=\\?\UNC\Mac\Home\Documents\mxd\BeiDou-Server\clien\Data\Morph\0089.img
2026-07-07 15:01:05.313 [tid=6736] MapViewOfFile mapping=00000958 result=126C0000 err=0 access=0x00000004 offset=0:0 bytes=0
2026-07-07 15:01:05.316 [tid=6736] CreateFileMappingA input=0000098C result=00000990 err=0 name=(null) file=\\?\UNC\Mac\Home\Documents\mxd\BeiDou-Server\clien\Data\Morph\0089.img
2026-07-07 15:01:05.316 [tid=6736] MapViewOfFile mapping=00000990 result=16C40000 err=0 access=0x00000004 offset=0:0 bytes=0
2026-07-07 15:01:05.319 [tid=6736] CreateFileMappingA input=00000954 result=00000958 err=0 name=(null) file=\\?\UNC\Mac\Home\Documents\mxd\BeiDou-Server\clien\Data\Morph\0076.img
2026-07-07 15:01:05.319 [tid=6736] MapViewOfFile mapping=00000958 result=126C0000 err=0 access=0x00000004 offset=0:0 bytes=0
2026-07-07 15:01:05.322 [tid=6736] CreateFileMappingA input=00000994 result=00000998 err=0 name=(null) file=\\?\UNC\Mac\Home\Documents\mxd\BeiDou-Server\clien\Data\Morph\0076.img
2026-07-07 15:01:05.323 [tid=6736] MapViewOfFile mapping=00000998 result=16CB0000 err=0 access=0x00000004 offset=0:0 bytes=0
2026-07-07 15:01:05.325 [tid=6736] CreateFileMappingA input=00000954 result=00000958 err=0 name=(null) file=\\?\UNC\Mac\Home\Documents\mxd\BeiDou-Server\clien\Data\Morph\0077.img
2026-07-07 15:01:05.326 [tid=6736] MapViewOfFile mapping=00000958 result=126C0000 err=0 access=0x00000004 offset=0:0 bytes=0
2026-07-07 15:01:05.328 [tid=6736] CreateFileMappingA input=00000988 result=0000099C err=0 name=(null) file=\\?\UNC\Mac\Home\Documents\mxd\BeiDou-Server\clien\Data\Morph\0077.img
2026-07-07 15:01:05.328 [tid=6736] MapViewOfFile mapping=0000099C result=16CC0000 err=0 access=0x00000004 offset=0:0 bytes=0
2026-07-07 15:01:05.331 [tid=6736] CreateFileMappingA input=00000954 result=00000958 err=0 name=(null) file=\\?\UNC\Mac\Home\Documents\mxd\BeiDou-Server\clien\Data\Morph\0088.img
2026-07-07 15:01:05.332 [tid=6736] MapViewOfFile mapping=00000958 result=126C0000 err=0 access=0x00000004 offset=0:0 bytes=0
2026-07-07 15:01:05.335 [tid=6736] CreateFileMappingA input=000009A0 result=000009A4 err=0 name=(null) file=\\?\UNC\Mac\Home\Documents\mxd\BeiDou-Server\clien\Data\Morph\0088.img
2026-07-07 15:01:05.335 [tid=6736] MapViewOfFile mapping=000009A4 result=16CF0000 err=0 access=0x00000004 offset=0:0 bytes=0
2026-07-07 15:01:05.338 [tid=6736] CreateFileMappingA input=00000954 result=00000958 err=0 name=(null) file=\\?\UNC\Mac\Home\Documents\mxd\BeiDou-Server\clien\Data\Morph\0098.img
2026-07-07 15:01:05.339 [tid=6736] MapViewOfFile mapping=00000958 result=16E10000 err=0 access=0x00000004 offset=0:0 bytes=0
2026-07-07 15:01:05.341 [tid=6736] CreateFileMappingA input=000009A8 result=000009AC err=0 name=(null) file=\\?\UNC\Mac\Home\Documents\mxd\BeiDou-Server\clien\Data\Morph\0098.img
2026-07-07 15:01:05.342 [tid=6736] MapViewOfFile mapping=000009AC result=16E30000 err=0 access=0x00000004 offset=0:0 bytes=0
2026-07-07 15:01:05.344 [tid=6736] CreateFileMappingA input=00000954 result=00000958 err=0 name=(null) file=\\?\UNC\Mac\Home\Documents\mxd\BeiDou-Server\clien\Data\Morph\0073.img
2026-07-07 15:01:05.345 [tid=6736] MapViewOfFile mapping=00000958 result=126C0000 err=0 access=0x00000004 offset=0:0 bytes=0
2026-07-07 15:01:05.347 [tid=6736] CreateFileMappingA input=000009B0 result=000009B4 err=0 name=(null) file=\\?\UNC\Mac\Home\Documents\mxd\BeiDou-Server\clien\Data\Morph\0073.img
2026-07-07 15:01:05.348 [tid=6736] MapViewOfFile mapping=000009B4 result=16D00000 err=0 access=0x00000004 offset=0:0 bytes=0
2026-07-07 15:01:05.350 [tid=6736] CreateFileMappingA input=00000954 result=00000958 err=0 name=(null) file=\\?\UNC\Mac\Home\Documents\mxd\BeiDou-Server\clien\Data\Morph\0072.img
2026-07-07 15:01:05.351 [tid=6736] MapViewOfFile mapping=00000958 result=126C0000 err=0 access=0x00000004 offset=0:0 bytes=0
2026-07-07 15:01:05.353 [tid=6736] CreateFileMappingA input=000009B8 result=000009BC err=0 name=(null) file=\\?\UNC\Mac\Home\Documents\mxd\BeiDou-Server\clien\Data\Morph\0072.img
2026-07-07 15:01:05.354 [tid=6736] MapViewOfFile mapping=000009BC result=16E10000 err=0 access=0x00000004 offset=0:0 bytes=0
2026-07-07 15:01:05.357 [tid=6736] CreateFileMappingA input=00000954 result=00000958 err=0 name=(null) file=\\?\UNC\Mac\Home\Documents\mxd\BeiDou-Server\clien\Data\Morph\0070.img
2026-07-07 15:01:05.358 [tid=6736] MapViewOfFile mapping=00000958 result=126C0000 err=0 access=0x00000004 offset=0:0 bytes=0
2026-07-07 15:01:05.360 [tid=6736] CreateFileMappingA input=000009C0 result=000009C4 err=0 name=(null) file=\\?\UNC\Mac\Home\Documents\mxd\BeiDou-Server\clien\Data\Morph\0070.img
2026-07-07 15:01:05.360 [tid=6736] MapViewOfFile mapping=000009C4 result=16E20000 err=0 access=0x00000004 offset=0:0 bytes=0
2026-07-07 15:01:05.363 [tid=6736] CreateFileMappingA input=00000954 result=00000958 err=0 name=(null) file=\\?\UNC\Mac\Home\Documents\mxd\BeiDou-Server\clien\Data\Morph\0071.img
2026-07-07 15:01:05.364 [tid=6736] MapViewOfFile mapping=00000958 result=126C0000 err=0 access=0x00000004 offset=0:0 bytes=0
2026-07-07 15:01:05.366 [tid=6736] CreateFileMappingA input=000009C8 result=000009CC err=0 name=(null) file=\\?\UNC\Mac\Home\Documents\mxd\BeiDou-Server\clien\Data\Morph\0071.img
2026-07-07 15:01:05.367 [tid=6736] MapViewOfFile mapping=000009CC result=16E50000 err=0 access=0x00000004 offset=0:0 bytes=0
2026-07-07 15:01:05.370 [tid=6736] CreateFileMappingA input=00000954 result=00000958 err=0 name=(null) file=\\?\UNC\Mac\Home\Documents\mxd\BeiDou-Server\clien\Data\TamingMob\0002.img
2026-07-07 15:01:05.370 [tid=6736] MapViewOfFile mapping=00000958 result=126C0000 err=0 access=0x00000004 offset=0:0 bytes=0
2026-07-07 15:01:05.372 [tid=6736] CreateFileMappingA input=000009D0 result=000009D4 err=0 name=(null) file=\\?\UNC\Mac\Home\Documents\mxd\BeiDou-Server\clien\Data\TamingMob\0002.img
2026-07-07 15:01:05.373 [tid=6736] MapViewOfFile mapping=000009D4 result=16E60000 err=0 access=0x00000004 offset=0:0 bytes=0
2026-07-07 15:01:05.376 [tid=6736] CreateFileMappingA input=00000954 result=00000958 err=0 name=(null) file=\\?\UNC\Mac\Home\Documents\mxd\BeiDou-Server\clien\Data\TamingMob\0003.img
2026-07-07 15:01:05.377 [tid=6736] MapViewOfFile mapping=00000958 result=126C0000 err=0 access=0x00000004 offset=0:0 bytes=0
2026-07-07 15:01:05.379 [tid=6736] CreateFileMappingA input=000009D4 result=000009D8 err=0 name=(null) file=\\?\UNC\Mac\Home\Documents\mxd\BeiDou-Server\clien\Data\TamingMob\0003.img
2026-07-07 15:01:05.380 [tid=6736] MapViewOfFile mapping=000009D8 result=16E60000 err=0 access=0x00000004 offset=0:0 bytes=0
2026-07-07 15:01:05.382 [tid=6736] CreateFileMappingA input=00000954 result=00000958 err=0 name=(null) file=\\?\UNC\Mac\Home\Documents\mxd\BeiDou-Server\clien\Data\TamingMob\0001.img
2026-07-07 15:01:05.383 [tid=6736] MapViewOfFile mapping=00000958 result=126C0000 err=0 access=0x00000004 offset=0:0 bytes=0
2026-07-07 15:01:05.385 [tid=6736] CreateFileMappingA input=000009D4 result=000009D8 err=0 name=(null) file=\\?\UNC\Mac\Home\Documents\mxd\BeiDou-Server\clien\Data\TamingMob\0001.img
2026-07-07 15:01:05.386 [tid=6736] MapViewOfFile mapping=000009D8 result=16E60000 err=0 access=0x00000004 offset=0:0 bytes=0
2026-07-07 15:01:05.388 [tid=6736] CreateFileMappingA input=00000954 result=00000958 err=0 name=(null) file=\\?\UNC\Mac\Home\Documents\mxd\BeiDou-Server\clien\Data\TamingMob\0004.img
2026-07-07 15:01:05.389 [tid=6736] MapViewOfFile mapping=00000958 result=126C0000 err=0 access=0x00000004 offset=0:0 bytes=0
2026-07-07 15:01:05.391 [tid=6736] CreateFileMappingA input=000009D4 result=000009D8 err=0 name=(null) file=\\?\UNC\Mac\Home\Documents\mxd\BeiDou-Server\clien\Data\TamingMob\0004.img
2026-07-07 15:01:05.392 [tid=6736] MapViewOfFile mapping=000009D8 result=16E60000 err=0 access=0x00000004 offset=0:0 bytes=0
2026-07-07 15:01:05.394 [tid=6736] CreateFileMappingA input=00000954 result=00000958 err=0 name=(null) file=\\?\UNC\Mac\Home\Documents\mxd\BeiDou-Server\clien\Data\TamingMob\0005.img
2026-07-07 15:01:05.395 [tid=6736] MapViewOfFile mapping=00000958 result=126C0000 err=0 access=0x00000004 offset=0:0 bytes=0
2026-07-07 15:01:05.397 [tid=6736] CreateFileMappingA input=000009D4 result=000009D8 err=0 name=(null) file=\\?\UNC\Mac\Home\Documents\mxd\BeiDou-Server\clien\Data\TamingMob\0005.img
2026-07-07 15:01:05.398 [tid=6736] MapViewOfFile mapping=000009D8 result=16E60000 err=0 access=0x00000004 offset=0:0 bytes=0
2026-07-07 15:01:05.400 [tid=6736] CreateFileMappingA input=00000954 result=00000958 err=0 name=(null) file=\\?\UNC\Mac\Home\Documents\mxd\BeiDou-Server\clien\Data\TamingMob\0007.img
2026-07-07 15:01:05.401 [tid=6736] MapViewOfFile mapping=00000958 result=126C0000 err=0 access=0x00000004 offset=0:0 bytes=0
2026-07-07 15:01:05.402 [tid=6736] CreateFileMappingA input=000009D4 result=000009D8 err=0 name=(null) file=\\?\UNC\Mac\Home\Documents\mxd\BeiDou-Server\clien\Data\TamingMob\0007.img
2026-07-07 15:01:05.403 [tid=6736] MapViewOfFile mapping=000009D8 result=16E60000 err=0 access=0x00000004 offset=0:0 bytes=0
2026-07-07 15:01:05.405 [tid=6736] CreateFileMappingA input=00000954 result=00000958 err=0 name=(null) file=\\?\UNC\Mac\Home\Documents\mxd\BeiDou-Server\clien\Data\TamingMob\0006.img
2026-07-07 15:01:05.407 [tid=6736] MapViewOfFile mapping=00000958 result=126C0000 err=0 access=0x00000004 offset=0:0 bytes=0
2026-07-07 15:01:05.408 [tid=6736] CreateFileMappingA input=000009D4 result=000009D8 err=0 name=(null) file=\\?\UNC\Mac\Home\Documents\mxd\BeiDou-Server\clien\Data\TamingMob\0006.img
2026-07-07 15:01:05.409 [tid=6736] MapViewOfFile mapping=000009D8 result=16E60000 err=0 access=0x00000004 offset=0:0 bytes=0
2026-07-07 15:01:05.411 [tid=6736] CreateFileMappingA input=00000954 result=00000958 err=0 name=(null) file=\\?\UNC\Mac\Home\Documents\mxd\BeiDou-Server\clien\Data\String\PetDialog.img
2026-07-07 15:01:05.413 [tid=6736] MapViewOfFile mapping=00000958 result=16E60000 err=0 access=0x00000004 offset=0:0 bytes=0
2026-07-07 15:01:05.424 [tid=6736] CreateFileMappingA input=000009D8 result=000009DC err=0 name=(null) file=\\?\UNC\Mac\Home\Documents\mxd\BeiDou-Server\clien\Data\Item\Pet\5000003.img
2026-07-07 15:01:05.425 [tid=6736] MapViewOfFile mapping=000009DC result=126C0000 err=0 access=0x00000004 offset=0:0 bytes=0
2026-07-07 15:01:05.427 [tid=6736] CreateFileMappingA input=000009E0 result=000009E4 err=0 name=(null) file=\\?\UNC\Mac\Home\Documents\mxd\BeiDou-Server\clien\Data\Item\Pet\5000003.img
2026-07-07 15:01:05.428 [tid=6736] MapViewOfFile mapping=000009E4 result=17040000 err=0 access=0x00000004 offset=0:0 bytes=0
2026-07-07 15:01:05.466 [tid=6736] CreateFileMappingA input=000009D4 result=000009E8 err=0 name=(null) file=\\?\UNC\Mac\Home\Documents\mxd\BeiDou-Server\clien\Data\Item\Pet\5000017.img
2026-07-07 15:01:05.466 [tid=6736] MapViewOfFile mapping=000009E8 result=17050000 err=0 access=0x00000004 offset=0:0 bytes=0
2026-07-07 15:01:05.469 [tid=6736] CreateFileMappingA input=000009EC result=000009F0 err=0 name=(null) file=\\?\UNC\Mac\Home\Documents\mxd\BeiDou-Server\clien\Data\Item\Pet\5000017.img
2026-07-07 15:01:05.470 [tid=6736] MapViewOfFile mapping=000009F0 result=17080000 err=0 access=0x00000004 offset=0:0 bytes=0
2026-07-07 15:01:05.509 [tid=6736] CreateFileMappingA input=000009D0 result=000009F4 err=0 name=(null) file=\\?\UNC\Mac\Home\Documents\mxd\BeiDou-Server\clien\Data\Item\Pet\5000229.img
2026-07-07 15:01:05.512 [tid=6736] MapViewOfFile mapping=000009F4 result=170B0000 err=0 access=0x00000004 offset=0:0 bytes=0
2026-07-07 15:01:05.516 [tid=6736] CreateFileMappingA input=000009F8 result=000009FC err=0 name=(null) file=\\?\UNC\Mac\Home\Documents\mxd\BeiDou-Server\clien\Data\Item\Pet\5000229.img
2026-07-07 15:01:05.517 [tid=6736] MapViewOfFile mapping=000009FC result=17120000 err=0 access=0x00000004 offset=0:0 bytes=0
2026-07-07 15:01:05.561 [tid=6736] CreateFileMappingA input=00000A00 result=00000A04 err=0 name=(null) file=\\?\UNC\Mac\Home\Documents\mxd\BeiDou-Server\clien\Data\Item\Pet\5000201.img
2026-07-07 15:01:05.562 [tid=6736] MapViewOfFile mapping=00000A04 result=170B0000 err=0 access=0x00000004 offset=0:0 bytes=0
2026-07-07 15:01:05.564 [tid=6736] CreateFileMappingA input=00000918 result=00000A08 err=0 name=(null) file=\\?\UNC\Mac\Home\Documents\mxd\BeiDou-Server\clien\Data\Item\Pet\5000201.img
2026-07-07 15:01:05.565 [tid=6736] MapViewOfFile mapping=00000A08 result=17190000 err=0 access=0x00000004 offset=0:0 bytes=0
2026-07-07 15:01:05.608 [tid=6736] CreateFileMappingA input=00000A0C result=00000A10 err=0 name=(null) file=\\?\UNC\Mac\Home\Documents\mxd\BeiDou-Server\clien\Data\Item\Pet\5000215.img
2026-07-07 15:01:05.608 [tid=6736] MapViewOfFile mapping=00000A10 result=17050000 err=0 access=0x00000004 offset=0:0 bytes=0
2026-07-07 15:01:05.610 [tid=6736] CreateFileMappingA input=00000A14 result=00000A18 err=0 name=(null) file=\\?\UNC\Mac\Home\Documents\mxd\BeiDou-Server\clien\Data\Item\Pet\5000215.img
2026-07-07 15:01:05.611 [tid=6736] MapViewOfFile mapping=00000A18 result=170B0000 err=0 access=0x00000004 offset=0:0 bytes=0
2026-07-07 15:01:05.649 [tid=6736] CreateFileMappingA input=00000A20 result=00000A24 err=0 name=(null) file=\\?\UNC\Mac\Home\Documents\mxd\BeiDou-Server\clien\Data\Item\Pet\5000375.img
2026-07-07 15:01:05.650 [tid=6736] MapViewOfFile mapping=00000A24 result=126C0000 err=0 access=0x00000004 offset=0:0 bytes=0
2026-07-07 15:01:05.653 [tid=6736] CreateFileMappingA input=00000A2C result=00000A30 err=0 name=(null) file=\\?\UNC\Mac\Home\Documents\mxd\BeiDou-Server\clien\Data\Item\Pet\5000375.img
2026-07-07 15:01:05.654 [tid=6736] MapViewOfFile mapping=00000A30 result=17050000 err=0 access=0x00000004 offset=0:0 bytes=0
2026-07-07 15:01:05.776 [tid=6736] CreateFileMappingA input=00000A28 result=00000A1C err=0 name=(null) file=\\?\UNC\Mac\Home\Documents\mxd\BeiDou-Server\clien\Data\Item\Pet\5000413.img
2026-07-07 15:01:05.777 [tid=6736] MapViewOfFile mapping=00000A1C result=17060000 err=0 access=0x00000004 offset=0:0 bytes=0
2026-07-07 15:01:05.780 [tid=6736] CreateFileMappingA input=00000A20 result=00000A00 err=0 name=(null) file=\\?\UNC\Mac\Home\Documents\mxd\BeiDou-Server\clien\Data\Item\Pet\5000413.img
2026-07-07 15:01:05.780 [tid=6736] MapViewOfFile mapping=00000A00 result=170D0000 err=0 access=0x00000004 offset=0:0 bytes=0
2026-07-07 15:01:05.816 [tid=6736] CreateFileMappingA input=00000A34 result=00000A38 err=0 name=(null) file=\\?\UNC\Mac\Home\Documents\mxd\BeiDou-Server\clien\Data\Item\Pet\5000407.img
2026-07-07 15:01:05.817 [tid=6736] MapViewOfFile mapping=00000A38 result=126C0000 err=0 access=0x00000004 offset=0:0 bytes=0
2026-07-07 15:01:05.819 [tid=6736] CreateFileMappingA input=00000A3C result=00000A40 err=0 name=(null) file=\\?\UNC\Mac\Home\Documents\mxd\BeiDou-Server\clien\Data\Item\Pet\5000407.img
2026-07-07 15:01:05.820 [tid=6736] MapViewOfFile mapping=00000A40 result=17060000 err=0 access=0x00000004 offset=0:0 bytes=0
2026-07-07 15:01:05.859 [tid=6736] CreateFileMappingA input=00000A44 result=00000A48 err=0 name=(null) file=\\?\UNC\Mac\Home\Documents\mxd\BeiDou-Server\clien\Data\Item\Pet\5000176.img
2026-07-07 15:01:05.861 [tid=6736] MapViewOfFile mapping=00000A48 result=170F0000 err=0 access=0x00000004 offset=0:0 bytes=0
2026-07-07 15:01:05.864 [tid=6736] CreateFileMappingA input=00000A4C result=00000A50 err=0 name=(null) file=\\?\UNC\Mac\Home\Documents\mxd\BeiDou-Server\clien\Data\Item\Pet\5000176.img
2026-07-07 15:01:05.864 [tid=6736] MapViewOfFile mapping=00000A50 result=171D0000 err=0 access=0x00000004 offset=0:0 bytes=0
2026-07-07 15:01:05.901 [tid=6736] CreateFileMappingA input=00000A54 result=00000A58 err=0 name=(null) file=\\?\UNC\Mac\Home\Documents\mxd\BeiDou-Server\clien\Data\Item\Pet\5000406.img
2026-07-07 15:01:05.902 [tid=6736] MapViewOfFile mapping=00000A58 result=126C0000 err=0 access=0x00000004 offset=0:0 bytes=0
2026-07-07 15:01:05.904 [tid=6736] CreateFileMappingA input=00000A5C result=00000A60 err=0 name=(null) file=\\?\UNC\Mac\Home\Documents\mxd\BeiDou-Server\clien\Data\Item\Pet\5000406.img
2026-07-07 15:01:05.905 [tid=6736] MapViewOfFile mapping=00000A60 result=17070000 err=0 access=0x00000004 offset=0:0 bytes=0
2026-07-07 15:01:05.945 [tid=6736] CreateFileMappingA input=00000A64 result=00000A68 err=0 name=(null) file=\\?\UNC\Mac\Home\Documents\mxd\BeiDou-Server\clien\Data\Item\Pet\5000412.img
2026-07-07 15:01:05.946 [tid=6736] MapViewOfFile mapping=00000A68 result=170F0000 err=0 access=0x00000004 offset=0:0 bytes=0
2026-07-07 15:01:05.948 [tid=6736] CreateFileMappingA input=00000A6C result=00000A70 err=0 name=(null) file=\\?\UNC\Mac\Home\Documents\mxd\BeiDou-Server\clien\Data\Item\Pet\5000412.img
2026-07-07 15:01:05.949 [tid=6736] MapViewOfFile mapping=00000A70 result=171F0000 err=0 access=0x00000004 offset=0:0 bytes=0
2026-07-07 15:01:05.980 [tid=6736] CreateFileMappingA input=00000A74 result=00000A78 err=0 name=(null) file=\\?\UNC\Mac\Home\Documents\mxd\BeiDou-Server\clien\Data\Item\Pet\5000214.img
2026-07-07 15:01:05.981 [tid=6736] MapViewOfFile mapping=00000A78 result=17210000 err=0 access=0x00000004 offset=0:0 bytes=0
2026-07-07 15:01:05.984 [tid=6736] CreateFileMappingA input=00000A44 result=00000A7C err=0 name=(null) file=\\?\UNC\Mac\Home\Documents\mxd\BeiDou-Server\clien\Data\Item\Pet\5000214.img
2026-07-07 15:01:05.985 [tid=6736] MapViewOfFile mapping=00000A7C result=17280000 err=0 access=0x00000004 offset=0:0 bytes=0
2026-07-07 15:01:06.029 [tid=6736] CreateFileMappingA input=00000A80 result=00000A84 err=0 name=(null) file=\\?\UNC\Mac\Home\Documents\mxd\BeiDou-Server\clien\Data\Item\Pet\5000228.img
2026-07-07 15:01:06.030 [tid=6736] MapViewOfFile mapping=00000A84 result=17210000 err=0 access=0x00000004 offset=0:0 bytes=0
2026-07-07 15:01:06.032 [tid=6736] CreateFileMappingA input=00000A8C result=00000A90 err=0 name=(null) file=\\?\UNC\Mac\Home\Documents\mxd\BeiDou-Server\clien\Data\Item\Pet\5000228.img
2026-07-07 15:01:06.032 [tid=6736] MapViewOfFile mapping=00000A90 result=172F0000 err=0 access=0x00000004 offset=0:0 bytes=0
2026-07-07 15:01:06.079 [tid=6736] CreateFileMappingA input=00000A94 result=00000A98 err=0 name=(null) file=\\?\UNC\Mac\Home\Documents\mxd\BeiDou-Server\clien\Data\Item\Pet\5000016.img
2026-07-07 15:01:06.080 [tid=6736] MapViewOfFile mapping=00000A98 result=17210000 err=0 access=0x00000004 offset=0:0 bytes=0
2026-07-07 15:01:06.083 [tid=6736] CreateFileMappingA input=00000A9C result=00000AA0 err=0 name=(null) file=\\?\UNC\Mac\Home\Documents\mxd\BeiDou-Server\clien\Data\Item\Pet\5000016.img
2026-07-07 15:01:06.084 [tid=6736] MapViewOfFile mapping=00000AA0 result=17350000 err=0 access=0x00000004 offset=0:0 bytes=0
2026-07-07 15:01:06.176 [tid=6736] CreateFileMappingA input=00000A94 result=00000A98 err=0 name=(null) file=\\?\UNC\Mac\Home\Documents\mxd\BeiDou-Server\clien\Data\Item\Pet\5000002.img
2026-07-07 15:01:06.177 [tid=6736] MapViewOfFile mapping=00000A98 result=126C0000 err=0 access=0x00000004 offset=0:0 bytes=0
2026-07-07 15:01:06.180 [tid=6736] CreateFileMappingA input=00000AA4 result=00000AA8 err=0 name=(null) file=\\?\UNC\Mac\Home\Documents\mxd\BeiDou-Server\clien\Data\Item\Pet\5000002.img
2026-07-07 15:01:06.181 [tid=6736] MapViewOfFile mapping=00000AA8 result=170F0000 err=0 access=0x00000004 offset=0:0 bytes=0
2026-07-07 15:01:06.225 [tid=6736] CreateFileMappingA input=00000AAC result=00000AB0 err=0 name=(null) file=\\?\UNC\Mac\Home\Documents\mxd\BeiDou-Server\clien\Data\Item\Pet\5000028.img
2026-07-07 15:01:06.226 [tid=6736] MapViewOfFile mapping=00000AB0 result=17100000 err=0 access=0x00000004 offset=0:0 bytes=0
2026-07-07 15:01:06.229 [tid=6736] CreateFileMappingA input=00000AB4 result=00000AB8 err=0 name=(null) file=\\?\UNC\Mac\Home\Documents\mxd\BeiDou-Server\clien\Data\Item\Pet\5000028.img
2026-07-07 15:01:06.230 [tid=6736] MapViewOfFile mapping=00000AB8 result=17210000 err=0 access=0x00000004 offset=0:0 bytes=0
2026-07-07 15:01:06.235 [tid=6736] CreateFileMappingA input=00000A88 result=00000ABC err=0 name=(null) file=\\?\UNC\Mac\Home\Documents\mxd\BeiDou-Server\clien\Data\Item\Pet\5000014.img
2026-07-07 15:01:06.236 [tid=6736] MapViewOfFile mapping=00000ABC result=17100000 err=0 access=0x00000004 offset=0:0 bytes=0
2026-07-07 15:01:06.239 [tid=6736] CreateFileMappingA input=00000AC0 result=00000AC4 err=0 name=(null) file=\\?\UNC\Mac\Home\Documents\mxd\BeiDou-Server\clien\Data\Item\Pet\5000014.img
2026-07-07 15:01:06.240 [tid=6736] MapViewOfFile mapping=00000AC4 result=17230000 err=0 access=0x00000004 offset=0:0 bytes=0
2026-07-07 15:01:06.299 [tid=6736] CreateFileMappingA input=00000AC8 result=00000ACC err=0 name=(null) file=\\?\UNC\Mac\Home\Documents\mxd\BeiDou-Server\clien\Data\Item\Pet\5000000.img
2026-07-07 15:01:06.300 [tid=6736] MapViewOfFile mapping=00000ACC result=126C0000 err=0 access=0x00000004 offset=0:0 bytes=0
2026-07-07 15:01:06.302 [tid=6736] CreateFileMappingA input=00000AD0 result=00000AD4 err=0 name=(null) file=\\?\UNC\Mac\Home\Documents\mxd\BeiDou-Server\clien\Data\Item\Pet\5000000.img
2026-07-07 15:01:06.303 [tid=6736] MapViewOfFile mapping=00000AD4 result=17100000 err=0 access=0x00000004 offset=0:0 bytes=0
2026-07-07 15:01:06.365 [tid=6736] CreateFileMappingA input=00000AD8 result=00000ADC err=0 name=(null) file=\\?\UNC\Mac\Home\Documents\mxd\BeiDou-Server\clien\Data\Item\Pet\5000216.img
2026-07-07 15:01:06.366 [tid=6736] MapViewOfFile mapping=00000ADC result=17250000 err=0 access=0x00000004 offset=0:0 bytes=0
2026-07-07 15:01:06.368 [tid=6736] CreateFileMappingA input=00000AE0 result=00000AE4 err=0 name=(null) file=\\?\UNC\Mac\Home\Documents\mxd\BeiDou-Server\clien\Data\Item\Pet\5000216.img
2026-07-07 15:01:06.369 [tid=6736] MapViewOfFile mapping=00000AE4 result=173B0000 err=0 access=0x00000004 offset=0:0 bytes=0
2026-07-07 15:01:06.438 [tid=6736] CreateFileMappingA input=00000AE8 result=00000AEC err=0 name=(null) file=\\?\UNC\Mac\Home\Documents\mxd\BeiDou-Server\clien\Data\Item\Pet\5000202.img
2026-07-07 15:01:06.439 [tid=6736] MapViewOfFile mapping=00000AEC result=17250000 err=0 access=0x00000004 offset=0:0 bytes=0
2026-07-07 15:01:06.442 [tid=6736] CreateFileMappingA input=00000AF0 result=00000AF4 err=0 name=(null) file=\\?\UNC\Mac\Home\Documents\mxd\BeiDou-Server\clien\Data\Item\Pet\5000202.img
2026-07-07 15:01:06.443 [tid=6736] MapViewOfFile mapping=00000AF4 result=173D0000 err=0 access=0x00000004 offset=0:0 bytes=0
2026-07-07 15:01:06.502 [tid=6736] CreateFileMappingA input=00000AF8 result=00000AFC err=0 name=(null) file=\\?\UNC\Mac\Home\Documents\mxd\BeiDou-Server\clien\Data\Item\Pet\5000362.img
2026-07-07 15:01:06.503 [tid=6736] MapViewOfFile mapping=00000AFC result=17250000 err=0 access=0x00000004 offset=0:0 bytes=0
2026-07-07 15:01:06.507 [tid=6736] CreateFileMappingA input=00000B00 result=00000B04 err=0 name=(null) file=\\?\UNC\Mac\Home\Documents\mxd\BeiDou-Server\clien\Data\Item\Pet\5000362.img
2026-07-07 15:01:06.508 [tid=6736] MapViewOfFile mapping=00000B04 result=173F0000 err=0 access=0x00000004 offset=0:0 bytes=0
2026-07-07 15:01:06.556 [tid=6736] CreateFileMappingA input=00000B08 result=00000B0C err=0 name=(null) file=\\?\UNC\Mac\Home\Documents\mxd\BeiDou-Server\clien\Data\Item\Pet\5000404.img
2026-07-07 15:01:06.557 [tid=6736] MapViewOfFile mapping=00000B0C result=126C0000 err=0 access=0x00000004 offset=0:0 bytes=0
2026-07-07 15:01:06.560 [tid=6736] CreateFileMappingA input=00000B10 result=00000B14 err=0 name=(null) file=\\?\UNC\Mac\Home\Documents\mxd\BeiDou-Server\clien\Data\Item\Pet\5000404.img
2026-07-07 15:01:06.561 [tid=6736] MapViewOfFile mapping=00000B14 result=17110000 err=0 access=0x00000004 offset=0:0 bytes=0
2026-07-07 15:01:06.607 [tid=6736] CreateFileMappingA input=00000B18 result=00000B1C err=0 name=(null) file=\\?\UNC\Mac\Home\Documents\mxd\BeiDou-Server\clien\Data\Item\Pet\5000410.img
2026-07-07 15:01:06.608 [tid=6736] MapViewOfFile mapping=00000B1C result=17410000 err=0 access=0x00000004 offset=0:0 bytes=0
2026-07-07 15:01:06.610 [tid=6736] CreateFileMappingA input=00000B20 result=00000B24 err=0 name=(null) file=\\?\UNC\Mac\Home\Documents\mxd\BeiDou-Server\clien\Data\Item\Pet\5000410.img
2026-07-07 15:01:06.611 [tid=6736] MapViewOfFile mapping=00000B24 result=17450000 err=0 access=0x00000004 offset=0:0 bytes=0
2026-07-07 15:01:06.658 [tid=6736] CreateFileMappingA input=00000B28 result=00000B2C err=0 name=(null) file=\\?\UNC\Mac\Home\Documents\mxd\BeiDou-Server\clien\Data\Item\Pet\5000376.img
2026-07-07 15:01:06.660 [tid=6736] MapViewOfFile mapping=00000B2C result=126C0000 err=0 access=0x00000004 offset=0:0 bytes=0
2026-07-07 15:01:06.663 [tid=6736] CreateFileMappingA input=00000B30 result=00000B34 err=0 name=(null) file=\\?\UNC\Mac\Home\Documents\mxd\BeiDou-Server\clien\Data\Item\Pet\5000376.img
2026-07-07 15:01:06.664 [tid=6736] MapViewOfFile mapping=00000B34 result=17250000 err=0 access=0x00000004 offset=0:0 bytes=0
2026-07-07 15:01:06.706 [tid=6736] CreateFileMappingA input=00000B38 result=00000B3C err=0 name=(null) file=\\?\UNC\Mac\Home\Documents\mxd\BeiDou-Server\clien\Data\Item\Pet\5000389.img
2026-07-07 15:01:06.707 [tid=6736] MapViewOfFile mapping=00000B3C result=17260000 err=0 access=0x00000004 offset=0:0 bytes=0
2026-07-07 15:01:06.709 [tid=6736] CreateFileMappingA input=00000B40 result=00000B44 err=0 name=(null) file=\\?\UNC\Mac\Home\Documents\mxd\BeiDou-Server\clien\Data\Item\Pet\5000389.img
2026-07-07 15:01:06.710 [tid=6736] MapViewOfFile mapping=00000B44 result=17410000 err=0 access=0x00000004 offset=0:0 bytes=0
2026-07-07 15:01:06.740 [tid=6736] CreateFileMappingA input=00000B48 result=00000B4C err=0 name=(null) file=\\?\UNC\Mac\Home\Documents\mxd\BeiDou-Server\clien\Data\Item\Pet\5000606.img
2026-07-07 15:01:06.742 [tid=6736] MapViewOfFile mapping=00000B4C result=17490000 err=0 access=0x00000004 offset=0:0 bytes=0
2026-07-07 15:01:06.744 [tid=6736] CreateFileMappingA input=00000B50 result=00000B54 err=0 name=(null) file=\\?\UNC\Mac\Home\Documents\mxd\BeiDou-Server\clien\Data\Item\Pet\5000606.img
2026-07-07 15:01:06.745 [tid=6736] MapViewOfFile mapping=00000B54 result=174D0000 err=0 access=0x00000004 offset=0:0 bytes=0
2026-07-07 15:01:06.779 [tid=6736] CreateFileMappingA input=00000B58 result=00000B5C err=0 name=(null) file=\\?\UNC\Mac\Home\Documents\mxd\BeiDou-Server\clien\Data\Item\Pet\5000388.img
2026-07-07 15:01:06.780 [tid=6736] MapViewOfFile mapping=00000B5C result=17260000 err=0 access=0x00000004 offset=0:0 bytes=0
2026-07-07 15:01:06.782 [tid=6736] CreateFileMappingA input=00000B60 result=00000B64 err=0 name=(null) file=\\?\UNC\Mac\Home\Documents\mxd\BeiDou-Server\clien\Data\Item\Pet\5000388.img
2026-07-07 15:01:06.783 [tid=6736] MapViewOfFile mapping=00000B64 result=17430000 err=0 access=0x00000004 offset=0:0 bytes=0
2026-07-07 15:01:06.815 [tid=6736] CreateFileMappingA input=00000B68 result=00000B6C err=0 name=(null) file=\\?\UNC\Mac\Home\Documents\mxd\BeiDou-Server\clien\Data\Item\Pet\5000411.img
2026-07-07 15:01:06.816 [tid=6736] MapViewOfFile mapping=00000B6C result=17260000 err=0 access=0x00000004 offset=0:0 bytes=0
2026-07-07 15:01:06.818 [tid=6736] CreateFileMappingA input=00000B70 result=00000B74 err=0 name=(null) file=\\?\UNC\Mac\Home\Documents\mxd\BeiDou-Server\clien\Data\Item\Pet\5000411.img
2026-07-07 15:01:06.820 [tid=6736] MapViewOfFile mapping=00000B74 result=17490000 err=0 access=0x00000004 offset=0:0 bytes=0
2026-07-07 15:01:06.874 [tid=6736] CreateFileMappingA input=00000B78 result=00000B7C err=0 name=(null) file=\\?\UNC\Mac\Home\Documents\mxd\BeiDou-Server\clien\Data\Item\Pet\5000377.img
2026-07-07 15:01:06.876 [tid=6736] MapViewOfFile mapping=00000B7C result=126C0000 err=0 access=0x00000004 offset=0:0 bytes=0
2026-07-07 15:01:06.879 [tid=6736] CreateFileMappingA input=00000B80 result=00000B84 err=0 name=(null) file=\\?\UNC\Mac\Home\Documents\mxd\BeiDou-Server\clien\Data\Item\Pet\5000377.img
2026-07-07 15:01:06.880 [tid=6736] MapViewOfFile mapping=00000B84 result=17260000 err=0 access=0x00000004 offset=0:0 bytes=0
2026-07-07 15:01:06.920 [tid=6736] CreateFileMappingA input=00000B88 result=00000B8C err=0 name=(null) file=\\?\UNC\Mac\Home\Documents\mxd\BeiDou-Server\clien\Data\Item\Pet\5000363.img
2026-07-07 15:01:06.921 [tid=6736] MapViewOfFile mapping=00000B8C result=126C0000 err=0 access=0x00000004 offset=0:0 bytes=0
2026-07-07 15:01:06.924 [tid=6736] CreateFileMappingA input=00000B90 result=00000B94 err=0 name=(null) file=\\?\UNC\Mac\Home\Documents\mxd\BeiDou-Server\clien\Data\Item\Pet\5000363.img
2026-07-07 15:01:06.925 [tid=6736] MapViewOfFile mapping=00000B94 result=17270000 err=0 access=0x00000004 offset=0:0 bytes=0
2026-07-07 15:01:06.968 [tid=6736] CreateFileMappingA input=00000B98 result=00000B9C err=0 name=(null) file=\\?\UNC\Mac\Home\Documents\mxd\BeiDou-Server\clien\Data\Item\Pet\5000405.img
2026-07-07 15:01:06.968 [tid=6736] MapViewOfFile mapping=00000B9C result=126C0000 err=0 access=0x00000004 offset=0:0 bytes=0
2026-07-07 15:01:06.971 [tid=6736] CreateFileMappingA input=00000B8C result=00000B88 err=0 name=(null) file=\\?\UNC\Mac\Home\Documents\mxd\BeiDou-Server\clien\Data\Item\Pet\5000405.img
2026-07-07 15:01:06.971 [tid=6736] MapViewOfFile mapping=00000B88 result=174B0000 err=0 access=0x00000004 offset=0:0 bytes=0
2026-07-07 15:01:07.012 [tid=6736] CreateFileMappingA input=00000BA0 result=00000BA4 err=0 name=(null) file=\\?\UNC\Mac\Home\Documents\mxd\BeiDou-Server\clien\Data\Item\Pet\5000203.img
2026-07-07 15:01:07.012 [tid=6736] MapViewOfFile mapping=00000BA4 result=17510000 err=0 access=0x00000004 offset=0:0 bytes=0
2026-07-07 15:01:07.015 [tid=6736] CreateFileMappingA input=00000BA8 result=00000BAC err=0 name=(null) file=\\?\UNC\Mac\Home\Documents\mxd\BeiDou-Server\clien\Data\Item\Pet\5000203.img
2026-07-07 15:01:07.016 [tid=6736] MapViewOfFile mapping=00000BAC result=17530000 err=0 access=0x00000004 offset=0:0 bytes=0
2026-07-07 15:01:07.060 [tid=6736] CreateFileMappingA input=00000BB0 result=00000BB4 err=0 name=(null) file=\\?\UNC\Mac\Home\Documents\mxd\BeiDou-Server\clien\Data\Item\Pet\5000217.img
2026-07-07 15:01:07.062 [tid=6736] MapViewOfFile mapping=00000BB4 result=17510000 err=0 access=0x00000004 offset=0:0 bytes=0
2026-07-07 15:01:07.065 [tid=6736] CreateFileMappingA input=00000BBC result=00000BC0 err=0 name=(null) file=\\?\UNC\Mac\Home\Documents\mxd\BeiDou-Server\clien\Data\Item\Pet\5000217.img
2026-07-07 15:01:07.066 [tid=6736] MapViewOfFile mapping=00000BC0 result=17550000 err=0 access=0x00000004 offset=0:0 bytes=0
2026-07-07 15:01:07.134 [tid=6736] CreateFileMappingA input=00000BC4 result=00000BC8 err=0 name=(null) file=\\?\UNC\Mac\Home\Documents\mxd\BeiDou-Server\clien\Data\Item\Pet\5000001.img
2026-07-07 15:01:07.135 [tid=6736] MapViewOfFile mapping=00000BC8 result=126C0000 err=0 access=0x00000004 offset=0:0 bytes=0
2026-07-07 15:01:07.138 [tid=6736] CreateFileMappingA input=00000BCC result=00000BD0 err=0 name=(null) file=\\?\UNC\Mac\Home\Documents\mxd\BeiDou-Server\clien\Data\Item\Pet\5000001.img
2026-07-07 15:01:07.139 [tid=6736] MapViewOfFile mapping=00000BD0 result=174C0000 err=0 access=0x00000004 offset=0:0 bytes=0
2026-07-07 15:01:07.211 [tid=6736] CreateFileMappingA input=00000BD4 result=00000BD8 err=0 name=(null) file=\\?\UNC\Mac\Home\Documents\mxd\BeiDou-Server\clien\Data\Item\Pet\5000015.img
2026-07-07 15:01:07.213 [tid=6736] MapViewOfFile mapping=00000BD8 result=17510000 err=0 access=0x00000004 offset=0:0 bytes=0
2026-07-07 15:01:07.215 [tid=6736] CreateFileMappingA input=00000BDC result=00000BE0 err=0 name=(null) file=\\?\UNC\Mac\Home\Documents\mxd\BeiDou-Server\clien\Data\Item\Pet\5000015.img
2026-07-07 15:01:07.216 [tid=6736] MapViewOfFile mapping=00000BE0 result=17570000 err=0 access=0x00000004 offset=0:0 bytes=0
2026-07-07 15:01:07.293 [tid=6736] CreateFileMappingA input=00000BEC result=00000BF0 err=0 name=(null) file=\\?\UNC\Mac\Home\Documents\mxd\BeiDou-Server\clien\Data\Item\Pet\5000029.img
2026-07-07 15:01:07.294 [tid=6736] MapViewOfFile mapping=00000BF0 result=17510000 err=0 access=0x00000004 offset=0:0 bytes=0
2026-07-07 15:01:07.298 [tid=6736] CreateFileMappingA input=00000BD4 result=00000BD8 err=0 name=(null) file=\\?\UNC\Mac\Home\Documents\mxd\BeiDou-Server\clien\Data\Item\Pet\5000029.img
2026-07-07 15:01:07.299 [tid=6736] MapViewOfFile mapping=00000BD8 result=17590000 err=0 access=0x00000004 offset=0:0 bytes=0
2026-07-07 15:01:07.394 [tid=6736] CreateFileMappingA input=00000BB0 result=00000BF4 err=0 name=(null) file=\\?\UNC\Mac\Home\Documents\mxd\BeiDou-Server\clien\Data\Item\Pet\5000011.img
2026-07-07 15:01:07.395 [tid=6736] MapViewOfFile mapping=00000BF4 result=126C0000 err=0 access=0x00000004 offset=0:0 bytes=0
2026-07-07 15:01:07.397 [tid=6736] CreateFileMappingA input=00000BF8 result=00000BFC err=0 name=(null) file=\\?\UNC\Mac\Home\Documents\mxd\BeiDou-Server\clien\Data\Item\Pet\5000011.img
2026-07-07 15:01:07.397 [tid=6736] MapViewOfFile mapping=00000BFC result=17510000 err=0 access=0x00000004 offset=0:0 bytes=0
2026-07-07 15:01:07.460 [tid=6736] CreateFileMappingA input=00000BEC result=00000BF0 err=0 name=(null) file=\\?\UNC\Mac\Home\Documents\mxd\BeiDou-Server\clien\Data\Item\Pet\5000005.img
2026-07-07 15:01:07.461 [tid=6736] MapViewOfFile mapping=00000BF0 result=126C0000 err=0 access=0x00000004 offset=0:0 bytes=0
2026-07-07 15:01:07.463 [tid=6736] CreateFileMappingA input=00000BB4 result=00000BB8 err=0 name=(null) file=\\?\UNC\Mac\Home\Documents\mxd\BeiDou-Server\clien\Data\Item\Pet\5000005.img
2026-07-07 15:01:07.464 [tid=6736] MapViewOfFile mapping=00000BB8 result=17520000 err=0 access=0x00000004 offset=0:0 bytes=0
2026-07-07 15:01:07.576 [tid=6736] CreateFileMappingA input=00000BA0 result=00000BA4 err=0 name=(null) file=\\?\UNC\Mac\Home\Documents\mxd\BeiDou-Server\clien\Data\Item\Pet\5000039.img
2026-07-07 15:01:07.576 [tid=6736] MapViewOfFile mapping=00000BA4 result=126C0000 err=0 access=0x00000004 offset=0:0 bytes=0
2026-07-07 15:01:07.579 [tid=6736] CreateFileMappingA input=00000B2C result=00000B18 err=0 name=(null) file=\\?\UNC\Mac\Home\Documents\mxd\BeiDou-Server\clien\Data\Item\Pet\5000039.img
2026-07-07 15:01:07.580 [tid=6736] MapViewOfFile mapping=00000B18 result=175B0000 err=0 access=0x00000004 offset=0:0 bytes=0
2026-07-07 15:01:07.654 [tid=6736] CreateFileMappingA input=00000B1C result=00000A48 err=0 name=(null) file=\\?\UNC\Mac\Home\Documents\mxd\BeiDou-Server\clien\Data\Item\Pet\5000213.img
2026-07-07 15:01:07.655 [tid=6736] MapViewOfFile mapping=00000A48 result=175C0000 err=0 access=0x00000004 offset=0:0 bytes=0
2026-07-07 15:01:07.657 [tid=6736] CreateFileMappingA input=00000A04 result=00000784 err=0 name=(null) file=\\?\UNC\Mac\Home\Documents\mxd\BeiDou-Server\clien\Data\Item\Pet\5000213.img
2026-07-07 15:01:07.658 [tid=6736] MapViewOfFile mapping=00000784 result=17640000 err=0 access=0x00000004 offset=0:0 bytes=0
2026-07-07 15:01:07.702 [tid=6736] CreateFileMappingA input=000008B0 result=00000B28 err=0 name=(null) file=\\?\UNC\Mac\Home\Documents\mxd\BeiDou-Server\clien\Data\Item\Pet\5000207.img
2026-07-07 15:01:07.703 [tid=6736] MapViewOfFile mapping=00000B28 result=175C0000 err=0 access=0x00000004 offset=0:0 bytes=0
2026-07-07 15:01:07.705 [tid=6736] CreateFileMappingA input=00000BEC result=00000BF0 err=0 name=(null) file=\\?\UNC\Mac\Home\Documents\mxd\BeiDou-Server\clien\Data\Item\Pet\5000207.img
2026-07-07 15:01:07.706 [tid=6736] MapViewOfFile mapping=00000BF0 result=175F0000 err=0 access=0x00000004 offset=0:0 bytes=0
2026-07-07 15:01:07.748 [tid=6736] CreateFileMappingA input=00000BB0 result=00000BF4 err=0 name=(null) file=\\?\UNC\Mac\Home\Documents\mxd\BeiDou-Server\clien\Data\Item\Pet\5000367.img
2026-07-07 15:01:07.749 [tid=6736] MapViewOfFile mapping=00000BF4 result=175C0000 err=0 access=0x00000004 offset=0:0 bytes=0
2026-07-07 15:01:07.751 [tid=6736] CreateFileMappingA input=00000BC4 result=00000BC8 err=0 name=(null) file=\\?\UNC\Mac\Home\Documents\mxd\BeiDou-Server\clien\Data\Item\Pet\5000367.img
2026-07-07 15:01:07.752 [tid=6736] MapViewOfFile mapping=00000BC8 result=17620000 err=0 access=0x00000004 offset=0:0 bytes=0
2026-07-07 15:01:07.788 [tid=6736] CreateFileMappingA input=00000B78 result=00000B7C err=0 name=(null) file=\\?\UNC\Mac\Home\Documents\mxd\BeiDou-Server\clien\Data\Item\Pet\5000415.img
2026-07-07 15:01:07.789 [tid=6736] MapViewOfFile mapping=00000B7C result=126C0000 err=0 access=0x00000004 offset=0:0 bytes=0
2026-07-07 15:01:07.791 [tid=6736] CreateFileMappingA input=00000B68 result=00000B6C err=0 name=(null) file=\\?\UNC\Mac\Home\Documents\mxd\BeiDou-Server\clien\Data\Item\Pet\5000415.img
2026-07-07 15:01:07.791 [tid=6736] MapViewOfFile mapping=00000B6C result=175C0000 err=0 access=0x00000004 offset=0:0 bytes=0
2026-07-07 15:01:07.828 [tid=6736] CreateFileMappingA input=00000B58 result=00000B78 err=0 name=(null) file=\\?\UNC\Mac\Home\Documents\mxd\BeiDou-Server\clien\Data\Item\Pet\5000429.img
2026-07-07 15:01:07.829 [tid=6736] MapViewOfFile mapping=00000B78 result=126C0000 err=0 access=0x00000004 offset=0:0 bytes=0
2026-07-07 15:01:07.832 [tid=6736] CreateFileMappingA input=00000B7C result=00000B5C err=0 name=(null) file=\\?\UNC\Mac\Home\Documents\mxd\BeiDou-Server\clien\Data\Item\Pet\5000429.img
2026-07-07 15:01:07.834 [tid=6736] MapViewOfFile mapping=00000B5C result=175D0000 err=0 access=0x00000004 offset=0:0 bytes=0
2026-07-07 15:01:07.880 [tid=6736] CreateFileMappingA input=00000B48 result=00000B58 err=0 name=(null) file=\\?\UNC\Mac\Home\Documents\mxd\BeiDou-Server\clien\Data\Item\Pet\5000171.img
2026-07-07 15:01:07.881 [tid=6736] MapViewOfFile mapping=00000B58 result=176C0000 err=0 access=0x00000004 offset=0:0 bytes=0
2026-07-07 15:01:07.884 [tid=6736] CreateFileMappingA input=00000B78 result=00000B4C err=0 name=(null) file=\\?\UNC\Mac\Home\Documents\mxd\BeiDou-Server\clien\Data\Item\Pet\5000171.img
2026-07-07 15:01:07.884 [tid=6736] MapViewOfFile mapping=00000B4C result=17700000 err=0 access=0x00000004 offset=0:0 bytes=0
2026-07-07 15:01:07.947 [tid=6736] CreateFileMappingA input=00000B38 result=00000B3C err=0 name=(null) file=\\?\UNC\Mac\Home\Documents\mxd\BeiDou-Server\clien\Data\Item\Pet\5000616.img
2026-07-07 15:01:07.950 [tid=6736] MapViewOfFile mapping=00000B3C result=176C0000 err=0 access=0x00000004 offset=0:0 bytes=0
2026-07-07 15:01:07.952 [tid=6736] CreateFileMappingA input=00000B08 result=00000B0C err=0 name=(null) file=\\?\UNC\Mac\Home\Documents\mxd\BeiDou-Server\clien\Data\Item\Pet\5000616.img
2026-07-07 15:01:07.953 [tid=6736] MapViewOfFile mapping=00000B0C result=17740000 err=0 access=0x00000004 offset=0:0 bytes=0
2026-07-07 15:01:07.991 [tid=6736] CreateFileMappingA input=00000AF8 result=00000B38 err=0 name=(null) file=\\?\UNC\Mac\Home\Documents\mxd\BeiDou-Server\clien\Data\Item\Pet\5000428.img
2026-07-07 15:01:07.993 [tid=6736] MapViewOfFile mapping=00000B38 result=176C0000 err=0 access=0x00000004 offset=0:0 bytes=0
2026-07-07 15:01:07.997 [tid=6736] CreateFileMappingA input=00000B3C result=00000AFC err=0 name=(null) file=\\?\UNC\Mac\Home\Documents\mxd\BeiDou-Server\clien\Data\Item\Pet\5000428.img
2026-07-07 15:01:07.998 [tid=6736] MapViewOfFile mapping=00000AFC result=17780000 err=0 access=0x00000004 offset=0:0 bytes=0
2026-07-07 15:01:08.050 [tid=6736] CreateFileMappingA input=00000AE8 result=00000AEC err=0 name=(null) file=\\?\UNC\Mac\Home\Documents\mxd\BeiDou-Server\clien\Data\Item\Pet\5000414.img
2026-07-07 15:01:08.054 [tid=6736] MapViewOfFile mapping=00000AEC result=176C0000 err=0 access=0x00000004 offset=0:0 bytes=0
2026-07-07 15:01:08.059 [tid=6736] CreateFileMappingA input=00000AC8 result=00000ACC err=0 name=(null) file=\\?\UNC\Mac\Home\Documents\mxd\BeiDou-Server\clien\Data\Item\Pet\5000414.img
2026-07-07 15:01:08.060 [tid=6736] MapViewOfFile mapping=00000ACC result=177B0000 err=0 access=0x00000004 offset=0:0 bytes=0
2026-07-07 15:01:08.107 [tid=6736] CreateFileMappingA input=00000A88 result=00000ABC err=0 name=(null) file=\\?\UNC\Mac\Home\Documents\mxd\BeiDou-Server\clien\Data\Item\Pet\5000366.img
2026-07-07 15:01:08.108 [tid=6736] MapViewOfFile mapping=00000ABC result=176C0000 err=0 access=0x00000004 offset=0:0 bytes=0
2026-07-07 15:01:08.111 [tid=6736] CreateFileMappingA input=00000AAC result=00000AB0 err=0 name=(null) file=\\?\UNC\Mac\Home\Documents\mxd\BeiDou-Server\clien\Data\Item\Pet\5000366.img
2026-07-07 15:01:08.112 [tid=6736] MapViewOfFile mapping=00000AB0 result=176E0000 err=0 access=0x00000004 offset=0:0 bytes=0
2026-07-07 15:01:08.159 [tid=6736] CreateFileMappingA input=00000A94 result=00000A88 err=0 name=(null) file=\\?\UNC\Mac\Home\Documents\mxd\BeiDou-Server\clien\Data\Item\Pet\5000206.img
2026-07-07 15:01:08.159 [tid=6736] MapViewOfFile mapping=00000A88 result=176C0000 err=0 access=0x00000004 offset=0:0 bytes=0
2026-07-07 15:01:08.161 [tid=6736] CreateFileMappingA input=00000ABC result=00000A98 err=0 name=(null) file=\\?\UNC\Mac\Home\Documents\mxd\BeiDou-Server\clien\Data\Item\Pet\5000206.img
2026-07-07 15:01:08.163 [tid=6736] MapViewOfFile mapping=00000A98 result=177E0000 err=0 access=0x00000004 offset=0:0 bytes=0
2026-07-07 15:01:08.197 [tid=6736] CreateFileMappingA input=00000A74 result=00000A94 err=0 name=(null) file=\\?\UNC\Mac\Home\Documents\mxd\BeiDou-Server\clien\Data\Item\Pet\5000212.img
2026-07-07 15:01:08.198 [tid=6736] MapViewOfFile mapping=00000A94 result=17800000 err=0 access=0x00000004 offset=0:0 bytes=0
2026-07-07 15:01:08.201 [tid=6736] CreateFileMappingA input=00000A88 result=00000A78 err=0 name=(null) file=\\?\UNC\Mac\Home\Documents\mxd\BeiDou-Server\clien\Data\Item\Pet\5000212.img
2026-07-07 15:01:08.202 [tid=6736] MapViewOfFile mapping=00000A78 result=17860000 err=0 access=0x00000004 offset=0:0 bytes=0
2026-07-07 15:01:08.249 [tid=6736] CreateFileMappingA input=00000A64 result=00000A74 err=0 name=(null) file=\\?\UNC\Mac\Home\Documents\mxd\BeiDou-Server\clien\Data\Item\Pet\5000038.img
2026-07-07 15:01:08.250 [tid=6736] MapViewOfFile mapping=00000A74 result=176C0000 err=0 access=0x00000004 offset=0:0 bytes=0
2026-07-07 15:01:08.253 [tid=6736] CreateFileMappingA input=00000A94 result=00000A68 err=0 name=(null) file=\\?\UNC\Mac\Home\Documents\mxd\BeiDou-Server\clien\Data\Item\Pet\5000038.img
2026-07-07 15:01:08.254 [tid=6736] MapViewOfFile mapping=00000A68 result=17800000 err=0 access=0x00000004 offset=0:0 bytes=0
2026-07-07 15:01:08.303 [tid=6736] CreateFileMappingA input=00000A54 result=00000A58 err=0 name=(null) file=\\?\UNC\Mac\Home\Documents\mxd\BeiDou-Server\clien\Data\Item\Pet\5000004.img
2026-07-07 15:01:08.304 [tid=6736] MapViewOfFile mapping=00000A58 result=126C0000 err=0 access=0x00000004 offset=0:0 bytes=0
2026-07-07 15:01:08.310 [tid=6736] CreateFileMappingA input=00000A34 result=00000A38 err=0 name=(null) file=\\?\UNC\Mac\Home\Documents\mxd\BeiDou-Server\clien\Data\Item\Pet\5000004.img
2026-07-07 15:01:08.311 [tid=6736] MapViewOfFile mapping=00000A38 result=175E0000 err=0 access=0x00000004 offset=0:0 bytes=0
2026-07-07 15:01:08.355 [tid=6736] CreateFileMappingA input=00000A28 result=00000A1C err=0 name=(null) file=\\?\UNC\Mac\Home\Documents\mxd\BeiDou-Server\clien\Data\Item\Pet\5000010.img
2026-07-07 15:01:08.356 [tid=6736] MapViewOfFile mapping=00000A1C result=126C0000 err=0 access=0x00000004 offset=0:0 bytes=0
2026-07-07 15:01:08.360 [tid=6736] CreateFileMappingA input=00000A0C result=00000A10 err=0 name=(null) file=\\?\UNC\Mac\Home\Documents\mxd\BeiDou-Server\clien\Data\Item\Pet\5000010.img
2026-07-07 15:01:08.363 [tid=6736] MapViewOfFile mapping=00000A10 result=176C0000 err=0 access=0x00000004 offset=0:0 bytes=0
2026-07-07 15:01:08.410 [tid=6736] CreateFileMappingA input=000009D0 result=00000A28 err=0 name=(null) file=\\?\UNC\Mac\Home\Documents\mxd\BeiDou-Server\clien\Data\Item\Pet\5000006.img
2026-07-07 15:01:08.411 [tid=6736] MapViewOfFile mapping=00000A28 result=126C0000 err=0 access=0x00000004 offset=0:0 bytes=0
2026-07-07 15:01:08.415 [tid=6736] CreateFileMappingA input=00000A1C result=000009F4 err=0 name=(null) file=\\?\UNC\Mac\Home\Documents\mxd\BeiDou-Server\clien\Data\Item\Pet\5000006.img
2026-07-07 15:01:08.416 [tid=6736] MapViewOfFile mapping=000009F4 result=176D0000 err=0 access=0x00000004 offset=0:0 bytes=0
2026-07-07 15:01:08.459 [tid=6736] CreateFileMappingA input=000009D4 result=000009D0 err=0 name=(null) file=\\?\UNC\Mac\Home\Documents\mxd\BeiDou-Server\clien\Data\Item\Pet\5000012.img
2026-07-07 15:01:08.460 [tid=6736] MapViewOfFile mapping=000009D0 result=126C0000 err=0 access=0x00000004 offset=0:0 bytes=0
2026-07-07 15:01:08.463 [tid=6736] CreateFileMappingA input=00000A28 result=000009E8 err=0 name=(null) file=\\?\UNC\Mac\Home\Documents\mxd\BeiDou-Server\clien\Data\Item\Pet\5000012.img
2026-07-07 15:01:08.463 [tid=6736] MapViewOfFile mapping=000009E8 result=17820000 err=0 access=0x00000004 offset=0:0 bytes=0
2026-07-07 15:01:08.511 [tid=6736] CreateFileMappingA input=000009D8 result=000009D4 err=0 name=(null) file=\\?\UNC\Mac\Home\Documents\mxd\BeiDou-Server\clien\Data\Item\Pet\5000204.img
2026-07-07 15:01:08.511 [tid=6736] MapViewOfFile mapping=000009D4 result=17830000 err=0 access=0x00000004 offset=0:0 bytes=0
2026-07-07 15:01:08.514 [tid=6736] CreateFileMappingA input=000009D0 result=000009DC err=0 name=(null) file=\\?\UNC\Mac\Home\Documents\mxd\BeiDou-Server\clien\Data\Item\Pet\5000204.img
2026-07-07 15:01:08.515 [tid=6736] MapViewOfFile mapping=000009DC result=178C0000 err=0 access=0x00000004 offset=0:0 bytes=0
2026-07-07 15:01:08.558 [tid=6736] CreateFileMappingA input=00000A54 result=000009D8 err=0 name=(null) file=\\?\UNC\Mac\Home\Documents\mxd\BeiDou-Server\clien\Data\Item\Pet\5000210.img
2026-07-07 15:01:08.559 [tid=6736] MapViewOfFile mapping=000009D8 result=126C0000 err=0 access=0x00000004 offset=0:0 bytes=0
2026-07-07 15:01:08.562 [tid=6736] CreateFileMappingA input=000009D4 result=00000A58 err=0 name=(null) file=\\?\UNC\Mac\Home\Documents\mxd\BeiDou-Server\clien\Data\Item\Pet\5000210.img
2026-07-07 15:01:08.563 [tid=6736] MapViewOfFile mapping=00000A58 result=17830000 err=0 access=0x00000004 offset=0:0 bytes=0
2026-07-07 15:01:08.621 [tid=6736] CreateFileMappingA input=00000A64 result=00000A54 err=0 name=(null) file=\\?\UNC\Mac\Home\Documents\mxd\BeiDou-Server\clien\Data\Item\Pet\5000238.img
2026-07-07 15:01:08.622 [tid=6736] MapViewOfFile mapping=00000A54 result=178E0000 err=0 access=0x00000004 offset=0:0 bytes=0
2026-07-07 15:01:08.625 [tid=6736] CreateFileMappingA input=000009D8 result=00000A74 err=0 name=(null) file=\\?\UNC\Mac\Home\Documents\mxd\BeiDou-Server\clien\Data\Item\Pet\5000238.img
2026-07-07 15:01:08.626 [tid=6736] MapViewOfFile mapping=00000A74 result=17940000 err=0 access=0x00000004 offset=0:0 bytes=0
2026-07-07 15:01:08.665 [tid=6736] CreateFileMappingA input=00000AE8 result=00000A64 err=0 name=(null) file=\\?\UNC\Mac\Home\Documents\mxd\BeiDou-Server\clien\Data\Item\Pet\5000589.img
2026-07-07 15:01:08.666 [tid=6736] MapViewOfFile mapping=00000A64 result=126C0000 err=0 access=0x00000004 offset=0:0 bytes=0
2026-07-07 15:01:08.668 [tid=6736] CreateFileMappingA input=00000A54 result=00000AEC err=0 name=(null) file=\\?\UNC\Mac\Home\Documents\mxd\BeiDou-Server\clien\Data\Item\Pet\5000589.img
2026-07-07 15:01:08.670 [tid=6736] MapViewOfFile mapping=00000AEC result=17840000 err=0 access=0x00000004 offset=0:0 bytes=0
2026-07-07 15:01:08.686 [tid=6736] CreateFileMappingA input=00000AF8 result=00000AE8 err=0 name=(null) file=\\?\UNC\Mac\Home\Documents\mxd\BeiDou-Server\clien\Data\Item\Pet\5000416.img
2026-07-07 15:01:08.688 [tid=6736] MapViewOfFile mapping=00000AE8 result=178E0000 err=0 access=0x00000004 offset=0:0 bytes=0
2026-07-07 15:01:08.690 [tid=6736] CreateFileMappingA input=00000B38 result=00000A64 err=0 name=(null) file=\\?\UNC\Mac\Home\Documents\mxd\BeiDou-Server\clien\Data\Item\Pet\5000416.img
2026-07-07 15:01:08.691 [tid=6736] MapViewOfFile mapping=00000A64 result=17900000 err=0 access=0x00000004 offset=0:0 bytes=0
2026-07-07 15:01:08.731 [tid=6736] CreateFileMappingA input=00000B48 result=00000AF8 err=0 name=(null) file=\\?\UNC\Mac\Home\Documents\mxd\BeiDou-Server\clien\Data\Item\Pet\5000370.img
2026-07-07 15:01:08.733 [tid=6736] MapViewOfFile mapping=00000AF8 result=178E0000 err=0 access=0x00000004 offset=0:0 bytes=0
2026-07-07 15:01:08.735 [tid=6736] CreateFileMappingA input=00000AE8 result=00000B58 err=0 name=(null) file=\\?\UNC\Mac\Home\Documents\mxd\BeiDou-Server\clien\Data\Item\Pet\5000370.img
2026-07-07 15:01:08.736 [tid=6736] MapViewOfFile mapping=00000B58 result=17920000 err=0 access=0x00000004 offset=0:0 bytes=0
2026-07-07 15:01:08.773 [tid=6736] CreateFileMappingA input=00000BB0 result=00000B48 err=0 name=(null) file=\\?\UNC\Mac\Home\Documents\mxd\BeiDou-Server\clien\Data\Item\Pet\5000364.img
2026-07-07 15:01:08.774 [tid=6736] MapViewOfFile mapping=00000B48 result=126C0000 err=0 access=0x00000004 offset=0:0 bytes=0
2026-07-07 15:01:08.776 [tid=6736] CreateFileMappingA input=00000AF8 result=00000BF4 err=0 name=(null) file=\\?\UNC\Mac\Home\Documents\mxd\BeiDou-Server\clien\Data\Item\Pet\5000364.img
2026-07-07 15:01:08.778 [tid=6736] MapViewOfFile mapping=00000BF4 result=17850000 err=0 access=0x00000004 offset=0:0 bytes=0
2026-07-07 15:01:08.821 [tid=6736] CreateFileMappingA input=000008B0 result=00000BB0 err=0 name=(null) file=\\?\UNC\Mac\Home\Documents\mxd\BeiDou-Server\clien\Data\Item\Pet\5000402.img
2026-07-07 15:01:08.822 [tid=6736] MapViewOfFile mapping=00000BB0 result=178E0000 err=0 access=0x00000004 offset=0:0 bytes=0
2026-07-07 15:01:08.826 [tid=6736] CreateFileMappingA input=00000B48 result=00000B28 err=0 name=(null) file=\\?\UNC\Mac\Home\Documents\mxd\BeiDou-Server\clien\Data\Item\Pet\5000402.img
2026-07-07 15:01:08.828 [tid=6736] MapViewOfFile mapping=00000B28 result=179A0000 err=0 access=0x00000004 offset=0:0 bytes=0
2026-07-07 15:01:08.869 [tid=6736] CreateFileMappingA input=00000B1C result=00000A48 err=0 name=(null) file=\\?\UNC\Mac\Home\Documents\mxd\BeiDou-Server\clien\Data\Item\Pet\5000358.img
2026-07-07 15:01:08.870 [tid=6736] MapViewOfFile mapping=00000A48 result=178E0000 err=0 access=0x00000004 offset=0:0 bytes=0
2026-07-07 15:01:08.874 [tid=6736] CreateFileMappingA input=000008B0 result=00000BB0 err=0 name=(null) file=\\?\UNC\Mac\Home\Documents\mxd\BeiDou-Server\clien\Data\Item\Pet\5000358.img
2026-07-07 15:01:08.875 [tid=6736] MapViewOfFile mapping=00000BB0 result=179C0000 err=0 access=0x00000004 offset=0:0 bytes=0
2026-07-07 15:01:08.933 [tid=6736] CreateFileMappingA input=00000BA0 result=00000B1C err=0 name=(null) file=\\?\UNC\Mac\Home\Documents\mxd\BeiDou-Server\clien\Data\Item\Pet\5000365.img
2026-07-07 15:01:08.934 [tid=6736] MapViewOfFile mapping=00000B1C result=178E0000 err=0 access=0x00000004 offset=0:0 bytes=0
2026-07-07 15:01:08.938 [tid=6736] CreateFileMappingA input=00000A48 result=00000BA4 err=0 name=(null) file=\\?\UNC\Mac\Home\Documents\mxd\BeiDou-Server\clien\Data\Item\Pet\5000365.img
2026-07-07 15:01:08.939 [tid=6736] MapViewOfFile mapping=00000BA4 result=179E0000 err=0 access=0x00000004 offset=0:0 bytes=0
2026-07-07 15:01:08.985 [tid=6736] CreateFileMappingA input=00000B9C result=00000B98 err=0 name=(null) file=\\?\UNC\Mac\Home\Documents\mxd\BeiDou-Server\clien\Data\Item\Pet\5000403.img
2026-07-07 15:01:08.986 [tid=6736] MapViewOfFile mapping=00000B98 result=126C0000 err=0 access=0x00000004 offset=0:0 bytes=0
2026-07-07 15:01:08.988 [tid=6736] CreateFileMappingA input=00000BA0 result=00000B1C err=0 name=(null) file=\\?\UNC\Mac\Home\Documents\mxd\BeiDou-Server\clien\Data\Item\Pet\5000403.img
2026-07-07 15:01:08.989 [tid=6736] MapViewOfFile mapping=00000B1C result=178E0000 err=0 access=0x00000004 offset=0:0 bytes=0
2026-07-07 15:01:09.062 [tid=6736] CreateFileMappingA input=00000AD8 result=00000B9C err=0 name=(null) file=\\?\UNC\Mac\Home\Documents\mxd\BeiDou-Server\clien\Data\Item\Pet\5000417.img
2026-07-07 15:01:09.064 [tid=6736] MapViewOfFile mapping=00000B9C result=17A00000 err=0 access=0x00000004 offset=0:0 bytes=0
2026-07-07 15:01:09.067 [tid=6736] CreateFileMappingA input=00000B98 result=00000ADC err=0 name=(null) file=\\?\UNC\Mac\Home\Documents\mxd\BeiDou-Server\clien\Data\Item\Pet\5000417.img
2026-07-07 15:01:09.068 [tid=6736] MapViewOfFile mapping=00000ADC result=17A20000 err=0 access=0x00000004 offset=0:0 bytes=0
2026-07-07 15:01:09.106 [tid=6736] CreateFileMappingA input=00000A80 result=00000AD8 err=0 name=(null) file=\\?\UNC\Mac\Home\Documents\mxd\BeiDou-Server\clien\Data\Item\Pet\5000371.img
2026-07-07 15:01:09.107 [tid=6736] MapViewOfFile mapping=00000AD8 result=17A40000 err=0 access=0x00000004 offset=0:0 bytes=0
2026-07-07 15:01:09.109 [tid=6736] CreateFileMappingA input=00000B9C result=00000A84 err=0 name=(null) file=\\?\UNC\Mac\Home\Documents\mxd\BeiDou-Server\clien\Data\Item\Pet\5000371.img
2026-07-07 15:01:09.110 [tid=6736] MapViewOfFile mapping=00000A84 result=17A70000 err=0 access=0x00000004 offset=0:0 bytes=0
2026-07-07 15:01:09.157 [tid=6736] CreateFileMappingA input=00000A24 result=00000A80 err=0 name=(null) file=\\?\UNC\Mac\Home\Documents\mxd\BeiDou-Server\clien\Data\Item\Pet\5000239.img
2026-07-07 15:01:09.159 [tid=6736] MapViewOfFile mapping=00000A80 result=17AA0000 err=0 access=0x00000004 offset=0:0 bytes=0
2026-07-07 15:01:09.161 [tid=6736] CreateFileMappingA input=00000AD8 result=00000C04 err=0 name=(null) file=\\?\UNC\Mac\Home\Documents\mxd\BeiDou-Server\clien\Data\Item\Pet\5000239.img
2026-07-07 15:01:09.162 [tid=6736] MapViewOfFile mapping=00000C04 result=17AF0000 err=0 access=0x00000004 offset=0:0 bytes=0
2026-07-07 15:01:09.201 [tid=6736] CreateFileMappingA input=00000C08 result=00000C0C err=0 name=(null) file=\\?\UNC\Mac\Home\Documents\mxd\BeiDou-Server\clien\Data\Item\Pet\5000211.img
2026-07-07 15:01:09.202 [tid=6736] MapViewOfFile mapping=00000C0C result=17A00000 err=0 access=0x00000004 offset=0:0 bytes=0
2026-07-07 15:01:09.204 [tid=6736] CreateFileMappingA input=00000C10 result=00000C14 err=0 name=(null) file=\\?\UNC\Mac\Home\Documents\mxd\BeiDou-Server\clien\Data\Item\Pet\5000211.img
2026-07-07 15:01:09.204 [tid=6736] MapViewOfFile mapping=00000C14 result=17A40000 err=0 access=0x00000004 offset=0:0 bytes=0
2026-07-07 15:01:09.249 [tid=6736] CreateFileMappingA input=00000C18 result=00000C1C err=0 name=(null) file=\\?\UNC\Mac\Home\Documents\mxd\BeiDou-Server\clien\Data\Item\Pet\5000205.img
2026-07-07 15:01:09.249 [tid=6736] MapViewOfFile mapping=00000C1C result=17A00000 err=0 access=0x00000004 offset=0:0 bytes=0
2026-07-07 15:01:09.251 [tid=6736] CreateFileMappingA input=00000C20 result=00000C24 err=0 name=(null) file=\\?\UNC\Mac\Home\Documents\mxd\BeiDou-Server\clien\Data\Item\Pet\5000205.img
2026-07-07 15:01:09.251 [tid=6736] MapViewOfFile mapping=00000C24 result=17AA0000 err=0 access=0x00000004 offset=0:0 bytes=0
2026-07-07 15:01:09.292 [tid=6736] CreateFileMappingA input=00000C28 result=00000C2C err=0 name=(null) file=\\?\UNC\Mac\Home\Documents\mxd\BeiDou-Server\clien\Data\Item\Pet\5000013.img
2026-07-07 15:01:09.293 [tid=6736] MapViewOfFile mapping=00000C2C result=126C0000 err=0 access=0x00000004 offset=0:0 bytes=0
2026-07-07 15:01:09.295 [tid=6736] CreateFileMappingA input=00000A24 result=00000C30 err=0 name=(null) file=\\?\UNC\Mac\Home\Documents\mxd\BeiDou-Server\clien\Data\Item\Pet\5000013.img
2026-07-07 15:01:09.296 [tid=6736] MapViewOfFile mapping=00000C30 result=178F0000 err=0 access=0x00000004 offset=0:0 bytes=0
2026-07-07 15:01:09.341 [tid=6736] CreateFileMappingA input=00000C34 result=00000C38 err=0 name=(null) file=\\?\UNC\Mac\Home\Documents\mxd\BeiDou-Server\clien\Data\Item\Pet\5000007.img
2026-07-07 15:01:09.342 [tid=6736] MapViewOfFile mapping=00000C38 result=126C0000 err=0 access=0x00000004 offset=0:0 bytes=0
2026-07-07 15:01:09.346 [tid=6736] CreateFileMappingA input=00000C40 result=00000C44 err=0 name=(null) file=\\?\UNC\Mac\Home\Documents\mxd\BeiDou-Server\clien\Data\Item\Pet\5000007.img
2026-07-07 15:01:09.347 [tid=6736] MapViewOfFile mapping=00000C44 result=17A00000 err=0 access=0x00000004 offset=0:0 bytes=0
2026-07-07 15:01:09.390 [tid=6736] CreateFileMappingA input=00000C48 result=00000C4C err=0 name=(null) file=\\?\UNC\Mac\Home\Documents\mxd\BeiDou-Server\clien\Data\Item\Pet\5000048.img
2026-07-07 15:01:09.391 [tid=6736] MapViewOfFile mapping=00000C4C result=17AC0000 err=0 access=0x00000004 offset=0:0 bytes=0
2026-07-07 15:01:09.394 [tid=6736] CreateFileMappingA input=00000C50 result=00000C54 err=0 name=(null) file=\\?\UNC\Mac\Home\Documents\mxd\BeiDou-Server\clien\Data\Item\Pet\5000048.img
2026-07-07 15:01:09.395 [tid=6736] MapViewOfFile mapping=00000C54 result=17B40000 err=0 access=0x00000004 offset=0:0 bytes=0
2026-07-07 15:01:09.448 [tid=6736] CreateFileMappingA input=00000C58 result=00000C5C err=0 name=(null) file=\\?\UNC\Mac\Home\Documents\mxd\BeiDou-Server\clien\Data\Item\Pet\5000060.img
2026-07-07 15:01:09.449 [tid=6736] MapViewOfFile mapping=00000C5C result=17B70000 err=0 access=0x00000004 offset=0:0 bytes=0
2026-07-07 15:01:09.453 [tid=6736] CreateFileMappingA input=00000C60 result=00000C64 err=0 name=(null) file=\\?\UNC\Mac\Home\Documents\mxd\BeiDou-Server\clien\Data\Item\Pet\5000060.img
2026-07-07 15:01:09.454 [tid=6736] MapViewOfFile mapping=00000C64 result=17BB0000 err=0 access=0x00000004 offset=0:0 bytes=0
2026-07-07 15:01:09.508 [tid=6736] CreateFileMappingA input=00000C68 result=00000C6C err=0 name=(null) file=\\?\UNC\Mac\Home\Documents\mxd\BeiDou-Server\clien\Data\Item\Pet\5000074.img
2026-07-07 15:01:09.509 [tid=6736] MapViewOfFile mapping=00000C6C result=17AC0000 err=0 access=0x00000004 offset=0:0 bytes=0
2026-07-07 15:01:09.513 [tid=6736] CreateFileMappingA input=00000C70 result=00000C74 err=0 name=(null) file=\\?\UNC\Mac\Home\Documents\mxd\BeiDou-Server\clien\Data\Item\Pet\5000074.img
2026-07-07 15:01:09.514 [tid=6736] MapViewOfFile mapping=00000C74 result=17B70000 err=0 access=0x00000004 offset=0:0 bytes=0
2026-07-07 15:01:09.576 [tid=6736] CreateFileMappingA input=00000C78 result=00000C7C err=0 name=(null) file=\\?\UNC\Mac\Home\Documents\mxd\BeiDou-Server\clien\Data\Item\Pet\5000276.img
2026-07-07 15:01:09.576 [tid=6736] MapViewOfFile mapping=00000C7C result=17AC0000 err=0 access=0x00000004 offset=0:0 bytes=0
2026-07-07 15:01:09.580 [tid=6736] CreateFileMappingA input=00000C80 result=00000C84 err=0 name=(null) file=\\?\UNC\Mac\Home\Documents\mxd\BeiDou-Server\clien\Data\Item\Pet\5000276.img
2026-07-07 15:01:09.581 [tid=6736] MapViewOfFile mapping=00000C84 result=17B90000 err=0 access=0x00000004 offset=0:0 bytes=0
2026-07-07 15:01:09.624 [tid=6736] CreateFileMappingA input=00000C88 result=00000C8C err=0 name=(null) file=\\?\UNC\Mac\Home\Documents\mxd\BeiDou-Server\clien\Data\Item\Pet\5000289.img
2026-07-07 15:01:09.625 [tid=6736] MapViewOfFile mapping=00000C8C result=17BF0000 err=0 access=0x00000004 offset=0:0 bytes=0
2026-07-07 15:01:09.629 [tid=6736] CreateFileMappingA input=00000C90 result=00000C94 err=0 name=(null) file=\\?\UNC\Mac\Home\Documents\mxd\BeiDou-Server\clien\Data\Item\Pet\5000289.img
2026-07-07 15:01:09.631 [tid=6736] MapViewOfFile mapping=00000C94 result=17C30000 err=0 access=0x00000004 offset=0:0 bytes=0
2026-07-07 15:01:09.683 [tid=6736] CreateFileMappingA input=00000C98 result=00000C9C err=0 name=(null) file=\\?\UNC\Mac\Home\Documents\mxd\BeiDou-Server\clien\Data\Item\Pet\5000470.img
2026-07-07 15:01:09.684 [tid=6736] MapViewOfFile mapping=00000C9C result=126C0000 err=0 access=0x00000004 offset=0:0 bytes=0
2026-07-07 15:01:09.687 [tid=6736] CreateFileMappingA input=00000CA0 result=00000CA4 err=0 name=(null) file=\\?\UNC\Mac\Home\Documents\mxd\BeiDou-Server\clien\Data\Item\Pet\5000470.img
2026-07-07 15:01:09.688 [tid=6736] MapViewOfFile mapping=00000CA4 result=17A10000 err=0 access=0x00000004 offset=0:0 bytes=0
2026-07-07 15:01:09.766 [tid=6736] CreateFileMappingA input=00000CA8 result=00000CAC err=0 name=(null) file=\\?\UNC\Mac\Home\Documents\mxd\BeiDou-Server\clien\Data\Item\Pet\5000316.img
2026-07-07 15:01:09.769 [tid=6736] MapViewOfFile mapping=00000CAC result=17AC0000 err=0 access=0x00000004 offset=0:0 bytes=0
2026-07-07 15:01:09.802 [tid=6736] CreateFileMappingA input=00000CB0 result=00000CB4 err=0 name=(null) file=\\?\UNC\Mac\Home\Documents\mxd\BeiDou-Server\clien\Data\Item\Pet\5000316.img
2026-07-07 15:01:09.806 [tid=6736] MapViewOfFile mapping=00000CB4 result=17BF0000 err=0 access=0x00000004 offset=0:0 bytes=0
2026-07-07 15:01:10.214 [tid=6736] CreateFileMappingA input=00000CB8 result=00000CBC err=0 name=(null) file=\\?\UNC\Mac\Home\Documents\mxd\BeiDou-Server\clien\Data\Item\Pet\5001008.img
2026-07-07 15:01:10.376 [tid=6736] MapViewOfFile mapping=00000CBC result=17C70000 err=0 access=0x00000004 offset=0:0 bytes=0
2026-07-07 15:01:10.645 [tid=6736] CreateFileMappingA input=00000CA8 result=00000CAC err=0 name=(null) file=\\?\UNC\Mac\Home\Documents\mxd\BeiDou-Server\clien\Data\Item\Pet\5001008.img
2026-07-07 15:01:10.692 [tid=6736] MapViewOfFile mapping=00000CAC result=17D00000 err=0 access=0x00000004 offset=0:0 bytes=0
2026-07-07 15:01:10.754 [tid=6736] CreateFileMappingA input=00000CC0 result=00000CC4 err=0 name=(null) file=\\?\UNC\Mac\Home\Documents\mxd\BeiDou-Server\clien\Data\Item\Pet\5000302.img
2026-07-07 15:01:10.766 [tid=6736] MapViewOfFile mapping=00000CC4 result=17C70000 err=0 access=0x00000004 offset=0:0 bytes=0
2026-07-07 15:01:10.770 [tid=6736] CreateFileMappingA input=00000CC8 result=00000CCC err=0 name=(null) file=\\?\UNC\Mac\Home\Documents\mxd\BeiDou-Server\clien\Data\Item\Pet\5000302.img
2026-07-07 15:01:10.771 [tid=6736] MapViewOfFile mapping=00000CCC result=17CB0000 err=0 access=0x00000004 offset=0:0 bytes=0
2026-07-07 15:01:10.841 [tid=6736] CreateFileMappingA input=00000CD0 result=00000CD4 err=0 name=(null) file=\\?\UNC\Mac\Home\Documents\mxd\BeiDou-Server\clien\Data\Item\Pet\5000128.img
2026-07-07 15:01:10.842 [tid=6736] MapViewOfFile mapping=00000CD4 result=126C0000 err=0 access=0x00000004 offset=0:0 bytes=0
2026-07-07 15:01:10.846 [tid=6736] CreateFileMappingA input=00000CD8 result=00000CDC err=0 name=(null) file=\\?\UNC\Mac\Home\Documents\mxd\BeiDou-Server\clien\Data\Item\Pet\5000128.img
2026-07-07 15:01:10.847 [tid=6736] MapViewOfFile mapping=00000CDC result=17A60000 err=0 access=0x00000004 offset=0:0 bytes=0
2026-07-07 15:01:10.914 [tid=6736] CreateFileMappingA input=00000CE0 result=00000CE4 err=0 name=(null) file=\\?\UNC\Mac\Home\Documents\mxd\BeiDou-Server\clien\Data\Item\Pet\5000114.img
2026-07-07 15:01:10.917 [tid=6736] MapViewOfFile mapping=00000CE4 result=17C70000 err=0 access=0x00000004 offset=0:0 bytes=0
2026-07-07 15:01:10.924 [tid=6736] CreateFileMappingA input=00000CE8 result=00000CEC err=0 name=(null) file=\\?\UNC\Mac\Home\Documents\mxd\BeiDou-Server\clien\Data\Item\Pet\5000114.img
2026-07-07 15:01:10.925 [tid=6736] MapViewOfFile mapping=00000CEC result=17D90000 err=0 access=0x00000004 offset=0:0 bytes=0
2026-07-07 15:01:10.971 [tid=6736] CreateFileMappingA input=00000CF0 result=00000CF4 err=0 name=(null) file=\\?\UNC\Mac\Home\Documents\mxd\BeiDou-Server\clien\Data\Item\Pet\5000100.img
2026-07-07 15:01:10.972 [tid=6736] MapViewOfFile mapping=00000CF4 result=17AC0000 err=0 access=0x00000004 offset=0:0 bytes=0
2026-07-07 15:01:10.975 [tid=6736] CreateFileMappingA input=00000CF8 result=00000CFC err=0 name=(null) file=\\?\UNC\Mac\Home\Documents\mxd\BeiDou-Server\clien\Data\Item\Pet\5000100.img
2026-07-07 15:01:10.976 [tid=6736] MapViewOfFile mapping=00000CFC result=17C70000 err=0 access=0x00000004 offset=0:0 bytes=0
2026-07-07 15:01:11.050 [tid=6736] CreateFileMappingA input=00000D00 result=00000D04 err=0 name=(null) file=\\?\UNC\Mac\Home\Documents\mxd\BeiDou-Server\clien\Data\Item\Pet\5000101.img
2026-07-07 15:01:11.051 [tid=6736] MapViewOfFile mapping=00000D04 result=17AC0000 err=0 access=0x00000004 offset=0:0 bytes=0
2026-07-07 15:01:11.053 [tid=6736] CreateFileMappingA input=00000D08 result=00000D0C err=0 name=(null) file=\\?\UNC\Mac\Home\Documents\mxd\BeiDou-Server\clien\Data\Item\Pet\5000101.img
2026-07-07 15:01:11.055 [tid=6736] MapViewOfFile mapping=00000D0C result=17C10000 err=0 access=0x00000004 offset=0:0 bytes=0
2026-07-07 15:01:11.140 [tid=6736] CreateFileMappingA input=00000D10 result=00000D14 err=0 name=(null) file=\\?\UNC\Mac\Home\Documents\mxd\BeiDou-Server\clien\Data\Item\Pet\5000115.img
2026-07-07 15:01:11.146 [tid=6736] MapViewOfFile mapping=00000D14 result=17DD0000 err=0 access=0x00000004 offset=0:0 bytes=0
2026-07-07 15:01:11.166 [tid=6736] CreateFileMappingA input=00000D18 result=00000D1C err=0 name=(null) file=\\?\UNC\Mac\Home\Documents\mxd\BeiDou-Server\clien\Data\Item\Pet\5000115.img
2026-07-07 15:01:11.168 [tid=6736] MapViewOfFile mapping=00000D1C result=17E40000 err=0 access=0x00000004 offset=0:0 bytes=0
2026-07-07 15:01:11.230 [tid=6736] CreateFileMappingA input=00000D10 result=00000D14 err=0 name=(null) file=\\?\UNC\Mac\Home\Documents\mxd\BeiDou-Server\clien\Data\Item\Pet\5000303.img
2026-07-07 15:01:11.231 [tid=6736] MapViewOfFile mapping=00000D14 result=17DD0000 err=0 access=0x00000004 offset=0:0 bytes=0
2026-07-07 15:01:11.233 [tid=6736] CreateFileMappingA input=00000D20 result=00000D24 err=0 name=(null) file=\\?\UNC\Mac\Home\Documents\mxd\BeiDou-Server\clien\Data\Item\Pet\5000303.img
2026-07-07 15:01:11.236 [tid=6736] MapViewOfFile mapping=00000D24 result=17EB0000 err=0 access=0x00000004 offset=0:0 bytes=0
2026-07-07 15:01:11.283 [tid=6736] CreateFileMappingA input=00000D28 result=00000D2C err=0 name=(null) file=\\?\UNC\Mac\Home\Documents\mxd\BeiDou-Server\clien\Data\Item\Pet\5000471.img
2026-07-07 15:01:11.284 [tid=6736] MapViewOfFile mapping=00000D2C result=126C0000 err=0 access=0x00000004 offset=0:0 bytes=0
2026-07-07 15:01:11.292 [tid=6736] CreateFileMappingA input=00000D30 result=00000D34 err=0 name=(null) file=\\?\UNC\Mac\Home\Documents\mxd\BeiDou-Server\clien\Data\Item\Pet\5000471.img
2026-07-07 15:01:11.294 [tid=6736] MapViewOfFile mapping=00000D34 result=17AC0000 err=0 access=0x00000004 offset=0:0 bytes=0
2026-07-07 15:01:11.468 [tid=6736] CreateFileMappingA input=00000D38 result=00000D3C err=0 name=(null) file=\\?\UNC\Mac\Home\Documents\mxd\BeiDou-Server\clien\Data\Item\Pet\5001009.img
2026-07-07 15:01:11.523 [tid=6736] MapViewOfFile mapping=00000D3C result=17F10000 err=0 access=0x00000004 offset=0:0 bytes=0
2026-07-07 15:01:11.562 [tid=6736] CreateFileMappingA input=00000D40 result=00000D44 err=0 name=(null) file=\\?\UNC\Mac\Home\Documents\mxd\BeiDou-Server\clien\Data\Item\Pet\5001009.img
2026-07-07 15:01:11.567 [tid=6736] MapViewOfFile mapping=00000D44 result=17FB0000 err=0 access=0x00000004 offset=0:0 bytes=0
2026-07-07 15:01:11.605 [tid=6736] CreateFileMappingA input=00000D4C result=00000D50 err=0 name=(null) file=\\?\UNC\Mac\Home\Documents\mxd\BeiDou-Server\clien\Data\Item\Pet\5000317.img
2026-07-07 15:01:11.632 [tid=6736] MapViewOfFile mapping=00000D50 result=17DD0000 err=0 access=0x00000004 offset=0:0 bytes=0
2026-07-07 15:01:11.654 [tid=6736] CreateFileMappingA input=00000D54 result=00000D58 err=0 name=(null) file=\\?\UNC\Mac\Home\Documents\mxd\BeiDou-Server\clien\Data\Item\Pet\5000317.img
2026-07-07 15:01:11.657 [tid=6736] MapViewOfFile mapping=00000D58 result=17F10000 err=0 access=0x00000004 offset=0:0 bytes=0
2026-07-07 15:01:11.875 [tid=6736] CreateFileMappingA input=00000D4C result=00000D50 err=0 name=(null) file=\\?\UNC\Mac\Home\Documents\mxd\BeiDou-Server\clien\Data\Item\Pet\5000459.img
2026-07-07 15:01:11.878 [tid=6736] MapViewOfFile mapping=00000D50 result=126C0000 err=0 access=0x00000004 offset=0:0 bytes=0
2026-07-07 15:01:11.882 [tid=6736] CreateFileMappingA input=00000D64 result=00000D68 err=0 name=(null) file=\\?\UNC\Mac\Home\Documents\mxd\BeiDou-Server\clien\Data\Item\Pet\5000459.img
2026-07-07 15:01:11.884 [tid=6736] MapViewOfFile mapping=00000D68 result=17AD0000 err=0 access=0x00000004 offset=0:0 bytes=0
2026-07-07 15:01:11.956 [tid=6736] CreateFileMappingA input=00000D6C result=00000D70 err=0 name=(null) file=\\?\UNC\Mac\Home\Documents\mxd\BeiDou-Server\clien\Data\Item\Pet\5000288.img
2026-07-07 15:01:11.958 [tid=6736] MapViewOfFile mapping=00000D70 result=17DD0000 err=0 access=0x00000004 offset=0:0 bytes=0
2026-07-07 15:01:11.968 [tid=6736] CreateFileMappingA input=00000D74 result=00000D78 err=0 name=(null) file=\\?\UNC\Mac\Home\Documents\mxd\BeiDou-Server\clien\Data\Item\Pet\5000288.img
2026-07-07 15:01:11.971 [tid=6736] MapViewOfFile mapping=00000D78 result=17F60000 err=0 access=0x00000004 offset=0:0 bytes=0
2026-07-07 15:01:12.030 [tid=6736] CreateFileMappingA input=00000D60 result=00000D7C err=0 name=(null) file=\\?\UNC\Mac\Home\Documents\mxd\BeiDou-Server\clien\Data\Item\Pet\5000277.img
2026-07-07 15:01:12.031 [tid=6736] MapViewOfFile mapping=00000D7C result=17DD0000 err=0 access=0x00000004 offset=0:0 bytes=0
2026-07-07 15:01:12.035 [tid=6736] CreateFileMappingA input=00000D80 result=00000D84 err=0 name=(null) file=\\?\UNC\Mac\Home\Documents\mxd\BeiDou-Server\clien\Data\Item\Pet\5000277.img
2026-07-07 15:01:12.036 [tid=6736] MapViewOfFile mapping=00000D84 result=17DF0000 err=0 access=0x00000004 offset=0:0 bytes=0
2026-07-07 15:01:12.124 [tid=6736] CreateFileMappingA input=00000D88 result=00000D8C err=0 name=(null) file=\\?\UNC\Mac\Home\Documents\mxd\BeiDou-Server\clien\Data\Item\Pet\5000075.img
2026-07-07 15:01:12.125 [tid=6736] MapViewOfFile mapping=00000D8C result=17DD0000 err=0 access=0x00000004 offset=0:0 bytes=0
2026-07-07 15:01:12.127 [tid=6736] CreateFileMappingA input=00000D90 result=00000D94 err=0 name=(null) file=\\?\UNC\Mac\Home\Documents\mxd\BeiDou-Server\clien\Data\Item\Pet\5000075.img
2026-07-07 15:01:12.128 [tid=6736] MapViewOfFile mapping=00000D94 result=17E10000 err=0 access=0x00000004 offset=0:0 bytes=0
2026-07-07 15:01:12.168 [tid=6736] CreateFileMappingA input=00000D98 result=00000D9C err=0 name=(null) file=\\?\UNC\Mac\Home\Documents\mxd\BeiDou-Server\clien\Data\Item\Pet\5000061.img
2026-07-07 15:01:12.169 [tid=6736] MapViewOfFile mapping=00000D9C result=17DD0000 err=0 access=0x00000004 offset=0:0 bytes=0
2026-07-07 15:01:12.173 [tid=6736] CreateFileMappingA input=00000DA0 result=00000DA4 err=0 name=(null) file=\\?\UNC\Mac\Home\Documents\mxd\BeiDou-Server\clien\Data\Item\Pet\5000061.img
2026-07-07 15:01:12.174 [tid=6736] MapViewOfFile mapping=00000DA4 result=18050000 err=0 access=0x00000004 offset=0:0 bytes=0
2026-07-07 15:01:12.208 [tid=6736] CreateFileMappingA input=00000DA8 result=00000DAC err=0 name=(null) file=\\?\UNC\Mac\Home\Documents\mxd\BeiDou-Server\clien\Data\Item\Pet\5000707.img
2026-07-07 15:01:12.208 [tid=6736] MapViewOfFile mapping=00000DAC result=17DD0000 err=0 access=0x00000004 offset=0:0 bytes=0
2026-07-07 15:01:12.213 [tid=6736] CreateFileMappingA input=00000DB0 result=00000DB4 err=0 name=(null) file=\\?\UNC\Mac\Home\Documents\mxd\BeiDou-Server\clien\Data\Item\Pet\5000707.img
2026-07-07 15:01:12.213 [tid=6736] MapViewOfFile mapping=00000DB4 result=18070000 err=0 access=0x00000004 offset=0:0 bytes=0
2026-07-07 15:01:12.271 [tid=6736] CreateFileMappingA input=00000DB8 result=00000DBC err=0 name=(null) file=\\?\UNC\Mac\Home\Documents\mxd\BeiDou-Server\clien\Data\Item\Pet\5000049.img
2026-07-07 15:01:12.272 [tid=6736] MapViewOfFile mapping=00000DBC result=18090000 err=0 access=0x00000004 offset=0:0 bytes=0
2026-07-07 15:01:12.275 [tid=6736] CreateFileMappingA input=00000DC4 result=00000DC8 err=0 name=(null) file=\\?\UNC\Mac\Home\Documents\mxd\BeiDou-Server\clien\Data\Item\Pet\5000049.img
2026-07-07 15:01:12.276 [tid=6736] MapViewOfFile mapping=00000DC8 result=180F0000 err=0 access=0x00000004 offset=0:0 bytes=0
2026-07-07 15:01:12.315 [tid=6736] CreateFileMappingA input=00000DCC result=00000DD0 err=0 name=(null) file=\\?\UNC\Mac\Home\Documents\mxd\BeiDou-Server\clien\Data\Item\Pet\5000077.img
2026-07-07 15:01:12.316 [tid=6736] MapViewOfFile mapping=00000DD0 result=18090000 err=0 access=0x00000004 offset=0:0 bytes=0
2026-07-07 15:01:12.320 [tid=6736] CreateFileMappingA input=00000DD4 result=00000DD8 err=0 name=(null) file=\\?\UNC\Mac\Home\Documents\mxd\BeiDou-Server\clien\Data\Item\Pet\5000077.img
2026-07-07 15:01:12.321 [tid=6736] MapViewOfFile mapping=00000DD8 result=18150000 err=0 access=0x00000004 offset=0:0 bytes=0
2026-07-07 15:01:12.374 [tid=6736] CreateFileMappingA input=00000DDC result=00000DE0 err=0 name=(null) file=\\?\UNC\Mac\Home\Documents\mxd\BeiDou-Server\clien\Data\Item\Pet\5000063.img
2026-07-07 15:01:12.375 [tid=6736] MapViewOfFile mapping=00000DE0 result=18090000 err=0 access=0x00000004 offset=0:0 bytes=0
2026-07-07 15:01:12.378 [tid=6736] CreateFileMappingA input=00000DE4 result=00000DE8 err=0 name=(null) file=\\?\UNC\Mac\Home\Documents\mxd\BeiDou-Server\clien\Data\Item\Pet\5000063.img
2026-07-07 15:01:12.379 [tid=6736] MapViewOfFile mapping=00000DE8 result=180C0000 err=0 access=0x00000004 offset=0:0 bytes=0
2026-07-07 15:01:12.429 [tid=6736] CreateFileMappingA input=00000DEC result=00000DF0 err=0 name=(null) file=\\?\UNC\Mac\Home\Documents\mxd\BeiDou-Server\clien\Data\Item\Pet\5000088.img
2026-07-07 15:01:12.430 [tid=6736] MapViewOfFile mapping=00000DF0 result=17DD0000 err=0 access=0x00000004 offset=0:0 bytes=0
2026-07-07 15:01:12.432 [tid=6736] CreateFileMappingA input=00000DF4 result=00000DF8 err=0 name=(null) file=\\?\UNC\Mac\Home\Documents\mxd\BeiDou-Server\clien\Data\Item\Pet\5000088.img
2026-07-07 15:01:12.433 [tid=6736] MapViewOfFile mapping=00000DF8 result=18090000 err=0 access=0x00000004 offset=0:0 bytes=0
2026-07-07 15:01:12.474 [tid=6736] CreateFileMappingA input=00000DFC result=00000E00 err=0 name=(null) file=\\?\UNC\Mac\Home\Documents\mxd\BeiDou-Server\clien\Data\Item\Pet\5000249.img
2026-07-07 15:01:12.474 [tid=6736] MapViewOfFile mapping=00000E00 result=126C0000 err=0 access=0x00000004 offset=0:0 bytes=0
2026-07-07 15:01:12.477 [tid=6736] CreateFileMappingA input=00000E04 result=00000E08 err=0 name=(null) file=\\?\UNC\Mac\Home\Documents\mxd\BeiDou-Server\clien\Data\Item\Pet\5000249.img
2026-07-07 15:01:12.478 [tid=6736] MapViewOfFile mapping=00000E08 result=17AE0000 err=0 access=0x00000004 offset=0:0 bytes=0
2026-07-07 15:01:12.516 [tid=6736] CreateFileMappingA input=00000E0C result=00000E10 err=0 name=(null) file=\\?\UNC\Mac\Home\Documents\mxd\BeiDou-Server\clien\Data\Item\Pet\5000275.img
2026-07-07 15:01:12.517 [tid=6736] MapViewOfFile mapping=00000E10 result=17DD0000 err=0 access=0x00000004 offset=0:0 bytes=0
2026-07-07 15:01:12.519 [tid=6736] CreateFileMappingA input=00000E14 result=00000E18 err=0 name=(null) file=\\?\UNC\Mac\Home\Documents\mxd\BeiDou-Server\clien\Data\Item\Pet\5000275.img
2026-07-07 15:01:12.520 [tid=6736] MapViewOfFile mapping=00000E18 result=181A0000 err=0 access=0x00000004 offset=0:0 bytes=0
2026-07-07 15:01:12.559 [tid=6736] CreateFileMappingA input=00000E1C result=00000E20 err=0 name=(null) file=\\?\UNC\Mac\Home\Documents\mxd\BeiDou-Server\clien\Data\Item\Pet\5000261.img
2026-07-07 15:01:12.560 [tid=6736] MapViewOfFile mapping=00000E20 result=17DD0000 err=0 access=0x00000004 offset=0:0 bytes=0
2026-07-07 15:01:12.563 [tid=6736] CreateFileMappingA input=00000E28 result=00000E2C err=0 name=(null) file=\\?\UNC\Mac\Home\Documents\mxd\BeiDou-Server\clien\Data\Item\Pet\5000261.img
2026-07-07 15:01:12.564 [tid=6736] MapViewOfFile mapping=00000E2C result=181C0000 err=0 access=0x00000004 offset=0:0 bytes=0
2026-07-07 15:01:12.608 [tid=6736] CreateFileMappingA input=00000E30 result=00000E34 err=0 name=(null) file=\\?\UNC\Mac\Home\Documents\mxd\BeiDou-Server\clien\Data\Item\Pet\5000301.img
2026-07-07 15:01:12.609 [tid=6736] MapViewOfFile mapping=00000E34 result=181E0000 err=0 access=0x00000004 offset=0:0 bytes=0
2026-07-07 15:01:12.613 [tid=6736] CreateFileMappingA input=00000E38 result=00000E3C err=0 name=(null) file=\\?\UNC\Mac\Home\Documents\mxd\BeiDou-Server\clien\Data\Item\Pet\5000301.img
2026-07-07 15:01:12.614 [tid=6736] MapViewOfFile mapping=00000E3C result=18210000 err=0 access=0x00000004 offset=0:0 bytes=0
2026-07-07 15:01:12.662 [tid=6736] CreateFileMappingA input=00000E40 result=00000E44 err=0 name=(null) file=\\?\UNC\Mac\Home\Documents\mxd\BeiDou-Server\clien\Data\Item\Pet\5000315.img
2026-07-07 15:01:12.663 [tid=6736] MapViewOfFile mapping=00000E44 result=126C0000 err=0 access=0x00000004 offset=0:0 bytes=0
2026-07-07 15:01:12.665 [tid=6736] CreateFileMappingA input=00000E48 result=00000E4C err=0 name=(null) file=\\?\UNC\Mac\Home\Documents\mxd\BeiDou-Server\clien\Data\Item\Pet\5000315.img
2026-07-07 15:01:12.666 [tid=6736] MapViewOfFile mapping=00000E4C result=17CA0000 err=0 access=0x00000004 offset=0:0 bytes=0
2026-07-07 15:01:12.717 [tid=6736] CreateFileMappingA input=00000E50 result=00000E54 err=0 name=(null) file=\\?\UNC\Mac\Home\Documents\mxd\BeiDou-Server\clien\Data\Item\Pet\5000473.img
2026-07-07 15:01:12.718 [tid=6736] MapViewOfFile mapping=00000E54 result=181E0000 err=0 access=0x00000004 offset=0:0 bytes=0
2026-07-07 15:01:12.721 [tid=6736] CreateFileMappingA input=00000E58 result=00000E5C err=0 name=(null) file=\\?\UNC\Mac\Home\Documents\mxd\BeiDou-Server\clien\Data\Item\Pet\5000473.img
2026-07-07 15:01:12.722 [tid=6736] MapViewOfFile mapping=00000E5C result=18240000 err=0 access=0x00000004 offset=0:0 bytes=0
2026-07-07 15:01:12.771 [tid=6736] CreateFileMappingA input=00000E60 result=00000E64 err=0 name=(null) file=\\?\UNC\Mac\Home\Documents\mxd\BeiDou-Server\clien\Data\Item\Pet\5000103.img
2026-07-07 15:01:12.772 [tid=6736] MapViewOfFile mapping=00000E64 result=17DD0000 err=0 access=0x00000004 offset=0:0 bytes=0
2026-07-07 15:01:12.774 [tid=6736] CreateFileMappingA input=00000E68 result=00000E6C err=0 name=(null) file=\\?\UNC\Mac\Home\Documents\mxd\BeiDou-Server\clien\Data\Item\Pet\5000103.img
2026-07-07 15:01:12.775 [tid=6736] MapViewOfFile mapping=00000E6C result=181E0000 err=0 access=0x00000004 offset=0:0 bytes=0
2026-07-07 15:01:12.816 [tid=6736] CreateFileMappingA input=00000E70 result=00000E74 err=0 name=(null) file=\\?\UNC\Mac\Home\Documents\mxd\BeiDou-Server\clien\Data\Item\Pet\5000117.img
2026-07-07 15:01:12.817 [tid=6736] MapViewOfFile mapping=00000E74 result=17DD0000 err=0 access=0x00000004 offset=0:0 bytes=0
2026-07-07 15:01:12.820 [tid=6736] CreateFileMappingA input=00000E7C result=00000E80 err=0 name=(null) file=\\?\UNC\Mac\Home\Documents\mxd\BeiDou-Server\clien\Data\Item\Pet\5000117.img
2026-07-07 15:01:12.821 [tid=6736] MapViewOfFile mapping=00000E80 result=18270000 err=0 access=0x00000004 offset=0:0 bytes=0
2026-07-07 15:01:12.856 [tid=6736] CreateFileMappingA input=00000E84 result=00000E88 err=0 name=(null) file=\\?\UNC\Mac\Home\Documents\mxd\BeiDou-Server\clien\Data\Item\Pet\5000116.img
2026-07-07 15:01:12.857 [tid=6736] MapViewOfFile mapping=00000E88 result=18290000 err=0 access=0x00000004 offset=0:0 bytes=0
2026-07-07 15:01:12.861 [tid=6736] CreateFileMappingA input=00000E8C result=00000E90 err=0 name=(null) file=\\?\UNC\Mac\Home\Documents\mxd\BeiDou-Server\clien\Data\Item\Pet\5000116.img
2026-07-07 15:01:12.863 [tid=6736] MapViewOfFile mapping=00000E90 result=182C0000 err=0 access=0x00000004 offset=0:0 bytes=0
2026-07-07 15:01:12.901 [tid=6736] CreateFileMappingA input=00000E94 result=00000E98 err=0 name=(null) file=\\?\UNC\Mac\Home\Documents\mxd\BeiDou-Server\clien\Data\Item\Pet\5000102.img
2026-07-07 15:01:12.902 [tid=6736] MapViewOfFile mapping=00000E98 result=182F0000 err=0 access=0x00000004 offset=0:0 bytes=0
2026-07-07 15:01:12.906 [tid=6736] CreateFileMappingA input=00000E9C result=00000EA0 err=0 name=(null) file=\\?\UNC\Mac\Home\Documents\mxd\BeiDou-Server\clien\Data\Item\Pet\5000102.img
2026-07-07 15:01:12.907 [tid=6736] MapViewOfFile mapping=00000EA0 result=18330000 err=0 access=0x00000004 offset=0:0 bytes=0
2026-07-07 15:01:12.961 [tid=6736] CreateFileMappingA input=00000EA8 result=00000EAC err=0 name=(null) file=\\?\UNC\Mac\Home\Documents\mxd\BeiDou-Server\clien\Data\Item\Pet\5000314.img
2026-07-07 15:01:12.961 [tid=6736] MapViewOfFile mapping=00000EAC result=18290000 err=0 access=0x00000004 offset=0:0 bytes=0
2026-07-07 15:01:12.964 [tid=6736] CreateFileMappingA input=00000EB0 result=00000EB4 err=0 name=(null) file=\\?\UNC\Mac\Home\Documents\mxd\BeiDou-Server\clien\Data\Item\Pet\5000314.img
2026-07-07 15:01:12.965 [tid=6736] MapViewOfFile mapping=00000EB4 result=182F0000 err=0 access=0x00000004 offset=0:0 bytes=0
2026-07-07 15:01:13.028 [tid=6736] CreateFileMappingA input=00000EB8 result=00000EBC err=0 name=(null) file=\\?\UNC\Mac\Home\Documents\mxd\BeiDou-Server\clien\Data\Item\Pet\5000466.img
2026-07-07 15:01:13.028 [tid=6736] MapViewOfFile mapping=00000EBC result=17DD0000 err=0 access=0x00000004 offset=0:0 bytes=0
2026-07-07 15:01:13.031 [tid=6736] CreateFileMappingA input=00000EC0 result=00000EC4 err=0 name=(null) file=\\?\UNC\Mac\Home\Documents\mxd\BeiDou-Server\clien\Data\Item\Pet\5000466.img
2026-07-07 15:01:13.032 [tid=6736] MapViewOfFile mapping=00000EC4 result=18290000 err=0 access=0x00000004 offset=0:0 bytes=0
2026-07-07 15:01:13.078 [tid=6736] CreateFileMappingA input=00000EC8 result=00000ECC err=0 name=(null) file=\\?\UNC\Mac\Home\Documents\mxd\BeiDou-Server\clien\Data\Item\Pet\5000300.img
2026-07-07 15:01:13.080 [tid=6736] MapViewOfFile mapping=00000ECC result=18370000 err=0 access=0x00000004 offset=0:0 bytes=0
2026-07-07 15:01:13.082 [tid=6736] CreateFileMappingA input=00000ED0 result=00000ED4 err=0 name=(null) file=\\?\UNC\Mac\Home\Documents\mxd\BeiDou-Server\clien\Data\Item\Pet\5000300.img
2026-07-07 15:01:13.083 [tid=6736] MapViewOfFile mapping=00000ED4 result=183B0000 err=0 access=0x00000004 offset=0:0 bytes=0
2026-07-07 15:01:13.150 [tid=6736] CreateFileMappingA input=00000ED8 result=00000EDC err=0 name=(null) file=\\?\UNC\Mac\Home\Documents\mxd\BeiDou-Server\clien\Data\Item\Pet\5000328.img
2026-07-07 15:01:13.151 [tid=6736] MapViewOfFile mapping=00000EDC result=18370000 err=0 access=0x00000004 offset=0:0 bytes=0
2026-07-07 15:01:13.153 [tid=6736] CreateFileMappingA input=00000EE0 result=00000EE4 err=0 name=(null) file=\\?\UNC\Mac\Home\Documents\mxd\BeiDou-Server\clien\Data\Item\Pet\5000328.img
2026-07-07 15:01:13.154 [tid=6736] MapViewOfFile mapping=00000EE4 result=183F0000 err=0 access=0x00000004 offset=0:0 bytes=0
2026-07-07 15:01:13.200 [tid=6736] CreateFileMappingA input=00000EE8 result=00000EEC err=0 name=(null) file=\\?\UNC\Mac\Home\Documents\mxd\BeiDou-Server\clien\Data\Item\Pet\5000274.img
2026-07-07 15:01:13.201 [tid=6736] MapViewOfFile mapping=00000EEC result=17DD0000 err=0 access=0x00000004 offset=0:0 bytes=0
2026-07-07 15:01:13.205 [tid=6736] CreateFileMappingA input=00000EF0 result=00000EF4 err=0 name=(null) file=\\?\UNC\Mac\Home\Documents\mxd\BeiDou-Server\clien\Data\Item\Pet\5000274.img
2026-07-07 15:01:13.207 [tid=6736] MapViewOfFile mapping=00000EF4 result=18370000 err=0 access=0x00000004 offset=0:0 bytes=0
2026-07-07 15:01:13.256 [tid=6736] CreateFileMappingA input=00000EF8 result=00000EFC err=0 name=(null) file=\\?\UNC\Mac\Home\Documents\mxd\BeiDou-Server\clien\Data\Item\Pet\5000089.img
2026-07-07 15:01:13.256 [tid=6736] MapViewOfFile mapping=00000EFC result=17DD0000 err=0 access=0x00000004 offset=0:0 bytes=0
2026-07-07 15:01:13.259 [tid=6736] CreateFileMappingA input=00000F00 result=00000F04 err=0 name=(null) file=\\?\UNC\Mac\Home\Documents\mxd\BeiDou-Server\clien\Data\Item\Pet\5000089.img
2026-07-07 15:01:13.260 [tid=6736] MapViewOfFile mapping=00000F04 result=18390000 err=0 access=0x00000004 offset=0:0 bytes=0
2026-07-07 15:01:13.307 [tid=6736] CreateFileMappingA input=00000F08 result=00000F0C err=0 name=(null) file=\\?\UNC\Mac\Home\Documents\mxd\BeiDou-Server\clien\Data\Item\Pet\5000062.img
2026-07-07 15:01:13.308 [tid=6736] MapViewOfFile mapping=00000F0C result=17DD0000 err=0 access=0x00000004 offset=0:0 bytes=0
2026-07-07 15:01:13.310 [tid=6736] CreateFileMappingA input=00000F10 result=00000F14 err=0 name=(null) file=\\?\UNC\Mac\Home\Documents\mxd\BeiDou-Server\clien\Data\Item\Pet\5000062.img
2026-07-07 15:01:13.311 [tid=6736] MapViewOfFile mapping=00000F14 result=18430000 err=0 access=0x00000004 offset=0:0 bytes=0
2026-07-07 15:01:13.344 [tid=6736] CreateFileMappingA input=00000F1C result=00000F20 err=0 name=(null) file=\\?\UNC\Mac\Home\Documents\mxd\BeiDou-Server\clien\Data\Item\Pet\5000076.img
2026-07-07 15:01:13.346 [tid=6736] MapViewOfFile mapping=00000F20 result=126C0000 err=0 access=0x00000004 offset=0:0 bytes=0
2026-07-07 15:01:13.351 [tid=6736] CreateFileMappingA input=00000F24 result=00000F28 err=0 name=(null) file=\\?\UNC\Mac\Home\Documents\mxd\BeiDou-Server\clien\Data\Item\Pet\5000076.img
2026-07-07 15:01:13.353 [tid=6736] MapViewOfFile mapping=00000F28 result=17CF0000 err=0 access=0x00000004 offset=0:0 bytes=0
2026-07-07 15:01:13.411 [tid=6736] CreateFileMappingA input=00000F2C result=00000F30 err=0 name=(null) file=\\?\UNC\Mac\Home\Documents\mxd\BeiDou-Server\clien\Data\Item\Pet\5000072.img
2026-07-07 15:01:13.413 [tid=6736] MapViewOfFile mapping=00000F30 result=17DD0000 err=0 access=0x00000004 offset=0:0 bytes=0
2026-07-07 15:01:13.417 [tid=6736] CreateFileMappingA input=00000F34 result=00000F38 err=0 name=(null) file=\\?\UNC\Mac\Home\Documents\mxd\BeiDou-Server\clien\Data\Item\Pet\5000072.img
2026-07-07 15:01:13.418 [tid=6736] MapViewOfFile mapping=00000F38 result=18450000 err=0 access=0x00000004 offset=0:0 bytes=0
2026-07-07 15:01:13.462 [tid=6736] CreateFileMappingA input=00000F3C result=00000F40 err=0 name=(null) file=\\?\UNC\Mac\Home\Documents\mxd\BeiDou-Server\clien\Data\Item\Pet\5000066.img
2026-07-07 15:01:13.464 [tid=6736] MapViewOfFile mapping=00000F40 result=18470000 err=0 access=0x00000004 offset=0:0 bytes=0
2026-07-07 15:01:13.466 [tid=6736] CreateFileMappingA input=00000F44 result=00000F48 err=0 name=(null) file=\\?\UNC\Mac\Home\Documents\mxd\BeiDou-Server\clien\Data\Item\Pet\5000066.img
2026-07-07 15:01:13.467 [tid=6736] MapViewOfFile mapping=00000F48 result=184D0000 err=0 access=0x00000004 offset=0:0 bytes=0
2026-07-07 15:01:13.526 [tid=6736] CreateFileMappingA input=00000F4C result=00000F50 err=0 name=(null) file=\\?\UNC\Mac\Home\Documents\mxd\BeiDou-Server\clien\Data\Item\Pet\5000099.img
2026-07-07 15:01:13.527 [tid=6736] MapViewOfFile mapping=00000F50 result=17DD0000 err=0 access=0x00000004 offset=0:0 bytes=0
2026-07-07 15:01:13.530 [tid=6736] CreateFileMappingA input=00000F54 result=00000F58 err=0 name=(null) file=\\?\UNC\Mac\Home\Documents\mxd\BeiDou-Server\clien\Data\Item\Pet\5000099.img
2026-07-07 15:01:13.532 [tid=6736] MapViewOfFile mapping=00000F58 result=18470000 err=0 access=0x00000004 offset=0:0 bytes=0
2026-07-07 15:01:13.567 [tid=6736] CreateFileMappingA input=00000F5C result=00000F60 err=0 name=(null) file=\\?\UNC\Mac\Home\Documents\mxd\BeiDou-Server\clien\Data\Item\Pet\5000270.img
2026-07-07 15:01:13.567 [tid=6736] MapViewOfFile mapping=00000F60 result=17DD0000 err=0 access=0x00000004 offset=0:0 bytes=0
2026-07-07 15:01:13.570 [tid=6736] CreateFileMappingA input=00000F68 result=00000F6C err=0 name=(null) file=\\?\UNC\Mac\Home\Documents\mxd\BeiDou-Server\clien\Data\Item\Pet\5000270.img
2026-07-07 15:01:13.571 [tid=6736] MapViewOfFile mapping=00000F6C result=18490000 err=0 access=0x00000004 offset=0:0 bytes=0
2026-07-07 15:01:13.611 [tid=6736] CreateFileMappingA input=00000F70 result=00000F74 err=0 name=(null) file=\\?\UNC\Mac\Home\Documents\mxd\BeiDou-Server\clien\Data\Item\Pet\5000264.img
2026-07-07 15:01:13.613 [tid=6736] MapViewOfFile mapping=00000F74 result=17DD0000 err=0 access=0x00000004 offset=0:0 bytes=0
2026-07-07 15:01:13.615 [tid=6736] CreateFileMappingA input=00000F78 result=00000F7C err=0 name=(null) file=\\?\UNC\Mac\Home\Documents\mxd\BeiDou-Server\clien\Data\Item\Pet\5000264.img
2026-07-07 15:01:13.616 [tid=6736] MapViewOfFile mapping=00000F7C result=184B0000 err=0 access=0x00000004 offset=0:0 bytes=0
2026-07-07 15:01:13.673 [tid=6736] CreateFileMappingA input=00000F80 result=00000F84 err=0 name=(null) file=\\?\UNC\Mac\Home\Documents\mxd\BeiDou-Server\clien\Data\Item\Pet\5000258.img
2026-07-07 15:01:13.674 [tid=6736] MapViewOfFile mapping=00000F84 result=17DD0000 err=0 access=0x00000004 offset=0:0 bytes=0
2026-07-07 15:01:13.676 [tid=6736] CreateFileMappingA input=00000F88 result=00000F8C err=0 name=(null) file=\\?\UNC\Mac\Home\Documents\mxd\BeiDou-Server\clien\Data\Item\Pet\5000258.img
2026-07-07 15:01:13.676 [tid=6736] MapViewOfFile mapping=00000F8C result=18530000 err=0 access=0x00000004 offset=0:0 bytes=0
2026-07-07 15:01:13.718 [tid=6736] CreateFileMappingA input=00000F70 result=00000F90 err=0 name=(null) file=\\?\UNC\Mac\Home\Documents\mxd\BeiDou-Server\clien\Data\Item\Pet\5000304.img
2026-07-07 15:01:13.720 [tid=6736] MapViewOfFile mapping=00000F90 result=18550000 err=0 access=0x00000004 offset=0:0 bytes=0
2026-07-07 15:01:13.724 [tid=6736] CreateFileMappingA input=00000F94 result=00000F98 err=0 name=(null) file=\\?\UNC\Mac\Home\Documents\mxd\BeiDou-Server\clien\Data\Item\Pet\5000304.img
2026-07-07 15:01:13.725 [tid=6736] MapViewOfFile mapping=00000F98 result=185A0000 err=0 access=0x00000004 offset=0:0 bytes=0
2026-07-07 15:01:13.772 [tid=6736] CreateFileMappingA input=00000F9C result=00000FA0 err=0 name=(null) file=\\?\UNC\Mac\Home\Documents\mxd\BeiDou-Server\clien\Data\Item\Pet\5000462.img
2026-07-07 15:01:13.773 [tid=6736] MapViewOfFile mapping=00000FA0 result=17DD0000 err=0 access=0x00000004 offset=0:0 bytes=0
2026-07-07 15:01:13.776 [tid=6736] CreateFileMappingA input=00000FA4 result=00000FA8 err=0 name=(null) file=\\?\UNC\Mac\Home\Documents\mxd\BeiDou-Server\clien\Data\Item\Pet\5000462.img
2026-07-07 15:01:13.776 [tid=6736] MapViewOfFile mapping=00000FA8 result=18550000 err=0 access=0x00000004 offset=0:0 bytes=0
2026-07-07 15:01:13.813 [tid=6736] CreateFileMappingA input=00000FAC result=00000FB0 err=0 name=(null) file=\\?\UNC\Mac\Home\Documents\mxd\BeiDou-Server\clien\Data\Item\Pet\5000476.img
2026-07-07 15:01:13.814 [tid=6736] MapViewOfFile mapping=00000FB0 result=18570000 err=0 access=0x00000004 offset=0:0 bytes=0
2026-07-07 15:01:13.815 [tid=6736] CreateFileMappingA input=00000FB4 result=00000FB8 err=0 name=(null) file=\\?\UNC\Mac\Home\Documents\mxd\BeiDou-Server\clien\Data\Item\Pet\5000476.img
2026-07-07 15:01:13.816 [tid=6736] MapViewOfFile mapping=00000FB8 result=185F0000 err=0 access=0x00000004 offset=0:0 bytes=0
2026-07-07 15:01:13.860 [tid=6736] CreateFileMappingA input=00000FBC result=00000FC0 err=0 name=(null) file=\\?\UNC\Mac\Home\Documents\mxd\BeiDou-Server\clien\Data\Item\Pet\5000310.img
2026-07-07 15:01:13.861 [tid=6736] MapViewOfFile mapping=00000FC0 result=18620000 err=0 access=0x00000004 offset=0:0 bytes=0
2026-07-07 15:01:13.864 [tid=6736] CreateFileMappingA input=00000FC4 result=00000FC8 err=0 name=(null) file=\\?\UNC\Mac\Home\Documents\mxd\BeiDou-Server\clien\Data\Item\Pet\5000310.img
2026-07-07 15:01:13.865 [tid=6736] MapViewOfFile mapping=00000FC8 result=18660000 err=0 access=0x00000004 offset=0:0 bytes=0
2026-07-07 15:01:13.909 [tid=6736] CreateFileMappingA input=00000FCC result=00000FD0 err=0 name=(null) file=\\?\UNC\Mac\Home\Documents\mxd\BeiDou-Server\clien\Data\Item\Pet\5000106.img
2026-07-07 15:01:13.910 [tid=6736] MapViewOfFile mapping=00000FD0 result=17DD0000 err=0 access=0x00000004 offset=0:0 bytes=0
2026-07-07 15:01:13.913 [tid=6736] CreateFileMappingA input=00000FD4 result=00000FD8 err=0 name=(null) file=\\?\UNC\Mac\Home\Documents\mxd\BeiDou-Server\clien\Data\Item\Pet\5000106.img
2026-07-07 15:01:13.914 [tid=6736] MapViewOfFile mapping=00000FD8 result=18570000 err=0 access=0x00000004 offset=0:0 bytes=0
2026-07-07 15:01:13.945 [tid=6736] CreateFileMappingA input=00000FDC result=00000FE0 err=0 name=(null) file=\\?\UNC\Mac\Home\Documents\mxd\BeiDou-Server\clien\Data\Item\Pet\5000112.img
2026-07-07 15:01:13.946 [tid=6736] MapViewOfFile mapping=00000FE0 result=126C0000 err=0 access=0x00000004 offset=0:0 bytes=0
2026-07-07 15:01:13.948 [tid=6736] CreateFileMappingA input=00000FE4 result=00000FE8 err=0 name=(null) file=\\?\UNC\Mac\Home\Documents\mxd\BeiDou-Server\clien\Data\Item\Pet\5000112.img
2026-07-07 15:01:13.949 [tid=6736] MapViewOfFile mapping=00000FE8 result=17DD0000 err=0 access=0x00000004 offset=0:0 bytes=0
2026-07-07 15:01:13.986 [tid=6736] CreateFileMappingA input=00000FEC result=00000FF0 err=0 name=(null) file=\\?\UNC\Mac\Home\Documents\mxd\BeiDou-Server\clien\Data\Item\Pet\5000113.img
2026-07-07 15:01:13.987 [tid=6736] MapViewOfFile mapping=00000FF0 result=126C0000 err=0 access=0x00000004 offset=0:0 bytes=0
2026-07-07 15:01:13.989 [tid=6736] CreateFileMappingA input=00000FF4 result=00000FF8 err=0 name=(null) file=\\?\UNC\Mac\Home\Documents\mxd\BeiDou-Server\clien\Data\Item\Pet\5000113.img
2026-07-07 15:01:13.990 [tid=6736] MapViewOfFile mapping=00000FF8 result=17DE0000 err=0 access=0x00000004 offset=0:0 bytes=0
2026-07-07 15:01:14.028 [tid=6736] CreateFileMappingA input=00000FFC result=00000FBC err=0 name=(null) file=\\?\UNC\Mac\Home\Documents\mxd\BeiDou-Server\clien\Data\Item\Pet\5000107.img
2026-07-07 15:01:14.029 [tid=6736] MapViewOfFile mapping=00000FBC result=18620000 err=0 access=0x00000004 offset=0:0 bytes=0
2026-07-07 15:01:14.031 [tid=6736] CreateFileMappingA input=00000FC0 result=00000F18 err=0 name=(null) file=\\?\UNC\Mac\Home\Documents\mxd\BeiDou-Server\clien\Data\Item\Pet\5000107.img
2026-07-07 15:01:14.032 [tid=6736] MapViewOfFile mapping=00000F18 result=18640000 err=0 access=0x00000004 offset=0:0 bytes=0
2026-07-07 15:01:14.067 [tid=6736] CreateFileMappingA input=00000EE8 result=00000EEC err=0 name=(null) file=\\?\UNC\Mac\Home\Documents\mxd\BeiDou-Server\clien\Data\Item\Pet\5000311.img
2026-07-07 15:01:14.067 [tid=6736] MapViewOfFile mapping=00000EEC result=186A0000 err=0 access=0x00000004 offset=0:0 bytes=0
2026-07-07 15:01:14.070 [tid=6736] CreateFileMappingA input=00000ED8 result=00000EDC err=0 name=(null) file=\\?\UNC\Mac\Home\Documents\mxd\BeiDou-Server\clien\Data\Item\Pet\5000311.img
2026-07-07 15:01:14.071 [tid=6736] MapViewOfFile mapping=00000EDC result=186E0000 err=0 access=0x00000004 offset=0:0 bytes=0
2026-07-07 15:01:14.112 [tid=6736] CreateFileMappingA input=00000EA4 result=00000EE8 err=0 name=(null) file=\\?\UNC\Mac\Home\Documents\mxd\BeiDou-Server\clien\Data\Item\Pet\5000305.img
2026-07-07 15:01:14.113 [tid=6736] MapViewOfFile mapping=00000EE8 result=186A0000 err=0 access=0x00000004 offset=0:0 bytes=0
2026-07-07 15:01:14.116 [tid=6736] CreateFileMappingA input=00000EEC result=00000E78 err=0 name=(null) file=\\?\UNC\Mac\Home\Documents\mxd\BeiDou-Server\clien\Data\Item\Pet\5000305.img
2026-07-07 15:01:14.117 [tid=6736] MapViewOfFile mapping=00000E78 result=18720000 err=0 access=0x00000004 offset=0:0 bytes=0
2026-07-07 15:01:14.178 [tid=6736] CreateFileMappingA input=00000E34 result=00000E30 err=0 name=(null) file=\\?\UNC\Mac\Home\Documents\mxd\BeiDou-Server\clien\Data\Item\Pet\5000271.img
2026-07-07 15:01:14.180 [tid=6736] MapViewOfFile mapping=00000E30 result=126C0000 err=0 access=0x00000004 offset=0:0 bytes=0
2026-07-07 15:01:14.186 [tid=6736] CreateFileMappingA input=00000E24 result=00000DC0 err=0 name=(null) file=\\?\UNC\Mac\Home\Documents\mxd\BeiDou-Server\clien\Data\Item\Pet\5000271.img
2026-07-07 15:01:14.187 [tid=6736] MapViewOfFile mapping=00000DC0 result=17E30000 err=0 access=0x00000004 offset=0:0 bytes=0
2026-07-07 15:01:14.234 [tid=6736] CreateFileMappingA input=00000D5C result=00000D38 err=0 name=(null) file=\\?\UNC\Mac\Home\Documents\mxd\BeiDou-Server\clien\Data\Item\Pet\5000098.img
2026-07-07 15:01:14.235 [tid=6736] MapViewOfFile mapping=00000D38 result=18620000 err=0 access=0x00000004 offset=0:0 bytes=0
2026-07-07 15:01:14.239 [tid=6736] CreateFileMappingA input=00000D3C result=00000D48 err=0 name=(null) file=\\?\UNC\Mac\Home\Documents\mxd\BeiDou-Server\clien\Data\Item\Pet\5000098.img
2026-07-07 15:01:14.239 [tid=6736] MapViewOfFile mapping=00000D48 result=186A0000 err=0 access=0x00000004 offset=0:0 bytes=0
2026-07-07 15:01:14.291 [tid=6736] CreateFileMappingA input=00000D28 result=00000D2C err=0 name=(null) file=\\?\UNC\Mac\Home\Documents\mxd\BeiDou-Server\clien\Data\Item\Pet\5000067.img
2026-07-07 15:01:14.291 [tid=6736] MapViewOfFile mapping=00000D2C result=19730000 err=0 access=0x00000004 offset=0:0 bytes=0
2026-07-07 15:01:14.293 [tid=6736] CreateFileMappingA input=00000C78 result=00000C7C err=0 name=(null) file=\\?\UNC\Mac\Home\Documents\mxd\BeiDou-Server\clien\Data\Item\Pet\5000067.img
2026-07-07 15:01:14.294 [tid=6736] MapViewOfFile mapping=00000C7C result=19780000 err=0 access=0x00000004 offset=0:0 bytes=0
2026-07-07 15:01:14.314 [tid=6736] CreateFileMappingA input=00000C58 result=00000C5C err=0 name=(null) file=\\?\UNC\Mac\Home\Documents\mxd\BeiDou-Server\clien\Data\Item\Pet\5000701.img
2026-07-07 15:01:14.316 [tid=6736] MapViewOfFile mapping=00000C5C result=126C0000 err=0 access=0x00000004 offset=0:0 bytes=0
2026-07-07 15:01:14.318 [tid=6736] CreateFileMappingA input=00000C28 result=00000C3C err=0 name=(null) file=\\?\UNC\Mac\Home\Documents\mxd\BeiDou-Server\clien\Data\Item\Pet\5000701.img
2026-07-07 15:01:14.319 [tid=6736] MapViewOfFile mapping=00000C3C result=17FA0000 err=0 access=0x00000004 offset=0:0 bytes=0
2026-07-07 15:01:14.347 [tid=6736] CreateFileMappingA input=00000C2C result=00000D28 err=0 name=(null) file=\\?\UNC\Mac\Home\Documents\mxd\BeiDou-Server\clien\Data\Item\Pet\5000073.img
2026-07-07 15:01:14.348 [tid=6736] MapViewOfFile mapping=00000D28 result=18620000 err=0 access=0x00000004 offset=0:0 bytes=0
2026-07-07 15:01:14.350 [tid=6736] CreateFileMappingA input=00000D2C result=00000E34 err=0 name=(null) file=\\?\UNC\Mac\Home\Documents\mxd\BeiDou-Server\clien\Data\Item\Pet\5000073.img
2026-07-07 15:01:14.351 [tid=6736] MapViewOfFile mapping=00000E34 result=186C0000 err=0 access=0x00000004 offset=0:0 bytes=0
2026-07-07 15:01:14.384 [tid=6736] CreateFileMappingA input=00000E30 result=00000C2C err=0 name=(null) file=\\?\UNC\Mac\Home\Documents\mxd\BeiDou-Server\clien\Data\Item\Pet\5000065.img
2026-07-07 15:01:14.385 [tid=6736] MapViewOfFile mapping=00000C2C result=18620000 err=0 access=0x00000004 offset=0:0 bytes=0
2026-07-07 15:01:14.388 [tid=6736] CreateFileMappingA input=00000D28 result=00000EA4 err=0 name=(null) file=\\?\UNC\Mac\Home\Documents\mxd\BeiDou-Server\clien\Data\Item\Pet\5000065.img
2026-07-07 15:01:14.389 [tid=6736] MapViewOfFile mapping=00000EA4 result=19730000 err=0 access=0x00000004 offset=0:0 bytes=0
2026-07-07 15:01:14.434 [tid=6736] CreateFileMappingA input=00000EE8 result=00000E30 err=0 name=(null) file=\\?\UNC\Mac\Home\Documents\mxd\BeiDou-Server\clien\Data\Item\Pet\5000071.img
2026-07-07 15:01:14.435 [tid=6736] MapViewOfFile mapping=00000E30 result=18620000 err=0 access=0x00000004 offset=0:0 bytes=0
2026-07-07 15:01:14.438 [tid=6736] CreateFileMappingA input=00000C2C result=00000FFC err=0 name=(null) file=\\?\UNC\Mac\Home\Documents\mxd\BeiDou-Server\clien\Data\Item\Pet\5000071.img
2026-07-07 15:01:14.439 [tid=6736] MapViewOfFile mapping=00000FFC result=19750000 err=0 access=0x00000004 offset=0:0 bytes=0
2026-07-07 15:01:14.482 [tid=6736] CreateFileMappingA input=00000FBC result=00000FDC err=0 name=(null) file=\\?\UNC\Mac\Home\Documents\mxd\BeiDou-Server\clien\Data\Item\Pet\5000059.img
2026-07-07 15:01:14.483 [tid=6736] MapViewOfFile mapping=00000FDC result=197D0000 err=0 access=0x00000004 offset=0:0 bytes=0
2026-07-07 15:01:14.485 [tid=6736] CreateFileMappingA input=00000FE0 result=00000FCC err=0 name=(null) file=\\?\UNC\Mac\Home\Documents\mxd\BeiDou-Server\clien\Data\Item\Pet\5000059.img
2026-07-07 15:01:14.486 [tid=6736] MapViewOfFile mapping=00000FCC result=19810000 err=0 access=0x00000004 offset=0:0 bytes=0
2026-07-07 15:01:14.519 [tid=6736] CreateFileMappingA input=00000FD0 result=00000FBC err=0 name=(null) file=\\?\UNC\Mac\Home\Documents\mxd\BeiDou-Server\clien\Data\Item\Pet\5000267.img
2026-07-07 15:01:14.520 [tid=6736] MapViewOfFile mapping=00000FBC result=197D0000 err=0 access=0x00000004 offset=0:0 bytes=0
2026-07-07 15:01:14.523 [tid=6736] CreateFileMappingA input=00000FDC result=00000F9C err=0 name=(null) file=\\?\UNC\Mac\Home\Documents\mxd\BeiDou-Server\clien\Data\Item\Pet\5000267.img
2026-07-07 15:01:14.524 [tid=6736] MapViewOfFile mapping=00000F9C result=19850000 err=0 access=0x00000004 offset=0:0 bytes=0
2026-07-07 15:01:14.566 [tid=6736] CreateFileMappingA input=00000FA0 result=00000FD0 err=0 name=(null) file=\\?\UNC\Mac\Home\Documents\mxd\BeiDou-Server\clien\Data\Item\Pet\5000273.img
2026-07-07 15:01:14.567 [tid=6736] MapViewOfFile mapping=00000FD0 result=126C0000 err=0 access=0x00000004 offset=0:0 bytes=0
2026-07-07 15:01:14.570 [tid=6736] CreateFileMappingA input=00000FBC result=00000F70 err=0 name=(null) file=\\?\UNC\Mac\Home\Documents\mxd\BeiDou-Server\clien\Data\Item\Pet\5000273.img
2026-07-07 15:01:14.571 [tid=6736] MapViewOfFile mapping=00000F70 result=180B0000 err=0 access=0x00000004 offset=0:0 bytes=0
2026-07-07 15:01:14.625 [tid=6736] CreateFileMappingA input=00000F90 result=00000FA0 err=0 name=(null) file=\\?\UNC\Mac\Home\Documents\mxd\BeiDou-Server\clien\Data\Item\Pet\5000529.img
2026-07-07 15:01:14.627 [tid=6736] MapViewOfFile mapping=00000FA0 result=197D0000 err=0 access=0x00000004 offset=0:0 bytes=0
2026-07-07 15:01:14.630 [tid=6736] CreateFileMappingA input=00000FD0 result=00000F80 err=0 name=(null) file=\\?\UNC\Mac\Home\Documents\mxd\BeiDou-Server\clien\Data\Item\Pet\5000529.img
2026-07-07 15:01:14.631 [tid=6736] MapViewOfFile mapping=00000F80 result=19890000 err=0 access=0x00000004 offset=0:0 bytes=0
2026-07-07 15:01:14.679 [tid=6736] CreateFileMappingA input=00000F84 result=00000F90 err=0 name=(null) file=\\?\UNC\Mac\Home\Documents\mxd\BeiDou-Server\clien\Data\Item\Pet\5000298.img
2026-07-07 15:01:14.680 [tid=6736] MapViewOfFile mapping=00000F90 result=18620000 err=0 access=0x00000004 offset=0:0 bytes=0
2026-07-07 15:01:14.683 [tid=6736] CreateFileMappingA input=00000FA0 result=00000F74 err=0 name=(null) file=\\?\UNC\Mac\Home\Documents\mxd\BeiDou-Server\clien\Data\Item\Pet\5000298.img
2026-07-07 15:01:14.683 [tid=6736] MapViewOfFile mapping=00000F74 result=197D0000 err=0 access=0x00000004 offset=0:0 bytes=0
2026-07-07 15:01:14.728 [tid=6736] CreateFileMappingA input=00000F64 result=00000F2C err=0 name=(null) file=\\?\UNC\Mac\Home\Documents\mxd\BeiDou-Server\clien\Data\Item\Pet\5000475.img
2026-07-07 15:01:14.730 [tid=6736] MapViewOfFile mapping=00000F2C result=18620000 err=0 access=0x00000004 offset=0:0 bytes=0
2026-07-07 15:01:14.732 [tid=6736] CreateFileMappingA input=00000F30 result=00000F1C err=0 name=(null) file=\\?\UNC\Mac\Home\Documents\mxd\BeiDou-Server\clien\Data\Item\Pet\5000475.img
2026-07-07 15:01:14.733 [tid=6736] MapViewOfFile mapping=00000F1C result=197F0000 err=0 access=0x00000004 offset=0:0 bytes=0
2026-07-07 15:01:14.781 [tid=6736] CreateFileMappingA input=00000F20 result=00000F64 err=0 name=(null) file=\\?\UNC\Mac\Home\Documents\mxd\BeiDou-Server\clien\Data\Item\Pet\5000461.img
2026-07-07 15:01:14.782 [tid=6736] MapViewOfFile mapping=00000F64 result=18620000 err=0 access=0x00000004 offset=0:0 bytes=0
2026-07-07 15:01:14.784 [tid=6736] CreateFileMappingA input=00000F2C result=00000F08 err=0 name=(null) file=\\?\UNC\Mac\Home\Documents\mxd\BeiDou-Server\clien\Data\Item\Pet\5000461.img
2026-07-07 15:01:14.785 [tid=6736] MapViewOfFile mapping=00000F08 result=198D0000 err=0 access=0x00000004 offset=0:0 bytes=0
2026-07-07 15:01:14.831 [tid=6736] CreateFileMappingA input=00000F0C result=00000F20 err=0 name=(null) file=\\?\UNC\Mac\Home\Documents\mxd\BeiDou-Server\clien\Data\Item\Pet\5000307.img
2026-07-07 15:01:14.832 [tid=6736] MapViewOfFile mapping=00000F20 result=198F0000 err=0 access=0x00000004 offset=0:0 bytes=0
2026-07-07 15:01:14.837 [tid=6736] CreateFileMappingA input=00000F64 result=00000EF8 err=0 name=(null) file=\\?\UNC\Mac\Home\Documents\mxd\BeiDou-Server\clien\Data\Item\Pet\5000307.img
2026-07-07 15:01:14.838 [tid=6736] MapViewOfFile mapping=00000EF8 result=19930000 err=0 access=0x00000004 offset=0:0 bytes=0
2026-07-07 15:01:14.890 [tid=6736] CreateFileMappingA input=00000EFC result=00000F0C err=0 name=(null) file=\\?\UNC\Mac\Home\Documents\mxd\BeiDou-Server\clien\Data\Item\Pet\5000111.img
2026-07-07 15:01:14.891 [tid=6736] MapViewOfFile mapping=00000F0C result=126C0000 err=0 access=0x00000004 offset=0:0 bytes=0
2026-07-07 15:01:14.893 [tid=6736] CreateFileMappingA input=00000F20 result=00000EC8 err=0 name=(null) file=\\?\UNC\Mac\Home\Documents\mxd\BeiDou-Server\clien\Data\Item\Pet\5000111.img
2026-07-07 15:01:14.894 [tid=6736] MapViewOfFile mapping=00000EC8 result=18200000 err=0 access=0x00000004 offset=0:0 bytes=0
2026-07-07 15:01:14.925 [tid=6736] CreateFileMappingA input=00000EB8 result=00000ECC err=0 name=(null) file=\\?\UNC\Mac\Home\Documents\mxd\BeiDou-Server\clien\Data\Item\Pet\5000105.img
2026-07-07 15:01:14.926 [tid=6736] MapViewOfFile mapping=00000ECC result=18620000 err=0 access=0x00000004 offset=0:0 bytes=0
2026-07-07 15:01:14.928 [tid=6736] CreateFileMappingA input=00000EFC result=00000F0C err=0 name=(null) file=\\?\UNC\Mac\Home\Documents\mxd\BeiDou-Server\clien\Data\Item\Pet\5000105.img
2026-07-07 15:01:14.929 [tid=6736] MapViewOfFile mapping=00000F0C result=198F0000 err=0 access=0x00000004 offset=0:0 bytes=0
2026-07-07 15:01:14.961 [tid=6736] CreateFileMappingA input=00000EBC result=00000EA8 err=0 name=(null) file=\\?\UNC\Mac\Home\Documents\mxd\BeiDou-Server\clien\Data\Item\Pet\5000104.img
2026-07-07 15:01:14.963 [tid=6736] MapViewOfFile mapping=00000EA8 result=18620000 err=0 access=0x00000004 offset=0:0 bytes=0
2026-07-07 15:01:14.965 [tid=6736] CreateFileMappingA input=00000EAC result=00000E94 err=0 name=(null) file=\\?\UNC\Mac\Home\Documents\mxd\BeiDou-Server\clien\Data\Item\Pet\5000104.img
2026-07-07 15:01:14.965 [tid=6736] MapViewOfFile mapping=00000E94 result=19910000 err=0 access=0x00000004 offset=0:0 bytes=0
2026-07-07 15:01:14.995 [tid=6736] CreateFileMappingA input=00000E70 result=00000E98 err=0 name=(null) file=\\?\UNC\Mac\Home\Documents\mxd\BeiDou-Server\clien\Data\Item\Pet\5000110.img
2026-07-07 15:01:14.996 [tid=6736] MapViewOfFile mapping=00000E98 result=18620000 err=0 access=0x00000004 offset=0:0 bytes=0
2026-07-07 15:01:14.998 [tid=6736] CreateFileMappingA input=00000EBC result=00000EA8 err=0 name=(null) file=\\?\UNC\Mac\Home\Documents\mxd\BeiDou-Server\clien\Data\Item\Pet\5000110.img
2026-07-07 15:01:14.999 [tid=6736] MapViewOfFile mapping=00000EA8 result=19970000 err=0 access=0x00000004 offset=0:0 bytes=0
2026-07-07 15:01:15.040 [tid=6736] CreateFileMappingA input=00000E74 result=00000E70 err=0 name=(null) file=\\?\UNC\Mac\Home\Documents\mxd\BeiDou-Server\clien\Data\Item\Pet\5000448.img
2026-07-07 15:01:15.041 [tid=6736] MapViewOfFile mapping=00000E70 result=18620000 err=0 access=0x00000004 offset=0:0 bytes=0
2026-07-07 15:01:15.043 [tid=6736] CreateFileMappingA input=00000E98 result=00000E50 err=0 name=(null) file=\\?\UNC\Mac\Home\Documents\mxd\BeiDou-Server\clien\Data\Item\Pet\5000448.img
2026-07-07 15:01:15.043 [tid=6736] MapViewOfFile mapping=00000E50 result=19990000 err=0 access=0x00000004 offset=0:0 bytes=0
2026-07-07 15:01:15.082 [tid=6736] CreateFileMappingA input=00000E54 result=00000E40 err=0 name=(null) file=\\?\UNC\Mac\Home\Documents\mxd\BeiDou-Server\clien\Data\Item\Pet\5000460.img
2026-07-07 15:01:15.082 [tid=6736] MapViewOfFile mapping=00000E40 result=18620000 err=0 access=0x00000004 offset=0:0 bytes=0
2026-07-07 15:01:15.085 [tid=6736] CreateFileMappingA input=00000E44 result=00000E1C err=0 name=(null) file=\\?\UNC\Mac\Home\Documents\mxd\BeiDou-Server\clien\Data\Item\Pet\5000460.img
2026-07-07 15:01:15.085 [tid=6736] MapViewOfFile mapping=00000E1C result=199B0000 err=0 access=0x00000004 offset=0:0 bytes=0
2026-07-07 15:01:15.128 [tid=6736] CreateFileMappingA input=00000E20 result=00000E0C err=0 name=(null) file=\\?\UNC\Mac\Home\Documents\mxd\BeiDou-Server\clien\Data\Item\Pet\5000306.img
2026-07-07 15:01:15.131 [tid=6736] MapViewOfFile mapping=00000E0C result=199D0000 err=0 access=0x00000004 offset=0:0 bytes=0
2026-07-07 15:01:15.133 [tid=6736] CreateFileMappingA input=00000E10 result=00000DFC err=0 name=(null) file=\\?\UNC\Mac\Home\Documents\mxd\BeiDou-Server\clien\Data\Item\Pet\5000306.img
2026-07-07 15:01:15.134 [tid=6736] MapViewOfFile mapping=00000DFC result=19A10000 err=0 access=0x00000004 offset=0:0 bytes=0
2026-07-07 15:01:15.204 [tid=6736] CreateFileMappingA input=00000E00 result=00000DEC err=0 name=(null) file=\\?\UNC\Mac\Home\Documents\mxd\BeiDou-Server\clien\Data\Item\Pet\5000474.img
2026-07-07 15:01:15.206 [tid=6736] MapViewOfFile mapping=00000DEC result=18620000 err=0 access=0x00000004 offset=0:0 bytes=0
2026-07-07 15:01:15.209 [tid=6736] CreateFileMappingA input=00000DF0 result=00000DB8 err=0 name=(null) file=\\?\UNC\Mac\Home\Documents\mxd\BeiDou-Server\clien\Data\Item\Pet\5000474.img
2026-07-07 15:01:15.210 [tid=6736] MapViewOfFile mapping=00000DB8 result=199D0000 err=0 access=0x00000004 offset=0:0 bytes=0
2026-07-07 15:01:15.258 [tid=6736] CreateFileMappingA input=00000DBC result=00000E00 err=0 name=(null) file=\\?\UNC\Mac\Home\Documents\mxd\BeiDou-Server\clien\Data\Item\Pet\5000299.img
2026-07-07 15:01:15.259 [tid=6736] MapViewOfFile mapping=00000E00 result=19A50000 err=0 access=0x00000004 offset=0:0 bytes=0
2026-07-07 15:01:15.263 [tid=6736] CreateFileMappingA input=00000DEC result=00000DA8 err=0 name=(null) file=\\?\UNC\Mac\Home\Documents\mxd\BeiDou-Server\clien\Data\Item\Pet\5000299.img
2026-07-07 15:01:15.264 [tid=6736] MapViewOfFile mapping=00000DA8 result=19A90000 err=0 access=0x00000004 offset=0:0 bytes=0
2026-07-07 15:01:15.310 [tid=6736] CreateFileMappingA input=00000E20 result=00000DBC err=0 name=(null) file=\\?\UNC\Mac\Home\Documents\mxd\BeiDou-Server\clien\Data\Item\Pet\5000528.img
2026-07-07 15:01:15.311 [tid=6736] MapViewOfFile mapping=00000DBC result=19AD0000 err=0 access=0x00000004 offset=0:0 bytes=0
2026-07-07 15:01:15.314 [tid=6736] CreateFileMappingA input=00000E00 result=00000DAC err=0 name=(null) file=\\?\UNC\Mac\Home\Documents\mxd\BeiDou-Server\clien\Data\Item\Pet\5000528.img
2026-07-07 15:01:15.315 [tid=6736] MapViewOfFile mapping=00000DAC result=19B30000 err=0 access=0x00000004 offset=0:0 bytes=0
2026-07-07 15:01:15.359 [tid=6736] CreateFileMappingA input=00000D98 result=00000E20 err=0 name=(null) file=\\?\UNC\Mac\Home\Documents\mxd\BeiDou-Server\clien\Data\Item\Pet\5000272.img
2026-07-07 15:01:15.361 [tid=6736] MapViewOfFile mapping=00000E20 result=126C0000 err=0 access=0x00000004 offset=0:0 bytes=0
2026-07-07 15:01:15.365 [tid=6736] CreateFileMappingA input=00000DBC result=00000D9C err=0 name=(null) file=\\?\UNC\Mac\Home\Documents\mxd\BeiDou-Server\clien\Data\Item\Pet\5000272.img
2026-07-07 15:01:15.366 [tid=6736] MapViewOfFile mapping=00000D9C result=182B0000 err=0 access=0x00000004 offset=0:0 bytes=0
2026-07-07 15:01:15.413 [tid=6736] CreateFileMappingA input=00000E0C result=00000D88 err=0 name=(null) file=\\?\UNC\Mac\Home\Documents\mxd\BeiDou-Server\clien\Data\Item\Pet\5000058.img
2026-07-07 15:01:15.414 [tid=6736] MapViewOfFile mapping=00000D88 result=19A50000 err=0 access=0x00000004 offset=0:0 bytes=0
2026-07-07 15:01:15.415 [tid=6736] CreateFileMappingA input=00000D8C result=00000D60 err=0 name=(null) file=\\?\UNC\Mac\Home\Documents\mxd\BeiDou-Server\clien\Data\Item\Pet\5000058.img
2026-07-07 15:01:15.416 [tid=6736] MapViewOfFile mapping=00000D60 result=19AD0000 err=0 access=0x00000004 offset=0:0 bytes=0
2026-07-07 15:01:15.463 [tid=6736] CreateFileMappingA input=00000D7C result=00000E0C err=0 name=(null) file=\\?\UNC\Mac\Home\Documents\mxd\BeiDou-Server\clien\Data\Item\Pet\5000070.img
2026-07-07 15:01:15.464 [tid=6736] MapViewOfFile mapping=00000E0C result=18620000 err=0 access=0x00000004 offset=0:0 bytes=0
2026-07-07 15:01:15.466 [tid=6736] CreateFileMappingA input=00000D10 result=00000D88 err=0 name=(null) file=\\?\UNC\Mac\Home\Documents\mxd\BeiDou-Server\clien\Data\Item\Pet\5000070.img
2026-07-07 15:01:15.467 [tid=6736] MapViewOfFile mapping=00000D88 result=199F0000 err=0 access=0x00000004 offset=0:0 bytes=0
2026-07-07 15:01:15.516 [tid=6736] CreateFileMappingA input=00000D14 result=00000D7C err=0 name=(null) file=\\?\UNC\Mac\Home\Documents\mxd\BeiDou-Server\clien\Data\Item\Pet\5000064.img
2026-07-07 15:01:15.517 [tid=6736] MapViewOfFile mapping=00000D7C result=18620000 err=0 access=0x00000004 offset=0:0 bytes=0
2026-07-07 15:01:15.519 [tid=6736] CreateFileMappingA input=00000E0C result=00000CD0 err=0 name=(null) file=\\?\UNC\Mac\Home\Documents\mxd\BeiDou-Server\clien\Data\Item\Pet\5000064.img
2026-07-07 15:01:15.520 [tid=6736] MapViewOfFile mapping=00000CD0 result=19A50000 err=0 access=0x00000004 offset=0:0 bytes=0
2026-07-07 15:01:15.597 [tid=6736] CreateFileMappingA input=00000CD4 result=00000D14 err=0 name=(null) file=\\?\UNC\Mac\Home\Documents\mxd\BeiDou-Server\clien\Data\Item\Pet\5000069.img
2026-07-07 15:01:15.598 [tid=6736] MapViewOfFile mapping=00000D14 result=19B00000 err=0 access=0x00000004 offset=0:0 bytes=0
2026-07-07 15:01:15.600 [tid=6736] CreateFileMappingA input=00000D7C result=00000CC0 err=0 name=(null) file=\\?\UNC\Mac\Home\Documents\mxd\BeiDou-Server\clien\Data\Item\Pet\5000069.img
2026-07-07 15:01:15.601 [tid=6736] MapViewOfFile mapping=00000CC0 result=19B90000 err=0 access=0x00000004 offset=0:0 bytes=0
2026-07-07 15:01:15.633 [tid=6736] CreateFileMappingA input=00000CC4 result=00000CB8 err=0 name=(null) file=\\?\UNC\Mac\Home\Documents\mxd\BeiDou-Server\clien\Data\Item\Pet\5000041.img
2026-07-07 15:01:15.634 [tid=6736] MapViewOfFile mapping=00000CB8 result=18620000 err=0 access=0x00000004 offset=0:0 bytes=0
2026-07-07 15:01:15.636 [tid=6736] CreateFileMappingA input=00000CBC result=00000C88 err=0 name=(null) file=\\?\UNC\Mac\Home\Documents\mxd\BeiDou-Server\clien\Data\Item\Pet\5000041.img
2026-07-07 15:01:15.637 [tid=6736] MapViewOfFile mapping=00000C88 result=19A70000 err=0 access=0x00000004 offset=0:0 bytes=0
2026-07-07 15:01:15.680 [tid=6736] CreateFileMappingA input=00000C98 result=00000C9C err=0 name=(null) file=\\?\UNC\Mac\Home\Documents\mxd\BeiDou-Server\clien\Data\Item\Pet\5000727.img
2026-07-07 15:01:15.682 [tid=6736] MapViewOfFile mapping=00000C9C result=18620000 err=0 access=0x00000004 offset=0:0 bytes=0
2026-07-07 15:01:15.685 [tid=6736] CreateFileMappingA input=00000C68 result=00000C6C err=0 name=(null) file=\\?\UNC\Mac\Home\Documents\mxd\BeiDou-Server\clien\Data\Item\Pet\5000727.img
2026-07-07 15:01:15.685 [tid=6736] MapViewOfFile mapping=00000C6C result=19B00000 err=0 access=0x00000004 offset=0:0 bytes=0
2026-07-07 15:01:15.717 [tid=6736] CreateFileMappingA input=00000C48 result=00000C98 err=0 name=(null) file=\\?\UNC\Mac\Home\Documents\mxd\BeiDou-Server\clien\Data\Item\Pet\5000055.img
2026-07-07 15:01:15.719 [tid=6736] MapViewOfFile mapping=00000C98 result=19BC0000 err=0 access=0x00000004 offset=0:0 bytes=0
2026-07-07 15:01:15.722 [tid=6736] CreateFileMappingA input=00000C9C result=00000C4C err=0 name=(null) file=\\?\UNC\Mac\Home\Documents\mxd\BeiDou-Server\clien\Data\Item\Pet\5000055.img
2026-07-07 15:01:15.723 [tid=6736] MapViewOfFile mapping=00000C4C result=19C40000 err=0 access=0x00000004 offset=0:0 bytes=0
2026-07-07 15:01:15.787 [tid=6736] CreateFileMappingA input=00000A80 result=00000C48 err=0 name=(null) file=\\?\UNC\Mac\Home\Documents\mxd\BeiDou-Server\clien\Data\Item\Pet\5000082.img
2026-07-07 15:01:15.788 [tid=6736] MapViewOfFile mapping=00000C48 result=19BC0000 err=0 access=0x00000004 offset=0:0 bytes=0
2026-07-07 15:01:15.791 [tid=6736] CreateFileMappingA input=00000C98 result=00000CC4 err=0 name=(null) file=\\?\UNC\Mac\Home\Documents\mxd\BeiDou-Server\clien\Data\Item\Pet\5000082.img
2026-07-07 15:01:15.792 [tid=6736] MapViewOfFile mapping=00000CC4 result=19BF0000 err=0 access=0x00000004 offset=0:0 bytes=0
2026-07-07 15:01:15.825 [tid=6736] CreateFileMappingA input=00000CB8 result=00000A80 err=0 name=(null) file=\\?\UNC\Mac\Home\Documents\mxd\BeiDou-Server\clien\Data\Item\Pet\5000096.img
2026-07-07 15:01:15.828 [tid=6736] MapViewOfFile mapping=00000A80 result=18620000 err=0 access=0x00000004 offset=0:0 bytes=0
2026-07-07 15:01:15.831 [tid=6736] CreateFileMappingA input=00000C48 result=00000CD4 err=0 name=(null) file=\\?\UNC\Mac\Home\Documents\mxd\BeiDou-Server\clien\Data\Item\Pet\5000096.img
2026-07-07 15:01:15.832 [tid=6736] MapViewOfFile mapping=00000CD4 result=19BC0000 err=0 access=0x00000004 offset=0:0 bytes=0
2026-07-07 15:01:15.888 [tid=6736] CreateFileMappingA input=00000D14 result=00000CB8 err=0 name=(null) file=\\?\UNC\Mac\Home\Documents\mxd\BeiDou-Server\clien\Data\Item\Pet\5000243.img
2026-07-07 15:01:15.890 [tid=6736] MapViewOfFile mapping=00000CB8 result=18620000 err=0 access=0x00000004 offset=0:0 bytes=0
2026-07-07 15:01:15.892 [tid=6736] CreateFileMappingA input=00000A80 result=00000D98 err=0 name=(null) file=\\?\UNC\Mac\Home\Documents\mxd\BeiDou-Server\clien\Data\Item\Pet\5000243.img
2026-07-07 15:01:15.893 [tid=6736] MapViewOfFile mapping=00000D98 result=19C20000 err=0 access=0x00000004 offset=0:0 bytes=0
2026-07-07 15:01:15.934 [tid=6736] CreateFileMappingA input=00000E20 result=00000D14 err=0 name=(null) file=\\?\UNC\Mac\Home\Documents\mxd\BeiDou-Server\clien\Data\Item\Pet\5000257.img
2026-07-07 15:01:15.935 [tid=6736] MapViewOfFile mapping=00000D14 result=18620000 err=0 access=0x00000004 offset=0:0 bytes=0
2026-07-07 15:01:15.938 [tid=6736] CreateFileMappingA input=00000E54 result=00000E40 err=0 name=(null) file=\\?\UNC\Mac\Home\Documents\mxd\BeiDou-Server\clien\Data\Item\Pet\5000257.img
2026-07-07 15:01:15.939 [tid=6736] MapViewOfFile mapping=00000E40 result=19CC0000 err=0 access=0x00000004 offset=0:0 bytes=0
2026-07-07 15:01:15.979 [tid=6736] CreateFileMappingA input=00000CB8 result=00000E20 err=0 name=(null) file=\\?\UNC\Mac\Home\Documents\mxd\BeiDou-Server\clien\Data\Item\Pet\5000294.img
2026-07-07 15:01:15.980 [tid=6736] MapViewOfFile mapping=00000E20 result=18620000 err=0 access=0x00000004 offset=0:0 bytes=0
2026-07-07 15:01:15.982 [tid=6736] CreateFileMappingA input=00000D14 result=00000E74 err=0 name=(null) file=\\?\UNC\Mac\Home\Documents\mxd\BeiDou-Server\clien\Data\Item\Pet\5000294.img
2026-07-07 15:01:15.983 [tid=6736] MapViewOfFile mapping=00000E74 result=19CE0000 err=0 access=0x00000004 offset=0:0 bytes=0
2026-07-07 15:01:16.022 [tid=6736] CreateFileMappingA input=00000E70 result=00000CB8 err=0 name=(null) file=\\?\UNC\Mac\Home\Documents\mxd\BeiDou-Server\clien\Data\Item\Pet\5001015.img
2026-07-07 15:01:16.023 [tid=6736] MapViewOfFile mapping=00000CB8 result=19D00000 err=0 access=0x00000004 offset=0:0 bytes=0
2026-07-07 15:01:16.025 [tid=6736] CreateFileMappingA input=00000E20 result=00000EB8 err=0 name=(null) file=\\?\UNC\Mac\Home\Documents\mxd\BeiDou-Server\clien\Data\Item\Pet\5001015.img
2026-07-07 15:01:16.026 [tid=6736] MapViewOfFile mapping=00000EB8 result=19DF0000 err=0 access=0x00000004 offset=0:0 bytes=0
2026-07-07 15:01:16.039 [tid=6736] CreateFileMappingA input=00000ECC result=00000E70 err=0 name=(null) file=\\?\UNC\Mac\Home\Documents\mxd\BeiDou-Server\clien\Data\Item\Pet\5001001.img
2026-07-07 15:01:16.040 [tid=6736] MapViewOfFile mapping=00000E70 result=19D00000 err=0 access=0x00000004 offset=0:0 bytes=0
2026-07-07 15:01:16.043 [tid=6736] CreateFileMappingA input=00000CB8 result=00000F84 err=0 name=(null) file=\\?\UNC\Mac\Home\Documents\mxd\BeiDou-Server\clien\Data\Item\Pet\5001001.img
2026-07-07 15:01:16.043 [tid=6736] MapViewOfFile mapping=00000F84 result=19EE0000 err=0 access=0x00000004 offset=0:0 bytes=0
2026-07-07 15:01:16.058 [tid=6736] CreateFileMappingA input=00000F90 result=00000ECC err=0 name=(null) file=\\?\UNC\Mac\Home\Documents\mxd\BeiDou-Server\clien\Data\Item\Pet\5000479.img
2026-07-07 15:01:16.059 [tid=6736] MapViewOfFile mapping=00000ECC result=19D00000 err=0 access=0x00000004 offset=0:0 bytes=0
2026-07-07 15:01:16.063 [tid=6736] CreateFileMappingA input=00000E70 result=00000EE8 err=0 name=(null) file=\\?\UNC\Mac\Home\Documents\mxd\BeiDou-Server\clien\Data\Item\Pet\5000479.img
2026-07-07 15:01:16.064 [tid=6736] MapViewOfFile mapping=00000EE8 result=19D30000 err=0 access=0x00000004 offset=0:0 bytes=0
2026-07-07 15:01:16.102 [tid=6736] CreateFileMappingA input=00000C58 result=00000E30 err=0 name=(null) file=\\?\UNC\Mac\Home\Documents\mxd\BeiDou-Server\clien\Data\Item\Pet\5000445.img
2026-07-07 15:01:16.103 [tid=6736] MapViewOfFile mapping=00000E30 result=126C0000 err=0 access=0x00000004 offset=0:0 bytes=0
2026-07-07 15:01:16.105 [tid=6736] CreateFileMappingA input=00000F90 result=00000ECC err=0 name=(null) file=\\?\UNC\Mac\Home\Documents\mxd\BeiDou-Server\clien\Data\Item\Pet\5000445.img
2026-07-07 15:01:16.106 [tid=6736] MapViewOfFile mapping=00000ECC result=18320000 err=0 access=0x00000004 offset=0:0 bytes=0
2026-07-07 15:01:16.153 [tid=6736] CreateFileMappingA input=00000C5C result=00000C58 err=0 name=(null) file=\\?\UNC\Mac\Home\Documents\mxd\BeiDou-Server\clien\Data\Item\Pet\5000109.img
2026-07-07 15:01:16.154 [tid=6736] MapViewOfFile mapping=00000C58 result=19D60000 err=0 access=0x00000004 offset=0:0 bytes=0
2026-07-07 15:01:16.156 [tid=6736] CreateFileMappingA input=00000E30 result=00000D5C err=0 name=(null) file=\\?\UNC\Mac\Home\Documents\mxd\BeiDou-Server\clien\Data\Item\Pet\5000109.img
2026-07-07 15:01:16.157 [tid=6736] MapViewOfFile mapping=00000D5C result=19DA0000 err=0 access=0x00000004 offset=0:0 bytes=0
2026-07-07 15:01:16.194 [tid=6736] CreateFileMappingA input=00000FF0 result=00000FEC err=0 name=(null) file=\\?\UNC\Mac\Home\Documents\mxd\BeiDou-Server\clien\Data\Item\Pet\5000121.img
2026-07-07 15:01:16.195 [tid=6736] MapViewOfFile mapping=00000FEC result=126C0000 err=0 access=0x00000004 offset=0:0 bytes=0
2026-07-07 15:01:16.198 [tid=6736] CreateFileMappingA input=00000D38 result=00000C5C err=0 name=(null) file=\\?\UNC\Mac\Home\Documents\mxd\BeiDou-Server\clien\Data\Item\Pet\5000121.img
2026-07-07 15:01:16.199 [tid=6736] MapViewOfFile mapping=00000C5C result=18590000 err=0 access=0x00000004 offset=0:0 bytes=0
2026-07-07 15:01:16.230 [tid=6736] CreateFileMappingA input=00000C58 result=00000FF0 err=0 name=(null) file=\\?\UNC\Mac\Home\Documents\mxd\BeiDou-Server\clien\Data\Item\Pet\5000120.img
2026-07-07 15:01:16.231 [tid=6736] MapViewOfFile mapping=00000FF0 result=19D00000 err=0 access=0x00000004 offset=0:0 bytes=0
2026-07-07 15:01:16.233 [tid=6736] CreateFileMappingA input=00000FEC result=00000FAC err=0 name=(null) file=\\?\UNC\Mac\Home\Documents\mxd\BeiDou-Server\clien\Data\Item\Pet\5000120.img
2026-07-07 15:01:16.233 [tid=6736] MapViewOfFile mapping=00000FAC result=19D60000 err=0 access=0x00000004 offset=0:0 bytes=0
2026-07-07 15:01:16.277 [tid=6736] CreateFileMappingA input=00000FB0 result=00000C58 err=0 name=(null) file=\\?\UNC\Mac\Home\Documents\mxd\BeiDou-Server\clien\Data\Item\Pet\5000108.img
2026-07-07 15:01:16.277 [tid=6736] MapViewOfFile mapping=00000C58 result=19D00000 err=0 access=0x00000004 offset=0:0 bytes=0
2026-07-07 15:01:16.280 [tid=6736] CreateFileMappingA input=00000FF0 result=00000F5C err=0 name=(null) file=\\?\UNC\Mac\Home\Documents\mxd\BeiDou-Server\clien\Data\Item\Pet\5000108.img
2026-07-07 15:01:16.280 [tid=6736] MapViewOfFile mapping=00000F5C result=19F80000 err=0 access=0x00000004 offset=0:0 bytes=0
2026-07-07 15:01:16.321 [tid=6736] CreateFileMappingA input=00000F60 result=00000FB0 err=0 name=(null) file=\\?\UNC\Mac\Home\Documents\mxd\BeiDou-Server\clien\Data\Item\Pet\5000322.img
2026-07-07 15:01:16.322 [tid=6736] MapViewOfFile mapping=00000FB0 result=18620000 err=0 access=0x00000004 offset=0:0 bytes=0
2026-07-07 15:01:16.325 [tid=6736] CreateFileMappingA input=00000C58 result=00000F4C err=0 name=(null) file=\\?\UNC\Mac\Home\Documents\mxd\BeiDou-Server\clien\Data\Item\Pet\5000322.img
2026-07-07 15:01:16.326 [tid=6736] MapViewOfFile mapping=00000F4C result=19D00000 err=0 access=0x00000004 offset=0:0 bytes=0
2026-07-07 15:01:16.374 [tid=6736] CreateFileMappingA input=00000F50 result=00000F3C err=0 name=(null) file=\\?\UNC\Mac\Home\Documents\mxd\BeiDou-Server\clien\Data\Item\Pet\5000444.img
2026-07-07 15:01:16.375 [tid=6736] MapViewOfFile mapping=00000F3C result=18620000 err=0 access=0x00000004 offset=0:0 bytes=0
2026-07-07 15:01:16.381 [tid=6736] CreateFileMappingA input=00000FB0 result=00000F60 err=0 name=(null) file=\\?\UNC\Mac\Home\Documents\mxd\BeiDou-Server\clien\Data\Item\Pet\5000444.img
2026-07-07 15:01:16.382 [tid=6736] MapViewOfFile mapping=00000F60 result=19FB0000 err=0 access=0x00000004 offset=0:0 bytes=0
2026-07-07 15:01:16.429 [tid=6736] CreateFileMappingA input=00000F40 result=00000F50 err=0 name=(null) file=\\?\UNC\Mac\Home\Documents\mxd\BeiDou-Server\clien\Data\Item\Pet\5001000.img
2026-07-07 15:01:16.431 [tid=6736] MapViewOfFile mapping=00000F50 result=19FD0000 err=0 access=0x00000004 offset=0:0 bytes=0
2026-07-07 15:01:16.434 [tid=6736] CreateFileMappingA input=00000F3C result=00000E84 err=0 name=(null) file=\\?\UNC\Mac\Home\Documents\mxd\BeiDou-Server\clien\Data\Item\Pet\5001000.img
2026-07-07 15:01:16.435 [tid=6736] MapViewOfFile mapping=00000E84 result=1A070000 err=0 access=0x00000004 offset=0:0 bytes=0
2026-07-07 15:01:16.449 [tid=6736] CreateFileMappingA input=00000E88 result=00000F40 err=0 name=(null) file=\\?\UNC\Mac\Home\Documents\mxd\BeiDou-Server\clien\Data\Item\Pet\5001014.img
2026-07-07 15:01:16.450 [tid=6736] MapViewOfFile mapping=00000F40 result=19FD0000 err=0 access=0x00000004 offset=0:0 bytes=0
2026-07-07 15:01:16.452 [tid=6736] CreateFileMappingA input=00000F50 result=00000E60 err=0 name=(null) file=\\?\UNC\Mac\Home\Documents\mxd\BeiDou-Server\clien\Data\Item\Pet\5001014.img
2026-07-07 15:01:16.454 [tid=6736] MapViewOfFile mapping=00000E60 result=1A110000 err=0 access=0x00000004 offset=0:0 bytes=0
2026-07-07 15:01:16.467 [tid=6736] CreateFileMappingA input=00000E64 result=00000E88 err=0 name=(null) file=\\?\UNC\Mac\Home\Documents\mxd\BeiDou-Server\clien\Data\Item\Pet\5000295.img
2026-07-07 15:01:16.468 [tid=6736] MapViewOfFile mapping=00000E88 result=18620000 err=0 access=0x00000004 offset=0:0 bytes=0
2026-07-07 15:01:16.472 [tid=6736] CreateFileMappingA input=00000F40 result=00000DDC err=0 name=(null) file=\\?\UNC\Mac\Home\Documents\mxd\BeiDou-Server\clien\Data\Item\Pet\5000295.img
2026-07-07 15:01:16.473 [tid=6736] MapViewOfFile mapping=00000DDC result=19FD0000 err=0 access=0x00000004 offset=0:0 bytes=0
2026-07-07 15:01:16.521 [tid=6736] CreateFileMappingA input=00000DE0 result=00000E64 err=0 name=(null) file=\\?\UNC\Mac\Home\Documents\mxd\BeiDou-Server\clien\Data\Item\Pet\5000281.img
2026-07-07 15:01:16.522 [tid=6736] MapViewOfFile mapping=00000E64 result=19FF0000 err=0 access=0x00000004 offset=0:0 bytes=0
2026-07-07 15:01:16.525 [tid=6736] CreateFileMappingA input=00000E88 result=00000DCC err=0 name=(null) file=\\?\UNC\Mac\Home\Documents\mxd\BeiDou-Server\clien\Data\Item\Pet\5000281.img
2026-07-07 15:01:16.526 [tid=6736] MapViewOfFile mapping=00000DCC result=1A190000 err=0 access=0x00000004 offset=0:0 bytes=0
2026-07-07 15:01:16.565 [tid=6736] CreateFileMappingA input=00000DD0 result=00000DE0 err=0 name=(null) file=\\?\UNC\Mac\Home\Documents\mxd\BeiDou-Server\clien\Data\Item\Pet\5000256.img
2026-07-07 15:01:16.566 [tid=6736] MapViewOfFile mapping=00000DE0 result=18620000 err=0 access=0x00000004 offset=0:0 bytes=0
2026-07-07 15:01:16.568 [tid=6736] CreateFileMappingA input=00000E64 result=00000D6C err=0 name=(null) file=\\?\UNC\Mac\Home\Documents\mxd\BeiDou-Server\clien\Data\Item\Pet\5000256.img
2026-07-07 15:01:16.569 [tid=6736] MapViewOfFile mapping=00000D6C result=19FF0000 err=0 access=0x00000004 offset=0:0 bytes=0
2026-07-07 15:01:16.604 [tid=6736] CreateFileMappingA input=00000D70 result=00000DD0 err=0 name=(null) file=\\?\UNC\Mac\Home\Documents\mxd\BeiDou-Server\clien\Data\Item\Pet\5000097.img
2026-07-07 15:01:16.605 [tid=6736] MapViewOfFile mapping=00000DD0 result=18620000 err=0 access=0x00000004 offset=0:0 bytes=0
2026-07-07 15:01:16.608 [tid=6736] CreateFileMappingA input=00000DE0 result=00000D4C err=0 name=(null) file=\\?\UNC\Mac\Home\Documents\mxd\BeiDou-Server\clien\Data\Item\Pet\5000097.img
2026-07-07 15:01:16.609 [tid=6736] MapViewOfFile mapping=00000D4C result=1A010000 err=0 access=0x00000004 offset=0:0 bytes=0
2026-07-07 15:01:16.643 [tid=6736] CreateFileMappingA input=00000D50 result=00000D70 err=0 name=(null) file=\\?\UNC\Mac\Home\Documents\mxd\BeiDou-Server\clien\Data\Item\Pet\5000083.img
2026-07-07 15:01:16.644 [tid=6736] MapViewOfFile mapping=00000D70 result=18620000 err=0 access=0x00000004 offset=0:0 bytes=0
2026-07-07 15:01:16.647 [tid=6736] CreateFileMappingA input=00000DD0 result=00000D00 err=0 name=(null) file=\\?\UNC\Mac\Home\Documents\mxd\BeiDou-Server\clien\Data\Item\Pet\5000083.img
2026-07-07 15:01:16.648 [tid=6736] MapViewOfFile mapping=00000D00 result=1A030000 err=0 access=0x00000004 offset=0:0 bytes=0
2026-07-07 15:01:16.688 [tid=6736] CreateFileMappingA input=00000D04 result=00000D50 err=0 name=(null) file=\\?\UNC\Mac\Home\Documents\mxd\BeiDou-Server\clien\Data\Item\Pet\5000054.img
2026-07-07 15:01:16.689 [tid=6736] MapViewOfFile mapping=00000D50 result=126C0000 err=0 access=0x00000004 offset=0:0 bytes=0
2026-07-07 15:01:16.694 [tid=6736] CreateFileMappingA input=00000D70 result=00000CF0 err=0 name=(null) file=\\?\UNC\Mac\Home\Documents\mxd\BeiDou-Server\clien\Data\Item\Pet\5000054.img
2026-07-07 15:01:16.695 [tid=6736] MapViewOfFile mapping=00000CF0 result=18620000 err=0 access=0x00000004 offset=0:0 bytes=0
2026-07-07 15:01:16.707 [tid=6736] CreateFileMappingA input=00000CF4 result=00000CE0 err=0 name=(null) file=\\?\UNC\Mac\Home\Documents\mxd\BeiDou-Server\clien\Data\Item\Pet\5000040.img
2026-07-07 15:01:16.709 [tid=6736] MapViewOfFile mapping=00000CE0 result=1A1F0000 err=0 access=0x00000004 offset=0:0 bytes=0
2026-07-07 15:01:16.711 [tid=6736] CreateFileMappingA input=00000D04 result=00000D50 err=0 name=(null) file=\\?\UNC\Mac\Home\Documents\mxd\BeiDou-Server\clien\Data\Item\Pet\5000040.img
2026-07-07 15:01:16.713 [tid=6736] MapViewOfFile mapping=00000D50 result=1A270000 err=0 access=0x00000004 offset=0:0 bytes=0
2026-07-07 15:01:16.759 [tid=6736] CreateFileMappingA input=00000CE4 result=00000CF4 err=0 name=(null) file=\\?\UNC\Mac\Home\Documents\mxd\BeiDou-Server\clien\Data\Item\Pet\5000068.img
2026-07-07 15:01:16.760 [tid=6736] MapViewOfFile mapping=00000CF4 result=1A050000 err=0 access=0x00000004 offset=0:0 bytes=0
2026-07-07 15:01:16.765 [tid=6736] CreateFileMappingA input=00000CE0 result=00000C8C err=0 name=(null) file=\\?\UNC\Mac\Home\Documents\mxd\BeiDou-Server\clien\Data\Item\Pet\5000068.img
2026-07-07 15:01:16.766 [tid=6736] MapViewOfFile mapping=00000C8C result=1A1F0000 err=0 access=0x00000004 offset=0:0 bytes=0
2026-07-07 15:01:16.800 [tid=6736] CreateFileMappingA input=00000C34 result=00000CE4 err=0 name=(null) file=\\?\UNC\Mac\Home\Documents\mxd\BeiDou-Server\clien\Data\Item\Pet\5000056.img
2026-07-07 15:01:16.802 [tid=6736] MapViewOfFile mapping=00000CE4 result=1A050000 err=0 access=0x00000004 offset=0:0 bytes=0
2026-07-07 15:01:16.804 [tid=6736] CreateFileMappingA input=00000C38 result=00000CF4 err=0 name=(null) file=\\?\UNC\Mac\Home\Documents\mxd\BeiDou-Server\clien\Data\Item\Pet\5000056.img
2026-07-07 15:01:16.806 [tid=6736] MapViewOfFile mapping=00000CF4 result=1A210000 err=0 access=0x00000004 offset=0:0 bytes=0
2026-07-07 15:01:16.848 [tid=6736] CreateFileMappingA input=00000C18 result=00000C34 err=0 name=(null) file=\\?\UNC\Mac\Home\Documents\mxd\BeiDou-Server\clien\Data\Item\Pet\5000042.img
2026-07-07 15:01:16.848 [tid=6736] MapViewOfFile mapping=00000C34 result=1A230000 err=0 access=0x00000004 offset=0:0 bytes=0
2026-07-07 15:01:16.850 [tid=6736] CreateFileMappingA input=00000CE4 result=00000C1C err=0 name=(null) file=\\?\UNC\Mac\Home\Documents\mxd\BeiDou-Server\clien\Data\Item\Pet\5000042.img
2026-07-07 15:01:16.851 [tid=6736] MapViewOfFile mapping=00000C1C result=1A2F0000 err=0 access=0x00000004 offset=0:0 bytes=0
2026-07-07 15:01:16.904 [tid=6736] CreateFileMappingA input=00000C08 result=00000C18 err=0 name=(null) file=\\?\UNC\Mac\Home\Documents\mxd\BeiDou-Server\clien\Data\Item\Pet\5000095.img
2026-07-07 15:01:16.906 [tid=6736] MapViewOfFile mapping=00000C18 result=1A050000 err=0 access=0x00000004 offset=0:0 bytes=0
2026-07-07 15:01:16.909 [tid=6736] CreateFileMappingA input=00000C34 result=00000C0C err=0 name=(null) file=\\?\UNC\Mac\Home\Documents\mxd\BeiDou-Server\clien\Data\Item\Pet\5000095.img
2026-07-07 15:01:16.910 [tid=6736] MapViewOfFile mapping=00000C0C result=1A230000 err=0 access=0x00000004 offset=0:0 bytes=0
2026-07-07 15:01:16.953 [tid=6736] CreateFileMappingA input=00001004 result=00001008 err=0 name=(null) file=\\?\UNC\Mac\Home\Documents\mxd\BeiDou-Server\clien\Data\Item\Pet\5000081.img
2026-07-07 15:01:16.954 [tid=6736] MapViewOfFile mapping=00001008 result=1A050000 err=0 access=0x00000004 offset=0:0 bytes=0
2026-07-07 15:01:16.958 [tid=6736] CreateFileMappingA input=0000100C result=00001010 err=0 name=(null) file=\\?\UNC\Mac\Home\Documents\mxd\BeiDou-Server\clien\Data\Item\Pet\5000081.img
2026-07-07 15:01:16.959 [tid=6736] MapViewOfFile mapping=00001010 result=1A250000 err=0 access=0x00000004 offset=0:0 bytes=0
2026-07-07 15:01:17.002 [tid=6736] CreateFileMappingA input=00001014 result=00001018 err=0 name=(null) file=\\?\UNC\Mac\Home\Documents\mxd\BeiDou-Server\clien\Data\Item\Pet\5000268.img
2026-07-07 15:01:17.004 [tid=6736] MapViewOfFile mapping=00001018 result=1A320000 err=0 access=0x00000004 offset=0:0 bytes=0
2026-07-07 15:01:17.007 [tid=6736] CreateFileMappingA input=0000101C result=00001020 err=0 name=(null) file=\\?\UNC\Mac\Home\Documents\mxd\BeiDou-Server\clien\Data\Item\Pet\5000268.img
2026-07-07 15:01:17.007 [tid=6736] MapViewOfFile mapping=00001020 result=1A360000 err=0 access=0x00000004 offset=0:0 bytes=0
2026-07-07 15:01:17.050 [tid=6736] CreateFileMappingA input=00001024 result=00001028 err=0 name=(null) file=\\?\UNC\Mac\Home\Documents\mxd\BeiDou-Server\clien\Data\Item\Pet\5000240.img
2026-07-07 15:01:17.051 [tid=6736] MapViewOfFile mapping=00001028 result=1A320000 err=0 access=0x00000004 offset=0:0 bytes=0
2026-07-07 15:01:17.054 [tid=6736] CreateFileMappingA input=00001030 result=00001034 err=0 name=(null) file=\\?\UNC\Mac\Home\Documents\mxd\BeiDou-Server\clien\Data\Item\Pet\5000240.img
2026-07-07 15:01:17.055 [tid=6736] MapViewOfFile mapping=00001034 result=1A3A0000 err=0 access=0x00000004 offset=0:0 bytes=0
2026-07-07 15:01:17.106 [tid=6736] CreateFileMappingA input=00001038 result=0000103C err=0 name=(null) file=\\?\UNC\Mac\Home\Documents\mxd\BeiDou-Server\clien\Data\Item\Pet\5000297.img
2026-07-07 15:01:17.107 [tid=6736] MapViewOfFile mapping=0000103C result=1A050000 err=0 access=0x00000004 offset=0:0 bytes=0
2026-07-07 15:01:17.109 [tid=6736] CreateFileMappingA input=00001040 result=00001044 err=0 name=(null) file=\\?\UNC\Mac\Home\Documents\mxd\BeiDou-Server\clien\Data\Item\Pet\5000297.img
2026-07-07 15:01:17.110 [tid=6736] MapViewOfFile mapping=00001044 result=1A320000 err=0 access=0x00000004 offset=0:0 bytes=0
2026-07-07 15:01:17.155 [tid=6736] CreateFileMappingA input=00001048 result=0000104C err=0 name=(null) file=\\?\UNC\Mac\Home\Documents\mxd\BeiDou-Server\clien\Data\Item\Pet\5000283.img
2026-07-07 15:01:17.156 [tid=6736] MapViewOfFile mapping=0000104C result=1A3E0000 err=0 access=0x00000004 offset=0:0 bytes=0
2026-07-07 15:01:17.158 [tid=6736] CreateFileMappingA input=00001054 result=00001058 err=0 name=(null) file=\\?\UNC\Mac\Home\Documents\mxd\BeiDou-Server\clien\Data\Item\Pet\5000283.img
2026-07-07 15:01:17.159 [tid=6736] MapViewOfFile mapping=00001058 result=1A450000 err=0 access=0x00000004 offset=0:0 bytes=0
2026-07-07 15:01:17.201 [tid=6736] CreateFileMappingA input=0000105C result=00001060 err=0 name=(null) file=\\?\UNC\Mac\Home\Documents\mxd\BeiDou-Server\clien\Data\Item\Pet\5001002.img
2026-07-07 15:01:17.202 [tid=6736] MapViewOfFile mapping=00001060 result=1A4C0000 err=0 access=0x00000004 offset=0:0 bytes=0
2026-07-07 15:01:17.204 [tid=6736] CreateFileMappingA input=00001064 result=00001068 err=0 name=(null) file=\\?\UNC\Mac\Home\Documents\mxd\BeiDou-Server\clien\Data\Item\Pet\5001002.img
2026-07-07 15:01:17.205 [tid=6736] MapViewOfFile mapping=00001068 result=1A560000 err=0 access=0x00000004 offset=0:0 bytes=0
2026-07-07 15:01:17.217 [tid=6736] CreateFileMappingA input=0000106C result=00001070 err=0 name=(null) file=\\?\UNC\Mac\Home\Documents\mxd\BeiDou-Server\clien\Data\Item\Pet\5000308.img
2026-07-07 15:01:17.218 [tid=6736] MapViewOfFile mapping=00001070 result=1A3E0000 err=0 access=0x00000004 offset=0:0 bytes=0
2026-07-07 15:01:17.220 [tid=6736] CreateFileMappingA input=00001074 result=00001078 err=0 name=(null) file=\\?\UNC\Mac\Home\Documents\mxd\BeiDou-Server\clien\Data\Item\Pet\5000308.img
2026-07-07 15:01:17.221 [tid=6736] MapViewOfFile mapping=00001078 result=1A4C0000 err=0 access=0x00000004 offset=0:0 bytes=0
2026-07-07 15:01:17.281 [tid=6736] CreateFileMappingA input=0000107C result=00001080 err=0 name=(null) file=\\?\UNC\Mac\Home\Documents\mxd\BeiDou-Server\clien\Data\Item\Pet\5001016.img
2026-07-07 15:01:17.283 [tid=6736] MapViewOfFile mapping=00001080 result=1A600000 err=0 access=0x00000004 offset=0:0 bytes=0
2026-07-07 15:01:17.286 [tid=6736] CreateFileMappingA input=00001084 result=00001088 err=0 name=(null) file=\\?\UNC\Mac\Home\Documents\mxd\BeiDou-Server\clien\Data\Item\Pet\5001016.img
2026-07-07 15:01:17.287 [tid=6736] MapViewOfFile mapping=00001088 result=1A6F0000 err=0 access=0x00000004 offset=0:0 bytes=0
2026-07-07 15:01:17.305 [tid=6736] CreateFileMappingA input=0000108C result=00001090 err=0 name=(null) file=\\?\UNC\Mac\Home\Documents\mxd\BeiDou-Server\clien\Data\Item\Pet\5000446.img
2026-07-07 15:01:17.307 [tid=6736] MapViewOfFile mapping=00001090 result=1A050000 err=0 access=0x00000004 offset=0:0 bytes=0
2026-07-07 15:01:17.313 [tid=6736] CreateFileMappingA input=00001094 result=00001098 err=0 name=(null) file=\\?\UNC\Mac\Home\Documents\mxd\BeiDou-Server\clien\Data\Item\Pet\5000446.img
2026-07-07 15:01:17.321 [tid=6736] MapViewOfFile mapping=00001098 result=1A340000 err=0 access=0x00000004 offset=0:0 bytes=0
2026-07-07 15:01:17.371 [tid=6736] CreateFileMappingA input=0000109C result=000010A0 err=0 name=(null) file=\\?\UNC\Mac\Home\Documents\mxd\BeiDou-Server\clien\Data\Item\Pet\5000320.img
2026-07-07 15:01:17.372 [tid=6736] MapViewOfFile mapping=000010A0 result=1A050000 err=0 access=0x00000004 offset=0:0 bytes=0
2026-07-07 15:01:17.376 [tid=6736] CreateFileMappingA input=000010A4 result=000010A8 err=0 name=(null) file=\\?\UNC\Mac\Home\Documents\mxd\BeiDou-Server\clien\Data\Item\Pet\5000320.img
2026-07-07 15:01:17.377 [tid=6736] MapViewOfFile mapping=000010A8 result=1A3E0000 err=0 access=0x00000004 offset=0:0 bytes=0
2026-07-07 15:01:17.414 [tid=6736] CreateFileMappingA input=000010AC result=000010B0 err=0 name=(null) file=\\?\UNC\Mac\Home\Documents\mxd\BeiDou-Server\clien\Data\Item\Pet\5000452.img
2026-07-07 15:01:17.416 [tid=6736] MapViewOfFile mapping=000010B0 result=1A400000 err=0 access=0x00000004 offset=0:0 bytes=0
2026-07-07 15:01:17.420 [tid=6736] CreateFileMappingA input=000010B4 result=000010B8 err=0 name=(null) file=\\?\UNC\Mac\Home\Documents\mxd\BeiDou-Server\clien\Data\Item\Pet\5000452.img
2026-07-07 15:01:17.421 [tid=6736] MapViewOfFile mapping=000010B8 result=1A500000 err=0 access=0x00000004 offset=0:0 bytes=0
2026-07-07 15:01:17.467 [tid=6736] CreateFileMappingA input=000010BC result=000010C0 err=0 name=(null) file=\\?\UNC\Mac\Home\Documents\mxd\BeiDou-Server\clien\Data\Item\Pet\5000122.img
2026-07-07 15:01:17.468 [tid=6736] MapViewOfFile mapping=000010C0 result=1A400000 err=0 access=0x00000004 offset=0:0 bytes=0
2026-07-07 15:01:17.471 [tid=6736] CreateFileMappingA input=000010C4 result=000010C8 err=0 name=(null) file=\\?\UNC\Mac\Home\Documents\mxd\BeiDou-Server\clien\Data\Item\Pet\5000122.img
2026-07-07 15:01:17.473 [tid=6736] MapViewOfFile mapping=000010C8 result=1A600000 err=0 access=0x00000004 offset=0:0 bytes=0
2026-07-07 15:01:17.507 [tid=6736] CreateFileMappingA input=000010CC result=000010D0 err=0 name=(null) file=\\?\UNC\Mac\Home\Documents\mxd\BeiDou-Server\clien\Data\Item\Pet\5000137.img
2026-07-07 15:01:17.508 [tid=6736] MapViewOfFile mapping=000010D0 result=1A050000 err=0 access=0x00000004 offset=0:0 bytes=0
2026-07-07 15:01:17.513 [tid=6736] CreateFileMappingA input=000010D4 result=000010D8 err=0 name=(null) file=\\?\UNC\Mac\Home\Documents\mxd\BeiDou-Server\clien\Data\Item\Pet\5000137.img
2026-07-07 15:01:17.514 [tid=6736] MapViewOfFile mapping=000010D8 result=1A400000 err=0 access=0x00000004 offset=0:0 bytes=0
2026-07-07 15:01:17.575 [tid=6736] CreateFileMappingA input=000010DC result=000010E0 err=0 name=(null) file=\\?\UNC\Mac\Home\Documents\mxd\BeiDou-Server\clien\Data\Item\Pet\5000123.img
2026-07-07 15:01:17.575 [tid=6736] MapViewOfFile mapping=000010E0 result=1A050000 err=0 access=0x00000004 offset=0:0 bytes=0
2026-07-07 15:01:17.578 [tid=6736] CreateFileMappingA input=000010E4 result=000010E8 err=0 name=(null) file=\\?\UNC\Mac\Home\Documents\mxd\BeiDou-Server\clien\Data\Item\Pet\5000123.img
2026-07-07 15:01:17.581 [tid=6736] MapViewOfFile mapping=000010E8 result=1A420000 err=0 access=0x00000004 offset=0:0 bytes=0
2026-07-07 15:01:17.615 [tid=6736] CreateFileMappingA input=000010EC result=000010F0 err=0 name=(null) file=\\?\UNC\Mac\Home\Documents\mxd\BeiDou-Server\clien\Data\Item\Pet\5000447.img
2026-07-07 15:01:17.615 [tid=6736] MapViewOfFile mapping=000010F0 result=1A050000 err=0 access=0x00000004 offset=0:0 bytes=0
2026-07-07 15:01:17.619 [tid=6736] CreateFileMappingA input=000010F4 result=000010F8 err=0 name=(null) file=\\?\UNC\Mac\Home\Documents\mxd\BeiDou-Server\clien\Data\Item\Pet\5000447.img
2026-07-07 15:01:17.622 [tid=6736] MapViewOfFile mapping=000010F8 result=1A540000 err=0 access=0x00000004 offset=0:0 bytes=0
2026-07-07 15:01:17.671 [tid=6736] CreateFileMappingA input=000010FC result=00001100 err=0 name=(null) file=\\?\UNC\Mac\Home\Documents\mxd\BeiDou-Server\clien\Data\Item\Pet\5000321.img
2026-07-07 15:01:17.672 [tid=6736] MapViewOfFile mapping=00001100 result=1A050000 err=0 access=0x00000004 offset=0:0 bytes=0
2026-07-07 15:01:17.675 [tid=6736] CreateFileMappingA input=00001108 result=0000110C err=0 name=(null) file=\\?\UNC\Mac\Home\Documents\mxd\BeiDou-Server\clien\Data\Item\Pet\5000321.img
2026-07-07 15:01:17.676 [tid=6736] MapViewOfFile mapping=0000110C result=1A640000 err=0 access=0x00000004 offset=0:0 bytes=0
2026-07-07 15:01:17.720 [tid=6736] CreateFileMappingA input=00001110 result=00001114 err=0 name=(null) file=\\?\UNC\Mac\Home\Documents\mxd\BeiDou-Server\clien\Data\Item\Pet\5001017.img
2026-07-07 15:01:17.721 [tid=6736] MapViewOfFile mapping=00001114 result=1A7E0000 err=0 access=0x00000004 offset=0:0 bytes=0
2026-07-07 15:01:17.724 [tid=6736] CreateFileMappingA input=00001118 result=0000111C err=0 name=(null) file=\\?\UNC\Mac\Home\Documents\mxd\BeiDou-Server\clien\Data\Item\Pet\5001017.img
2026-07-07 15:01:17.725 [tid=6736] MapViewOfFile mapping=0000111C result=1A8D0000 err=0 access=0x00000004 offset=0:0 bytes=0
2026-07-07 15:01:17.741 [tid=6736] CreateFileMappingA input=00001120 result=00001124 err=0 name=(null) file=\\?\UNC\Mac\Home\Documents\mxd\BeiDou-Server\clien\Data\Item\Pet\5000309.img
2026-07-07 15:01:17.742 [tid=6736] MapViewOfFile mapping=00001124 result=1A660000 err=0 access=0x00000004 offset=0:0 bytes=0
2026-07-07 15:01:17.744 [tid=6736] CreateFileMappingA input=00001128 result=0000112C err=0 name=(null) file=\\?\UNC\Mac\Home\Documents\mxd\BeiDou-Server\clien\Data\Item\Pet\5000309.img
2026-07-07 15:01:17.745 [tid=6736] MapViewOfFile mapping=0000112C result=1A6A0000 err=0 access=0x00000004 offset=0:0 bytes=0
2026-07-07 15:01:17.789 [tid=6736] CreateFileMappingA input=00001130 result=00001134 err=0 name=(null) file=\\?\UNC\Mac\Home\Documents\mxd\BeiDou-Server\clien\Data\Item\Pet\5001003.img
2026-07-07 15:01:17.790 [tid=6736] MapViewOfFile mapping=00001134 result=1A7E0000 err=0 access=0x00000004 offset=0:0 bytes=0
2026-07-07 15:01:17.792 [tid=6736] CreateFileMappingA input=00001138 result=0000113C err=0 name=(null) file=\\?\UNC\Mac\Home\Documents\mxd\BeiDou-Server\clien\Data\Item\Pet\5001003.img
2026-07-07 15:01:17.794 [tid=6736] MapViewOfFile mapping=0000113C result=1B990000 err=0 access=0x00000004 offset=0:0 bytes=0
2026-07-07 15:01:17.807 [tid=6736] CreateFileMappingA input=00001130 result=00001134 err=0 name=(null) file=\\?\UNC\Mac\Home\Documents\mxd\BeiDou-Server\clien\Data\Item\Pet\5000282.img
2026-07-07 15:01:17.809 [tid=6736] MapViewOfFile mapping=00001134 result=1A7E0000 err=0 access=0x00000004 offset=0:0 bytes=0
2026-07-07 15:01:17.811 [tid=6736] CreateFileMappingA input=00001140 result=00001144 err=0 name=(null) file=\\?\UNC\Mac\Home\Documents\mxd\BeiDou-Server\clien\Data\Item\Pet\5000282.img
2026-07-07 15:01:17.813 [tid=6736] MapViewOfFile mapping=00001144 result=1A850000 err=0 access=0x00000004 offset=0:0 bytes=0
2026-07-07 15:01:17.892 [tid=6736] CreateFileMappingA input=00001148 result=0000114C err=0 name=(null) file=\\?\UNC\Mac\Home\Documents\mxd\BeiDou-Server\clien\Data\Item\Pet\5000296.img
2026-07-07 15:01:17.908 [tid=6736] MapViewOfFile mapping=0000114C result=1A050000 err=0 access=0x00000004 offset=0:0 bytes=0
2026-07-07 15:01:17.914 [tid=6736] CreateFileMappingA input=00001154 result=00001158 err=0 name=(null) file=\\?\UNC\Mac\Home\Documents\mxd\BeiDou-Server\clien\Data\Item\Pet\5000296.img
2026-07-07 15:01:17.916 [tid=6736] MapViewOfFile mapping=00001158 result=1A660000 err=0 access=0x00000004 offset=0:0 bytes=0
2026-07-07 15:01:17.962 [tid=6736] CreateFileMappingA input=0000115C result=00001160 err=0 name=(null) file=\\?\UNC\Mac\Home\Documents\mxd\BeiDou-Server\clien\Data\Item\Pet\5000255.img
2026-07-07 15:01:17.963 [tid=6736] MapViewOfFile mapping=00001160 result=126C0000 err=0 access=0x00000004 offset=0:0 bytes=0
2026-07-07 15:01:17.996 [tid=6736] CreateFileMappingA input=00001164 result=00001168 err=0 name=(null) file=\\?\UNC\Mac\Home\Documents\mxd\BeiDou-Server\clien\Data\Item\Pet\5000255.img
2026-07-07 15:01:18.012 [tid=6736] MapViewOfFile mapping=00001168 result=18630000 err=0 access=0x00000004 offset=0:0 bytes=0
2026-07-07 15:01:18.078 [tid=6736] CreateFileMappingA input=00001114 result=0000116C err=0 name=(null) file=\\?\UNC\Mac\Home\Documents\mxd\BeiDou-Server\clien\Data\Item\Pet\5000269.img
2026-07-07 15:01:18.079 [tid=6736] MapViewOfFile mapping=0000116C result=126C0000 err=0 access=0x00000004 offset=0:0 bytes=0
2026-07-07 15:01:18.082 [tid=6736] CreateFileMappingA input=00001170 result=00001174 err=0 name=(null) file=\\?\UNC\Mac\Home\Documents\mxd\BeiDou-Server\clien\Data\Item\Pet\5000269.img
2026-07-07 15:01:18.083 [tid=6736] MapViewOfFile mapping=00001174 result=19770000 err=0 access=0x00000004 offset=0:0 bytes=0
2026-07-07 15:01:18.141 [tid=6736] CreateFileMappingA input=00001178 result=0000117C err=0 name=(null) file=\\?\UNC\Mac\Home\Documents\mxd\BeiDou-Server\clien\Data\Item\Pet\5000080.img
2026-07-07 15:01:18.142 [tid=6736] MapViewOfFile mapping=0000117C result=1A7E0000 err=0 access=0x00000004 offset=0:0 bytes=0
2026-07-07 15:01:18.145 [tid=6736] CreateFileMappingA input=00001180 result=00001184 err=0 name=(null) file=\\?\UNC\Mac\Home\Documents\mxd\BeiDou-Server\clien\Data\Item\Pet\5000080.img
2026-07-07 15:01:18.146 [tid=6736] MapViewOfFile mapping=00001184 result=1A810000 err=0 access=0x00000004 offset=0:0 bytes=0
2026-07-07 15:01:18.199 [tid=6736] CreateFileMappingA input=00001178 result=0000117C err=0 name=(null) file=\\?\UNC\Mac\Home\Documents\mxd\BeiDou-Server\clien\Data\Item\Pet\5000094.img
2026-07-07 15:01:18.201 [tid=6736] MapViewOfFile mapping=0000117C result=1A7E0000 err=0 access=0x00000004 offset=0:0 bytes=0
2026-07-07 15:01:18.204 [tid=6736] CreateFileMappingA input=0000118C result=00001190 err=0 name=(null) file=\\?\UNC\Mac\Home\Documents\mxd\BeiDou-Server\clien\Data\Item\Pet\5000094.img
2026-07-07 15:01:18.205 [tid=6736] MapViewOfFile mapping=00001190 result=1BCD0000 err=0 access=0x00000004 offset=0:0 bytes=0
2026-07-07 15:01:18.254 [tid=6736] CreateFileMappingA input=00001194 result=00001198 err=0 name=(null) file=\\?\UNC\Mac\Home\Documents\mxd\BeiDou-Server\clien\Data\Item\Pet\5000043.img
2026-07-07 15:01:18.255 [tid=6736] MapViewOfFile mapping=00001198 result=1BD00000 err=0 access=0x00000004 offset=0:0 bytes=0
2026-07-07 15:01:18.258 [tid=6736] CreateFileMappingA input=0000119C result=000011A0 err=0 name=(null) file=\\?\UNC\Mac\Home\Documents\mxd\BeiDou-Server\clien\Data\Item\Pet\5000043.img
2026-07-07 15:01:18.259 [tid=6736] MapViewOfFile mapping=000011A0 result=1BD60000 err=0 access=0x00000004 offset=0:0 bytes=0
2026-07-07 15:01:18.323 [tid=6736] CreateFileMappingA input=000011A4 result=000011A8 err=0 name=(null) file=\\?\UNC\Mac\Home\Documents\mxd\BeiDou-Server\clien\Data\Item\Pet\5000057.img
2026-07-07 15:01:18.324 [tid=6736] MapViewOfFile mapping=000011A8 result=1A7E0000 err=0 access=0x00000004 offset=0:0 bytes=0
2026-07-07 15:01:18.326 [tid=6736] CreateFileMappingA input=000011AC result=000011B0 err=0 name=(null) file=\\?\UNC\Mac\Home\Documents\mxd\BeiDou-Server\clien\Data\Item\Pet\5000057.img
2026-07-07 15:01:18.327 [tid=6736] MapViewOfFile mapping=000011B0 result=1BD00000 err=0 access=0x00000004 offset=0:0 bytes=0
2026-07-07 15:01:18.377 [tid=6736] CreateFileMappingA input=000011B4 result=000011B8 err=0 name=(null) file=\\?\UNC\Mac\Home\Documents\mxd\BeiDou-Server\clien\Data\Item\Pet\5000053.img
2026-07-07 15:01:18.378 [tid=6736] MapViewOfFile mapping=000011B8 result=1BDC0000 err=0 access=0x00000004 offset=0:0 bytes=0
2026-07-07 15:01:18.381 [tid=6736] CreateFileMappingA input=000011BC result=000011C0 err=0 name=(null) file=\\?\UNC\Mac\Home\Documents\mxd\BeiDou-Server\clien\Data\Item\Pet\5000053.img
2026-07-07 15:01:18.381 [tid=6736] MapViewOfFile mapping=000011C0 result=1BE40000 err=0 access=0x00000004 offset=0:0 bytes=0
2026-07-07 15:01:18.441 [tid=6736] CreateFileMappingA input=00001194 result=000011C4 err=0 name=(null) file=\\?\UNC\Mac\Home\Documents\mxd\BeiDou-Server\clien\Data\Item\Pet\5000047.img
2026-07-07 15:01:18.442 [tid=6736] MapViewOfFile mapping=000011C4 result=1A7E0000 err=0 access=0x00000004 offset=0:0 bytes=0
2026-07-07 15:01:18.445 [tid=6736] CreateFileMappingA input=000011C8 result=000011CC err=0 name=(null) file=\\?\UNC\Mac\Home\Documents\mxd\BeiDou-Server\clien\Data\Item\Pet\5000047.img
2026-07-07 15:01:18.446 [tid=6736] MapViewOfFile mapping=000011CC result=1BD20000 err=0 access=0x00000004 offset=0:0 bytes=0
2026-07-07 15:01:18.454 [tid=6736] CreateFileMappingA input=000011D0 result=000011D4 err=0 name=(null) file=\\?\UNC\Mac\Home\Documents\mxd\BeiDou-Server\clien\Data\Item\Pet\5000090.img
2026-07-07 15:01:18.455 [tid=6736] MapViewOfFile mapping=000011D4 result=1A7E0000 err=0 access=0x00000004 offset=0:0 bytes=0
2026-07-07 15:01:18.457 [tid=6736] CreateFileMappingA input=000011D8 result=000011DC err=0 name=(null) file=\\?\UNC\Mac\Home\Documents\mxd\BeiDou-Server\clien\Data\Item\Pet\5000090.img
2026-07-07 15:01:18.458 [tid=6736] MapViewOfFile mapping=000011DC result=1BD40000 err=0 access=0x00000004 offset=0:0 bytes=0
2026-07-07 15:01:18.508 [tid=6736] CreateFileMappingA input=00001198 result=000011E0 err=0 name=(null) file=\\?\UNC\Mac\Home\Documents\mxd\BeiDou-Server\clien\Data\Item\Pet\5000084.img
2026-07-07 15:01:18.509 [tid=6736] MapViewOfFile mapping=000011E0 result=1A7E0000 err=0 access=0x00000004 offset=0:0 bytes=0
2026-07-07 15:01:18.511 [tid=6736] CreateFileMappingA input=000011E4 result=000011E8 err=0 name=(null) file=\\?\UNC\Mac\Home\Documents\mxd\BeiDou-Server\clien\Data\Item\Pet\5000084.img
2026-07-07 15:01:18.512 [tid=6736] MapViewOfFile mapping=000011E8 result=1BDC0000 err=0 access=0x00000004 offset=0:0 bytes=0
2026-07-07 15:01:18.565 [tid=6736] CreateFileMappingA input=0000033C result=000011EC err=0 name=(null) file=\\?\UNC\Mac\Home\Documents\mxd\BeiDou-Server\clien\Data\Item\Pet\5000251.img
2026-07-07 15:01:18.565 [tid=6736] MapViewOfFile mapping=000011EC result=1A7E0000 err=0 access=0x00000004 offset=0:0 bytes=0
2026-07-07 15:01:18.567 [tid=6736] CreateFileMappingA input=000011F0 result=000011F4 err=0 name=(null) file=\\?\UNC\Mac\Home\Documents\mxd\BeiDou-Server\clien\Data\Item\Pet\5000251.img
2026-07-07 15:01:18.568 [tid=6736] MapViewOfFile mapping=000011F4 result=1BDF0000 err=0 access=0x00000004 offset=0:0 bytes=0
2026-07-07 15:01:18.617 [tid=6736] CreateFileMappingA input=000011F8 result=000011FC err=0 name=(null) file=\\?\UNC\Mac\Home\Documents\mxd\BeiDou-Server\clien\Data\Item\Pet\5000245.img
2026-07-07 15:01:18.618 [tid=6736] MapViewOfFile mapping=000011FC result=126C0000 err=0 access=0x00000004 offset=0:0 bytes=0
2026-07-07 15:01:18.621 [tid=6736] CreateFileMappingA input=00001200 result=00001204 err=0 name=(null) file=\\?\UNC\Mac\Home\Documents\mxd\BeiDou-Server\clien\Data\Item\Pet\5000245.img
2026-07-07 15:01:18.622 [tid=6736] MapViewOfFile mapping=00001204 result=19B20000 err=0 access=0x00000004 offset=0:0 bytes=0
2026-07-07 15:01:18.672 [tid=6736] CreateFileMappingA input=0000120C result=00001210 err=0 name=(null) file=\\?\UNC\Mac\Home\Documents\mxd\BeiDou-Server\clien\Data\Item\Pet\5000292.img
2026-07-07 15:01:18.673 [tid=6736] MapViewOfFile mapping=00001210 result=1A7E0000 err=0 access=0x00000004 offset=0:0 bytes=0
2026-07-07 15:01:18.676 [tid=6736] CreateFileMappingA input=00001214 result=00001218 err=0 name=(null) file=\\?\UNC\Mac\Home\Documents\mxd\BeiDou-Server\clien\Data\Item\Pet\5000292.img
2026-07-07 15:01:18.676 [tid=6736] MapViewOfFile mapping=00001218 result=1BE10000 err=0 access=0x00000004 offset=0:0 bytes=0
2026-07-07 15:01:18.725 [tid=6736] CreateFileMappingA input=0000121C result=00001220 err=0 name=(null) file=\\?\UNC\Mac\Home\Documents\mxd\BeiDou-Server\clien\Data\Item\Pet\5000443.img
2026-07-07 15:01:18.726 [tid=6736] MapViewOfFile mapping=00001220 result=1A7E0000 err=0 access=0x00000004 offset=0:0 bytes=0
2026-07-07 15:01:18.729 [tid=6736] CreateFileMappingA input=00001224 result=00001228 err=0 name=(null) file=\\?\UNC\Mac\Home\Documents\mxd\BeiDou-Server\clien\Data\Item\Pet\5000443.img
2026-07-07 15:01:18.730 [tid=6736] MapViewOfFile mapping=00001228 result=1BEC0000 err=0 access=0x00000004 offset=0:0 bytes=0
2026-07-07 15:01:18.777 [tid=6736] CreateFileMappingA input=0000122C result=00001230 err=0 name=(null) file=\\?\UNC\Mac\Home\Documents\mxd\BeiDou-Server\clien\Data\Item\Pet\5000331.img
2026-07-07 15:01:18.778 [tid=6736] MapViewOfFile mapping=00001230 result=1A7E0000 err=0 access=0x00000004 offset=0:0 bytes=0
2026-07-07 15:01:18.780 [tid=6736] CreateFileMappingA input=00001234 result=00001238 err=0 name=(null) file=\\?\UNC\Mac\Home\Documents\mxd\BeiDou-Server\clien\Data\Item\Pet\5000331.img
2026-07-07 15:01:18.781 [tid=6736] MapViewOfFile mapping=00001238 result=1BEE0000 err=0 access=0x00000004 offset=0:0 bytes=0
2026-07-07 15:01:18.825 [tid=6736] CreateFileMappingA input=0000123C result=00001240 err=0 name=(null) file=\\?\UNC\Mac\Home\Documents\mxd\BeiDou-Server\clien\Data\Item\Pet\5001007.img
2026-07-07 15:01:18.826 [tid=6736] MapViewOfFile mapping=00001240 result=1BF00000 err=0 access=0x00000004 offset=0:0 bytes=0
2026-07-07 15:01:18.828 [tid=6736] CreateFileMappingA input=00001244 result=00001248 err=0 name=(null) file=\\?\UNC\Mac\Home\Documents\mxd\BeiDou-Server\clien\Data\Item\Pet\5001007.img
2026-07-07 15:01:18.829 [tid=6736] MapViewOfFile mapping=00001248 result=1BF90000 err=0 access=0x00000004 offset=0:0 bytes=0
2026-07-07 15:01:18.844 [tid=6736] CreateFileMappingA input=0000124C result=00001250 err=0 name=(null) file=\\?\UNC\Mac\Home\Documents\mxd\BeiDou-Server\clien\Data\Item\Pet\5001013.img
2026-07-07 15:01:18.844 [tid=6736] MapViewOfFile mapping=00001250 result=1BF00000 err=0 access=0x00000004 offset=0:0 bytes=0
2026-07-07 15:01:18.847 [tid=6736] CreateFileMappingA input=00001208 result=00001254 err=0 name=(null) file=\\?\UNC\Mac\Home\Documents\mxd\BeiDou-Server\clien\Data\Item\Pet\5001013.img
2026-07-07 15:01:18.848 [tid=6736] MapViewOfFile mapping=00001254 result=1C020000 err=0 access=0x00000004 offset=0:0 bytes=0
2026-07-07 15:01:18.866 [tid=6736] CreateFileMappingA input=00001258 result=0000125C err=0 name=(null) file=\\?\UNC\Mac\Home\Documents\mxd\BeiDou-Server\clien\Data\Item\Pet\5000127.img
2026-07-07 15:01:18.867 [tid=6736] MapViewOfFile mapping=0000125C result=126C0000 err=0 access=0x00000004 offset=0:0 bytes=0
2026-07-07 15:01:18.869 [tid=6736] CreateFileMappingA input=00001260 result=00001264 err=0 name=(null) file=\\?\UNC\Mac\Home\Documents\mxd\BeiDou-Server\clien\Data\Item\Pet\5000127.img
2026-07-07 15:01:18.870 [tid=6736] MapViewOfFile mapping=00001264 result=19BE0000 err=0 access=0x00000004 offset=0:0 bytes=0
2026-07-07 15:01:18.913 [tid=6736] CreateFileMappingA input=00001268 result=0000126C err=0 name=(null) file=\\?\UNC\Mac\Home\Documents\mxd\BeiDou-Server\clien\Data\Item\Pet\5000126.img
2026-07-07 15:01:18.914 [tid=6736] MapViewOfFile mapping=0000126C result=126C0000 err=0 access=0x00000004 offset=0:0 bytes=0
2026-07-07 15:01:18.916 [tid=6736] CreateFileMappingA input=00001270 result=00001274 err=0 name=(null) file=\\?\UNC\Mac\Home\Documents\mxd\BeiDou-Server\clien\Data\Item\Pet\5000126.img
2026-07-07 15:01:18.917 [tid=6736] MapViewOfFile mapping=00001274 result=19D20000 err=0 access=0x00000004 offset=0:0 bytes=0
2026-07-07 15:01:18.958 [tid=6736] CreateFileMappingA input=00001278 result=0000127C err=0 name=(null) file=\\?\UNC\Mac\Home\Documents\mxd\BeiDou-Server\clien\Data\Item\Pet\5001012.img
2026-07-07 15:01:18.959 [tid=6736] MapViewOfFile mapping=0000127C result=1BF00000 err=0 access=0x00000004 offset=0:0 bytes=0
2026-07-07 15:01:18.962 [tid=6736] CreateFileMappingA input=00001280 result=00001284 err=0 name=(null) file=\\?\UNC\Mac\Home\Documents\mxd\BeiDou-Server\clien\Data\Item\Pet\5001012.img
2026-07-07 15:01:18.963 [tid=6736] MapViewOfFile mapping=00001284 result=1C0A0000 err=0 access=0x00000004 offset=0:0 bytes=0
2026-07-07 15:01:18.980 [tid=6736] CreateFileMappingA input=00001288 result=0000128C err=0 name=(null) file=\\?\UNC\Mac\Home\Documents\mxd\BeiDou-Server\clien\Data\Item\Pet\5001006.img
2026-07-07 15:01:18.980 [tid=6736] MapViewOfFile mapping=0000128C result=1BF00000 err=0 access=0x00000004 offset=0:0 bytes=0
2026-07-07 15:01:18.983 [tid=6736] CreateFileMappingA input=00001290 result=00001294 err=0 name=(null) file=\\?\UNC\Mac\Home\Documents\mxd\BeiDou-Server\clien\Data\Item\Pet\5001006.img
2026-07-07 15:01:18.983 [tid=6736] MapViewOfFile mapping=00001294 result=1C120000 err=0 access=0x00000004 offset=0:0 bytes=0
2026-07-07 15:01:18.996 [tid=6736] CreateFileMappingA input=00001298 result=0000129C err=0 name=(null) file=\\?\UNC\Mac\Home\Documents\mxd\BeiDou-Server\clien\Data\Item\Pet\5000456.img
2026-07-07 15:01:18.997 [tid=6736] MapViewOfFile mapping=0000129C result=126C0000 err=0 access=0x00000004 offset=0:0 bytes=0
2026-07-07 15:01:18.999 [tid=6736] CreateFileMappingA input=000012A0 result=000012A4 err=0 name=(null) file=\\?\UNC\Mac\Home\Documents\mxd\BeiDou-Server\clien\Data\Item\Pet\5000456.img
2026-07-07 15:01:19.000 [tid=6736] MapViewOfFile mapping=000012A4 result=19D90000 err=0 access=0x00000004 offset=0:0 bytes=0
2026-07-07 15:01:19.043 [tid=6736] CreateFileMappingA input=00001278 result=000012A8 err=0 name=(null) file=\\?\UNC\Mac\Home\Documents\mxd\BeiDou-Server\clien\Data\Item\Pet\5000330.img
2026-07-07 15:01:19.044 [tid=6736] MapViewOfFile mapping=000012A8 result=1A7E0000 err=0 access=0x00000004 offset=0:0 bytes=0
2026-07-07 15:01:19.047 [tid=6736] CreateFileMappingA input=000012B0 result=000012B4 err=0 name=(null) file=\\?\UNC\Mac\Home\Documents\mxd\BeiDou-Server\clien\Data\Item\Pet\5000330.img
2026-07-07 15:01:19.048 [tid=6736] MapViewOfFile mapping=000012B4 result=1BF00000 err=0 access=0x00000004 offset=0:0 bytes=0
2026-07-07 15:01:19.101 [tid=6736] CreateFileMappingA input=000012B8 result=000012BC err=0 name=(null) file=\\?\UNC\Mac\Home\Documents\mxd\BeiDou-Server\clien\Data\Item\Pet\5000324.img
2026-07-07 15:01:19.101 [tid=6736] MapViewOfFile mapping=000012BC result=1BF20000 err=0 access=0x00000004 offset=0:0 bytes=0
2026-07-07 15:01:19.103 [tid=6736] CreateFileMappingA input=000012C0 result=000012C4 err=0 name=(null) file=\\?\UNC\Mac\Home\Documents\mxd\BeiDou-Server\clien\Data\Item\Pet\5000324.img
2026-07-07 15:01:19.104 [tid=6736] MapViewOfFile mapping=000012C4 result=1C1B0000 err=0 access=0x00000004 offset=0:0 bytes=0
2026-07-07 15:01:19.141 [tid=6736] CreateFileMappingA input=000012C8 result=000012CC err=0 name=(null) file=\\?\UNC\Mac\Home\Documents\mxd\BeiDou-Server\clien\Data\Item\Pet\5000287.img
2026-07-07 15:01:19.141 [tid=6736] MapViewOfFile mapping=000012CC result=1BF20000 err=0 access=0x00000004 offset=0:0 bytes=0
2026-07-07 15:01:19.144 [tid=6736] CreateFileMappingA input=000012D0 result=000012D4 err=0 name=(null) file=\\?\UNC\Mac\Home\Documents\mxd\BeiDou-Server\clien\Data\Item\Pet\5000287.img
2026-07-07 15:01:19.145 [tid=6736] MapViewOfFile mapping=000012D4 result=1C1F0000 err=0 access=0x00000004 offset=0:0 bytes=0
2026-07-07 15:01:19.197 [tid=6736] CreateFileMappingA input=000012D8 result=000012DC err=0 name=(null) file=\\?\UNC\Mac\Home\Documents\mxd\BeiDou-Server\clien\Data\Item\Pet\5000293.img
2026-07-07 15:01:19.198 [tid=6736] MapViewOfFile mapping=000012DC result=1A7E0000 err=0 access=0x00000004 offset=0:0 bytes=0
2026-07-07 15:01:19.200 [tid=6736] CreateFileMappingA input=000012E0 result=000012E4 err=0 name=(null) file=\\?\UNC\Mac\Home\Documents\mxd\BeiDou-Server\clien\Data\Item\Pet\5000293.img
2026-07-07 15:01:19.201 [tid=6736] MapViewOfFile mapping=000012E4 result=1BF20000 err=0 access=0x00000004 offset=0:0 bytes=0
2026-07-07 15:01:19.243 [tid=6736] CreateFileMappingA input=000012E8 result=000012EC err=0 name=(null) file=\\?\UNC\Mac\Home\Documents\mxd\BeiDou-Server\clien\Data\Item\Pet\5000244.img
2026-07-07 15:01:19.244 [tid=6736] MapViewOfFile mapping=000012EC result=1A7E0000 err=0 access=0x00000004 offset=0:0 bytes=0
2026-07-07 15:01:19.247 [tid=6736] CreateFileMappingA input=000012F4 result=000012F8 err=0 name=(null) file=\\?\UNC\Mac\Home\Documents\mxd\BeiDou-Server\clien\Data\Item\Pet\5000244.img
2026-07-07 15:01:19.247 [tid=6736] MapViewOfFile mapping=000012F8 result=1BF40000 err=0 access=0x00000004 offset=0:0 bytes=0
2026-07-07 15:01:19.295 [tid=6736] CreateFileMappingA input=000012FC result=00001300 err=0 name=(null) file=\\?\UNC\Mac\Home\Documents\mxd\BeiDou-Server\clien\Data\Item\Pet\5000250.img
2026-07-07 15:01:19.296 [tid=6736] MapViewOfFile mapping=00001300 result=126C0000 err=0 access=0x00000004 offset=0:0 bytes=0
2026-07-07 15:01:19.298 [tid=6736] CreateFileMappingA input=000012E8 result=00001304 err=0 name=(null) file=\\?\UNC\Mac\Home\Documents\mxd\BeiDou-Server\clien\Data\Item\Pet\5000250.img
2026-07-07 15:01:19.299 [tid=6736] MapViewOfFile mapping=00001304 result=19DE0000 err=0 access=0x00000004 offset=0:0 bytes=0
2026-07-07 15:01:19.354 [tid=6736] CreateFileMappingA input=00001308 result=0000130C err=0 name=(null) file=\\?\UNC\Mac\Home\Documents\mxd\BeiDou-Server\clien\Data\Item\Pet\5000085.img
2026-07-07 15:01:19.355 [tid=6736] MapViewOfFile mapping=0000130C result=1A7E0000 err=0 access=0x00000004 offset=0:0 bytes=0
2026-07-07 15:01:19.357 [tid=6736] CreateFileMappingA input=000012EC result=00001310 err=0 name=(null) file=\\?\UNC\Mac\Home\Documents\mxd\BeiDou-Server\clien\Data\Item\Pet\5000085.img
2026-07-07 15:01:19.358 [tid=6736] MapViewOfFile mapping=00001310 result=1BF60000 err=0 access=0x00000004 offset=0:0 bytes=0
2026-07-07 15:01:19.406 [tid=6736] CreateFileMappingA input=00001314 result=00001318 err=0 name=(null) file=\\?\UNC\Mac\Home\Documents\mxd\BeiDou-Server\clien\Data\Item\Pet\5000091.img
2026-07-07 15:01:19.407 [tid=6736] MapViewOfFile mapping=00001318 result=1A7E0000 err=0 access=0x00000004 offset=0:0 bytes=0
2026-07-07 15:01:19.409 [tid=6736] CreateFileMappingA input=0000131C result=00001320 err=0 name=(null) file=\\?\UNC\Mac\Home\Documents\mxd\BeiDou-Server\clien\Data\Item\Pet\5000091.img
2026-07-07 15:01:19.411 [tid=6736] MapViewOfFile mapping=00001320 result=1C230000 err=0 access=0x00000004 offset=0:0 bytes=0
2026-07-07 15:01:19.460 [tid=6736] CreateFileMappingA input=00001324 result=00001328 err=0 name=(null) file=\\?\UNC\Mac\Home\Documents\mxd\BeiDou-Server\clien\Data\Item\Pet\5000046.img
2026-07-07 15:01:19.461 [tid=6736] MapViewOfFile mapping=00001328 result=1A7E0000 err=0 access=0x00000004 offset=0:0 bytes=0
2026-07-07 15:01:19.464 [tid=6736] CreateFileMappingA input=00001308 result=0000132C err=0 name=(null) file=\\?\UNC\Mac\Home\Documents\mxd\BeiDou-Server\clien\Data\Item\Pet\5000046.img
2026-07-07 15:01:19.464 [tid=6736] MapViewOfFile mapping=0000132C result=1C250000 err=0 access=0x00000004 offset=0:0 bytes=0
2026-07-07 15:01:19.519 [tid=6736] CreateFileMappingA input=00001330 result=00001334 err=0 name=(null) file=\\?\UNC\Mac\Home\Documents\mxd\BeiDou-Server\clien\Data\Item\Pet\5000052.img
2026-07-07 15:01:19.520 [tid=6736] MapViewOfFile mapping=00001334 result=1C280000 err=0 access=0x00000004 offset=0:0 bytes=0
2026-07-07 15:01:19.524 [tid=6736] CreateFileMappingA input=00001338 result=0000133C err=0 name=(null) file=\\?\UNC\Mac\Home\Documents\mxd\BeiDou-Server\clien\Data\Item\Pet\5000052.img
2026-07-07 15:01:19.525 [tid=6736] MapViewOfFile mapping=0000133C result=1C300000 err=0 access=0x00000004 offset=0:0 bytes=0
2026-07-07 15:01:19.582 [tid=6736] CreateFileMappingA input=00001324 result=00001344 err=0 name=(null) file=\\?\UNC\Mac\Home\Documents\mxd\BeiDou-Server\clien\Data\Item\Pet\5000722.img
2026-07-07 15:01:19.583 [tid=6736] MapViewOfFile mapping=00001344 result=1A7E0000 err=0 access=0x00000004 offset=0:0 bytes=0
2026-07-07 15:01:19.584 [tid=6736] CreateFileMappingA input=00001348 result=0000134C err=0 name=(null) file=\\?\UNC\Mac\Home\Documents\mxd\BeiDou-Server\clien\Data\Item\Pet\5000722.img
2026-07-07 15:01:19.586 [tid=6736] MapViewOfFile mapping=0000134C result=1C280000 err=0 access=0x00000004 offset=0:0 bytes=0
2026-07-07 15:01:19.643 [tid=6736] CreateFileMappingA input=00001350 result=00001354 err=0 name=(null) file=\\?\UNC\Mac\Home\Documents\mxd\BeiDou-Server\clien\Data\Item\Pet\5000044.img
2026-07-07 15:01:19.645 [tid=6736] MapViewOfFile mapping=00001354 result=126C0000 err=0 access=0x00000004 offset=0:0 bytes=0
2026-07-07 15:01:19.647 [tid=6736] CreateFileMappingA input=00001358 result=0000135C err=0 name=(null) file=\\?\UNC\Mac\Home\Documents\mxd\BeiDou-Server\clien\Data\Item\Pet\5000044.img
2026-07-07 15:01:19.649 [tid=6736] MapViewOfFile mapping=0000135C result=1A440000 err=0 access=0x00000004 offset=0:0 bytes=0
2026-07-07 15:01:19.714 [tid=6736] CreateFileMappingA input=00001360 result=00001364 err=0 name=(null) file=\\?\UNC\Mac\Home\Documents\mxd\BeiDou-Server\clien\Data\Item\Pet\5000050.img
2026-07-07 15:01:19.715 [tid=6736] MapViewOfFile mapping=00001364 result=1C380000 err=0 access=0x00000004 offset=0:0 bytes=0
2026-07-07 15:01:19.718 [tid=6736] CreateFileMappingA input=00001368 result=0000136C err=0 name=(null) file=\\?\UNC\Mac\Home\Documents\mxd\BeiDou-Server\clien\Data\Item\Pet\5000050.img
2026-07-07 15:01:19.720 [tid=6736] MapViewOfFile mapping=0000136C result=1C3E0000 err=0 access=0x00000004 offset=0:0 bytes=0
2026-07-07 15:01:19.780 [tid=6736] CreateFileMappingA input=00001370 result=00001374 err=0 name=(null) file=\\?\UNC\Mac\Home\Documents\mxd\BeiDou-Server\clien\Data\Item\Pet\5000078.img
2026-07-07 15:01:19.781 [tid=6736] MapViewOfFile mapping=00001374 result=1A7E0000 err=0 access=0x00000004 offset=0:0 bytes=0
2026-07-07 15:01:19.785 [tid=6736] CreateFileMappingA input=00001378 result=0000137C err=0 name=(null) file=\\?\UNC\Mac\Home\Documents\mxd\BeiDou-Server\clien\Data\Item\Pet\5000078.img
2026-07-07 15:01:19.786 [tid=6736] MapViewOfFile mapping=0000137C result=1C2B0000 err=0 access=0x00000004 offset=0:0 bytes=0
2026-07-07 15:01:19.823 [tid=6736] CreateFileMappingA input=00001380 result=00001384 err=0 name=(null) file=\\?\UNC\Mac\Home\Documents\mxd\BeiDou-Server\clien\Data\Item\Pet\5000087.img
2026-07-07 15:01:19.825 [tid=6736] MapViewOfFile mapping=00001384 result=1A7E0000 err=0 access=0x00000004 offset=0:0 bytes=0
2026-07-07 15:01:19.828 [tid=6736] CreateFileMappingA input=00001388 result=0000138C err=0 name=(null) file=\\?\UNC\Mac\Home\Documents\mxd\BeiDou-Server\clien\Data\Item\Pet\5000087.img
2026-07-07 15:01:19.830 [tid=6736] MapViewOfFile mapping=0000138C result=1C2D0000 err=0 access=0x00000004 offset=0:0 bytes=0
2026-07-07 15:01:19.892 [tid=6736] CreateFileMappingA input=00001390 result=00001394 err=0 name=(null) file=\\?\UNC\Mac\Home\Documents\mxd\BeiDou-Server\clien\Data\Item\Pet\5000093.img
2026-07-07 15:01:19.893 [tid=6736] MapViewOfFile mapping=00001394 result=1A7E0000 err=0 access=0x00000004 offset=0:0 bytes=0
2026-07-07 15:01:19.897 [tid=6736] CreateFileMappingA input=00001398 result=0000139C err=0 name=(null) file=\\?\UNC\Mac\Home\Documents\mxd\BeiDou-Server\clien\Data\Item\Pet\5000093.img
2026-07-07 15:01:19.899 [tid=6736] MapViewOfFile mapping=0000139C result=1C380000 err=0 access=0x00000004 offset=0:0 bytes=0
2026-07-07 15:01:19.957 [tid=6736] CreateFileMappingA input=000013A0 result=000013A4 err=0 name=(null) file=\\?\UNC\Mac\Home\Documents\mxd\BeiDou-Server\clien\Data\Item\Pet\5000252.img
2026-07-07 15:01:19.958 [tid=6736] MapViewOfFile mapping=000013A4 result=1A7E0000 err=0 access=0x00000004 offset=0:0 bytes=0
2026-07-07 15:01:19.961 [tid=6736] CreateFileMappingA input=000013A8 result=000013AC err=0 name=(null) file=\\?\UNC\Mac\Home\Documents\mxd\BeiDou-Server\clien\Data\Item\Pet\5000252.img
2026-07-07 15:01:19.961 [tid=6736] MapViewOfFile mapping=000013AC result=1C3A0000 err=0 access=0x00000004 offset=0:0 bytes=0
2026-07-07 15:01:20.015 [tid=6736] CreateFileMappingA input=0000130C result=000012F0 err=0 name=(null) file=\\?\UNC\Mac\Home\Documents\mxd\BeiDou-Server\clien\Data\Item\Pet\5000285.img
2026-07-07 15:01:20.016 [tid=6736] MapViewOfFile mapping=000012F0 result=1A7E0000 err=0 access=0x00000004 offset=0:0 bytes=0
2026-07-07 15:01:20.018 [tid=6736] CreateFileMappingA input=000013B0 result=000013B4 err=0 name=(null) file=\\?\UNC\Mac\Home\Documents\mxd\BeiDou-Server\clien\Data\Item\Pet\5000285.img
2026-07-07 15:01:20.019 [tid=6736] MapViewOfFile mapping=000013B4 result=1C440000 err=0 access=0x00000004 offset=0:0 bytes=0
2026-07-07 15:01:20.065 [tid=6736] CreateFileMappingA input=000012AC result=000013B8 err=0 name=(null) file=\\?\UNC\Mac\Home\Documents\mxd\BeiDou-Server\clien\Data\Item\Pet\5000291.img
2026-07-07 15:01:20.066 [tid=6736] MapViewOfFile mapping=000013B8 result=1A7E0000 err=0 access=0x00000004 offset=0:0 bytes=0
2026-07-07 15:01:20.068 [tid=6736] CreateFileMappingA input=000013BC result=000013C0 err=0 name=(null) file=\\?\UNC\Mac\Home\Documents\mxd\BeiDou-Server\clien\Data\Item\Pet\5000291.img
2026-07-07 15:01:20.070 [tid=6736] MapViewOfFile mapping=000013C0 result=1C470000 err=0 access=0x00000004 offset=0:0 bytes=0
2026-07-07 15:01:20.120 [tid=6736] CreateFileMappingA input=0000127C result=000013C4 err=0 name=(null) file=\\?\UNC\Mac\Home\Documents\mxd\BeiDou-Server\clien\Data\Item\Pet\5000332.img
2026-07-07 15:01:20.121 [tid=6736] MapViewOfFile mapping=000013C4 result=1A7E0000 err=0 access=0x00000004 offset=0:0 bytes=0
2026-07-07 15:01:20.123 [tid=6736] CreateFileMappingA input=000013C8 result=000013CC err=0 name=(null) file=\\?\UNC\Mac\Home\Documents\mxd\BeiDou-Server\clien\Data\Item\Pet\5000332.img
2026-07-07 15:01:20.124 [tid=6736] MapViewOfFile mapping=000013CC result=1C490000 err=0 access=0x00000004 offset=0:0 bytes=0
2026-07-07 15:01:20.169 [tid=6736] CreateFileMappingA input=0000124C result=000013D0 err=0 name=(null) file=\\?\UNC\Mac\Home\Documents\mxd\BeiDou-Server\clien\Data\Item\Pet\5001010.img
2026-07-07 15:01:20.171 [tid=6736] MapViewOfFile mapping=000013D0 result=1C4B0000 err=0 access=0x00000004 offset=0:0 bytes=0
2026-07-07 15:01:20.173 [tid=6736] CreateFileMappingA input=000013D4 result=000013D8 err=0 name=(null) file=\\?\UNC\Mac\Home\Documents\mxd\BeiDou-Server\clien\Data\Item\Pet\5001010.img
2026-07-07 15:01:20.174 [tid=6736] MapViewOfFile mapping=000013D8 result=1C550000 err=0 access=0x00000004 offset=0:0 bytes=0
2026-07-07 15:01:20.188 [tid=6736] CreateFileMappingA input=000013DC result=000013E0 err=0 name=(null) file=\\?\UNC\Mac\Home\Documents\mxd\BeiDou-Server\clien\Data\Item\Pet\5000468.img
2026-07-07 15:01:20.190 [tid=6736] MapViewOfFile mapping=000013E0 result=1A7E0000 err=0 access=0x00000004 offset=0:0 bytes=0
2026-07-07 15:01:20.192 [tid=6736] CreateFileMappingA input=000013E4 result=000013E8 err=0 name=(null) file=\\?\UNC\Mac\Home\Documents\mxd\BeiDou-Server\clien\Data\Item\Pet\5000468.img
2026-07-07 15:01:20.193 [tid=6736] MapViewOfFile mapping=000013E8 result=1C4B0000 err=0 access=0x00000004 offset=0:0 bytes=0
2026-07-07 15:01:20.248 [tid=6736] CreateFileMappingA input=000013EC result=000013F0 err=0 name=(null) file=\\?\UNC\Mac\Home\Documents\mxd\BeiDou-Server\clien\Data\Item\Pet\5001004.img
2026-07-07 15:01:20.250 [tid=6736] MapViewOfFile mapping=000013F0 result=1C5F0000 err=0 access=0x00000004 offset=0:0 bytes=0
2026-07-07 15:01:20.252 [tid=6736] CreateFileMappingA input=000013F4 result=000013F8 err=0 name=(null) file=\\?\UNC\Mac\Home\Documents\mxd\BeiDou-Server\clien\Data\Item\Pet\5001004.img
2026-07-07 15:01:20.253 [tid=6736] MapViewOfFile mapping=000013F8 result=1C6B0000 err=0 access=0x00000004 offset=0:0 bytes=0
2026-07-07 15:01:20.269 [tid=6736] CreateFileMappingA input=000013FC result=000013EC err=0 name=(null) file=\\?\UNC\Mac\Home\Documents\mxd\BeiDou-Server\clien\Data\Item\Pet\5000483.img
2026-07-07 15:01:20.270 [tid=6736] MapViewOfFile mapping=000013EC result=1A7E0000 err=0 access=0x00000004 offset=0:0 bytes=0
2026-07-07 15:01:20.274 [tid=6736] CreateFileMappingA input=000013F0 result=0000124C err=0 name=(null) file=\\?\UNC\Mac\Home\Documents\mxd\BeiDou-Server\clien\Data\Item\Pet\5000483.img
2026-07-07 15:01:20.275 [tid=6736] MapViewOfFile mapping=0000124C result=1C4D0000 err=0 access=0x00000004 offset=0:0 bytes=0
2026-07-07 15:01:20.322 [tid=6736] CreateFileMappingA input=000013D0 result=00001250 err=0 name=(null) file=\\?\UNC\Mac\Home\Documents\mxd\BeiDou-Server\clien\Data\Item\Pet\5000124.img
2026-07-07 15:01:20.323 [tid=6736] MapViewOfFile mapping=00001250 result=1A7E0000 err=0 access=0x00000004 offset=0:0 bytes=0
2026-07-07 15:01:20.326 [tid=6736] CreateFileMappingA input=00001198 result=000011E0 err=0 name=(null) file=\\?\UNC\Mac\Home\Documents\mxd\BeiDou-Server\clien\Data\Item\Pet\5000124.img
2026-07-07 15:01:20.327 [tid=6736] MapViewOfFile mapping=000011E0 result=1C4F0000 err=0 access=0x00000004 offset=0:0 bytes=0
2026-07-07 15:01:20.376 [tid=6736] CreateFileMappingA input=000013FC result=000013EC err=0 name=(null) file=\\?\UNC\Mac\Home\Documents\mxd\BeiDou-Server\clien\Data\Item\Pet\5000118.img
2026-07-07 15:01:20.377 [tid=6736] MapViewOfFile mapping=000013EC result=1A7E0000 err=0 access=0x00000004 offset=0:0 bytes=0
2026-07-07 15:01:20.380 [tid=6736] CreateFileMappingA input=000013DC result=000013E0 err=0 name=(null) file=\\?\UNC\Mac\Home\Documents\mxd\BeiDou-Server\clien\Data\Item\Pet\5000118.img
2026-07-07 15:01:20.381 [tid=6736] MapViewOfFile mapping=000013E0 result=1C510000 err=0 access=0x00000004 offset=0:0 bytes=0
2026-07-07 15:01:20.432 [tid=6736] CreateFileMappingA input=000012AC result=000013FC err=0 name=(null) file=\\?\UNC\Mac\Home\Documents\mxd\BeiDou-Server\clien\Data\Item\Pet\5000119.img
2026-07-07 15:01:20.433 [tid=6736] MapViewOfFile mapping=000013FC result=1A7E0000 err=0 access=0x00000004 offset=0:0 bytes=0
2026-07-07 15:01:20.435 [tid=6736] CreateFileMappingA input=000013EC result=000013B8 err=0 name=(null) file=\\?\UNC\Mac\Home\Documents\mxd\BeiDou-Server\clien\Data\Item\Pet\5000119.img
2026-07-07 15:01:20.436 [tid=6736] MapViewOfFile mapping=000013B8 result=1C530000 err=0 access=0x00000004 offset=0:0 bytes=0
2026-07-07 15:01:20.474 [tid=6736] CreateFileMappingA input=0000130C result=000012AC err=0 name=(null) file=\\?\UNC\Mac\Home\Documents\mxd\BeiDou-Server\clien\Data\Item\Pet\5000125.img
2026-07-07 15:01:20.476 [tid=6736] MapViewOfFile mapping=000012AC result=1A7E0000 err=0 access=0x00000004 offset=0:0 bytes=0
2026-07-07 15:01:20.478 [tid=6736] CreateFileMappingA input=000013FC result=000012F0 err=0 name=(null) file=\\?\UNC\Mac\Home\Documents\mxd\BeiDou-Server\clien\Data\Item\Pet\5000125.img
2026-07-07 15:01:20.479 [tid=6736] MapViewOfFile mapping=000012F0 result=1C5F0000 err=0 access=0x00000004 offset=0:0 bytes=0
2026-07-07 15:01:20.518 [tid=6736] CreateFileMappingA input=000013A0 result=000013A4 err=0 name=(null) file=\\?\UNC\Mac\Home\Documents\mxd\BeiDou-Server\clien\Data\Item\Pet\5001005.img
2026-07-07 15:01:20.519 [tid=6736] MapViewOfFile mapping=000013A4 result=1C770000 err=0 access=0x00000004 offset=0:0 bytes=0
2026-07-07 15:01:20.526 [tid=6736] CreateFileMappingA input=00001390 result=00001394 err=0 name=(null) file=\\?\UNC\Mac\Home\Documents\mxd\BeiDou-Server\clien\Data\Item\Pet\5001005.img
2026-07-07 15:01:20.529 [tid=6736] MapViewOfFile mapping=00001394 result=1C830000 err=0 access=0x00000004 offset=0:0 bytes=0
2026-07-07 15:01:20.567 [tid=6736] CreateFileMappingA input=000013A0 result=000013A4 err=0 name=(null) file=\\?\UNC\Mac\Home\Documents\mxd\BeiDou-Server\clien\Data\Item\Pet\5001011.img
2026-07-07 15:01:20.568 [tid=6736] MapViewOfFile mapping=000013A4 result=1C610000 err=0 access=0x00000004 offset=0:0 bytes=0
2026-07-07 15:01:20.574 [tid=6736] CreateFileMappingA input=00001370 result=00001374 err=0 name=(null) file=\\?\UNC\Mac\Home\Documents\mxd\BeiDou-Server\clien\Data\Item\Pet\5001011.img
2026-07-07 15:01:20.576 [tid=6736] MapViewOfFile mapping=00001374 result=1C770000 err=0 access=0x00000004 offset=0:0 bytes=0
2026-07-07 15:01:20.611 [tid=6736] CreateFileMappingA input=00001360 result=000013A0 err=0 name=(null) file=\\?\UNC\Mac\Home\Documents\mxd\BeiDou-Server\clien\Data\Item\Pet\5000469.img
2026-07-07 15:01:20.614 [tid=6736] MapViewOfFile mapping=000013A0 result=1A7E0000 err=0 access=0x00000004 offset=0:0 bytes=0
2026-07-07 15:01:20.616 [tid=6736] CreateFileMappingA input=000013A4 result=00001364 err=0 name=(null) file=\\?\UNC\Mac\Home\Documents\mxd\BeiDou-Server\clien\Data\Item\Pet\5000469.img
2026-07-07 15:01:20.617 [tid=6736] MapViewOfFile mapping=00001364 result=1C610000 err=0 access=0x00000004 offset=0:0 bytes=0
2026-07-07 15:01:20.650 [tid=6736] CreateFileMappingA input=00001324 result=00001360 err=0 name=(null) file=\\?\UNC\Mac\Home\Documents\mxd\BeiDou-Server\clien\Data\Item\Pet\5000290.img
2026-07-07 15:01:20.651 [tid=6736] MapViewOfFile mapping=00001360 result=1A7E0000 err=0 access=0x00000004 offset=0:0 bytes=0
2026-07-07 15:01:20.653 [tid=6736] CreateFileMappingA input=000013A0 result=00001344 err=0 name=(null) file=\\?\UNC\Mac\Home\Documents\mxd\BeiDou-Server\clien\Data\Item\Pet\5000290.img
2026-07-07 15:01:20.654 [tid=6736] MapViewOfFile mapping=00001344 result=1C630000 err=0 access=0x00000004 offset=0:0 bytes=0
2026-07-07 15:01:20.692 [tid=6736] CreateFileMappingA input=00001340 result=00001324 err=0 name=(null) file=\\?\UNC\Mac\Home\Documents\mxd\BeiDou-Server\clien\Data\Item\Pet\5000284.img
2026-07-07 15:01:20.693 [tid=6736] MapViewOfFile mapping=00001324 result=1C650000 err=0 access=0x00000004 offset=0:0 bytes=0
2026-07-07 15:01:20.696 [tid=6736] CreateFileMappingA input=00001298 result=00001360 err=0 name=(null) file=\\?\UNC\Mac\Home\Documents\mxd\BeiDou-Server\clien\Data\Item\Pet\5000284.img
2026-07-07 15:01:20.697 [tid=6736] MapViewOfFile mapping=00001360 result=1C8F0000 err=0 access=0x00000004 offset=0:0 bytes=0
2026-07-07 15:01:20.748 [tid=6736] CreateFileMappingA input=0000129C result=0000123C err=0 name=(null) file=\\?\UNC\Mac\Home\Documents\mxd\BeiDou-Server\clien\Data\Item\Pet\5000253.img
2026-07-07 15:01:20.749 [tid=6736] MapViewOfFile mapping=0000123C result=1A7E0000 err=0 access=0x00000004 offset=0:0 bytes=0
2026-07-07 15:01:20.752 [tid=6736] CreateFileMappingA input=00001240 result=0000122C err=0 name=(null) file=\\?\UNC\Mac\Home\Documents\mxd\BeiDou-Server\clien\Data\Item\Pet\5000253.img
2026-07-07 15:01:20.753 [tid=6736] MapViewOfFile mapping=0000122C result=1C650000 err=0 access=0x00000004 offset=0:0 bytes=0
2026-07-07 15:01:20.809 [tid=6736] CreateFileMappingA input=00001230 result=0000129C err=0 name=(null) file=\\?\UNC\Mac\Home\Documents\mxd\BeiDou-Server\clien\Data\Item\Pet\5000247.img
2026-07-07 15:01:20.809 [tid=6736] MapViewOfFile mapping=0000129C result=1A7E0000 err=0 access=0x00000004 offset=0:0 bytes=0
2026-07-07 15:01:20.812 [tid=6736] CreateFileMappingA input=0000123C result=0000120C err=0 name=(null) file=\\?\UNC\Mac\Home\Documents\mxd\BeiDou-Server\clien\Data\Item\Pet\5000247.img
2026-07-07 15:01:20.813 [tid=6736] MapViewOfFile mapping=0000120C result=1C680000 err=0 access=0x00000004 offset=0:0 bytes=0
2026-07-07 15:01:20.866 [tid=6736] CreateFileMappingA input=00001210 result=000011F8 err=0 name=(null) file=\\?\UNC\Mac\Home\Documents\mxd\BeiDou-Server\clien\Data\Item\Pet\5000092.img
2026-07-07 15:01:20.867 [tid=6736] MapViewOfFile mapping=000011F8 result=1A7E0000 err=0 access=0x00000004 offset=0:0 bytes=0
2026-07-07 15:01:20.870 [tid=6736] CreateFileMappingA input=000011FC result=0000033C err=0 name=(null) file=\\?\UNC\Mac\Home\Documents\mxd\BeiDou-Server\clien\Data\Item\Pet\5000092.img
2026-07-07 15:01:20.871 [tid=6736] MapViewOfFile mapping=0000033C result=1C810000 err=0 access=0x00000004 offset=0:0 bytes=0
2026-07-07 15:01:20.920 [tid=6736] CreateFileMappingA input=000011EC result=00001210 err=0 name=(null) file=\\?\UNC\Mac\Home\Documents\mxd\BeiDou-Server\clien\Data\Item\Pet\5000086.img
2026-07-07 15:01:20.921 [tid=6736] MapViewOfFile mapping=00001210 result=1C940000 err=0 access=0x00000004 offset=0:0 bytes=0
2026-07-07 15:01:20.925 [tid=6736] CreateFileMappingA input=000011F8 result=000011D0 err=0 name=(null) file=\\?\UNC\Mac\Home\Documents\mxd\BeiDou-Server\clien\Data\Item\Pet\5000086.img
2026-07-07 15:01:20.926 [tid=6736] MapViewOfFile mapping=000011D0 result=1C980000 err=0 access=0x00000004 offset=0:0 bytes=0
2026-07-07 15:01:21.044 [tid=6736] CreateFileMappingA input=000011EC result=00001210 err=0 name=(null) file=\\?\UNC\Mac\Home\Documents\mxd\BeiDou-Server\clien\Data\Item\Pet\5000079.img
2026-07-07 15:01:21.047 [tid=6736] MapViewOfFile mapping=00001210 result=1A7E0000 err=0 access=0x00000004 offset=0:0 bytes=0
2026-07-07 15:01:21.063 [tid=6736] CreateFileMappingA input=000011B4 result=000011D4 err=0 name=(null) file=\\?\UNC\Mac\Home\Documents\mxd\BeiDou-Server\clien\Data\Item\Pet\5000079.img
2026-07-07 15:01:21.090 [tid=6736] MapViewOfFile mapping=000011D4 result=1C940000 err=0 access=0x00000004 offset=0:0 bytes=0
2026-07-07 15:01:21.272 [tid=6736] CreateFileMappingA input=000011B8 result=000011EC err=0 name=(null) file=\\?\UNC\Mac\Home\Documents\mxd\BeiDou-Server\clien\Data\Item\Pet\5000051.img
2026-07-07 15:01:21.274 [tid=6736] MapViewOfFile mapping=000011EC result=1C9C0000 err=0 access=0x00000004 offset=0:0 bytes=0
2026-07-07 15:01:21.278 [tid=6736] CreateFileMappingA input=00001210 result=000010CC err=0 name=(null) file=\\?\UNC\Mac\Home\Documents\mxd\BeiDou-Server\clien\Data\Item\Pet\5000051.img
2026-07-07 15:01:21.280 [tid=6736] MapViewOfFile mapping=000010CC result=1CA40000 err=0 access=0x00000004 offset=0:0 bytes=0
2026-07-07 15:01:21.338 [tid=6736] CreateFileMappingA input=000011B8 result=000011EC err=0 name=(null) file=\\?\UNC\Mac\Home\Documents\mxd\BeiDou-Server\clien\Data\Item\Pet\5000723.img
2026-07-07 15:01:21.339 [tid=6736] MapViewOfFile mapping=000011EC result=1A7E0000 err=0 access=0x00000004 offset=0:0 bytes=0
2026-07-07 15:01:21.342 [tid=6736] CreateFileMappingA input=000010D0 result=000010BC err=0 name=(null) file=\\?\UNC\Mac\Home\Documents\mxd\BeiDou-Server\clien\Data\Item\Pet\5000723.img
2026-07-07 15:01:21.344 [tid=6736] MapViewOfFile mapping=000010BC result=1C9C0000 err=0 access=0x00000004 offset=0:0 bytes=0
2026-07-07 15:01:21.394 [tid=6736] CreateFileMappingA input=000010C0 result=000010AC err=0 name=(null) file=\\?\UNC\Mac\Home\Documents\mxd\BeiDou-Server\clien\Data\Item\Pet\5000045.img
2026-07-07 15:01:21.396 [tid=6736] MapViewOfFile mapping=000010AC result=1A7E0000 err=0 access=0x00000004 offset=0:0 bytes=0
2026-07-07 15:01:21.399 [tid=6736] CreateFileMappingA input=000010B0 result=0000108C err=0 name=(null) file=\\?\UNC\Mac\Home\Documents\mxd\BeiDou-Server\clien\Data\Item\Pet\5000045.img
2026-07-07 15:01:21.400 [tid=6736] MapViewOfFile mapping=0000108C result=1C9F0000 err=0 access=0x00000004 offset=0:0 bytes=0
2026-07-07 15:01:21.460 [tid=6736] CreateFileMappingA input=00001090 result=0000105C err=0 name=(null) file=\\?\UNC\Mac\Home\Documents\mxd\BeiDou-Server\clien\Data\Item\Pet\5000022.img
2026-07-07 15:01:21.461 [tid=6736] MapViewOfFile mapping=0000105C result=126C0000 err=0 access=0x00000004 offset=0:0 bytes=0
2026-07-07 15:01:21.464 [tid=6736] CreateFileMappingA input=00001060 result=00000C08 err=0 name=(null) file=\\?\UNC\Mac\Home\Documents\mxd\BeiDou-Server\clien\Data\Item\Pet\5000022.img
2026-07-07 15:01:21.465 [tid=6736] MapViewOfFile mapping=00000C08 result=1A6E0000 err=0 access=0x00000004 offset=0:0 bytes=0
2026-07-07 15:01:21.531 [tid=6736] CreateFileMappingA input=000010C0 result=00000C18 err=0 name=(null) file=\\?\UNC\Mac\Home\Documents\mxd\BeiDou-Server\clien\Data\Item\Pet\5000036.img
2026-07-07 15:01:21.533 [tid=6736] MapViewOfFile mapping=00000C18 result=1A7E0000 err=0 access=0x00000004 offset=0:0 bytes=0
2026-07-07 15:01:21.536 [tid=6736] CreateFileMappingA input=00001090 result=0000105C err=0 name=(null) file=\\?\UNC\Mac\Home\Documents\mxd\BeiDou-Server\clien\Data\Item\Pet\5000036.img
2026-07-07 15:01:21.537 [tid=6736] MapViewOfFile mapping=0000105C result=1CAC0000 err=0 access=0x00000004 offset=0:0 bytes=0
2026-07-07 15:01:21.621 [tid=6736] CreateFileMappingA input=000010AC result=000010C0 err=0 name=(null) file=\\?\UNC\Mac\Home\Documents\mxd\BeiDou-Server\clien\Data\Item\Pet\5000208.img
2026-07-07 15:01:21.623 [tid=6736] MapViewOfFile mapping=000010C0 result=1CAF0000 err=0 access=0x00000004 offset=0:0 bytes=0
2026-07-07 15:01:21.626 [tid=6736] CreateFileMappingA input=00000C18 result=000011B8 err=0 name=(null) file=\\?\UNC\Mac\Home\Documents\mxd\BeiDou-Server\clien\Data\Item\Pet\5000208.img
2026-07-07 15:01:21.627 [tid=6736] MapViewOfFile mapping=000011B8 result=1CB30000 err=0 access=0x00000004 offset=0:0 bytes=0
2026-07-07 15:01:21.671 [tid=6736] CreateFileMappingA input=000011EC result=000010AC err=0 name=(null) file=\\?\UNC\Mac\Home\Documents\mxd\BeiDou-Server\clien\Data\Item\Pet\5000591.img
2026-07-07 15:01:21.672 [tid=6736] MapViewOfFile mapping=000010AC result=126C0000 err=0 access=0x00000004 offset=0:0 bytes=0
2026-07-07 15:01:21.675 [tid=6736] CreateFileMappingA input=000010C0 result=00001230 err=0 name=(null) file=\\?\UNC\Mac\Home\Documents\mxd\BeiDou-Server\clien\Data\Item\Pet\5000591.img
2026-07-07 15:01:21.675 [tid=6736] MapViewOfFile mapping=00001230 result=1A7E0000 err=0 access=0x00000004 offset=0:0 bytes=0
2026-07-07 15:01:21.694 [tid=6736] CreateFileMappingA input=0000129C result=000011EC err=0 name=(null) file=\\?\UNC\Mac\Home\Documents\mxd\BeiDou-Server\clien\Data\Item\Pet\5000368.img
2026-07-07 15:01:21.697 [tid=6736] MapViewOfFile mapping=000011EC result=126C0000 err=0 access=0x00000004 offset=0:0 bytes=0
2026-07-07 15:01:21.703 [tid=6736] CreateFileMappingA input=000010AC result=00001340 err=0 name=(null) file=\\?\UNC\Mac\Home\Documents\mxd\BeiDou-Server\clien\Data\Item\Pet\5000368.img
2026-07-07 15:01:21.704 [tid=6736] MapViewOfFile mapping=00001340 result=1A7F0000 err=0 access=0x00000004 offset=0:0 bytes=0
2026-07-07 15:01:21.754 [tid=6736] CreateFileMappingA input=00001324 result=0000129C err=0 name=(null) file=\\?\UNC\Mac\Home\Documents\mxd\BeiDou-Server\clien\Data\Item\Pet\5000354.img
2026-07-07 15:01:21.756 [tid=6736] MapViewOfFile mapping=0000129C result=1C960000 err=0 access=0x00000004 offset=0:0 bytes=0
2026-07-07 15:01:21.759 [tid=6736] CreateFileMappingA input=000011EC result=0000130C err=0 name=(null) file=\\?\UNC\Mac\Home\Documents\mxd\BeiDou-Server\clien\Data\Item\Pet\5000354.img
2026-07-07 15:01:21.760 [tid=6736] MapViewOfFile mapping=0000130C result=1CA20000 err=0 access=0x00000004 offset=0:0 bytes=0
2026-07-07 15:01:21.815 [tid=6736] CreateFileMappingA input=000012AC result=00001324 err=0 name=(null) file=\\?\UNC\Mac\Home\Documents\mxd\BeiDou-Server\clien\Data\Item\Pet\5000432.img
2026-07-07 15:01:21.816 [tid=6736] MapViewOfFile mapping=00001324 result=126C0000 err=0 access=0x00000004 offset=0:0 bytes=0
2026-07-07 15:01:21.819 [tid=6736] CreateFileMappingA input=000013D0 result=0000129C err=0 name=(null) file=\\?\UNC\Mac\Home\Documents\mxd\BeiDou-Server\clien\Data\Item\Pet\5000432.img
2026-07-07 15:01:21.820 [tid=6736] MapViewOfFile mapping=0000129C result=1A800000 err=0 access=0x00000004 offset=0:0 bytes=0
2026-07-07 15:01:21.872 [tid=6736] CreateFileMappingA input=00001250 result=000012AC err=0 name=(null) file=\\?\UNC\Mac\Home\Documents\mxd\BeiDou-Server\clien\Data\Item\Pet\5000426.img
2026-07-07 15:01:21.873 [tid=6736] MapViewOfFile mapping=000012AC result=1C960000 err=0 access=0x00000004 offset=0:0 bytes=0
2026-07-07 15:01:21.875 [tid=6736] CreateFileMappingA input=00001324 result=0000127C err=0 name=(null) file=\\?\UNC\Mac\Home\Documents\mxd\BeiDou-Server\clien\Data\Item\Pet\5000426.img
2026-07-07 15:01:21.881 [tid=6736] MapViewOfFile mapping=0000127C result=1CAF0000 err=0 access=0x00000004 offset=0:0 bytes=0
2026-07-07 15:01:21.936 [tid=6736] CreateFileMappingA input=00001380 result=000013C4 err=0 name=(null) file=\\?\UNC\Mac\Home\Documents\mxd\BeiDou-Server\clien\Data\Item\Pet\5000383.img
2026-07-07 15:01:21.937 [tid=6736] MapViewOfFile mapping=000013C4 result=1C960000 err=0 access=0x00000004 offset=0:0 bytes=0
2026-07-07 15:01:21.940 [tid=6736] CreateFileMappingA input=00001250 result=000012AC err=0 name=(null) file=\\?\UNC\Mac\Home\Documents\mxd\BeiDou-Server\clien\Data\Item\Pet\5000383.img
2026-07-07 15:01:21.941 [tid=6736] MapViewOfFile mapping=000012AC result=1CB10000 err=0 access=0x00000004 offset=0:0 bytes=0
2026-07-07 15:01:21.991 [tid=6736] CreateFileMappingA input=00001384 result=00001380 err=0 name=(null) file=\\?\UNC\Mac\Home\Documents\mxd\BeiDou-Server\clien\Data\Item\Pet\5000631.img
2026-07-07 15:01:21.993 [tid=6736] MapViewOfFile mapping=00001380 result=1DB40000 err=0 access=0x00000004 offset=0:0 bytes=0
2026-07-07 15:01:22.007 [tid=6736] CreateFileMappingA input=00001350 result=00001354 err=0 name=(null) file=\\?\UNC\Mac\Home\Documents\mxd\BeiDou-Server\clien\Data\Item\Pet\5000631.img
2026-07-07 15:01:22.008 [tid=6736] MapViewOfFile mapping=00001354 result=1DB70000 err=0 access=0x00000004 offset=0:0 bytes=0
2026-07-07 15:01:22.054 [tid=6736] CreateFileMappingA input=00001330 result=000013C4 err=0 name=(null) file=\\?\UNC\Mac\Home\Documents\mxd\BeiDou-Server\clien\Data\Item\Pet\5000382.img
2026-07-07 15:01:22.055 [tid=6736] MapViewOfFile mapping=000013C4 result=1DB40000 err=0 access=0x00000004 offset=0:0 bytes=0
2026-07-07 15:01:22.058 [tid=6736] CreateFileMappingA input=00001384 result=00001380 err=0 name=(null) file=\\?\UNC\Mac\Home\Documents\mxd\BeiDou-Server\clien\Data\Item\Pet\5000382.img
2026-07-07 15:01:22.059 [tid=6736] MapViewOfFile mapping=00001380 result=1DBA0000 err=0 access=0x00000004 offset=0:0 bytes=0
2026-07-07 15:01:22.105 [tid=6736] CreateFileMappingA input=00001334 result=00001330 err=0 name=(null) file=\\?\UNC\Mac\Home\Documents\mxd\BeiDou-Server\clien\Data\Item\Pet\5000427.img
2026-07-07 15:01:22.106 [tid=6736] MapViewOfFile mapping=00001330 result=1C960000 err=0 access=0x00000004 offset=0:0 bytes=0
2026-07-07 15:01:22.119 [tid=6736] CreateFileMappingA input=000013C4 result=00001328 err=0 name=(null) file=\\?\UNC\Mac\Home\Documents\mxd\BeiDou-Server\clien\Data\Item\Pet\5000427.img
2026-07-07 15:01:22.121 [tid=6736] MapViewOfFile mapping=00001328 result=1DB40000 err=0 access=0x00000004 offset=0:0 bytes=0
2026-07-07 15:01:22.180 [tid=6736] CreateFileMappingA input=00001314 result=00001334 err=0 name=(null) file=\\?\UNC\Mac\Home\Documents\mxd\BeiDou-Server\clien\Data\Item\Pet\5000341.img
2026-07-07 15:01:22.181 [tid=6736] MapViewOfFile mapping=00001334 result=1C960000 err=0 access=0x00000004 offset=0:0 bytes=0
2026-07-07 15:01:22.184 [tid=6736] CreateFileMappingA input=00001330 result=00001318 err=0 name=(null) file=\\?\UNC\Mac\Home\Documents\mxd\BeiDou-Server\clien\Data\Item\Pet\5000341.img
2026-07-07 15:01:22.184 [tid=6736] MapViewOfFile mapping=00001318 result=1DBD0000 err=0 access=0x00000004 offset=0:0 bytes=0
2026-07-07 15:01:22.230 [tid=6736] CreateFileMappingA input=00001300 result=000012FC err=0 name=(null) file=\\?\UNC\Mac\Home\Documents\mxd\BeiDou-Server\clien\Data\Item\Pet\5000433.img
2026-07-07 15:01:22.230 [tid=6736] MapViewOfFile mapping=000012FC result=126C0000 err=0 access=0x00000004 offset=0:0 bytes=0
2026-07-07 15:01:22.233 [tid=6736] CreateFileMappingA input=00001314 result=00001334 err=0 name=(null) file=\\?\UNC\Mac\Home\Documents\mxd\BeiDou-Server\clien\Data\Item\Pet\5000433.img
2026-07-07 15:01:22.233 [tid=6736] MapViewOfFile mapping=00001334 result=1A840000 err=0 access=0x00000004 offset=0:0 bytes=0
2026-07-07 15:01:22.282 [tid=6736] CreateFileMappingA input=000012D8 result=00001300 err=0 name=(null) file=\\?\UNC\Mac\Home\Documents\mxd\BeiDou-Server\clien\Data\Item\Pet\5000369.img
2026-07-07 15:01:22.283 [tid=6736] MapViewOfFile mapping=00001300 result=1C960000 err=0 access=0x00000004 offset=0:0 bytes=0
2026-07-07 15:01:22.285 [tid=6736] CreateFileMappingA input=000012FC result=000012DC err=0 name=(null) file=\\?\UNC\Mac\Home\Documents\mxd\BeiDou-Server\clien\Data\Item\Pet\5000369.img
2026-07-07 15:01:22.286 [tid=6736] MapViewOfFile mapping=000012DC result=1DBF0000 err=0 access=0x00000004 offset=0:0 bytes=0
2026-07-07 15:01:22.331 [tid=6736] CreateFileMappingA input=000012CC result=000012C8 err=0 name=(null) file=\\?\UNC\Mac\Home\Documents\mxd\BeiDou-Server\clien\Data\Item\Pet\5000590.img
2026-07-07 15:01:22.332 [tid=6736] MapViewOfFile mapping=000012C8 result=126C0000 err=0 access=0x00000004 offset=0:0 bytes=0
2026-07-07 15:01:22.334 [tid=6736] CreateFileMappingA input=000012D8 result=00001300 err=0 name=(null) file=\\?\UNC\Mac\Home\Documents\mxd\BeiDou-Server\clien\Data\Item\Pet\5000590.img
2026-07-07 15:01:22.335 [tid=6736] MapViewOfFile mapping=00001300 result=1A8C0000 err=0 access=0x00000004 offset=0:0 bytes=0
2026-07-07 15:01:22.362 [tid=6736] CreateFileMappingA input=000012BC result=000012B8 err=0 name=(null) file=\\?\UNC\Mac\Home\Documents\mxd\BeiDou-Server\clien\Data\Item\Pet\5000221.img
2026-07-07 15:01:22.363 [tid=6736] MapViewOfFile mapping=000012B8 result=126C0000 err=0 access=0x00000004 offset=0:0 bytes=0
2026-07-07 15:01:22.365 [tid=6736] CreateFileMappingA input=000012CC result=000012C8 err=0 name=(null) file=\\?\UNC\Mac\Home\Documents\mxd\BeiDou-Server\clien\Data\Item\Pet\5000221.img
2026-07-07 15:01:22.366 [tid=6736] MapViewOfFile mapping=000012C8 result=1BE30000 err=0 access=0x00000004 offset=0:0 bytes=0
2026-07-07 15:01:22.418 [tid=6736] CreateFileMappingA input=00001278 result=000012BC err=0 name=(null) file=\\?\UNC\Mac\Home\Documents\mxd\BeiDou-Server\clien\Data\Item\Pet\5000209.img
2026-07-07 15:01:22.419 [tid=6736] MapViewOfFile mapping=000012BC result=1DC10000 err=0 access=0x00000004 offset=0:0 bytes=0
2026-07-07 15:01:22.424 [tid=6736] CreateFileMappingA input=000012B8 result=000012A8 err=0 name=(null) file=\\?\UNC\Mac\Home\Documents\mxd\BeiDou-Server\clien\Data\Item\Pet\5000209.img
2026-07-07 15:01:22.425 [tid=6736] MapViewOfFile mapping=000012A8 result=1DC50000 err=0 access=0x00000004 offset=0:0 bytes=0
2026-07-07 15:01:22.639 [tid=6736] CreateFileMappingA input=00001288 result=00001278 err=0 name=(null) file=\\?\UNC\Mac\Home\Documents\mxd\BeiDou-Server\clien\Data\Item\Pet\5000037.img
2026-07-07 15:01:22.641 [tid=6736] MapViewOfFile mapping=00001278 result=126C0000 err=0 access=0x00000004 offset=0:0 bytes=0
2026-07-07 15:01:22.643 [tid=6736] CreateFileMappingA input=000012BC result=0000128C err=0 name=(null) file=\\?\UNC\Mac\Home\Documents\mxd\BeiDou-Server\clien\Data\Item\Pet\5000037.img
2026-07-07 15:01:22.644 [tid=6736] MapViewOfFile mapping=0000128C result=1C2F0000 err=0 access=0x00000004 offset=0:0 bytes=0
2026-07-07 15:01:22.702 [tid=6736] CreateFileMappingA input=00001268 result=00001288 err=0 name=(null) file=\\?\UNC\Mac\Home\Documents\mxd\BeiDou-Server\clien\Data\Item\Pet\5000023.img
2026-07-07 15:01:22.704 [tid=6736] MapViewOfFile mapping=00001288 result=126C0000 err=0 access=0x00000004 offset=0:0 bytes=0
2026-07-07 15:01:22.724 [tid=6736] CreateFileMappingA input=0000126C result=00001278 err=0 name=(null) file=\\?\UNC\Mac\Home\Documents\mxd\BeiDou-Server\clien\Data\Item\Pet\5000023.img
2026-07-07 15:01:22.725 [tid=6736] MapViewOfFile mapping=00001278 result=1C3D0000 err=0 access=0x00000004 offset=0:0 bytes=0
2026-07-07 15:01:22.851 [tid=6736] CreateFileMappingA input=00001258 result=00001268 err=0 name=(null) file=\\?\UNC\Mac\Home\Documents\mxd\BeiDou-Server\clien\Data\Item\Pet\5000009.img
2026-07-07 15:01:22.854 [tid=6736] MapViewOfFile mapping=00001268 result=126C0000 err=0 access=0x00000004 offset=0:0 bytes=0
2026-07-07 15:01:22.860 [tid=6736] CreateFileMappingA input=00001288 result=0000125C err=0 name=(null) file=\\?\UNC\Mac\Home\Documents\mxd\BeiDou-Server\clien\Data\Item\Pet\5000009.img
2026-07-07 15:01:22.860 [tid=6736] MapViewOfFile mapping=0000125C result=1C960000 err=0 access=0x00000004 offset=0:0 bytes=0
2026-07-07 15:01:22.951 [tid=6736] CreateFileMappingA input=0000121C result=00001258 err=0 name=(null) file=\\?\UNC\Mac\Home\Documents\mxd\BeiDou-Server\clien\Data\Item\Pet\5000035.img
2026-07-07 15:01:22.952 [tid=6736] MapViewOfFile mapping=00001258 result=1DC90000 err=0 access=0x00000004 offset=0:0 bytes=0
2026-07-07 15:01:22.956 [tid=6736] CreateFileMappingA input=00001268 result=00001220 err=0 name=(null) file=\\?\UNC\Mac\Home\Documents\mxd\BeiDou-Server\clien\Data\Item\Pet\5000035.img
2026-07-07 15:01:22.958 [tid=6736] MapViewOfFile mapping=00001220 result=1DCE0000 err=0 access=0x00000004 offset=0:0 bytes=0
2026-07-07 15:01:23.015 [tid=6736] CreateFileMappingA input=00001194 result=0000121C err=0 name=(null) file=\\?\UNC\Mac\Home\Documents\mxd\BeiDou-Server\clien\Data\Item\Pet\5000021.img
2026-07-07 15:01:23.017 [tid=6736] MapViewOfFile mapping=0000121C result=126C0000 err=0 access=0x00000004 offset=0:0 bytes=0
2026-07-07 15:01:23.020 [tid=6736] CreateFileMappingA input=00001258 result=000011C4 err=0 name=(null) file=\\?\UNC\Mac\Home\Documents\mxd\BeiDou-Server\clien\Data\Item\Pet\5000021.img
2026-07-07 15:01:23.022 [tid=6736] MapViewOfFile mapping=000011C4 result=1C970000 err=0 access=0x00000004 offset=0:0 bytes=0
2026-07-07 15:01:23.083 [tid=6736] CreateFileMappingA input=000011A4 result=00001194 err=0 name=(null) file=\\?\UNC\Mac\Home\Documents\mxd\BeiDou-Server\clien\Data\Item\Pet\5000237.img
2026-07-07 15:01:23.084 [tid=6736] MapViewOfFile mapping=00001194 result=1DC10000 err=0 access=0x00000004 offset=0:0 bytes=0
2026-07-07 15:01:23.087 [tid=6736] CreateFileMappingA input=0000121C result=000011A8 err=0 name=(null) file=\\?\UNC\Mac\Home\Documents\mxd\BeiDou-Server\clien\Data\Item\Pet\5000237.img
2026-07-07 15:01:23.087 [tid=6736] MapViewOfFile mapping=000011A8 result=1DC30000 err=0 access=0x00000004 offset=0:0 bytes=0
2026-07-07 15:01:23.144 [tid=6736] CreateFileMappingA input=00001178 result=000011A4 err=0 name=(null) file=\\?\UNC\Mac\Home\Documents\mxd\BeiDou-Server\clien\Data\Item\Pet\5000343.img
2026-07-07 15:01:23.146 [tid=6736] MapViewOfFile mapping=000011A4 result=126C0000 err=0 access=0x00000004 offset=0:0 bytes=0
2026-07-07 15:01:23.148 [tid=6736] CreateFileMappingA input=00001194 result=0000117C err=0 name=(null) file=\\?\UNC\Mac\Home\Documents\mxd\BeiDou-Server\clien\Data\Item\Pet\5000343.img
2026-07-07 15:01:23.150 [tid=6736] MapViewOfFile mapping=0000117C result=1DB60000 err=0 access=0x00000004 offset=0:0 bytes=0
2026-07-07 15:01:23.207 [tid=6736] CreateFileMappingA input=00001114 result=00001178 err=0 name=(null) file=\\?\UNC\Mac\Home\Documents\mxd\BeiDou-Server\clien\Data\Item\Pet\5000425.img
2026-07-07 15:01:23.208 [tid=6736] MapViewOfFile mapping=00001178 result=1DC90000 err=0 access=0x00000004 offset=0:0 bytes=0
2026-07-07 15:01:23.210 [tid=6736] CreateFileMappingA input=000011A4 result=0000116C err=0 name=(null) file=\\?\UNC\Mac\Home\Documents\mxd\BeiDou-Server\clien\Data\Item\Pet\5000425.img
2026-07-07 15:01:23.211 [tid=6736] MapViewOfFile mapping=0000116C result=1DD30000 err=0 access=0x00000004 offset=0:0 bytes=0
2026-07-07 15:01:23.259 [tid=6736] CreateFileMappingA input=0000115C result=00001114 err=0 name=(null) file=\\?\UNC\Mac\Home\Documents\mxd\BeiDou-Server\clien\Data\Item\Pet\5000431.img
2026-07-07 15:01:23.260 [tid=6736] MapViewOfFile mapping=00001114 result=126C0000 err=0 access=0x00000004 offset=0:0 bytes=0
2026-07-07 15:01:23.262 [tid=6736] CreateFileMappingA input=00001178 result=00001160 err=0 name=(null) file=\\?\UNC\Mac\Home\Documents\mxd\BeiDou-Server\clien\Data\Item\Pet\5000431.img
2026-07-07 15:01:23.263 [tid=6736] MapViewOfFile mapping=00001160 result=1DC10000 err=0 access=0x00000004 offset=0:0 bytes=0
2026-07-07 15:01:23.315 [tid=6736] CreateFileMappingA input=00001148 result=0000115C err=0 name=(null) file=\\?\UNC\Mac\Home\Documents\mxd\BeiDou-Server\clien\Data\Item\Pet\5000632.img
2026-07-07 15:01:23.316 [tid=6736] MapViewOfFile mapping=0000115C result=126C0000 err=0 access=0x00000004 offset=0:0 bytes=0
2026-07-07 15:01:23.318 [tid=6736] CreateFileMappingA input=00001114 result=0000114C err=0 name=(null) file=\\?\UNC\Mac\Home\Documents\mxd\BeiDou-Server\clien\Data\Item\Pet\5000632.img
2026-07-07 15:01:23.319 [tid=6736] MapViewOfFile mapping=0000114C result=1DC20000 err=0 access=0x00000004 offset=0:0 bytes=0
2026-07-07 15:01:23.340 [tid=6736] CreateFileMappingA input=00001130 result=00001148 err=0 name=(null) file=\\?\UNC\Mac\Home\Documents\mxd\BeiDou-Server\clien\Data\Item\Pet\5000626.img
2026-07-07 15:01:23.341 [tid=6736] MapViewOfFile mapping=00001148 result=1DC90000 err=0 access=0x00000004 offset=0:0 bytes=0
2026-07-07 15:01:23.344 [tid=6736] CreateFileMappingA input=0000115C result=00001134 err=0 name=(null) file=\\?\UNC\Mac\Home\Documents\mxd\BeiDou-Server\clien\Data\Item\Pet\5000626.img
2026-07-07 15:01:23.344 [tid=6736] MapViewOfFile mapping=00001134 result=1DD60000 err=0 access=0x00000004 offset=0:0 bytes=0
2026-07-07 15:01:23.385 [tid=6736] CreateFileMappingA input=00001120 result=00001130 err=0 name=(null) file=\\?\UNC\Mac\Home\Documents\mxd\BeiDou-Server\clien\Data\Item\Pet\5000381.img
2026-07-07 15:01:23.386 [tid=6736] MapViewOfFile mapping=00001130 result=126C0000 err=0 access=0x00000004 offset=0:0 bytes=0
2026-07-07 15:01:23.389 [tid=6736] CreateFileMappingA input=00001148 result=00001124 err=0 name=(null) file=\\?\UNC\Mac\Home\Documents\mxd\BeiDou-Server\clien\Data\Item\Pet\5000381.img
2026-07-07 15:01:23.389 [tid=6736] MapViewOfFile mapping=00001124 result=1DC90000 err=0 access=0x00000004 offset=0:0 bytes=0
2026-07-07 15:01:23.431 [tid=6736] CreateFileMappingA input=000010FC result=00001120 err=0 name=(null) file=\\?\UNC\Mac\Home\Documents\mxd\BeiDou-Server\clien\Data\Item\Pet\5000430.img
2026-07-07 15:01:23.431 [tid=6736] MapViewOfFile mapping=00001120 result=126C0000 err=0 access=0x00000004 offset=0:0 bytes=0
2026-07-07 15:01:23.433 [tid=6736] CreateFileMappingA input=00001100 result=00001130 err=0 name=(null) file=\\?\UNC\Mac\Home\Documents\mxd\BeiDou-Server\clien\Data\Item\Pet\5000430.img
2026-07-07 15:01:23.434 [tid=6736] MapViewOfFile mapping=00001130 result=1DCA0000 err=0 access=0x00000004 offset=0:0 bytes=0
2026-07-07 15:01:23.484 [tid=6736] CreateFileMappingA input=000010DC result=000010FC err=0 name=(null) file=\\?\UNC\Mac\Home\Documents\mxd\BeiDou-Server\clien\Data\Item\Pet\5000342.img
2026-07-07 15:01:23.484 [tid=6736] MapViewOfFile mapping=000010FC result=126C0000 err=0 access=0x00000004 offset=0:0 bytes=0
2026-07-07 15:01:23.487 [tid=6736] CreateFileMappingA input=00001120 result=000010E0 err=0 name=(null) file=\\?\UNC\Mac\Home\Documents\mxd\BeiDou-Server\clien\Data\Item\Pet\5000342.img
2026-07-07 15:01:23.489 [tid=6736] MapViewOfFile mapping=000010E0 result=1DCB0000 err=0 access=0x00000004 offset=0:0 bytes=0
2026-07-07 15:01:23.548 [tid=6736] CreateFileMappingA input=0000107C result=000010DC err=0 name=(null) file=\\?\UNC\Mac\Home\Documents\mxd\BeiDou-Server\clien\Data\Item\Pet\5000424.img
2026-07-07 15:01:23.549 [tid=6736] MapViewOfFile mapping=000010DC result=1DD90000 err=0 access=0x00000004 offset=0:0 bytes=0
2026-07-07 15:01:23.551 [tid=6736] CreateFileMappingA input=00001080 result=000010FC err=0 name=(null) file=\\?\UNC\Mac\Home\Documents\mxd\BeiDou-Server\clien\Data\Item\Pet\5000424.img
2026-07-07 15:01:23.552 [tid=6736] MapViewOfFile mapping=000010FC result=1DDE0000 err=0 access=0x00000004 offset=0:0 bytes=0
2026-07-07 15:01:23.601 [tid=6736] CreateFileMappingA input=0000107C result=000010DC err=0 name=(null) file=\\?\UNC\Mac\Home\Documents\mxd\BeiDou-Server\clien\Data\Item\Pet\5000587.img
2026-07-07 15:01:23.604 [tid=6736] MapViewOfFile mapping=000010DC result=126C0000 err=0 access=0x00000004 offset=0:0 bytes=0
2026-07-07 15:01:23.608 [tid=6736] CreateFileMappingA input=00001070 result=00001048 err=0 name=(null) file=\\?\UNC\Mac\Home\Documents\mxd\BeiDou-Server\clien\Data\Item\Pet\5000587.img
2026-07-07 15:01:23.608 [tid=6736] MapViewOfFile mapping=00001048 result=1DCC0000 err=0 access=0x00000004 offset=0:0 bytes=0
2026-07-07 15:01:23.628 [tid=6736] CreateFileMappingA input=0000104C result=0000106C err=0 name=(null) file=\\?\UNC\Mac\Home\Documents\mxd\BeiDou-Server\clien\Data\Item\Pet\5000020.img
2026-07-07 15:01:23.629 [tid=6736] MapViewOfFile mapping=0000106C result=126C0000 err=0 access=0x00000004 offset=0:0 bytes=0
2026-07-07 15:01:23.632 [tid=6736] CreateFileMappingA input=000010DC result=0000107C err=0 name=(null) file=\\?\UNC\Mac\Home\Documents\mxd\BeiDou-Server\clien\Data\Item\Pet\5000020.img
2026-07-07 15:01:23.633 [tid=6736] MapViewOfFile mapping=0000107C result=1DCD0000 err=0 access=0x00000004 offset=0:0 bytes=0
2026-07-07 15:01:23.703 [tid=6736] CreateFileMappingA input=00001024 result=0000104C err=0 name=(null) file=\\?\UNC\Mac\Home\Documents\mxd\BeiDou-Server\clien\Data\Item\Pet\5000034.img
2026-07-07 15:01:23.704 [tid=6736] MapViewOfFile mapping=0000104C result=126C0000 err=0 access=0x00000004 offset=0:0 bytes=0
2026-07-07 15:01:23.707 [tid=6736] CreateFileMappingA input=00001028 result=00001014 err=0 name=(null) file=\\?\UNC\Mac\Home\Documents\mxd\BeiDou-Server\clien\Data\Item\Pet\5000034.img
2026-07-07 15:01:23.708 [tid=6736] MapViewOfFile mapping=00001014 result=1DD90000 err=0 access=0x00000004 offset=0:0 bytes=0
2026-07-07 15:01:23.758 [tid=6736] CreateFileMappingA input=0000106C result=00001024 err=0 name=(null) file=\\?\UNC\Mac\Home\Documents\mxd\BeiDou-Server\clien\Data\Item\Pet\5000008.img
2026-07-07 15:01:23.759 [tid=6736] MapViewOfFile mapping=00001024 result=1DDA0000 err=0 access=0x00000004 offset=0:0 bytes=0
2026-07-07 15:01:23.761 [tid=6736] CreateFileMappingA input=0000104C result=00001018 err=0 name=(null) file=\\?\UNC\Mac\Home\Documents\mxd\BeiDou-Server\clien\Data\Item\Pet\5000008.img
2026-07-07 15:01:23.763 [tid=6736] MapViewOfFile mapping=00001018 result=1DDC0000 err=0 access=0x00000004 offset=0:0 bytes=0
2026-07-07 15:01:23.823 [tid=6736] CreateFileMappingA input=00001004 result=0000106C err=0 name=(null) file=\\?\UNC\Mac\Home\Documents\mxd\BeiDou-Server\clien\Data\Item\Pet\5000030.img
2026-07-07 15:01:23.824 [tid=6736] MapViewOfFile mapping=0000106C result=1DE30000 err=0 access=0x00000004 offset=0:0 bytes=0
2026-07-07 15:01:23.827 [tid=6736] CreateFileMappingA input=00001008 result=00001024 err=0 name=(null) file=\\?\UNC\Mac\Home\Documents\mxd\BeiDou-Server\clien\Data\Item\Pet\5000030.img
2026-07-07 15:01:23.828 [tid=6736] MapViewOfFile mapping=00001024 result=1DE70000 err=0 access=0x00000004 offset=0:0 bytes=0
2026-07-07 15:01:23.881 [tid=6736] CreateFileMappingA input=00001404 result=00001408 err=0 name=(null) file=\\?\UNC\Mac\Home\Documents\mxd\BeiDou-Server\clien\Data\Item\Pet\5000742.img
2026-07-07 15:01:23.883 [tid=6736] MapViewOfFile mapping=00001408 result=1DDA0000 err=0 access=0x00000004 offset=0:0 bytes=0
2026-07-07 15:01:23.886 [tid=6736] CreateFileMappingA input=0000140C result=00001410 err=0 name=(null) file=\\?\UNC\Mac\Home\Documents\mxd\BeiDou-Server\clien\Data\Item\Pet\5000742.img
2026-07-07 15:01:23.887 [tid=6736] MapViewOfFile mapping=00001410 result=1DE30000 err=0 access=0x00000004 offset=0:0 bytes=0
2026-07-07 15:01:23.910 [tid=6736] CreateFileMappingA input=00001414 result=00001418 err=0 name=(null) file=\\?\UNC\Mac\Home\Documents\mxd\BeiDou-Server\clien\Data\Item\Pet\5000024.img
2026-07-07 15:01:23.911 [tid=6736] MapViewOfFile mapping=00001418 result=1DDA0000 err=0 access=0x00000004 offset=0:0 bytes=0
2026-07-07 15:01:23.916 [tid=6736] CreateFileMappingA input=00001004 result=0000141C err=0 name=(null) file=\\?\UNC\Mac\Home\Documents\mxd\BeiDou-Server\clien\Data\Item\Pet\5000024.img
2026-07-07 15:01:23.917 [tid=6736] MapViewOfFile mapping=0000141C result=1DE50000 err=0 access=0x00000004 offset=0:0 bytes=0
2026-07-07 15:01:23.992 [tid=6736] CreateFileMappingA input=00001420 result=00001424 err=0 name=(null) file=\\?\UNC\Mac\Home\Documents\mxd\BeiDou-Server\clien\Data\Item\Pet\5000018.img
2026-07-07 15:01:23.993 [tid=6736] MapViewOfFile mapping=00001424 result=126C0000 err=0 access=0x00000004 offset=0:0 bytes=0
2026-07-07 15:01:23.996 [tid=6736] CreateFileMappingA input=00001428 result=0000142C err=0 name=(null) file=\\?\UNC\Mac\Home\Documents\mxd\BeiDou-Server\clien\Data\Item\Pet\5000018.img
2026-07-07 15:01:23.997 [tid=6736] MapViewOfFile mapping=0000142C result=1DDA0000 err=0 access=0x00000004 offset=0:0 bytes=0
2026-07-07 15:01:24.050 [tid=6736] CreateFileMappingA input=00001430 result=00001434 err=0 name=(null) file=\\?\UNC\Mac\Home\Documents\mxd\BeiDou-Server\clien\Data\Item\Pet\5000232.img
2026-07-07 15:01:24.051 [tid=6736] MapViewOfFile mapping=00001434 result=1DEB0000 err=0 access=0x00000004 offset=0:0 bytes=0
2026-07-07 15:01:24.052 [tid=6736] CreateFileMappingA input=00001414 result=00001438 err=0 name=(null) file=\\?\UNC\Mac\Home\Documents\mxd\BeiDou-Server\clien\Data\Item\Pet\5000232.img
2026-07-07 15:01:24.054 [tid=6736] MapViewOfFile mapping=00001438 result=1DF20000 err=0 access=0x00000004 offset=0:0 bytes=0
2026-07-07 15:01:24.099 [tid=6736] CreateFileMappingA input=0000143C result=00001440 err=0 name=(null) file=\\?\UNC\Mac\Home\Documents\mxd\BeiDou-Server\clien\Data\Item\Pet\5000352.img
2026-07-07 15:01:24.101 [tid=6736] MapViewOfFile mapping=00001440 result=1DEB0000 err=0 access=0x00000004 offset=0:0 bytes=0
2026-07-07 15:01:24.105 [tid=6736] CreateFileMappingA input=00001444 result=00001430 err=0 name=(null) file=\\?\UNC\Mac\Home\Documents\mxd\BeiDou-Server\clien\Data\Item\Pet\5000352.img
2026-07-07 15:01:24.107 [tid=6736] MapViewOfFile mapping=00001430 result=1DED0000 err=0 access=0x00000004 offset=0:0 bytes=0
2026-07-07 15:01:24.154 [tid=6736] CreateFileMappingA input=00001448 result=0000144C err=0 name=(null) file=\\?\UNC\Mac\Home\Documents\mxd\BeiDou-Server\clien\Data\Item\Pet\5000434.img
2026-07-07 15:01:24.156 [tid=6736] MapViewOfFile mapping=0000144C result=1DEB0000 err=0 access=0x00000004 offset=0:0 bytes=0
2026-07-07 15:01:24.159 [tid=6736] CreateFileMappingA input=00001450 result=00001454 err=0 name=(null) file=\\?\UNC\Mac\Home\Documents\mxd\BeiDou-Server\clien\Data\Item\Pet\5000434.img
2026-07-07 15:01:24.160 [tid=6736] MapViewOfFile mapping=00001454 result=1DEF0000 err=0 access=0x00000004 offset=0:0 bytes=0
2026-07-07 15:01:24.203 [tid=6736] CreateFileMappingA input=00001458 result=0000145C err=0 name=(null) file=\\?\UNC\Mac\Home\Documents\mxd\BeiDou-Server\clien\Data\Item\Pet\5000408.img
2026-07-07 15:01:24.204 [tid=6736] MapViewOfFile mapping=0000145C result=1DEB0000 err=0 access=0x00000004 offset=0:0 bytes=0
2026-07-07 15:01:24.206 [tid=6736] CreateFileMappingA input=00001460 result=00001464 err=0 name=(null) file=\\?\UNC\Mac\Home\Documents\mxd\BeiDou-Server\clien\Data\Item\Pet\5000408.img
2026-07-07 15:01:24.207 [tid=6736] MapViewOfFile mapping=00001464 result=1DF90000 err=0 access=0x00000004 offset=0:0 bytes=0
2026-07-07 15:01:24.262 [tid=6736] CreateFileMappingA input=00001468 result=0000146C err=0 name=(null) file=\\?\UNC\Mac\Home\Documents\mxd\BeiDou-Server\clien\Data\Item\Pet\5000385.img
2026-07-07 15:01:24.263 [tid=6736] MapViewOfFile mapping=0000146C result=1DFB0000 err=0 access=0x00000004 offset=0:0 bytes=0
2026-07-07 15:01:24.265 [tid=6736] CreateFileMappingA input=00001470 result=00001474 err=0 name=(null) file=\\?\UNC\Mac\Home\Documents\mxd\BeiDou-Server\clien\Data\Item\Pet\5000385.img
2026-07-07 15:01:24.267 [tid=6736] MapViewOfFile mapping=00001474 result=1DFE0000 err=0 access=0x00000004 offset=0:0 bytes=0
2026-07-07 15:01:24.325 [tid=6736] CreateFileMappingA input=00001478 result=0000147C err=0 name=(null) file=\\?\UNC\Mac\Home\Documents\mxd\BeiDou-Server\clien\Data\Item\Pet\5000391.img
2026-07-07 15:01:24.326 [tid=6736] MapViewOfFile mapping=0000147C result=1DFB0000 err=0 access=0x00000004 offset=0:0 bytes=0
2026-07-07 15:01:24.330 [tid=6736] CreateFileMappingA input=00001480 result=00001484 err=0 name=(null) file=\\?\UNC\Mac\Home\Documents\mxd\BeiDou-Server\clien\Data\Item\Pet\5000391.img
2026-07-07 15:01:24.331 [tid=6736] MapViewOfFile mapping=00001484 result=1E010000 err=0 access=0x00000004 offset=0:0 bytes=0
2026-07-07 15:01:24.374 [tid=6736] CreateFileMappingA input=00001488 result=0000148C err=0 name=(null) file=\\?\UNC\Mac\Home\Documents\mxd\BeiDou-Server\clien\Data\Item\Pet\5000622.img
2026-07-07 15:01:24.376 [tid=6736] MapViewOfFile mapping=0000148C result=126C0000 err=0 access=0x00000004 offset=0:0 bytes=0
2026-07-07 15:01:24.378 [tid=6736] CreateFileMappingA input=00001490 result=00001494 err=0 name=(null) file=\\?\UNC\Mac\Home\Documents\mxd\BeiDou-Server\clien\Data\Item\Pet\5000622.img
2026-07-07 15:01:24.379 [tid=6736] MapViewOfFile mapping=00001494 result=1DDB0000 err=0 access=0x00000004 offset=0:0 bytes=0
2026-07-07 15:01:24.420 [tid=6736] CreateFileMappingA input=00001498 result=0000149C err=0 name=(null) file=\\?\UNC\Mac\Home\Documents\mxd\BeiDou-Server\clien\Data\Item\Pet\5000390.img
2026-07-07 15:01:24.421 [tid=6736] MapViewOfFile mapping=0000149C result=1DEB0000 err=0 access=0x00000004 offset=0:0 bytes=0
2026-07-07 15:01:24.423 [tid=6736] CreateFileMappingA input=000014A0 result=000014A4 err=0 name=(null) file=\\?\UNC\Mac\Home\Documents\mxd\BeiDou-Server\clien\Data\Item\Pet\5000390.img
2026-07-07 15:01:24.425 [tid=6736] MapViewOfFile mapping=000014A4 result=1DFB0000 err=0 access=0x00000004 offset=0:0 bytes=0
2026-07-07 15:01:24.463 [tid=6736] CreateFileMappingA input=000014A8 result=000014AC err=0 name=(null) file=\\?\UNC\Mac\Home\Documents\mxd\BeiDou-Server\clien\Data\Item\Pet\5000409.img
2026-07-07 15:01:24.463 [tid=6736] MapViewOfFile mapping=000014AC result=1DEB0000 err=0 access=0x00000004 offset=0:0 bytes=0
2026-07-07 15:01:24.466 [tid=6736] CreateFileMappingA input=000014B0 result=000014B4 err=0 name=(null) file=\\?\UNC\Mac\Home\Documents\mxd\BeiDou-Server\clien\Data\Item\Pet\5000409.img
2026-07-07 15:01:24.467 [tid=6736] MapViewOfFile mapping=000014B4 result=1E040000 err=0 access=0x00000004 offset=0:0 bytes=0
2026-07-07 15:01:24.526 [tid=6736] CreateFileMappingA input=000014B8 result=000014BC err=0 name=(null) file=\\?\UNC\Mac\Home\Documents\mxd\BeiDou-Server\clien\Data\Item\Pet\5000353.img
2026-07-07 15:01:24.527 [tid=6736] MapViewOfFile mapping=000014BC result=1DEB0000 err=0 access=0x00000004 offset=0:0 bytes=0
2026-07-07 15:01:24.530 [tid=6736] CreateFileMappingA input=000014C0 result=000014C4 err=0 name=(null) file=\\?\UNC\Mac\Home\Documents\mxd\BeiDou-Server\clien\Data\Item\Pet\5000353.img
2026-07-07 15:01:24.530 [tid=6736] MapViewOfFile mapping=000014C4 result=1E060000 err=0 access=0x00000004 offset=0:0 bytes=0
2026-07-07 15:01:24.584 [tid=6736] CreateFileMappingA input=000014C8 result=000014CC err=0 name=(null) file=\\?\UNC\Mac\Home\Documents\mxd\BeiDou-Server\clien\Data\Item\Pet\5000435.img
2026-07-07 15:01:24.586 [tid=6736] MapViewOfFile mapping=000014CC result=126C0000 err=0 access=0x00000004 offset=0:0 bytes=0
2026-07-07 15:01:24.589 [tid=6736] CreateFileMappingA input=00001498 result=000014D0 err=0 name=(null) file=\\?\UNC\Mac\Home\Documents\mxd\BeiDou-Server\clien\Data\Item\Pet\5000435.img
2026-07-07 15:01:24.589 [tid=6736] MapViewOfFile mapping=000014D0 result=1DEB0000 err=0 access=0x00000004 offset=0:0 bytes=0
2026-07-07 15:01:24.637 [tid=6736] CreateFileMappingA input=000014D4 result=000014D8 err=0 name=(null) file=\\?\UNC\Mac\Home\Documents\mxd\BeiDou-Server\clien\Data\Item\Pet\5000596.img
2026-07-07 15:01:24.639 [tid=6736] MapViewOfFile mapping=000014D8 result=126C0000 err=0 access=0x00000004 offset=0:0 bytes=0
2026-07-07 15:01:24.642 [tid=6736] CreateFileMappingA input=000014DC result=000014E0 err=0 name=(null) file=\\?\UNC\Mac\Home\Documents\mxd\BeiDou-Server\clien\Data\Item\Pet\5000596.img
2026-07-07 15:01:24.643 [tid=6736] MapViewOfFile mapping=000014E0 result=1DEC0000 err=0 access=0x00000004 offset=0:0 bytes=0
2026-07-07 15:01:24.664 [tid=6736] CreateFileMappingA input=000014E4 result=000014E8 err=0 name=(null) file=\\?\UNC\Mac\Home\Documents\mxd\BeiDou-Server\clien\Data\Item\Pet\5000227.img
2026-07-07 15:01:24.665 [tid=6736] MapViewOfFile mapping=000014E8 result=1E080000 err=0 access=0x00000004 offset=0:0 bytes=0
2026-07-07 15:01:24.667 [tid=6736] CreateFileMappingA input=000014EC result=000014F0 err=0 name=(null) file=\\?\UNC\Mac\Home\Documents\mxd\BeiDou-Server\clien\Data\Item\Pet\5000227.img
2026-07-07 15:01:24.667 [tid=6736] MapViewOfFile mapping=000014F0 result=1E0A0000 err=0 access=0x00000004 offset=0:0 bytes=0
2026-07-07 15:01:24.722 [tid=6736] CreateFileMappingA input=000014F4 result=000014F8 err=0 name=(null) file=\\?\UNC\Mac\Home\Documents\mxd\BeiDou-Server\clien\Data\Item\Pet\5000541.img
2026-07-07 15:01:24.723 [tid=6736] MapViewOfFile mapping=000014F8 result=126C0000 err=0 access=0x00000004 offset=0:0 bytes=0
2026-07-07 15:01:24.726 [tid=6736] CreateFileMappingA input=000014FC result=00001500 err=0 name=(null) file=\\?\UNC\Mac\Home\Documents\mxd\BeiDou-Server\clien\Data\Item\Pet\5000541.img
2026-07-07 15:01:24.727 [tid=6736] MapViewOfFile mapping=00001500 result=1DF10000 err=0 access=0x00000004 offset=0:0 bytes=0
2026-07-07 15:01:24.786 [tid=6736] CreateFileMappingA input=00001504 result=00001508 err=0 name=(null) file=\\?\UNC\Mac\Home\Documents\mxd\BeiDou-Server\clien\Data\Item\Pet\5000233.img
2026-07-07 15:01:24.789 [tid=6736] MapViewOfFile mapping=00001508 result=1E0C0000 err=0 access=0x00000004 offset=0:0 bytes=0
2026-07-07 15:01:24.793 [tid=6736] CreateFileMappingA input=0000150C result=00001510 err=0 name=(null) file=\\?\UNC\Mac\Home\Documents\mxd\BeiDou-Server\clien\Data\Item\Pet\5000233.img
2026-07-07 15:01:24.794 [tid=6736] MapViewOfFile mapping=00001510 result=1E130000 err=0 access=0x00000004 offset=0:0 bytes=0
2026-07-07 15:01:25.331 [tid=6736] CreateFileMappingA input=00001504 result=00001508 err=0 name=(null) file=\\?\UNC\Mac\Home\Documents\mxd\BeiDou-Server\clien\Data\Item\Pet\5000019.img
2026-07-07 15:01:25.356 [tid=6736] MapViewOfFile mapping=00001508 result=1E080000 err=0 access=0x00000004 offset=0:0 bytes=0
2026-07-07 15:01:25.372 [tid=6736] CreateFileMappingA input=00001514 result=00001518 err=0 name=(null) file=\\?\UNC\Mac\Home\Documents\mxd\BeiDou-Server\clien\Data\Item\Pet\5000019.img
2026-07-07 15:01:25.377 [tid=6736] MapViewOfFile mapping=00001518 result=1E0C0000 err=0 access=0x00000004 offset=0:0 bytes=0
2026-07-07 15:01:25.433 [tid=6736] CreateFileMappingA input=00001488 result=0000151C err=0 name=(null) file=\\?\UNC\Mac\Home\Documents\mxd\BeiDou-Server\clien\Data\Item\Pet\5000025.img
2026-07-07 15:01:25.434 [tid=6736] MapViewOfFile mapping=0000151C result=1E080000 err=0 access=0x00000004 offset=0:0 bytes=0
2026-07-07 15:01:25.437 [tid=6736] CreateFileMappingA input=00001520 result=00001524 err=0 name=(null) file=\\?\UNC\Mac\Home\Documents\mxd\BeiDou-Server\clien\Data\Item\Pet\5000025.img
2026-07-07 15:01:25.438 [tid=6736] MapViewOfFile mapping=00001524 result=1E0E0000 err=0 access=0x00000004 offset=0:0 bytes=0
2026-07-07 15:01:25.506 [tid=6736] CreateFileMappingA input=00001528 result=0000152C err=0 name=(null) file=\\?\UNC\Mac\Home\Documents\mxd\BeiDou-Server\clien\Data\Item\Pet\5000031.img
2026-07-07 15:01:25.507 [tid=6736] MapViewOfFile mapping=0000152C result=1E1A0000 err=0 access=0x00000004 offset=0:0 bytes=0
2026-07-07 15:01:25.510 [tid=6736] CreateFileMappingA input=00001530 result=00001534 err=0 name=(null) file=\\?\UNC\Mac\Home\Documents\mxd\BeiDou-Server\clien\Data\Item\Pet\5000031.img
2026-07-07 15:01:25.511 [tid=6736] MapViewOfFile mapping=00001534 result=1E1E0000 err=0 access=0x00000004 offset=0:0 bytes=0
2026-07-07 15:01:25.601 [tid=6736] CreateFileMappingA input=00001538 result=0000153C err=0 name=(null) file=\\?\UNC\Mac\Home\Documents\mxd\BeiDou-Server\clien\Data\Item\Pet\5000027.img
2026-07-07 15:01:25.605 [tid=6736] MapViewOfFile mapping=0000153C result=1E220000 err=0 access=0x00000004 offset=0:0 bytes=0
2026-07-07 15:01:25.626 [tid=6736] CreateFileMappingA input=00001540 result=00001544 err=0 name=(null) file=\\?\UNC\Mac\Home\Documents\mxd\BeiDou-Server\clien\Data\Item\Pet\5000027.img
2026-07-07 15:01:25.652 [tid=6736] MapViewOfFile mapping=00001544 result=1E2A0000 err=0 access=0x00000004 offset=0:0 bytes=0
2026-07-07 15:01:25.747 [tid=6736] CreateFileMappingA input=00001538 result=0000153C err=0 name=(null) file=\\?\UNC\Mac\Home\Documents\mxd\BeiDou-Server\clien\Data\Item\Pet\5000741.img
2026-07-07 15:01:25.753 [tid=6736] MapViewOfFile mapping=0000153C result=126C0000 err=0 access=0x00000004 offset=0:0 bytes=0
2026-07-07 15:01:25.763 [tid=6736] CreateFileMappingA input=00001548 result=0000154C err=0 name=(null) file=\\?\UNC\Mac\Home\Documents\mxd\BeiDou-Server\clien\Data\Item\Pet\5000741.img
2026-07-07 15:01:25.767 [tid=6736] MapViewOfFile mapping=0000154C result=1DFD0000 err=0 access=0x00000004 offset=0:0 bytes=0
2026-07-07 15:01:25.815 [tid=6736] CreateFileMappingA input=00001550 result=00001554 err=0 name=(null) file=\\?\UNC\Mac\Home\Documents\mxd\BeiDou-Server\clien\Data\Item\Pet\5000033.img
2026-07-07 15:01:25.821 [tid=6736] MapViewOfFile mapping=00001554 result=1E220000 err=0 access=0x00000004 offset=0:0 bytes=0
2026-07-07 15:01:25.827 [tid=6736] CreateFileMappingA input=00001558 result=0000155C err=0 name=(null) file=\\?\UNC\Mac\Home\Documents\mxd\BeiDou-Server\clien\Data\Item\Pet\5000033.img
2026-07-07 15:01:25.829 [tid=6736] MapViewOfFile mapping=0000155C result=1E320000 err=0 access=0x00000004 offset=0:0 bytes=0
2026-07-07 15:01:25.957 [tid=6736] CreateFileMappingA input=00001560 result=00001564 err=0 name=(null) file=\\?\UNC\Mac\Home\Documents\mxd\BeiDou-Server\clien\Data\Item\Pet\5000225.img
2026-07-07 15:01:25.958 [tid=6736] MapViewOfFile mapping=00001564 result=1E080000 err=0 access=0x00000004 offset=0:0 bytes=0
2026-07-07 15:01:25.961 [tid=6736] CreateFileMappingA input=0000156C result=00001570 err=0 name=(null) file=\\?\UNC\Mac\Home\Documents\mxd\BeiDou-Server\clien\Data\Item\Pet\5000225.img
2026-07-07 15:01:25.963 [tid=6736] MapViewOfFile mapping=00001570 result=1E100000 err=0 access=0x00000004 offset=0:0 bytes=0
2026-07-07 15:01:26.031 [tid=6736] CreateFileMappingA input=00001560 result=00001564 err=0 name=(null) file=\\?\UNC\Mac\Home\Documents\mxd\BeiDou-Server\clien\Data\Item\Pet\5000231.img
2026-07-07 15:01:26.032 [tid=6736] MapViewOfFile mapping=00001564 result=1E220000 err=0 access=0x00000004 offset=0:0 bytes=0
2026-07-07 15:01:26.035 [tid=6736] CreateFileMappingA input=00001574 result=00001578 err=0 name=(null) file=\\?\UNC\Mac\Home\Documents\mxd\BeiDou-Server\clien\Data\Item\Pet\5000231.img
2026-07-07 15:01:26.036 [tid=6736] MapViewOfFile mapping=00001578 result=1E370000 err=0 access=0x00000004 offset=0:0 bytes=0
2026-07-07 15:01:26.076 [tid=6736] CreateFileMappingA input=0000157C result=00001580 err=0 name=(null) file=\\?\UNC\Mac\Home\Documents\mxd\BeiDou-Server\clien\Data\Item\Pet\5000437.img
2026-07-07 15:01:26.077 [tid=6736] MapViewOfFile mapping=00001580 result=1E080000 err=0 access=0x00000004 offset=0:0 bytes=0
2026-07-07 15:01:26.081 [tid=6736] CreateFileMappingA input=00001584 result=00001588 err=0 name=(null) file=\\?\UNC\Mac\Home\Documents\mxd\BeiDou-Server\clien\Data\Item\Pet\5000437.img
2026-07-07 15:01:26.083 [tid=6736] MapViewOfFile mapping=00001588 result=1E1A0000 err=0 access=0x00000004 offset=0:0 bytes=0
2026-07-07 15:01:26.126 [tid=6736] CreateFileMappingA input=0000158C result=00001590 err=0 name=(null) file=\\?\UNC\Mac\Home\Documents\mxd\BeiDou-Server\clien\Data\Item\Pet\5000345.img
2026-07-07 15:01:26.127 [tid=6736] MapViewOfFile mapping=00001590 result=1E080000 err=0 access=0x00000004 offset=0:0 bytes=0
2026-07-07 15:01:26.130 [tid=6736] CreateFileMappingA input=00001594 result=00001598 err=0 name=(null) file=\\?\UNC\Mac\Home\Documents\mxd\BeiDou-Server\clien\Data\Item\Pet\5000345.img
2026-07-07 15:01:26.131 [tid=6736] MapViewOfFile mapping=00001598 result=1E1C0000 err=0 access=0x00000004 offset=0:0 bytes=0
2026-07-07 15:01:26.191 [tid=6736] CreateFileMappingA input=0000159C result=000015A0 err=0 name=(null) file=\\?\UNC\Mac\Home\Documents\mxd\BeiDou-Server\clien\Data\Item\Pet\5000386.img
2026-07-07 15:01:26.192 [tid=6736] MapViewOfFile mapping=000015A0 result=1E220000 err=0 access=0x00000004 offset=0:0 bytes=0
2026-07-07 15:01:26.195 [tid=6736] CreateFileMappingA input=000015A4 result=000015A8 err=0 name=(null) file=\\?\UNC\Mac\Home\Documents\mxd\BeiDou-Server\clien\Data\Item\Pet\5000386.img
2026-07-07 15:01:26.196 [tid=6736] MapViewOfFile mapping=000015A8 result=1E250000 err=0 access=0x00000004 offset=0:0 bytes=0
2026-07-07 15:01:26.248 [tid=6736] CreateFileMappingA input=000015AC result=000015B0 err=0 name=(null) file=\\?\UNC\Mac\Home\Documents\mxd\BeiDou-Server\clien\Data\Item\Pet\5000191.img
2026-07-07 15:01:26.248 [tid=6736] MapViewOfFile mapping=000015B0 result=126C0000 err=0 access=0x00000004 offset=0:0 bytes=0
2026-07-07 15:01:26.254 [tid=6736] CreateFileMappingA input=000015B4 result=000015B8 err=0 name=(null) file=\\?\UNC\Mac\Home\Documents\mxd\BeiDou-Server\clien\Data\Item\Pet\5000191.img
2026-07-07 15:01:26.256 [tid=6736] MapViewOfFile mapping=000015B8 result=1E080000 err=0 access=0x00000004 offset=0:0 bytes=0
2026-07-07 15:01:26.315 [tid=6736] CreateFileMappingA input=000015BC result=000015C0 err=0 name=(null) file=\\?\UNC\Mac\Home\Documents\mxd\BeiDou-Server\clien\Data\Item\Pet\5000608.img
2026-07-07 15:01:26.316 [tid=6736] MapViewOfFile mapping=000015C0 result=126C0000 err=0 access=0x00000004 offset=0:0 bytes=0
2026-07-07 15:01:26.319 [tid=6736] CreateFileMappingA input=000015C4 result=000015C8 err=0 name=(null) file=\\?\UNC\Mac\Home\Documents\mxd\BeiDou-Server\clien\Data\Item\Pet\5000608.img
2026-07-07 15:01:26.321 [tid=6736] MapViewOfFile mapping=000015C8 result=1E090000 err=0 access=0x00000004 offset=0:0 bytes=0
2026-07-07 15:01:26.357 [tid=6736] CreateFileMappingA input=000015CC result=000015D0 err=0 name=(null) file=\\?\UNC\Mac\Home\Documents\mxd\BeiDou-Server\clien\Data\Item\Pet\5000152.img
2026-07-07 15:01:26.361 [tid=6736] MapViewOfFile mapping=000015D0 result=1E220000 err=0 access=0x00000004 offset=0:0 bytes=0
2026-07-07 15:01:26.371 [tid=6736] CreateFileMappingA input=000015D8 result=000015DC err=0 name=(null) file=\\?\UNC\Mac\Home\Documents\mxd\BeiDou-Server\clien\Data\Item\Pet\5000152.img
2026-07-07 15:01:26.374 [tid=6736] MapViewOfFile mapping=000015DC result=1E280000 err=0 access=0x00000004 offset=0:0 bytes=0
2026-07-07 15:01:26.425 [tid=6736] CreateFileMappingA input=000015E0 result=000015E4 err=0 name=(null) file=\\?\UNC\Mac\Home\Documents\mxd\BeiDou-Server\clien\Data\Item\Pet\5000387.img
2026-07-07 15:01:26.426 [tid=6736] MapViewOfFile mapping=000015E4 result=1E220000 err=0 access=0x00000004 offset=0:0 bytes=0
2026-07-07 15:01:26.429 [tid=6736] CreateFileMappingA input=000015E8 result=000015EC err=0 name=(null) file=\\?\UNC\Mac\Home\Documents\mxd\BeiDou-Server\clien\Data\Item\Pet\5000387.img
2026-07-07 15:01:26.431 [tid=6736] MapViewOfFile mapping=000015EC result=1E3D0000 err=0 access=0x00000004 offset=0:0 bytes=0
2026-07-07 15:01:26.476 [tid=6736] CreateFileMappingA input=000015F0 result=000015F4 err=0 name=(null) file=\\?\UNC\Mac\Home\Documents\mxd\BeiDou-Server\clien\Data\Item\Pet\5000393.img
2026-07-07 15:01:26.477 [tid=6736] MapViewOfFile mapping=000015F4 result=126C0000 err=0 access=0x00000004 offset=0:0 bytes=0
2026-07-07 15:01:26.480 [tid=6736] CreateFileMappingA input=000015F8 result=000015FC err=0 name=(null) file=\\?\UNC\Mac\Home\Documents\mxd\BeiDou-Server\clien\Data\Item\Pet\5000393.img
2026-07-07 15:01:26.481 [tid=6736] MapViewOfFile mapping=000015FC result=1E120000 err=0 access=0x00000004 offset=0:0 bytes=0
2026-07-07 15:01:26.499 [tid=6736] CreateFileMappingA input=00001600 result=00001604 err=0 name=(null) file=\\?\UNC\Mac\Home\Documents\mxd\BeiDou-Server\clien\Data\Item\Pet\5000344.img
2026-07-07 15:01:26.500 [tid=6736] MapViewOfFile mapping=00001604 result=126C0000 err=0 access=0x00000004 offset=0:0 bytes=0
2026-07-07 15:01:26.503 [tid=6736] CreateFileMappingA input=00001608 result=0000160C err=0 name=(null) file=\\?\UNC\Mac\Home\Documents\mxd\BeiDou-Server\clien\Data\Item\Pet\5000344.img
2026-07-07 15:01:26.503 [tid=6736] MapViewOfFile mapping=0000160C result=1E220000 err=0 access=0x00000004 offset=0:0 bytes=0
2026-07-07 15:01:26.549 [tid=6736] CreateFileMappingA input=00001610 result=00001614 err=0 name=(null) file=\\?\UNC\Mac\Home\Documents\mxd\BeiDou-Server\clien\Data\Item\Pet\5000230.img
2026-07-07 15:01:26.550 [tid=6736] MapViewOfFile mapping=00001614 result=1E400000 err=0 access=0x00000004 offset=0:0 bytes=0
2026-07-07 15:01:26.554 [tid=6736] CreateFileMappingA input=00001618 result=0000161C err=0 name=(null) file=\\?\UNC\Mac\Home\Documents\mxd\BeiDou-Server\clien\Data\Item\Pet\5000230.img
2026-07-07 15:01:26.555 [tid=6736] MapViewOfFile mapping=0000161C result=1E470000 err=0 access=0x00000004 offset=0:0 bytes=0
2026-07-07 15:01:26.604 [tid=6736] CreateFileMappingA input=00001620 result=00001624 err=0 name=(null) file=\\?\UNC\Mac\Home\Documents\mxd\BeiDou-Server\clien\Data\Item\Pet\5000032.img
2026-07-07 15:01:26.605 [tid=6736] MapViewOfFile mapping=00001624 result=1E400000 err=0 access=0x00000004 offset=0:0 bytes=0
2026-07-07 15:01:26.607 [tid=6736] CreateFileMappingA input=000015E0 result=00001628 err=0 name=(null) file=\\?\UNC\Mac\Home\Documents\mxd\BeiDou-Server\clien\Data\Item\Pet\5000032.img
2026-07-07 15:01:26.608 [tid=6736] MapViewOfFile mapping=00001628 result=1E4E0000 err=0 access=0x00000004 offset=0:0 bytes=0
2026-07-07 15:01:26.661 [tid=6736] CreateFileMappingA input=0000162C result=00001630 err=0 name=(null) file=\\?\UNC\Mac\Home\Documents\mxd\BeiDou-Server\clien\Data\Item\Pet\5000026.img
2026-07-07 15:01:26.663 [tid=6736] MapViewOfFile mapping=00001630 result=1E400000 err=0 access=0x00000004 offset=0:0 bytes=0
2026-07-07 15:01:26.665 [tid=6736] CreateFileMappingA input=00001634 result=00001638 err=0 name=(null) file=\\?\UNC\Mac\Home\Documents\mxd\BeiDou-Server\clien\Data\Item\Pet\5000026.img
2026-07-07 15:01:26.666 [tid=6736] MapViewOfFile mapping=00001638 result=1E430000 err=0 access=0x00000004 offset=0:0 bytes=0
2026-07-07 15:01:26.718 [tid=6736] CreateFileMappingA input=0000163C result=00001640 err=0 name=(null) file=\\?\UNC\Mac\Home\Documents\mxd\BeiDou-Server\clien\Data\Item\Cash\0503.img
2026-07-07 15:01:26.719 [tid=6736] MapViewOfFile mapping=00001640 result=1F4F0000 err=0 access=0x00000004 offset=0:0 bytes=0
2026-07-07 15:01:26.725 [tid=6736] CreateFileMappingA input=00001644 result=00001648 err=0 name=(null) file=\\?\UNC\Mac\Home\Documents\mxd\BeiDou-Server\clien\Data\String\Skill.img
2026-07-07 15:01:26.726 [tid=6736] MapViewOfFile mapping=00001648 result=1F560000 err=0 access=0x00000004 offset=0:0 bytes=0
2026-07-07 15:01:26.740 [tid=6736] CreateFileMappingA input=0000164C result=00001650 err=0 name=(null) file=\\?\UNC\Mac\Home\Documents\mxd\BeiDou-Server\clien\Data\Skill\231.img
2026-07-07 15:01:26.741 [tid=6736] MapViewOfFile mapping=00001650 result=1F670000 err=0 access=0x00000004 offset=0:0 bytes=0
2026-07-07 15:01:26.743 [tid=6736] CreateFileMappingA input=00001654 result=00001658 err=0 name=(null) file=\\?\UNC\Mac\Home\Documents\mxd\BeiDou-Server\clien\Data\Skill\231.img
2026-07-07 15:01:26.744 [tid=6736] MapViewOfFile mapping=00001658 result=1F740000 err=0 access=0x00000004 offset=0:0 bytes=0
2026-07-07 15:01:26.793 [tid=6736] CreateFileMappingA input=0000165C result=00001660 err=0 name=(null) file=\\?\UNC\Mac\Home\Documents\mxd\BeiDou-Server\clien\Data\Skill\1000.img
2026-07-07 15:01:26.794 [tid=6736] MapViewOfFile mapping=00001660 result=1F810000 err=0 access=0x00000004 offset=0:0 bytes=0
2026-07-07 15:01:26.796 [tid=6736] CreateFileMappingA input=00001664 result=00001668 err=0 name=(null) file=\\?\UNC\Mac\Home\Documents\mxd\BeiDou-Server\clien\Data\Skill\1000.img
2026-07-07 15:01:26.797 [tid=6736] MapViewOfFile mapping=00001668 result=1FB20000 err=0 access=0x00000004 offset=0:0 bytes=0
2026-07-07 15:01:26.898 [tid=6736] CreateFileMappingA input=0000166C result=00001670 err=0 name=(null) file=\\?\UNC\Mac\Home\Documents\mxd\BeiDou-Server\clien\Data\Skill\1410.img
2026-07-07 15:01:26.899 [tid=6736] MapViewOfFile mapping=00001670 result=1F670000 err=0 access=0x00000004 offset=0:0 bytes=0
2026-07-07 15:01:26.901 [tid=6736] CreateFileMappingA input=00001674 result=00001678 err=0 name=(null) file=\\?\UNC\Mac\Home\Documents\mxd\BeiDou-Server\clien\Data\Skill\1410.img
2026-07-07 15:01:26.902 [tid=6736] MapViewOfFile mapping=00001678 result=1F6B0000 err=0 access=0x00000004 offset=0:0 bytes=0
2026-07-07 15:01:26.927 [tid=6736] CreateFileMappingA input=0000167C result=00001680 err=0 name=(null) file=\\?\UNC\Mac\Home\Documents\mxd\BeiDou-Server\clien\Data\Skill\MCSkill.img
2026-07-07 15:01:26.928 [tid=6736] MapViewOfFile mapping=00001680 result=126C0000 err=0 access=0x00000004 offset=0:0 bytes=0
2026-07-07 15:01:26.930 [tid=6736] CreateFileMappingA input=00001684 result=00001688 err=0 name=(null) file=\\?\UNC\Mac\Home\Documents\mxd\BeiDou-Server\clien\Data\Skill\MCSkill.img
2026-07-07 15:01:26.931 [tid=6736] MapViewOfFile mapping=00001688 result=1E230000 err=0 access=0x00000004 offset=0:0 bytes=0
2026-07-07 15:01:26.935 [tid=6736] CreateFileMappingA input=0000167C result=00001680 err=0 name=(null) file=\\?\UNC\Mac\Home\Documents\mxd\BeiDou-Server\clien\Data\Skill\422.img
2026-07-07 15:01:26.937 [tid=6736] MapViewOfFile mapping=00001680 result=1F810000 err=0 access=0x00000004 offset=0:0 bytes=0
2026-07-07 15:01:26.940 [tid=6736] CreateFileMappingA input=0000164C result=0000168C err=0 name=(null) file=\\?\UNC\Mac\Home\Documents\mxd\BeiDou-Server\clien\Data\Skill\422.img
2026-07-07 15:01:26.941 [tid=6736] MapViewOfFile mapping=0000168C result=1F960000 err=0 access=0x00000004 offset=0:0 bytes=0
2026-07-07 15:01:26.980 [tid=6736] CreateFileMappingA input=00001690 result=00001694 err=0 name=(null) file=\\?\UNC\Mac\Home\Documents\mxd\BeiDou-Server\clien\Data\Skill\1411.img
2026-07-07 15:01:26.981 [tid=6736] MapViewOfFile mapping=00001694 result=1F810000 err=0 access=0x00000004 offset=0:0 bytes=0
2026-07-07 15:01:26.983 [tid=6736] CreateFileMappingA input=00001698 result=0000169C err=0 name=(null) file=\\?\UNC\Mac\Home\Documents\mxd\BeiDou-Server\clien\Data\Skill\1411.img
2026-07-07 15:01:26.984 [tid=6736] MapViewOfFile mapping=0000169C result=1F8B0000 err=0 access=0x00000004 offset=0:0 bytes=0
2026-07-07 15:01:27.011 [tid=6736] CreateFileMappingA input=00001690 result=00001694 err=0 name=(null) file=\\?\UNC\Mac\Home\Documents\mxd\BeiDou-Server\clien\Data\Skill\230.img
2026-07-07 15:01:27.013 [tid=6736] MapViewOfFile mapping=00001694 result=1E400000 err=0 access=0x00000004 offset=0:0 bytes=0
2026-07-07 15:01:27.015 [tid=6736] CreateFileMappingA input=000016A0 result=000016A4 err=0 name=(null) file=\\?\UNC\Mac\Home\Documents\mxd\BeiDou-Server\clien\Data\Skill\230.img
2026-07-07 15:01:27.016 [tid=6736] MapViewOfFile mapping=000016A4 result=1F670000 err=0 access=0x00000004 offset=0:0 bytes=0
2026-07-07 15:01:27.041 [tid=6736] CreateFileMappingA input=000016A8 result=000016AC err=0 name=(null) file=\\?\UNC\Mac\Home\Documents\mxd\BeiDou-Server\clien\Data\Skill\232.img
2026-07-07 15:01:27.042 [tid=6736] MapViewOfFile mapping=000016AC result=211A0000 err=0 access=0x00000004 offset=0:0 bytes=0
2026-07-07 15:01:27.044 [tid=6736] CreateFileMappingA input=000016B0 result=000016B4 err=0 name=(null) file=\\?\UNC\Mac\Home\Documents\mxd\BeiDou-Server\clien\Data\Skill\232.img
2026-07-07 15:01:27.045 [tid=6736] MapViewOfFile mapping=000016B4 result=23980000 err=0 access=0x00000004 offset=0:0 bytes=0
2026-07-07 15:01:27.199 [tid=6736] CreateFileMappingA input=000016B8 result=000016BC err=0 name=(null) file=\\?\UNC\Mac\Home\Documents\mxd\BeiDou-Server\clien\Data\Skill\420.img
2026-07-07 15:01:27.200 [tid=6736] MapViewOfFile mapping=000016BC result=1E400000 err=0 access=0x00000004 offset=0:0 bytes=0
2026-07-07 15:01:27.202 [tid=6736] CreateFileMappingA input=000016C4 result=000016C8 err=0 name=(null) file=\\?\UNC\Mac\Home\Documents\mxd\BeiDou-Server\clien\Data\Skill\420.img
2026-07-07 15:01:27.203 [tid=6736] MapViewOfFile mapping=000016C8 result=1F690000 err=0 access=0x00000004 offset=0:0 bytes=0
2026-07-07 15:01:27.222 [tid=6736] CreateFileMappingA input=000016CC result=000016D0 err=0 name=(null) file=\\?\UNC\Mac\Home\Documents\mxd\BeiDou-Server\clien\Data\Skill\421.img
2026-07-07 15:01:27.224 [tid=6736] MapViewOfFile mapping=000016D0 result=1F810000 err=0 access=0x00000004 offset=0:0 bytes=0
2026-07-07 15:01:27.225 [tid=6736] CreateFileMappingA input=000016A8 result=000016D4 err=0 name=(null) file=\\?\UNC\Mac\Home\Documents\mxd\BeiDou-Server\clien\Data\Skill\421.img
2026-07-07 15:01:27.226 [tid=6736] MapViewOfFile mapping=000016D4 result=1FE30000 err=0 access=0x00000004 offset=0:0 bytes=0
2026-07-07 15:01:27.267 [tid=6736] CreateFileMappingA input=000016D8 result=000016DC err=0 name=(null) file=\\?\UNC\Mac\Home\Documents\mxd\BeiDou-Server\clien\Data\Skill\1412.img
2026-07-07 15:01:27.267 [tid=6736] MapViewOfFile mapping=000016DC result=126C0000 err=0 access=0x00000004 offset=0:0 bytes=0
2026-07-07 15:01:27.270 [tid=6736] CreateFileMappingA input=000016E0 result=000016E4 err=0 name=(null) file=\\?\UNC\Mac\Home\Documents\mxd\BeiDou-Server\clien\Data\Skill\1412.img
2026-07-07 15:01:27.271 [tid=6736] MapViewOfFile mapping=000016E4 result=1E240000 err=0 access=0x00000004 offset=0:0 bytes=0
2026-07-07 15:01:27.276 [tid=6736] CreateFileMappingA input=000016E8 result=000016EC err=0 name=(null) file=\\?\UNC\Mac\Home\Documents\mxd\BeiDou-Server\clien\Data\Skill\1200.img
2026-07-07 15:01:27.277 [tid=6736] MapViewOfFile mapping=000016EC result=1F6F0000 err=0 access=0x00000004 offset=0:0 bytes=0
2026-07-07 15:01:27.280 [tid=6736] CreateFileMappingA input=000016F0 result=000016F4 err=0 name=(null) file=\\?\UNC\Mac\Home\Documents\mxd\BeiDou-Server\clien\Data\Skill\1200.img
2026-07-07 15:01:27.280 [tid=6736] MapViewOfFile mapping=000016F4 result=1F810000 err=0 access=0x00000004 offset=0:0 bytes=0
2026-07-07 15:01:27.305 [tid=6736] CreateFileMappingA input=000016F8 result=000016FC err=0 name=(null) file=\\?\UNC\Mac\Home\Documents\mxd\BeiDou-Server\clien\Data\Skill\233.img
2026-07-07 15:01:27.306 [tid=6736] MapViewOfFile mapping=000016FC result=211A0000 err=0 access=0x00000004 offset=0:0 bytes=0
2026-07-07 15:01:27.308 [tid=6736] CreateFileMappingA input=00001700 result=00001704 err=0 name=(null) file=\\?\UNC\Mac\Home\Documents\mxd\BeiDou-Server\clien\Data\Skill\233.img
2026-07-07 15:01:27.309 [tid=6736] MapViewOfFile mapping=00001704 result=26160000 err=0 access=0x00000004 offset=0:0 bytes=0
2026-07-07 15:01:27.402 [tid=6736] CreateFileMappingA input=00001708 result=0000170C err=0 name=(null) file=\\?\UNC\Mac\Home\Documents\mxd\BeiDou-Server\clien\Data\Skill\1210.img
2026-07-07 15:01:27.403 [tid=6736] MapViewOfFile mapping=0000170C result=1FED0000 err=0 access=0x00000004 offset=0:0 bytes=0
2026-07-07 15:01:27.406 [tid=6736] CreateFileMappingA input=00001710 result=00001714 err=0 name=(null) file=\\?\UNC\Mac\Home\Documents\mxd\BeiDou-Server\clien\Data\Skill\1210.img
2026-07-07 15:01:27.407 [tid=6736] MapViewOfFile mapping=00001714 result=1FF90000 err=0 access=0x00000004 offset=0:0 bytes=0
2026-07-07 15:01:27.437 [tid=6736] CreateFileMappingA input=00001708 result=0000170C err=0 name=(null) file=\\?\UNC\Mac\Home\Documents\mxd\BeiDou-Server\clien\Data\Skill\800.img
2026-07-07 15:01:27.439 [tid=6736] MapViewOfFile mapping=0000170C result=126C0000 err=0 access=0x00000004 offset=0:0 bytes=0
2026-07-07 15:01:27.441 [tid=6736] CreateFileMappingA input=00001718 result=0000171C err=0 name=(null) file=\\?\UNC\Mac\Home\Documents\mxd\BeiDou-Server\clien\Data\Skill\800.img
2026-07-07 15:01:27.442 [tid=6736] MapViewOfFile mapping=0000171C result=1E240000 err=0 access=0x00000004 offset=0:0 bytes=0
2026-07-07 15:01:27.452 [tid=6736] CreateFileMappingA input=00001720 result=00001724 err=0 name=(null) file=\\?\UNC\Mac\Home\Documents\mxd\BeiDou-Server\clien\Data\Skill\1211.img
2026-07-07 15:01:27.453 [tid=6736] MapViewOfFile mapping=00001724 result=20050000 err=0 access=0x00000004 offset=0:0 bytes=0
2026-07-07 15:01:27.456 [tid=6736] CreateFileMappingA input=00001728 result=0000172C err=0 name=(null) file=\\?\UNC\Mac\Home\Documents\mxd\BeiDou-Server\clien\Data\Skill\1211.img
2026-07-07 15:01:27.456 [tid=6736] MapViewOfFile mapping=0000172C result=203C0000 err=0 access=0x00000004 offset=0:0 bytes=0
2026-07-07 15:01:27.495 [tid=6736] CreateFileMappingA input=00001720 result=00001724 err=0 name=(null) file=\\?\UNC\Mac\Home\Documents\mxd\BeiDou-Server\clien\Data\Skill\222.img
2026-07-07 15:01:27.496 [tid=6736] MapViewOfFile mapping=00001724 result=20730000 err=0 access=0x00000004 offset=0:0 bytes=0
2026-07-07 15:01:27.498 [tid=6736] CreateFileMappingA input=00001730 result=00001734 err=0 name=(null) file=\\?\UNC\Mac\Home\Documents\mxd\BeiDou-Server\clien\Data\Skill\222.img
2026-07-07 15:01:27.499 [tid=6736] MapViewOfFile mapping=00001734 result=211A0000 err=0 access=0x00000004 offset=0:0 bytes=0
2026-07-07 15:01:27.551 [tid=6736] CreateFileMappingA input=00001720 result=00001724 err=0 name=(null) file=\\?\UNC\Mac\Home\Documents\mxd\BeiDou-Server\clien\Data\Skill\220.img
2026-07-07 15:01:27.552 [tid=6736] MapViewOfFile mapping=00001724 result=1F6F0000 err=0 access=0x00000004 offset=0:0 bytes=0
2026-07-07 15:01:27.555 [tid=6736] CreateFileMappingA input=00001738 result=0000173C err=0 name=(null) file=\\?\UNC\Mac\Home\Documents\mxd\BeiDou-Server\clien\Data\Skill\220.img
2026-07-07 15:01:27.556 [tid=6736] MapViewOfFile mapping=0000173C result=1F850000 err=0 access=0x00000004 offset=0:0 bytes=0
2026-07-07 15:01:27.584 [tid=6736] CreateFileMappingA input=000016F8 result=00001740 err=0 name=(null) file=\\?\UNC\Mac\Home\Documents\mxd\BeiDou-Server\clien\Data\Skill\1400.img
2026-07-07 15:01:27.584 [tid=6736] MapViewOfFile mapping=00001740 result=1F6F0000 err=0 access=0x00000004 offset=0:0 bytes=0
2026-07-07 15:01:27.588 [tid=6736] CreateFileMappingA input=00001744 result=00001748 err=0 name=(null) file=\\?\UNC\Mac\Home\Documents\mxd\BeiDou-Server\clien\Data\Skill\1400.img
2026-07-07 15:01:27.589 [tid=6736] MapViewOfFile mapping=00001748 result=1FAB0000 err=0 access=0x00000004 offset=0:0 bytes=0
2026-07-07 15:01:27.613 [tid=6736] CreateFileMappingA input=0000174C result=00001750 err=0 name=(null) file=\\?\UNC\Mac\Home\Documents\mxd\BeiDou-Server\clien\Data\Skill\1212.img
2026-07-07 15:01:27.614 [tid=6736] MapViewOfFile mapping=00001750 result=126C0000 err=0 access=0x00000004 offset=0:0 bytes=0
2026-07-07 15:01:27.616 [tid=6736] CreateFileMappingA input=00001754 result=00001758 err=0 name=(null) file=\\?\UNC\Mac\Home\Documents\mxd\BeiDou-Server\clien\Data\Skill\1212.img
2026-07-07 15:01:27.617 [tid=6736] MapViewOfFile mapping=00001758 result=1E400000 err=0 access=0x00000004 offset=0:0 bytes=0
2026-07-07 15:01:27.621 [tid=6736] CreateFileMappingA input=0000174C result=00001750 err=0 name=(null) file=\\?\UNC\Mac\Home\Documents\mxd\BeiDou-Server\clien\Data\Skill\221.img
2026-07-07 15:01:27.622 [tid=6736] MapViewOfFile mapping=00001750 result=1FED0000 err=0 access=0x00000004 offset=0:0 bytes=0
2026-07-07 15:01:27.624 [tid=6736] CreateFileMappingA input=00001754 result=00001758 err=0 name=(null) file=\\?\UNC\Mac\Home\Documents\mxd\BeiDou-Server\clien\Data\Skill\221.img
2026-07-07 15:01:27.625 [tid=6736] MapViewOfFile mapping=00001758 result=20050000 err=0 access=0x00000004 offset=0:0 bytes=0
2026-07-07 15:01:27.657 [tid=6736] CreateFileMappingA input=0000175C result=00001760 err=0 name=(null) file=\\?\UNC\Mac\Home\Documents\mxd\BeiDou-Server\clien\Data\Skill\520.img
2026-07-07 15:01:27.658 [tid=6736] MapViewOfFile mapping=00001760 result=1E400000 err=0 access=0x00000004 offset=0:0 bytes=0
2026-07-07 15:01:27.660 [tid=6736] CreateFileMappingA input=00001764 result=00001768 err=0 name=(null) file=\\?\UNC\Mac\Home\Documents\mxd\BeiDou-Server\clien\Data\Skill\520.img
2026-07-07 15:01:27.661 [tid=6736] MapViewOfFile mapping=00001768 result=1F6F0000 err=0 access=0x00000004 offset=0:0 bytes=0
2026-07-07 15:01:27.686 [tid=6736] CreateFileMappingA input=0000176C result=00001770 err=0 name=(null) file=\\?\UNC\Mac\Home\Documents\mxd\BeiDou-Server\clien\Data\Skill\130.img
2026-07-07 15:01:27.687 [tid=6736] MapViewOfFile mapping=00001770 result=1E400000 err=0 access=0x00000004 offset=0:0 bytes=0
2026-07-07 15:01:27.689 [tid=6736] CreateFileMappingA input=00001778 result=0000177C err=0 name=(null) file=\\?\UNC\Mac\Home\Documents\mxd\BeiDou-Server\clien\Data\Skill\130.img
2026-07-07 15:01:27.690 [tid=6736] MapViewOfFile mapping=0000177C result=1FAF0000 err=0 access=0x00000004 offset=0:0 bytes=0
2026-07-07 15:01:27.722 [tid=6736] CreateFileMappingA input=00001780 result=00001784 err=0 name=(null) file=\\?\UNC\Mac\Home\Documents\mxd\BeiDou-Server\clien\Data\Skill\1300.img
2026-07-07 15:01:27.723 [tid=6736] MapViewOfFile mapping=00001784 result=1FED0000 err=0 access=0x00000004 offset=0:0 bytes=0
2026-07-07 15:01:27.725 [tid=6736] CreateFileMappingA input=00001788 result=0000178C err=0 name=(null) file=\\?\UNC\Mac\Home\Documents\mxd\BeiDou-Server\clien\Data\Skill\1300.img
2026-07-07 15:01:27.726 [tid=6736] MapViewOfFile mapping=0000178C result=1FF10000 err=0 access=0x00000004 offset=0:0 bytes=0
2026-07-07 15:01:27.749 [tid=6736] CreateFileMappingA input=00001790 result=00001794 err=0 name=(null) file=\\?\UNC\Mac\Home\Documents\mxd\BeiDou-Server\clien\Data\Skill\131.img
2026-07-07 15:01:27.750 [tid=6736] MapViewOfFile mapping=00001794 result=200D0000 err=0 access=0x00000004 offset=0:0 bytes=0
2026-07-07 15:01:27.752 [tid=6736] CreateFileMappingA input=00001798 result=0000179C err=0 name=(null) file=\\?\UNC\Mac\Home\Documents\mxd\BeiDou-Server\clien\Data\Skill\131.img
2026-07-07 15:01:27.753 [tid=6736] MapViewOfFile mapping=0000179C result=201D0000 err=0 access=0x00000004 offset=0:0 bytes=0
2026-07-07 15:01:27.793 [tid=6736] CreateFileMappingA input=000017A0 result=000017A4 err=0 name=(null) file=\\?\UNC\Mac\Home\Documents\mxd\BeiDou-Server\clien\Data\Skill\1512.img
2026-07-07 15:01:27.794 [tid=6736] MapViewOfFile mapping=000017A4 result=126C0000 err=0 access=0x00000004 offset=0:0 bytes=0
2026-07-07 15:01:27.797 [tid=6736] CreateFileMappingA input=000017A8 result=000017AC err=0 name=(null) file=\\?\UNC\Mac\Home\Documents\mxd\BeiDou-Server\clien\Data\Skill\1512.img
2026-07-07 15:01:27.798 [tid=6736] MapViewOfFile mapping=000017AC result=1E400000 err=0 access=0x00000004 offset=0:0 bytes=0
2026-07-07 15:01:27.801 [tid=6736] CreateFileMappingA input=000017A0 result=000017A4 err=0 name=(null) file=\\?\UNC\Mac\Home\Documents\mxd\BeiDou-Server\clien\Data\Skill\910.img
2026-07-07 15:01:27.801 [tid=6736] MapViewOfFile mapping=000017A4 result=200D0000 err=0 access=0x00000004 offset=0:0 bytes=0
2026-07-07 15:01:27.804 [tid=6736] CreateFileMappingA input=000017A8 result=000017AC err=0 name=(null) file=\\?\UNC\Mac\Home\Documents\mxd\BeiDou-Server\clien\Data\Skill\910.img
2026-07-07 15:01:27.805 [tid=6736] MapViewOfFile mapping=000017AC result=202D0000 err=0 access=0x00000004 offset=0:0 bytes=0
2026-07-07 15:01:27.831 [tid=6736] CreateFileMappingA input=00001790 result=000017B0 err=0 name=(null) file=\\?\UNC\Mac\Home\Documents\mxd\BeiDou-Server\clien\Data\Skill\BFSkill.img
2026-07-07 15:01:27.832 [tid=6736] MapViewOfFile mapping=000017B0 result=126C0000 err=0 access=0x00000004 offset=0:0 bytes=0
2026-07-07 15:01:27.835 [tid=6736] CreateFileMappingA input=000017B4 result=000017B8 err=0 name=(null) file=\\?\UNC\Mac\Home\Documents\mxd\BeiDou-Server\clien\Data\Skill\BFSkill.img
2026-07-07 15:01:27.839 [tid=6736] MapViewOfFile mapping=000017B8 result=1E400000 err=0 access=0x00000004 offset=0:0 bytes=0
2026-07-07 15:01:27.843 [tid=6736] CreateFileMappingA input=00001790 result=000017B0 err=0 name=(null) file=\\?\UNC\Mac\Home\Documents\mxd\BeiDou-Server\clien\Data\Skill\521.img
2026-07-07 15:01:27.846 [tid=6736] MapViewOfFile mapping=000017B0 result=200D0000 err=0 access=0x00000004 offset=0:0 bytes=0
2026-07-07 15:01:27.849 [tid=6736] CreateFileMappingA input=000017BC result=000017C0 err=0 name=(null) file=\\?\UNC\Mac\Home\Documents\mxd\BeiDou-Server\clien\Data\Skill\521.img
2026-07-07 15:01:27.850 [tid=6736] MapViewOfFile mapping=000017C0 result=20150000 err=0 access=0x00000004 offset=0:0 bytes=0
2026-07-07 15:01:27.885 [tid=6736] CreateFileMappingA input=000017C4 result=000017C8 err=0 name=(null) file=\\?\UNC\Mac\Home\Documents\mxd\BeiDou-Server\clien\Data\Skill\MobSkill.img
2026-07-07 15:01:27.886 [tid=6736] MapViewOfFile mapping=000017C8 result=28200000 err=0 access=0x00000004 offset=0:0 bytes=0
2026-07-07 15:01:27.889 [tid=6736] CreateFileMappingA input=000017CC result=000017D0 err=0 name=(null) file=\\?\UNC\Mac\Home\Documents\mxd\BeiDou-Server\clien\Data\Skill\MobSkill.img
2026-07-07 15:01:27.890 [tid=6736] MapViewOfFile mapping=000017D0 result=2B920000 err=0 access=0x00000004 offset=0:0 bytes=0
2026-07-07 15:01:27.901 [tid=6736] CreateFileMappingA input=000017C4 result=000017C8 err=0 name=(null) file=\\?\UNC\Mac\Home\Documents\mxd\BeiDou-Server\clien\Data\Skill\1510.img
2026-07-07 15:01:27.902 [tid=6736] MapViewOfFile mapping=000017C8 result=200D0000 err=0 access=0x00000004 offset=0:0 bytes=0
2026-07-07 15:01:27.905 [tid=6736] CreateFileMappingA input=000017D8 result=000017DC err=0 name=(null) file=\\?\UNC\Mac\Home\Documents\mxd\BeiDou-Server\clien\Data\Skill\1510.img
2026-07-07 15:01:27.906 [tid=6736] MapViewOfFile mapping=000017DC result=20730000 err=0 access=0x00000004 offset=0:0 bytes=0
2026-07-07 15:01:27.932 [tid=6736] CreateFileMappingA input=000017E4 result=000017E8 err=0 name=(null) file=\\?\UNC\Mac\Home\Documents\mxd\BeiDou-Server\clien\Data\Skill\1100.img
2026-07-07 15:01:27.933 [tid=6736] MapViewOfFile mapping=000017E8 result=200D0000 err=0 access=0x00000004 offset=0:0 bytes=0
2026-07-07 15:01:27.935 [tid=6736] CreateFileMappingA input=000017EC result=000017F0 err=0 name=(null) file=\\?\UNC\Mac\Home\Documents\mxd\BeiDou-Server\clien\Data\Skill\1100.img
2026-07-07 15:01:27.936 [tid=6736] MapViewOfFile mapping=000017F0 result=20780000 err=0 access=0x00000004 offset=0:0 bytes=0
2026-07-07 15:01:27.956 [tid=6736] CreateFileMappingA input=000017F4 result=000017F8 err=0 name=(null) file=\\?\UNC\Mac\Home\Documents\mxd\BeiDou-Server\clien\Data\Skill\132.img
2026-07-07 15:01:27.957 [tid=6736] MapViewOfFile mapping=000017F8 result=207E0000 err=0 access=0x00000004 offset=0:0 bytes=0
2026-07-07 15:01:27.960 [tid=6736] CreateFileMappingA input=000017FC result=000017D4 err=0 name=(null) file=\\?\UNC\Mac\Home\Documents\mxd\BeiDou-Server\clien\Data\Skill\132.img
2026-07-07 15:01:27.961 [tid=6736] MapViewOfFile mapping=000017D4 result=20960000 err=0 access=0x00000004 offset=0:0 bytes=0
2026-07-07 15:01:28.001 [tid=6736] CreateFileMappingA input=000017A0 result=000017F4 err=0 name=(null) file=\\?\UNC\Mac\Home\Documents\mxd\BeiDou-Server\clien\Data\Skill\1511.img
2026-07-07 15:01:28.003 [tid=6736] MapViewOfFile mapping=000017F4 result=207E0000 err=0 access=0x00000004 offset=0:0 bytes=0
2026-07-07 15:01:28.006 [tid=6736] CreateFileMappingA input=000017F8 result=000017A4 err=0 name=(null) file=\\?\UNC\Mac\Home\Documents\mxd\BeiDou-Server\clien\Data\Skill\1511.img
2026-07-07 15:01:28.006 [tid=6736] MapViewOfFile mapping=000017A4 result=208A0000 err=0 access=0x00000004 offset=0:0 bytes=0
2026-07-07 15:01:28.042 [tid=6736] CreateFileMappingA input=00001794 result=000017A0 err=0 name=(null) file=\\?\UNC\Mac\Home\Documents\mxd\BeiDou-Server\clien\Data\Skill\522.img
2026-07-07 15:01:28.043 [tid=6736] MapViewOfFile mapping=000017A0 result=20AE0000 err=0 access=0x00000004 offset=0:0 bytes=0
2026-07-07 15:01:28.045 [tid=6736] CreateFileMappingA input=000017F4 result=00001774 err=0 name=(null) file=\\?\UNC\Mac\Home\Documents\mxd\BeiDou-Server\clien\Data\Skill\522.img
2026-07-07 15:01:28.046 [tid=6736] MapViewOfFile mapping=00001774 result=20D40000 err=0 access=0x00000004 offset=0:0 bytes=0
2026-07-07 15:01:28.096 [tid=6736] CreateFileMappingA input=0000175C result=00001794 err=0 name=(null) file=\\?\UNC\Mac\Home\Documents\mxd\BeiDou-Server\clien\Data\Skill\122.img
2026-07-07 15:01:28.097 [tid=6736] MapViewOfFile mapping=00001794 result=21800000 err=0 access=0x00000004 offset=0:0 bytes=0
2026-07-07 15:01:28.099 [tid=6736] CreateFileMappingA input=000017A0 result=00001760 err=0 name=(null) file=\\?\UNC\Mac\Home\Documents\mxd\BeiDou-Server\clien\Data\Skill\122.img
2026-07-07 15:01:28.100 [tid=6736] MapViewOfFile mapping=00001760 result=226F0000 err=0 access=0x00000004 offset=0:0 bytes=0
2026-07-07 15:01:28.152 [tid=6736] CreateFileMappingA input=000016F8 result=00001740 err=0 name=(null) file=\\?\UNC\Mac\Home\Documents\mxd\BeiDou-Server\clien\Data\Skill\320.img
2026-07-07 15:01:28.153 [tid=6736] MapViewOfFile mapping=00001740 result=1E410000 err=0 access=0x00000004 offset=0:0 bytes=0
2026-07-07 15:01:28.156 [tid=6736] CreateFileMappingA input=000016FC result=000016E8 err=0 name=(null) file=\\?\UNC\Mac\Home\Documents\mxd\BeiDou-Server\clien\Data\Skill\320.img
2026-07-07 15:01:28.157 [tid=6736] MapViewOfFile mapping=000016E8 result=1F720000 err=0 access=0x00000004 offset=0:0 bytes=0
2026-07-07 15:01:28.182 [tid=6736] CreateFileMappingA input=000016EC result=000016D8 err=0 name=(null) file=\\?\UNC\Mac\Home\Documents\mxd\BeiDou-Server\clien\Data\Skill\1111.img
2026-07-07 15:01:28.183 [tid=6736] MapViewOfFile mapping=000016D8 result=21800000 err=0 access=0x00000004 offset=0:0 bytes=0
2026-07-07 15:01:28.184 [tid=6736] CreateFileMappingA input=000016DC result=000016E0 err=0 name=(null) file=\\?\UNC\Mac\Home\Documents\mxd\BeiDou-Server\clien\Data\Skill\1111.img
2026-07-07 15:01:28.185 [tid=6736] MapViewOfFile mapping=000016E0 result=21B30000 err=0 access=0x00000004 offset=0:0 bytes=0
2026-07-07 15:01:28.215 [tid=6736] CreateFileMappingA input=000016E4 result=000016AC err=0 name=(null) file=\\?\UNC\Mac\Home\Documents\mxd\BeiDou-Server\clien\Data\Skill\1110.img
2026-07-07 15:01:28.216 [tid=6736] MapViewOfFile mapping=000016AC result=200D0000 err=0 access=0x00000004 offset=0:0 bytes=0
2026-07-07 15:01:28.218 [tid=6736] CreateFileMappingA input=00001650 result=000015E4 err=0 name=(null) file=\\?\UNC\Mac\Home\Documents\mxd\BeiDou-Server\clien\Data\Skill\1110.img
2026-07-07 15:01:28.219 [tid=6736] MapViewOfFile mapping=000015E4 result=207E0000 err=0 access=0x00000004 offset=0:0 bytes=0
2026-07-07 15:01:28.247 [tid=6736] CreateFileMappingA input=000015D4 result=000016E4 err=0 name=(null) file=\\?\UNC\Mac\Home\Documents\mxd\BeiDou-Server\clien\Data\Skill\321.img
2026-07-07 15:01:28.248 [tid=6736] MapViewOfFile mapping=000016E4 result=200D0000 err=0 access=0x00000004 offset=0:0 bytes=0
2026-07-07 15:01:28.250 [tid=6736] CreateFileMappingA input=000016AC result=0000159C err=0 name=(null) file=\\?\UNC\Mac\Home\Documents\mxd\BeiDou-Server\clien\Data\Skill\321.img
2026-07-07 15:01:28.251 [tid=6736] MapViewOfFile mapping=0000159C result=20AE0000 err=0 access=0x00000004 offset=0:0 bytes=0
2026-07-07 15:01:28.286 [tid=6736] CreateFileMappingA input=000015A0 result=00001568 err=0 name=(null) file=\\?\UNC\Mac\Home\Documents\mxd\BeiDou-Server\clien\Data\Skill\1312.img
2026-07-07 15:01:28.287 [tid=6736] MapViewOfFile mapping=00001568 result=126C0000 err=0 access=0x00000004 offset=0:0 bytes=0
2026-07-07 15:01:28.289 [tid=6736] CreateFileMappingA input=00001550 result=00001554 err=0 name=(null) file=\\?\UNC\Mac\Home\Documents\mxd\BeiDou-Server\clien\Data\Skill\1312.img
2026-07-07 15:01:28.290 [tid=6736] MapViewOfFile mapping=00001554 result=1E410000 err=0 access=0x00000004 offset=0:0 bytes=0
2026-07-07 15:01:28.293 [tid=6736] CreateFileMappingA input=000015A0 result=00001568 err=0 name=(null) file=\\?\UNC\Mac\Home\Documents\mxd\BeiDou-Server\clien\Data\Skill\1500.img
2026-07-07 15:01:28.294 [tid=6736] MapViewOfFile mapping=00001568 result=1FED0000 err=0 access=0x00000004 offset=0:0 bytes=0
2026-07-07 15:01:28.297 [tid=6736] CreateFileMappingA input=00001550 result=00001554 err=0 name=(null) file=\\?\UNC\Mac\Home\Documents\mxd\BeiDou-Server\clien\Data\Skill\1500.img
2026-07-07 15:01:28.298 [tid=6736] MapViewOfFile mapping=00001554 result=1FF50000 err=0 access=0x00000004 offset=0:0 bytes=0
2026-07-07 15:01:28.317 [tid=6736] CreateFileMappingA input=0000153C result=00001538 err=0 name=(null) file=\\?\UNC\Mac\Home\Documents\mxd\BeiDou-Server\clien\Data\Skill\ItemSkill.img
2026-07-07 15:01:28.318 [tid=6736] MapViewOfFile mapping=00001538 result=126C0000 err=0 access=0x00000004 offset=0:0 bytes=0
2026-07-07 15:01:28.320 [tid=6736] CreateFileMappingA input=00001528 result=0000148C err=0 name=(null) file=\\?\UNC\Mac\Home\Documents\mxd\BeiDou-Server\clien\Data\Skill\ItemSkill.img
2026-07-07 15:01:28.321 [tid=6736] MapViewOfFile mapping=0000148C result=1E410000 err=0 access=0x00000004 offset=0:0 bytes=0
2026-07-07 15:01:28.324 [tid=6736] CreateFileMappingA input=0000153C result=00001538 err=0 name=(null) file=\\?\UNC\Mac\Home\Documents\mxd\BeiDou-Server\clien\Data\Skill\900.img
2026-07-07 15:01:28.325 [tid=6736] MapViewOfFile mapping=00001538 result=20B60000 err=0 access=0x00000004 offset=0:0 bytes=0
2026-07-07 15:01:28.327 [tid=6736] CreateFileMappingA input=000015A0 result=00001434 err=0 name=(null) file=\\?\UNC\Mac\Home\Documents\mxd\BeiDou-Server\clien\Data\Skill\900.img
2026-07-07 15:01:28.328 [tid=6736] MapViewOfFile mapping=00001434 result=20C20000 err=0 access=0x00000004 offset=0:0 bytes=0
2026-07-07 15:01:28.344 [tid=6736] CreateFileMappingA input=00001568 result=0000153C err=0 name=(null) file=\\?\UNC\Mac\Home\Documents\mxd\BeiDou-Server\clien\Data\Skill\121.img
2026-07-07 15:01:28.345 [tid=6736] MapViewOfFile mapping=0000153C result=20FA0000 err=0 access=0x00000004 offset=0:0 bytes=0
2026-07-07 15:01:28.347 [tid=6736] CreateFileMappingA input=000015D4 result=00001538 err=0 name=(null) file=\\?\UNC\Mac\Home\Documents\mxd\BeiDou-Server\clien\Data\Skill\121.img
2026-07-07 15:01:28.348 [tid=6736] MapViewOfFile mapping=00001538 result=21800000 err=0 access=0x00000004 offset=0:0 bytes=0
2026-07-07 15:01:28.394 [tid=6736] CreateFileMappingA input=00001568 result=0000153C err=0 name=(null) file=\\?\UNC\Mac\Home\Documents\mxd\BeiDou-Server\clien\Data\Skill\1310.img
2026-07-07 15:01:28.395 [tid=6736] MapViewOfFile mapping=0000153C result=200D0000 err=0 access=0x00000004 offset=0:0 bytes=0
2026-07-07 15:01:28.398 [tid=6736] CreateFileMappingA input=000016E4 result=000016EC err=0 name=(null) file=\\?\UNC\Mac\Home\Documents\mxd\BeiDou-Server\clien\Data\Skill\1310.img
2026-07-07 15:01:28.398 [tid=6736] MapViewOfFile mapping=000016EC result=20830000 err=0 access=0x00000004 offset=0:0 bytes=0
2026-07-07 15:01:28.419 [tid=6736] CreateFileMappingA input=000016D8 result=00001568 err=0 name=(null) file=\\?\UNC\Mac\Home\Documents\mxd\BeiDou-Server\clien\Data\Skill\1112.img
2026-07-07 15:01:28.421 [tid=6736] MapViewOfFile mapping=00001568 result=126C0000 err=0 access=0x00000004 offset=0:0 bytes=0
2026-07-07 15:01:28.424 [tid=6736] CreateFileMappingA input=0000153C result=000016F8 err=0 name=(null) file=\\?\UNC\Mac\Home\Documents\mxd\BeiDou-Server\clien\Data\Skill\1112.img
2026-07-07 15:01:28.425 [tid=6736] MapViewOfFile mapping=000016F8 result=1E420000 err=0 access=0x00000004 offset=0:0 bytes=0
2026-07-07 15:01:28.429 [tid=6736] CreateFileMappingA input=00001740 result=000016D8 err=0 name=(null) file=\\?\UNC\Mac\Home\Documents\mxd\BeiDou-Server\clien\Data\Skill\322.img
2026-07-07 15:01:28.431 [tid=6736] MapViewOfFile mapping=000016D8 result=21E60000 err=0 access=0x00000004 offset=0:0 bytes=0
2026-07-07 15:01:28.434 [tid=6736] CreateFileMappingA input=0000153C result=00001568 err=0 name=(null) file=\\?\UNC\Mac\Home\Documents\mxd\BeiDou-Server\clien\Data\Skill\322.img
2026-07-07 15:01:28.435 [tid=6736] MapViewOfFile mapping=00001568 result=220C0000 err=0 access=0x00000004 offset=0:0 bytes=0
2026-07-07 15:01:28.485 [tid=6736] CreateFileMappingA input=000016F8 result=00001740 err=0 name=(null) file=\\?\UNC\Mac\Home\Documents\mxd\BeiDou-Server\clien\Data\Skill\1311.img
2026-07-07 15:01:28.486 [tid=6736] MapViewOfFile mapping=00001740 result=20FA0000 err=0 access=0x00000004 offset=0:0 bytes=0
2026-07-07 15:01:28.488 [tid=6736] CreateFileMappingA input=000016D8 result=0000175C err=0 name=(null) file=\\?\UNC\Mac\Home\Documents\mxd\BeiDou-Server\clien\Data\Skill\1311.img
2026-07-07 15:01:28.489 [tid=6736] MapViewOfFile mapping=0000175C result=218F0000 err=0 access=0x00000004 offset=0:0 bytes=0
2026-07-07 15:01:28.529 [tid=6736] CreateFileMappingA input=00001794 result=000016F8 err=0 name=(null) file=\\?\UNC\Mac\Home\Documents\mxd\BeiDou-Server\clien\Data\Skill\120.img
2026-07-07 15:01:28.530 [tid=6736] MapViewOfFile mapping=000016F8 result=1F890000 err=0 access=0x00000004 offset=0:0 bytes=0
2026-07-07 15:01:28.533 [tid=6736] CreateFileMappingA input=00001740 result=000017E4 err=0 name=(null) file=\\?\UNC\Mac\Home\Documents\mxd\BeiDou-Server\clien\Data\Skill\120.img
2026-07-07 15:01:28.534 [tid=6736] MapViewOfFile mapping=000017E4 result=1FED0000 err=0 access=0x00000004 offset=0:0 bytes=0
2026-07-07 15:01:28.562 [tid=6736] CreateFileMappingA input=000017E8 result=00001794 err=0 name=(null) file=\\?\UNC\Mac\Home\Documents\mxd\BeiDou-Server\clien\Data\Skill\111.img
2026-07-07 15:01:28.563 [tid=6736] MapViewOfFile mapping=00001794 result=291D0000 err=0 access=0x00000004 offset=0:0 bytes=0
2026-07-07 15:01:28.565 [tid=6736] CreateFileMappingA input=000016F8 result=000017C4 err=0 name=(null) file=\\?\UNC\Mac\Home\Documents\mxd\BeiDou-Server\clien\Data\Skill\111.img
2026-07-07 15:01:28.566 [tid=6736] MapViewOfFile mapping=000017C4 result=29830000 err=0 access=0x00000004 offset=0:0 bytes=0
2026-07-07 15:01:28.620 [tid=6736] CreateFileMappingA input=000017C8 result=000017E8 err=0 name=(null) file=\\?\UNC\Mac\Home\Documents\mxd\BeiDou-Server\clien\Data\Skill\312.img
2026-07-07 15:01:28.622 [tid=6736] MapViewOfFile mapping=000017E8 result=21E60000 err=0 access=0x00000004 offset=0:0 bytes=0
2026-07-07 15:01:28.624 [tid=6736] CreateFileMappingA input=00001794 result=000017E0 err=0 name=(null) file=\\?\UNC\Mac\Home\Documents\mxd\BeiDou-Server\clien\Data\Skill\312.img
2026-07-07 15:01:28.625 [tid=6736] MapViewOfFile mapping=000017E0 result=22320000 err=0 access=0x00000004 offset=0:0 bytes=0
2026-07-07 15:01:28.669 [tid=6736] CreateFileMappingA input=000017B0 result=00001790 err=0 name=(null) file=\\?\UNC\Mac\Home\Documents\mxd\BeiDou-Server\clien\Data\Skill\110.img
2026-07-07 15:01:28.670 [tid=6736] MapViewOfFile mapping=00001790 result=1F890000 err=0 access=0x00000004 offset=0:0 bytes=0
2026-07-07 15:01:28.673 [tid=6736] CreateFileMappingA input=000017C8 result=000017E8 err=0 name=(null) file=\\?\UNC\Mac\Home\Documents\mxd\BeiDou-Server\clien\Data\Skill\110.img
2026-07-07 15:01:28.674 [tid=6736] MapViewOfFile mapping=000017E8 result=1FEF0000 err=0 access=0x00000004 offset=0:0 bytes=0
2026-07-07 15:01:28.703 [tid=6736] CreateFileMappingA input=00001780 result=000017B0 err=0 name=(null) file=\\?\UNC\Mac\Home\Documents\mxd\BeiDou-Server\clien\Data\Skill\500.img
2026-07-07 15:01:28.703 [tid=6736] MapViewOfFile mapping=000017B0 result=200D0000 err=0 access=0x00000004 offset=0:0 bytes=0
2026-07-07 15:01:28.707 [tid=6736] CreateFileMappingA input=00001784 result=00001790 err=0 name=(null) file=\\?\UNC\Mac\Home\Documents\mxd\BeiDou-Server\clien\Data\Skill\500.img
2026-07-07 15:01:28.708 [tid=6736] MapViewOfFile mapping=00001790 result=20B60000 err=0 access=0x00000004 offset=0:0 bytes=0
2026-07-07 15:01:28.731 [tid=6736] CreateFileMappingA input=0000176C result=00001780 err=0 name=(null) file=\\?\UNC\Mac\Home\Documents\mxd\BeiDou-Server\clien\Data\Skill\112.img
2026-07-07 15:01:28.731 [tid=6736] MapViewOfFile mapping=00001780 result=20FA0000 err=0 access=0x00000004 offset=0:0 bytes=0
2026-07-07 15:01:28.734 [tid=6736] CreateFileMappingA input=000017B0 result=00001770 err=0 name=(null) file=\\?\UNC\Mac\Home\Documents\mxd\BeiDou-Server\clien\Data\Skill\112.img
2026-07-07 15:01:28.735 [tid=6736] MapViewOfFile mapping=00001770 result=21E60000 err=0 access=0x00000004 offset=0:0 bytes=0
2026-07-07 15:01:28.770 [tid=6736] CreateFileMappingA input=000016B8 result=0000176C err=0 name=(null) file=\\?\UNC\Mac\Home\Documents\mxd\BeiDou-Server\clien\Data\Skill\310.img
2026-07-07 15:01:28.771 [tid=6736] MapViewOfFile mapping=0000176C result=200D0000 err=0 access=0x00000004 offset=0:0 bytes=0
2026-07-07 15:01:28.774 [tid=6736] CreateFileMappingA input=00001780 result=000016BC err=0 name=(null) file=\\?\UNC\Mac\Home\Documents\mxd\BeiDou-Server\clien\Data\Skill\310.img
2026-07-07 15:01:28.775 [tid=6736] MapViewOfFile mapping=000016BC result=20100000 err=0 access=0x00000004 offset=0:0 bytes=0
2026-07-07 15:01:28.793 [tid=6736] CreateFileMappingA input=00001690 result=000016C0 err=0 name=(null) file=\\?\UNC\Mac\Home\Documents\mxd\BeiDou-Server\clien\Data\Skill\MCGuardian.img
2026-07-07 15:01:28.793 [tid=6736] MapViewOfFile mapping=000016C0 result=126C0000 err=0 access=0x00000004 offset=0:0 bytes=0
2026-07-07 15:01:28.796 [tid=6736] CreateFileMappingA input=000016B8 result=0000176C err=0 name=(null) file=\\?\UNC\Mac\Home\Documents\mxd\BeiDou-Server\clien\Data\Skill\MCGuardian.img
2026-07-07 15:01:28.797 [tid=6736] MapViewOfFile mapping=0000176C result=1E420000 err=0 access=0x00000004 offset=0:0 bytes=0
2026-07-07 15:01:28.799 [tid=6736] CreateFileMappingA input=00001690 result=000016C0 err=0 name=(null) file=\\?\UNC\Mac\Home\Documents\mxd\BeiDou-Server\clien\Data\Skill\311.img
2026-07-07 15:01:28.800 [tid=6736] MapViewOfFile mapping=000016C0 result=20FA0000 err=0 access=0x00000004 offset=0:0 bytes=0
2026-07-07 15:01:28.802 [tid=6736] CreateFileMappingA input=00001694 result=0000167C err=0 name=(null) file=\\?\UNC\Mac\Home\Documents\mxd\BeiDou-Server\clien\Data\Skill\311.img
2026-07-07 15:01:28.803 [tid=6736] MapViewOfFile mapping=0000167C result=21010000 err=0 access=0x00000004 offset=0:0 bytes=0
2026-07-07 15:01:28.843 [tid=6736] CreateFileMappingA input=00001680 result=00001690 err=0 name=(null) file=\\?\UNC\Mac\Home\Documents\mxd\BeiDou-Server\clien\Data\Skill\300.img
2026-07-07 15:01:28.844 [tid=6736] MapViewOfFile mapping=00001690 result=20BC0000 err=0 access=0x00000004 offset=0:0 bytes=0
2026-07-07 15:01:28.848 [tid=6736] CreateFileMappingA input=000016C0 result=0000166C err=0 name=(null) file=\\?\UNC\Mac\Home\Documents\mxd\BeiDou-Server\clien\Data\Skill\300.img
2026-07-07 15:01:28.849 [tid=6736] MapViewOfFile mapping=0000166C result=20CE0000 err=0 access=0x00000004 offset=0:0 bytes=0
2026-07-07 15:01:28.870 [tid=6736] CreateFileMappingA input=00001680 result=00001690 err=0 name=(null) file=\\?\UNC\Mac\Home\Documents\mxd\BeiDou-Server\clien\Data\Skill\2000.img
2026-07-07 15:01:28.871 [tid=6736] MapViewOfFile mapping=00001690 result=235E0000 err=0 access=0x00000004 offset=0:0 bytes=0
2026-07-07 15:01:28.873 [tid=6736] CreateFileMappingA input=00001660 result=00001670 err=0 name=(null) file=\\?\UNC\Mac\Home\Documents\mxd\BeiDou-Server\clien\Data\Skill\2000.img
2026-07-07 15:01:28.874 [tid=6736] MapViewOfFile mapping=00001670 result=291D0000 err=0 access=0x00000004 offset=0:0 bytes=0
2026-07-07 15:01:28.953 [tid=6736] CreateFileMappingA input=00001680 result=00001690 err=0 name=(null) file=\\?\UNC\Mac\Home\Documents\mxd\BeiDou-Server\clien\Data\Skill\512.img
2026-07-07 15:01:28.955 [tid=6736] MapViewOfFile mapping=00001690 result=224F0000 err=0 access=0x00000004 offset=0:0 bytes=0
2026-07-07 15:01:28.958 [tid=6736] CreateFileMappingA input=00001610 result=0000165C err=0 name=(null) file=\\?\UNC\Mac\Home\Documents\mxd\BeiDou-Server\clien\Data\Skill\512.img
2026-07-07 15:01:28.959 [tid=6736] MapViewOfFile mapping=0000165C result=235E0000 err=0 access=0x00000004 offset=0:0 bytes=0
2026-07-07 15:01:29.003 [tid=6736] CreateFileMappingA input=00001614 result=00001680 err=0 name=(null) file=\\?\UNC\Mac\Home\Documents\mxd\BeiDou-Server\clien\Data\Skill\510.img
2026-07-07 15:01:29.005 [tid=6736] MapViewOfFile mapping=00001680 result=200D0000 err=0 access=0x00000004 offset=0:0 bytes=0
2026-07-07 15:01:29.007 [tid=6736] CreateFileMappingA input=00001690 result=00001600 err=0 name=(null) file=\\?\UNC\Mac\Home\Documents\mxd\BeiDou-Server\clien\Data\Skill\510.img
2026-07-07 15:01:29.008 [tid=6736] MapViewOfFile mapping=00001600 result=20380000 err=0 access=0x00000004 offset=0:0 bytes=0
2026-07-07 15:01:29.037 [tid=6736] CreateFileMappingA input=00001604 result=00001614 err=0 name=(null) file=\\?\UNC\Mac\Home\Documents\mxd\BeiDou-Server\clien\Data\Skill\100.img
2026-07-07 15:01:29.038 [tid=6736] MapViewOfFile mapping=00001614 result=21A40000 err=0 access=0x00000004 offset=0:0 bytes=0
2026-07-07 15:01:29.040 [tid=6736] CreateFileMappingA input=00001680 result=000015F0 err=0 name=(null) file=\\?\UNC\Mac\Home\Documents\mxd\BeiDou-Server\clien\Data\Skill\100.img
2026-07-07 15:01:29.041 [tid=6736] MapViewOfFile mapping=000015F0 result=21FC0000 err=0 access=0x00000004 offset=0:0 bytes=0
2026-07-07 15:01:29.063 [tid=6736] CreateFileMappingA input=000015CC result=000015F4 err=0 name=(null) file=\\?\UNC\Mac\Home\Documents\mxd\BeiDou-Server\clien\Data\Skill\511.img
2026-07-07 15:01:29.064 [tid=6736] MapViewOfFile mapping=000015F4 result=20FA0000 err=0 access=0x00000004 offset=0:0 bytes=0
2026-07-07 15:01:29.067 [tid=6736] CreateFileMappingA input=00001614 result=00001604 err=0 name=(null) file=\\?\UNC\Mac\Home\Documents\mxd\BeiDou-Server\clien\Data\Skill\511.img
2026-07-07 15:01:29.068 [tid=6736] MapViewOfFile mapping=00001604 result=21080000 err=0 access=0x00000004 offset=0:0 bytes=0
2026-07-07 15:01:29.102 [tid=6736] CreateFileMappingA input=000015D0 result=000015CC err=0 name=(null) file=\\?\UNC\Mac\Home\Documents\mxd\BeiDou-Server\clien\Data\Skill\210.img
2026-07-07 15:01:29.103 [tid=6736] MapViewOfFile mapping=000015CC result=200D0000 err=0 access=0x00000004 offset=0:0 bytes=0
2026-07-07 15:01:29.106 [tid=6736] CreateFileMappingA input=000015F4 result=000015AC err=0 name=(null) file=\\?\UNC\Mac\Home\Documents\mxd\BeiDou-Server\clien\Data\Skill\210.img
2026-07-07 15:01:29.106 [tid=6736] MapViewOfFile mapping=000015AC result=20BC0000 err=0 access=0x00000004 offset=0:0 bytes=0
2026-07-07 15:01:29.126 [tid=6736] CreateFileMappingA input=000015B0 result=000015D0 err=0 name=(null) file=\\?\UNC\Mac\Home\Documents\mxd\BeiDou-Server\clien\Data\Skill\2110.img
2026-07-07 15:01:29.127 [tid=6736] MapViewOfFile mapping=000015D0 result=21A40000 err=0 access=0x00000004 offset=0:0 bytes=0
2026-07-07 15:01:29.130 [tid=6736] CreateFileMappingA input=000015CC result=0000157C err=0 name=(null) file=\\?\UNC\Mac\Home\Documents\mxd\BeiDou-Server\clien\Data\Skill\2110.img
2026-07-07 15:01:29.131 [tid=6736] MapViewOfFile mapping=0000157C result=224F0000 err=0 access=0x00000004 offset=0:0 bytes=0
2026-07-07 15:01:29.153 [tid=6736] CreateFileMappingA input=000015B0 result=000015D0 err=0 name=(null) file=\\?\UNC\Mac\Home\Documents\mxd\BeiDou-Server\clien\Data\Skill\2111.img
2026-07-07 15:01:29.156 [tid=6736] MapViewOfFile mapping=000015D0 result=22590000 err=0 access=0x00000004 offset=0:0 bytes=0
2026-07-07 15:01:29.158 [tid=6736] CreateFileMappingA input=00001580 result=00001560 err=0 name=(null) file=\\?\UNC\Mac\Home\Documents\mxd\BeiDou-Server\clien\Data\Skill\2111.img
2026-07-07 15:01:29.158 [tid=6736] MapViewOfFile mapping=00001560 result=237D0000 err=0 access=0x00000004 offset=0:0 bytes=0
2026-07-07 15:01:29.199 [tid=6736] CreateFileMappingA input=00001564 result=000015B0 err=0 name=(null) file=\\?\UNC\Mac\Home\Documents\mxd\BeiDou-Server\clien\Data\Skill\211.img
2026-07-07 15:01:29.201 [tid=6736] MapViewOfFile mapping=000015B0 result=21A40000 err=0 access=0x00000004 offset=0:0 bytes=0
2026-07-07 15:01:29.203 [tid=6736] CreateFileMappingA input=0000152C result=000015D0 err=0 name=(null) file=\\?\UNC\Mac\Home\Documents\mxd\BeiDou-Server\clien\Data\Skill\211.img
2026-07-07 15:01:29.204 [tid=6736] MapViewOfFile mapping=000015D0 result=22590000 err=0 access=0x00000004 offset=0:0 bytes=0
2026-07-07 15:01:29.231 [tid=6736] CreateFileMappingA input=00001564 result=000015B0 err=0 name=(null) file=\\?\UNC\Mac\Home\Documents\mxd\BeiDou-Server\clien\Data\Skill\400.img
2026-07-07 15:01:29.233 [tid=6736] MapViewOfFile mapping=000015B0 result=200D0000 err=0 access=0x00000004 offset=0:0 bytes=0
2026-07-07 15:01:29.243 [tid=6736] CreateFileMappingA input=00001504 result=00001508 err=0 name=(null) file=\\?\UNC\Mac\Home\Documents\mxd\BeiDou-Server\clien\Data\Skill\400.img
2026-07-07 15:01:29.244 [tid=6736] MapViewOfFile mapping=00001508 result=20BF0000 err=0 access=0x00000004 offset=0:0 bytes=0
2026-07-07 15:01:29.264 [tid=6736] CreateFileMappingA input=00001564 result=000015B0 err=0 name=(null) file=\\?\UNC\Mac\Home\Documents\mxd\BeiDou-Server\clien\Data\Skill\2112.img
2026-07-07 15:01:29.265 [tid=6736] MapViewOfFile mapping=000015B0 result=29520000 err=0 access=0x00000004 offset=0:0 bytes=0
2026-07-07 15:01:29.268 [tid=6736] CreateFileMappingA input=0000149C result=000014E8 err=0 name=(null) file=\\?\UNC\Mac\Home\Documents\mxd\BeiDou-Server\clien\Data\Skill\2112.img
2026-07-07 15:01:29.269 [tid=6736] MapViewOfFile mapping=000014E8 result=29E90000 err=0 access=0x00000004 offset=0:0 bytes=0
2026-07-07 15:01:29.314 [tid=6736] CreateFileMappingA input=000014D4 result=00001564 err=0 name=(null) file=\\?\UNC\Mac\Home\Documents\mxd\BeiDou-Server\clien\Data\Skill\212.img
2026-07-07 15:01:29.315 [tid=6736] MapViewOfFile mapping=00001564 result=2F040000 err=0 access=0x00000004 offset=0:0 bytes=0
2026-07-07 15:01:29.317 [tid=6736] CreateFileMappingA input=000015B0 result=000014D8 err=0 name=(null) file=\\?\UNC\Mac\Home\Documents\mxd\BeiDou-Server\clien\Data\Skill\212.img
2026-07-07 15:01:29.318 [tid=6736] MapViewOfFile mapping=000014D8 result=30D90000 err=0 access=0x00000004 offset=0:0 bytes=0
2026-07-07 15:01:29.383 [tid=6736] CreateFileMappingA input=000014C8 result=000014D4 err=0 name=(null) file=\\?\UNC\Mac\Home\Documents\mxd\BeiDou-Server\clien\Data\Skill\000.img
2026-07-07 15:01:29.384 [tid=6736] MapViewOfFile mapping=000014D4 result=29520000 err=0 access=0x00000004 offset=0:0 bytes=0
2026-07-07 15:01:29.386 [tid=6736] CreateFileMappingA input=00001564 result=000014CC err=0 name=(null) file=\\?\UNC\Mac\Home\Documents\mxd\BeiDou-Server\clien\Data\Skill\000.img
2026-07-07 15:01:29.387 [tid=6736] MapViewOfFile mapping=000014CC result=2A040000 err=0 access=0x00000004 offset=0:0 bytes=0
2026-07-07 15:01:29.455 [tid=6736] CreateFileMappingA input=0000147C result=00001478 err=0 name=(null) file=\\?\UNC\Mac\Home\Documents\mxd\BeiDou-Server\clien\Data\Skill\410.img
2026-07-07 15:01:29.456 [tid=6736] MapViewOfFile mapping=00001478 result=126C0000 err=0 access=0x00000004 offset=0:0 bytes=0
2026-07-07 15:01:29.459 [tid=6736] CreateFileMappingA input=000014C8 result=000014D4 err=0 name=(null) file=\\?\UNC\Mac\Home\Documents\mxd\BeiDou-Server\clien\Data\Skill\410.img
2026-07-07 15:01:29.460 [tid=6736] MapViewOfFile mapping=000014D4 result=1E460000 err=0 access=0x00000004 offset=0:0 bytes=0
2026-07-07 15:01:29.488 [tid=6736] CreateFileMappingA input=00001468 result=0000147C err=0 name=(null) file=\\?\UNC\Mac\Home\Documents\mxd\BeiDou-Server\clien\Data\Skill\411.img
2026-07-07 15:01:29.489 [tid=6736] MapViewOfFile mapping=0000147C result=21A40000 err=0 access=0x00000004 offset=0:0 bytes=0
2026-07-07 15:01:29.492 [tid=6736] CreateFileMappingA input=00001478 result=0000146C err=0 name=(null) file=\\?\UNC\Mac\Home\Documents\mxd\BeiDou-Server\clien\Data\Skill\411.img
2026-07-07 15:01:29.493 [tid=6736] MapViewOfFile mapping=0000146C result=22630000 err=0 access=0x00000004 offset=0:0 bytes=0
2026-07-07 15:01:29.524 [tid=6736] CreateFileMappingA input=00001458 result=00001468 err=0 name=(null) file=\\?\UNC\Mac\Home\Documents\mxd\BeiDou-Server\clien\Data\Skill\412.img
2026-07-07 15:01:29.525 [tid=6736] MapViewOfFile mapping=00001468 result=21A40000 err=0 access=0x00000004 offset=0:0 bytes=0
2026-07-07 15:01:29.527 [tid=6736] CreateFileMappingA input=0000147C result=0000145C err=0 name=(null) file=\\?\UNC\Mac\Home\Documents\mxd\BeiDou-Server\clien\Data\Skill\412.img
2026-07-07 15:01:29.528 [tid=6736] MapViewOfFile mapping=0000145C result=29520000 err=0 access=0x00000004 offset=0:0 bytes=0
2026-07-07 15:01:29.583 [tid=6736] CreateFileMappingA input=00001418 result=00001458 err=0 name=(null) file=\\?\UNC\Mac\Home\Documents\mxd\BeiDou-Server\clien\Data\Skill\2100.img
2026-07-07 15:01:29.585 [tid=6736] MapViewOfFile mapping=00001458 result=1F890000 err=0 access=0x00000004 offset=0:0 bytes=0
2026-07-07 15:01:29.588 [tid=6736] CreateFileMappingA input=00001468 result=0000106C err=0 name=(null) file=\\?\UNC\Mac\Home\Documents\mxd\BeiDou-Server\clien\Data\Skill\2100.img
2026-07-07 15:01:29.589 [tid=6736] MapViewOfFile mapping=0000106C result=200D0000 err=0 access=0x00000004 offset=0:0 bytes=0
2026-07-07 15:01:29.604 [tid=6736] CreateFileMappingA input=0000174C result=00001418 err=0 name=(null) file=\\?\UNC\Mac\Home\Documents\mxd\BeiDou-Server\clien\Data\Skill\200.img
2026-07-07 15:01:29.605 [tid=6736] MapViewOfFile mapping=00001418 result=20FA0000 err=0 access=0x00000004 offset=0:0 bytes=0
2026-07-07 15:01:29.608 [tid=6736] CreateFileMappingA input=00001458 result=00001750 err=0 name=(null) file=\\?\UNC\Mac\Home\Documents\mxd\BeiDou-Server\clien\Data\Skill\200.img
2026-07-07 15:01:29.608 [tid=6736] MapViewOfFile mapping=00001750 result=20FD0000 err=0 access=0x00000004 offset=0:0 bytes=0
2026-07-07 15:01:30.439 [tid=6736] CreateFileMappingA input=0000174C result=00001418 err=0 name=(null) file=\\?\UNC\Mac\Home\Documents\mxd\BeiDou-Server\clien\Data\StandardPDD.img
2026-07-07 15:01:30.440 [tid=6736] MapViewOfFile mapping=00001418 result=126C0000 err=0 access=0x00000004 offset=0:0 bytes=0
2026-07-07 15:01:30.459 [tid=6736] CreateFileMappingA input=0000174C result=00001418 err=0 name=(null) file=\\?\UNC\Mac\Home\Documents\mxd\BeiDou-Server\clien\Data\zmap.img
2026-07-07 15:01:30.460 [tid=6736] MapViewOfFile mapping=00001418 result=126C0000 err=0 access=0x00000004 offset=0:0 bytes=0
2026-07-07 15:01:30.466 [tid=6736] CreateFileMappingA input=0000174C result=00001418 err=0 name=(null) file=\\?\UNC\Mac\Home\Documents\mxd\BeiDou-Server\clien\Data\smap.img
2026-07-07 15:01:30.467 [tid=6736] MapViewOfFile mapping=00001418 result=126C0000 err=0 access=0x00000004 offset=0:0 bytes=0
2026-07-07 15:01:30.474 [tid=6736] CreateFileMappingA input=0000174C result=00001418 err=0 name=(null) file=\\?\UNC\Mac\Home\Documents\mxd\BeiDou-Server\clien\Data\Character\00002000.img
2026-07-07 15:01:30.475 [tid=6736] MapViewOfFile mapping=00001418 result=29610000 err=0 access=0x00000004 offset=0:0 bytes=0
2026-07-07 15:01:30.537 [tid=6736] CreateFileMappingA input=00001720 result=000016B8 err=0 name=(null) file=\\?\UNC\Mac\Home\Documents\mxd\BeiDou-Server\clien\Data\Effect\BasicEff.img
2026-07-07 15:01:30.539 [tid=6736] MapViewOfFile mapping=000016B8 result=2A350000 err=0 access=0x00000004 offset=0:0 bytes=0
2026-07-07 15:01:30.691 [tid=6736] LoadLibraryA result=00000000 err=126 path=WzFlashRenderer.dll
2026-07-07 15:01:30.718 [tid=6736] CreateFileMappingA input=00001488 result=0000151C err=0 name=(null) file=\\?\UNC\Mac\Home\Documents\mxd\BeiDou-Server\clien\Data\UI\MapleTV.img
2026-07-07 15:01:30.720 [tid=6736] MapViewOfFile mapping=0000151C result=2A830000 err=0 access=0x00000004 offset=0:0 bytes=0
2026-07-07 15:01:30.726 [tid=6736] CreateFileMappingA input=000014E4 result=000014F4 err=0 name=(null) file=\\?\UNC\Mac\Home\Documents\mxd\BeiDou-Server\clien\Data\Etc\QuestCategory.img
2026-07-07 15:01:30.727 [tid=6736] MapViewOfFile mapping=000014F4 result=1E420000 err=0 access=0x00000004 offset=0:0 bytes=0
2026-07-07 15:01:30.732 [tid=6736] CreateFileMappingA input=000014E4 result=000014F4 err=0 name=(null) file=\\?\UNC\Mac\Home\Documents\mxd\BeiDou-Server\clien\Data\Quest\Check.img
2026-07-07 15:01:30.733 [tid=6736] MapViewOfFile mapping=000014F4 result=2AA70000 err=0 access=0x00000004 offset=0:0 bytes=0
2026-07-07 15:01:45.595 [tid=6736] CreateFileMappingA input=0000158C result=00001448 err=0 name=(null) file=\\?\UNC\Mac\Home\Documents\mxd\BeiDou-Server\clien\Data\Quest\QuestInfo.img
2026-07-07 15:01:45.597 [tid=6736] MapViewOfFile mapping=00001448 result=2AB50000 err=0 access=0x00000004 offset=0:0 bytes=0
2026-07-07 15:01:51.599 [tid=6736] CreateFileMappingA input=0000144C result=00000748 err=0 name=(null) file=\\?\UNC\Mac\Home\Documents\mxd\BeiDou-Server\clien\Data\Quest\PQuest.img
2026-07-07 15:01:51.600 [tid=6736] MapViewOfFile mapping=00000748 result=1E420000 err=0 access=0x00000004 offset=0:0 bytes=0
2026-07-07 15:01:51.632 [tid=6736] CreateFileMappingA input=00000420 result=00000720 err=0 name=(null) file=\\?\UNC\Mac\Home\Documents\mxd\BeiDou-Server\clien\Data\Quest\Exclusive.img
2026-07-07 15:01:51.633 [tid=6736] MapViewOfFile mapping=00000720 result=1E420000 err=0 access=0x00000004 offset=0:0 bytes=0
2026-07-07 15:01:51.647 [tid=6736] CreateFileMappingA input=00000420 result=00000720 err=0 name=(null) file=\\?\UNC\Mac\Home\Documents\mxd\BeiDou-Server\clien\Data\Item\Consume\0238.img
2026-07-07 15:01:51.650 [tid=6736] MapViewOfFile mapping=00000720 result=21A80000 err=0 access=0x00000004 offset=0:0 bytes=0
2026-07-07 15:01:51.689 [tid=6736] CreateFileMappingA input=0000144C result=00000748 err=0 name=(null) file=\\?\UNC\Mac\Home\Documents\mxd\BeiDou-Server\clien\Data\Mob\0100100.img
2026-07-07 15:01:51.691 [tid=6736] MapViewOfFile mapping=00000748 result=1E420000 err=0 access=0x00000004 offset=0:0 bytes=0
2026-07-07 15:01:51.742 [tid=6736] CreateFileMappingA input=0000143C result=00001440 err=0 name=(null) file=\\?\UNC\Mac\Home\Documents\mxd\BeiDou-Server\clien\Data\String\Mob.img
2026-07-07 15:01:51.746 [tid=6736] MapViewOfFile mapping=00001440 result=20FA0000 err=0 access=0x00000004 offset=0:0 bytes=0
2026-07-07 15:01:51.906 [tid=6736] CreateFileMappingA input=00001420 result=00001424 err=0 name=(null) file=\\?\UNC\Mac\Home\Documents\mxd\BeiDou-Server\clien\Data\Mob\0100101.img
2026-07-07 15:01:51.907 [tid=6736] MapViewOfFile mapping=00001424 result=1F950000 err=0 access=0x00000004 offset=0:0 bytes=0
2026-07-07 15:01:51.923 [tid=6736] CreateFileMappingA input=00001404 result=00001408 err=0 name=(null) file=\\?\UNC\Mac\Home\Documents\mxd\BeiDou-Server\clien\Data\Mob\0120100.img
2026-07-07 15:01:51.925 [tid=6736] MapViewOfFile mapping=00001408 result=200F0000 err=0 access=0x00000004 offset=0:0 bytes=0
2026-07-07 15:01:51.933 [tid=6736] CreateFileMappingA input=00001804 result=00001808 err=0 name=(null) file=\\?\UNC\Mac\Home\Documents\mxd\BeiDou-Server\clien\Data\Mob\0130100.img
2026-07-07 15:01:51.934 [tid=6736] MapViewOfFile mapping=00001808 result=203B0000 err=0 access=0x00000004 offset=0:0 bytes=0
2026-07-07 15:01:51.944 [tid=6736] CreateFileMappingA input=0000180C result=00001810 err=0 name=(null) file=\\?\UNC\Mac\Home\Documents\mxd\BeiDou-Server\clien\Data\Mob\0130101.img
2026-07-07 15:01:51.945 [tid=6736] MapViewOfFile mapping=00001810 result=20D30000 err=0 access=0x00000004 offset=0:0 bytes=0
2026-07-07 15:01:51.951 [tid=6736] CreateFileMappingA input=00001818 result=0000181C err=0 name=(null) file=\\?\UNC\Mac\Home\Documents\mxd\BeiDou-Server\clien\Data\Mob\0210100.img
2026-07-07 15:01:51.952 [tid=6736] MapViewOfFile mapping=0000181C result=20FC0000 err=0 access=0x00000004 offset=0:0 bytes=0
2026-07-07 15:01:51.960 [tid=6736] CreateFileMappingA input=00001820 result=00001824 err=0 name=(null) file=\\?\UNC\Mac\Home\Documents\mxd\BeiDou-Server\clien\Data\Mob\1210100.img
2026-07-07 15:01:51.961 [tid=6736] MapViewOfFile mapping=00001824 result=21000000 err=0 access=0x00000004 offset=0:0 bytes=0
2026-07-07 15:01:52.004 [tid=6736] CreateFileMappingA input=00001828 result=0000182C err=0 name=(null) file=\\?\UNC\Mac\Home\Documents\mxd\BeiDou-Server\clien\Data\Mob\1210102.img
2026-07-07 15:01:52.006 [tid=6736] MapViewOfFile mapping=0000182C result=210F0000 err=0 access=0x00000004 offset=0:0 bytes=0
2026-07-07 15:01:52.017 [tid=6736] CreateFileMappingA input=00001830 result=00001834 err=0 name=(null) file=\\?\UNC\Mac\Home\Documents\mxd\BeiDou-Server\clien\Data\Mob\1110101.img
2026-07-07 15:01:52.018 [tid=6736] MapViewOfFile mapping=00001834 result=21B20000 err=0 access=0x00000004 offset=0:0 bytes=0
2026-07-07 15:01:52.026 [tid=6736] CreateFileMappingA input=00001838 result=0000183C err=0 name=(null) file=\\?\UNC\Mac\Home\Documents\mxd\BeiDou-Server\clien\Data\Mob\1210101.img
2026-07-07 15:01:52.026 [tid=6736] MapViewOfFile mapping=0000183C result=22050000 err=0 access=0x00000004 offset=0:0 bytes=0
2026-07-07 15:01:52.037 [tid=6736] CreateFileMappingA input=00001840 result=00001844 err=0 name=(null) file=\\?\UNC\Mac\Home\Documents\mxd\BeiDou-Server\clien\Data\Mob\1120100.img
2026-07-07 15:01:52.039 [tid=6736] MapViewOfFile mapping=00001844 result=22060000 err=0 access=0x00000004 offset=0:0 bytes=0
2026-07-07 15:01:52.048 [tid=6736] CreateFileMappingA input=00001848 result=0000184C err=0 name=(null) file=\\?\UNC\Mac\Home\Documents\mxd\BeiDou-Server\clien\Data\Mob\1110100.img
2026-07-07 15:01:52.050 [tid=6736] MapViewOfFile mapping=0000184C result=22070000 err=0 access=0x00000004 offset=0:0 bytes=0
2026-07-07 15:01:52.058 [tid=6736] CreateFileMappingA input=00001850 result=00001854 err=0 name=(null) file=\\?\UNC\Mac\Home\Documents\mxd\BeiDou-Server\clien\Data\Mob\1210103.img
2026-07-07 15:01:52.058 [tid=6736] MapViewOfFile mapping=00001854 result=22080000 err=0 access=0x00000004 offset=0:0 bytes=0
2026-07-07 15:01:52.066 [tid=6736] CreateFileMappingA input=00001858 result=0000185C err=0 name=(null) file=\\?\UNC\Mac\Home\Documents\mxd\BeiDou-Server\clien\Data\Mob\9300274.img
2026-07-07 15:01:52.067 [tid=6736] MapViewOfFile mapping=0000185C result=22090000 err=0 access=0x00000004 offset=0:0 bytes=0
2026-07-07 15:01:52.078 [tid=6736] CreateFileMappingA input=00001860 result=00001864 err=0 name=(null) file=\\?\UNC\Mac\Home\Documents\mxd\BeiDou-Server\clien\Data\Mob\1110130.img
2026-07-07 15:01:52.080 [tid=6736] MapViewOfFile mapping=00001864 result=220A0000 err=0 access=0x00000004 offset=0:0 bytes=0
2026-07-07 15:01:52.091 [tid=6736] CreateFileMappingA input=00001868 result=0000186C err=0 name=(null) file=\\?\UNC\Mac\Home\Documents\mxd\BeiDou-Server\clien\Data\Mob\0100130.img
2026-07-07 15:01:52.092 [tid=6736] MapViewOfFile mapping=0000186C result=220B0000 err=0 access=0x00000004 offset=0:0 bytes=0
2026-07-07 15:01:52.100 [tid=6736] CreateFileMappingA input=00001870 result=00001874 err=0 name=(null) file=\\?\UNC\Mac\Home\Documents\mxd\BeiDou-Server\clien\Data\Mob\0100131.img
2026-07-07 15:01:52.102 [tid=6736] MapViewOfFile mapping=00001874 result=226B0000 err=0 access=0x00000004 offset=0:0 bytes=0
2026-07-07 15:01:52.111 [tid=6736] CreateFileMappingA input=00001878 result=0000187C err=0 name=(null) file=\\?\UNC\Mac\Home\Documents\mxd\BeiDou-Server\clien\Data\Mob\0100132.img
2026-07-07 15:01:52.113 [tid=6736] MapViewOfFile mapping=0000187C result=226C0000 err=0 access=0x00000004 offset=0:0 bytes=0
2026-07-07 15:01:52.121 [tid=6736] CreateFileMappingA input=00001880 result=00001884 err=0 name=(null) file=\\?\UNC\Mac\Home\Documents\mxd\BeiDou-Server\clien\Data\Mob\0100133.img
2026-07-07 15:01:52.122 [tid=6736] MapViewOfFile mapping=00001884 result=226D0000 err=0 access=0x00000004 offset=0:0 bytes=0
2026-07-07 15:01:52.129 [tid=6736] CreateFileMappingA input=00001888 result=0000188C err=0 name=(null) file=\\?\UNC\Mac\Home\Documents\mxd\BeiDou-Server\clien\Data\Mob\0100134.img
2026-07-07 15:01:52.131 [tid=6736] MapViewOfFile mapping=0000188C result=226E0000 err=0 access=0x00000004 offset=0:0 bytes=0
2026-07-07 15:01:52.137 [tid=6736] CreateFileMappingA input=00001890 result=00001894 err=0 name=(null) file=\\?\UNC\Mac\Home\Documents\mxd\BeiDou-Server\clien\Data\Mob\1130100.img
2026-07-07 15:01:52.138 [tid=6736] MapViewOfFile mapping=00001894 result=23900000 err=0 access=0x00000004 offset=0:0 bytes=0
2026-07-07 15:01:52.146 [tid=6736] CreateFileMappingA input=00001898 result=0000189C err=0 name=(null) file=\\?\UNC\Mac\Home\Documents\mxd\BeiDou-Server\clien\Data\Mob\1140100.img
2026-07-07 15:01:52.147 [tid=6736] MapViewOfFile mapping=0000189C result=23910000 err=0 access=0x00000004 offset=0:0 bytes=0
2026-07-07 15:01:52.157 [tid=6736] CreateFileMappingA input=000018A0 result=000018A4 err=0 name=(null) file=\\?\UNC\Mac\Home\Documents\mxd\BeiDou-Server\clien\Data\Mob\2220100.img
2026-07-07 15:01:52.158 [tid=6736] MapViewOfFile mapping=000018A4 result=23920000 err=0 access=0x00000004 offset=0:0 bytes=0
2026-07-07 15:01:52.165 [tid=6736] CreateFileMappingA input=000018A8 result=000018AC err=0 name=(null) file=\\?\UNC\Mac\Home\Documents\mxd\BeiDou-Server\clien\Data\Mob\2300100.img
2026-07-07 15:01:52.166 [tid=6736] MapViewOfFile mapping=000018AC result=23930000 err=0 access=0x00000004 offset=0:0 bytes=0
2026-07-07 15:01:52.172 [tid=6736] CreateFileMappingA input=000018B0 result=000018B4 err=0 name=(null) file=\\?\UNC\Mac\Home\Documents\mxd\BeiDou-Server\clien\Data\Mob\2100100.img
2026-07-07 15:01:52.173 [tid=6736] MapViewOfFile mapping=000018B4 result=23940000 err=0 access=0x00000004 offset=0:0 bytes=0
2026-07-07 15:01:52.180 [tid=6736] CreateFileMappingA input=000018B8 result=000018BC err=0 name=(null) file=\\?\UNC\Mac\Home\Documents\mxd\BeiDou-Server\clien\Data\Mob\2100101.img
2026-07-07 15:01:52.181 [tid=6736] MapViewOfFile mapping=000018BC result=23950000 err=0 access=0x00000004 offset=0:0 bytes=0
2026-07-07 15:01:52.188 [tid=6736] CreateFileMappingA input=000018C0 result=000018C4 err=0 name=(null) file=\\?\UNC\Mac\Home\Documents\mxd\BeiDou-Server\clien\Data\Mob\2130103.img
2026-07-07 15:01:52.191 [tid=6736] MapViewOfFile mapping=000018C4 result=23960000 err=0 access=0x00000004 offset=0:0 bytes=0
2026-07-07 15:01:52.198 [tid=6736] CreateFileMappingA input=000018C8 result=000018CC err=0 name=(null) file=\\?\UNC\Mac\Home\Documents\mxd\BeiDou-Server\clien\Data\Mob\2110200.img
2026-07-07 15:01:52.199 [tid=6736] MapViewOfFile mapping=000018CC result=23970000 err=0 access=0x00000004 offset=0:0 bytes=0
2026-07-07 15:01:52.206 [tid=6736] CreateFileMappingA input=000018D0 result=000018D4 err=0 name=(null) file=\\?\UNC\Mac\Home\Documents\mxd\BeiDou-Server\clien\Data\Mob\2130100.img
2026-07-07 15:01:52.207 [tid=6736] MapViewOfFile mapping=000018D4 result=2ACE0000 err=0 access=0x00000004 offset=0:0 bytes=0
2026-07-07 15:01:52.214 [tid=6736] CreateFileMappingA input=000018D8 result=000018DC err=0 name=(null) file=\\?\UNC\Mac\Home\Documents\mxd\BeiDou-Server\clien\Data\Mob\2230108.img
2026-07-07 15:01:52.215 [tid=6736] MapViewOfFile mapping=000018DC result=2ACF0000 err=0 access=0x00000004 offset=0:0 bytes=0
2026-07-07 15:01:52.223 [tid=6736] CreateFileMappingA input=000018E0 result=000018E4 err=0 name=(null) file=\\?\UNC\Mac\Home\Documents\mxd\BeiDou-Server\clien\Data\Mob\2100102.img
2026-07-07 15:01:52.224 [tid=6736] MapViewOfFile mapping=000018E4 result=2AD00000 err=0 access=0x00000004 offset=0:0 bytes=0
2026-07-07 15:01:52.232 [tid=6736] CreateFileMappingA input=000018E8 result=000018EC err=0 name=(null) file=\\?\UNC\Mac\Home\Documents\mxd\BeiDou-Server\clien\Data\Mob\2230103.img
2026-07-07 15:01:52.233 [tid=6736] MapViewOfFile mapping=000018EC result=2AD10000 err=0 access=0x00000004 offset=0:0 bytes=0
2026-07-07 15:01:52.242 [tid=6736] CreateFileMappingA input=000018F0 result=000018F4 err=0 name=(null) file=\\?\UNC\Mac\Home\Documents\mxd\BeiDou-Server\clien\Data\Mob\5200000.img
2026-07-07 15:01:52.243 [tid=6736] MapViewOfFile mapping=000018F4 result=2AD20000 err=0 access=0x00000004 offset=0:0 bytes=0
2026-07-07 15:01:52.250 [tid=6736] CreateFileMappingA input=00001814 result=000018F8 err=0 name=(null) file=\\?\UNC\Mac\Home\Documents\mxd\BeiDou-Server\clien\Data\Mob\2230105.img
2026-07-07 15:01:52.251 [tid=6736] MapViewOfFile mapping=000018F8 result=2AD30000 err=0 access=0x00000004 offset=0:0 bytes=0
2026-07-07 15:01:52.258 [tid=6736] CreateFileMappingA input=000018FC result=00001900 err=0 name=(null) file=\\?\UNC\Mac\Home\Documents\mxd\BeiDou-Server\clien\Data\Mob\2230110.img
2026-07-07 15:01:52.259 [tid=6736] MapViewOfFile mapping=00001900 result=2AD40000 err=0 access=0x00000004 offset=0:0 bytes=0
2026-07-07 15:01:52.266 [tid=6736] CreateFileMappingA input=00001904 result=00001908 err=0 name=(null) file=\\?\UNC\Mac\Home\Documents\mxd\BeiDou-Server\clien\Data\Mob\2100105.img
2026-07-07 15:01:52.267 [tid=6736] MapViewOfFile mapping=00001908 result=2AD50000 err=0 access=0x00000004 offset=0:0 bytes=0
2026-07-07 15:01:52.275 [tid=6736] CreateFileMappingA input=0000190C result=00001910 err=0 name=(null) file=\\?\UNC\Mac\Home\Documents\mxd\BeiDou-Server\clien\Data\Mob\2230101.img
2026-07-07 15:01:52.276 [tid=6736] MapViewOfFile mapping=00001910 result=2AD60000 err=0 access=0x00000004 offset=0:0 bytes=0
2026-07-07 15:01:52.284 [tid=6736] CreateFileMappingA input=00001914 result=00001918 err=0 name=(null) file=\\?\UNC\Mac\Home\Documents\mxd\BeiDou-Server\clien\Data\Mob\2230107.img
2026-07-07 15:01:52.285 [tid=6736] MapViewOfFile mapping=00001918 result=2AD70000 err=0 access=0x00000004 offset=0:0 bytes=0
2026-07-07 15:01:52.293 [tid=6736] CreateFileMappingA input=0000191C result=00001920 err=0 name=(null) file=\\?\UNC\Mac\Home\Documents\mxd\BeiDou-Server\clien\Data\Mob\2230111.img
2026-07-07 15:01:52.294 [tid=6736] MapViewOfFile mapping=00001920 result=2AD80000 err=0 access=0x00000004 offset=0:0 bytes=0
2026-07-07 15:01:52.301 [tid=6736] CreateFileMappingA input=00001924 result=00001928 err=0 name=(null) file=\\?\UNC\Mac\Home\Documents\mxd\BeiDou-Server\clien\Data\Mob\2100106.img
2026-07-07 15:01:52.302 [tid=6736] MapViewOfFile mapping=00001928 result=2AD90000 err=0 access=0x00000004 offset=0:0 bytes=0
2026-07-07 15:01:52.309 [tid=6736] CreateFileMappingA input=0000192C result=00001930 err=0 name=(null) file=\\?\UNC\Mac\Home\Documents\mxd\BeiDou-Server\clien\Data\Mob\2110300.img
2026-07-07 15:01:52.311 [tid=6736] MapViewOfFile mapping=00001930 result=2ADA0000 err=0 access=0x00000004 offset=0:0 bytes=0
2026-07-07 15:01:52.318 [tid=6736] CreateFileMappingA input=00001934 result=00001938 err=0 name=(null) file=\\?\UNC\Mac\Home\Documents\mxd\BeiDou-Server\clien\Data\Mob\2230106.img
2026-07-07 15:01:52.319 [tid=6736] MapViewOfFile mapping=00001938 result=2ADB0000 err=0 access=0x00000004 offset=0:0 bytes=0
2026-07-07 15:01:52.327 [tid=6736] CreateFileMappingA input=0000193C result=00001940 err=0 name=(null) file=\\?\UNC\Mac\Home\Documents\mxd\BeiDou-Server\clien\Data\Mob\2230102.img
2026-07-07 15:01:52.329 [tid=6736] MapViewOfFile mapping=00001940 result=2ADC0000 err=0 access=0x00000004 offset=0:0 bytes=0
2026-07-07 15:01:52.337 [tid=6736] CreateFileMappingA input=00001944 result=00001948 err=0 name=(null) file=\\?\UNC\Mac\Home\Documents\mxd\BeiDou-Server\clien\Data\Mob\2100103.img
2026-07-07 15:01:52.338 [tid=6736] MapViewOfFile mapping=00001948 result=2ADD0000 err=0 access=0x00000004 offset=0:0 bytes=0
2026-07-07 15:01:52.347 [tid=6736] CreateFileMappingA input=0000194C result=00001950 err=0 name=(null) file=\\?\UNC\Mac\Home\Documents\mxd\BeiDou-Server\clien\Data\Mob\2230100.img
2026-07-07 15:01:52.348 [tid=6736] MapViewOfFile mapping=00001950 result=2ADE0000 err=0 access=0x00000004 offset=0:0 bytes=0
2026-07-07 15:01:52.356 [tid=6736] CreateFileMappingA input=00001954 result=00001958 err=0 name=(null) file=\\?\UNC\Mac\Home\Documents\mxd\BeiDou-Server\clien\Data\Mob\2100107.img
2026-07-07 15:01:52.357 [tid=6736] MapViewOfFile mapping=00001958 result=2ADF0000 err=0 access=0x00000004 offset=0:0 bytes=0
2026-07-07 15:01:52.363 [tid=6736] CreateFileMappingA input=0000195C result=00001960 err=0 name=(null) file=\\?\UNC\Mac\Home\Documents\mxd\BeiDou-Server\clien\Data\Mob\2230109.img
2026-07-07 15:01:52.365 [tid=6736] MapViewOfFile mapping=00001960 result=2AE00000 err=0 access=0x00000004 offset=0:0 bytes=0
2026-07-07 15:01:52.371 [tid=6736] CreateFileMappingA input=00001964 result=00001968 err=0 name=(null) file=\\?\UNC\Mac\Home\Documents\mxd\BeiDou-Server\clien\Data\Mob\2230104.img
2026-07-07 15:01:52.372 [tid=6736] MapViewOfFile mapping=00001968 result=2AE10000 err=0 access=0x00000004 offset=0:0 bytes=0
2026-07-07 15:01:52.382 [tid=6736] CreateFileMappingA input=00001970 result=00001974 err=0 name=(null) file=\\?\UNC\Mac\Home\Documents\mxd\BeiDou-Server\clien\Data\Mob\2100104.img
2026-07-07 15:01:52.383 [tid=6736] MapViewOfFile mapping=00001974 result=2AE20000 err=0 access=0x00000004 offset=0:0 bytes=0
2026-07-07 15:01:52.390 [tid=6736] CreateFileMappingA input=00001978 result=0000197C err=0 name=(null) file=\\?\UNC\Mac\Home\Documents\mxd\BeiDou-Server\clien\Data\Mob\2230200.img
2026-07-07 15:01:52.391 [tid=6736] MapViewOfFile mapping=0000197C result=2AE30000 err=0 access=0x00000004 offset=0:0 bytes=0
2026-07-07 15:01:52.398 [tid=6736] CreateFileMappingA input=00001980 result=00001984 err=0 name=(null) file=\\?\UNC\Mac\Home\Documents\mxd\BeiDou-Server\clien\Data\Mob\2100108.img
2026-07-07 15:01:52.399 [tid=6736] MapViewOfFile mapping=00001984 result=2AE40000 err=0 access=0x00000004 offset=0:0 bytes=0
2026-07-07 15:01:52.406 [tid=6736] CreateFileMappingA input=00001988 result=0000198C err=0 name=(null) file=\\?\UNC\Mac\Home\Documents\mxd\BeiDou-Server\clien\Data\Mob\2110301.img
2026-07-07 15:01:52.407 [tid=6736] MapViewOfFile mapping=0000198C result=2AE50000 err=0 access=0x00000004 offset=0:0 bytes=0
2026-07-07 15:01:52.415 [tid=6736] CreateFileMappingA input=0000196C result=00001990 err=0 name=(null) file=\\?\UNC\Mac\Home\Documents\mxd\BeiDou-Server\clien\Data\Mob\3000000.img
2026-07-07 15:01:52.416 [tid=6736] MapViewOfFile mapping=00001990 result=2AE60000 err=0 access=0x00000004 offset=0:0 bytes=0
2026-07-07 15:01:52.423 [tid=6736] CreateFileMappingA input=00001994 result=00001998 err=0 name=(null) file=\\?\UNC\Mac\Home\Documents\mxd\BeiDou-Server\clien\Data\Mob\3000001.img
2026-07-07 15:01:52.424 [tid=6736] MapViewOfFile mapping=00001998 result=2AE70000 err=0 access=0x00000004 offset=0:0 bytes=0
2026-07-07 15:01:52.432 [tid=6736] CreateFileMappingA input=0000199C result=000019A0 err=0 name=(null) file=\\?\UNC\Mac\Home\Documents\mxd\BeiDou-Server\clien\Data\Mob\3000005.img
2026-07-07 15:01:52.433 [tid=6736] MapViewOfFile mapping=000019A0 result=2AE80000 err=0 access=0x00000004 offset=0:0 bytes=0
2026-07-07 15:01:52.439 [tid=6736] CreateFileMappingA input=000019A4 result=000019A8 err=0 name=(null) file=\\?\UNC\Mac\Home\Documents\mxd\BeiDou-Server\clien\Data\Mob\3000006.img
2026-07-07 15:01:52.440 [tid=6736] MapViewOfFile mapping=000019A8 result=2AE90000 err=0 access=0x00000004 offset=0:0 bytes=0
2026-07-07 15:01:52.447 [tid=6736] CreateFileMappingA input=000019AC result=000019B0 err=0 name=(null) file=\\?\UNC\Mac\Home\Documents\mxd\BeiDou-Server\clien\Data\Mob\3100102.img
2026-07-07 15:01:52.448 [tid=6736] MapViewOfFile mapping=000019B0 result=2AEA0000 err=0 access=0x00000004 offset=0:0 bytes=0
2026-07-07 15:01:52.455 [tid=6736] CreateFileMappingA input=000019B4 result=000019B8 err=0 name=(null) file=\\?\UNC\Mac\Home\Documents\mxd\BeiDou-Server\clien\Data\Mob\5200001.img
2026-07-07 15:01:52.456 [tid=6736] MapViewOfFile mapping=000019B8 result=2AEB0000 err=0 access=0x00000004 offset=0:0 bytes=0
2026-07-07 15:01:52.463 [tid=6736] CreateFileMappingA input=000019BC result=000019C0 err=0 name=(null) file=\\?\UNC\Mac\Home\Documents\mxd\BeiDou-Server\clien\Data\Mob\5200002.img
2026-07-07 15:01:52.464 [tid=6736] MapViewOfFile mapping=000019C0 result=2AEC0000 err=0 access=0x00000004 offset=0:0 bytes=0
2026-07-07 15:01:52.470 [tid=6736] CreateFileMappingA input=000019C4 result=000019C8 err=0 name=(null) file=\\?\UNC\Mac\Home\Documents\mxd\BeiDou-Server\clien\Data\Mob\1140130.img
2026-07-07 15:01:52.471 [tid=6736] MapViewOfFile mapping=000019C8 result=2AED0000 err=0 access=0x00000004 offset=0:0 bytes=0
2026-07-07 15:01:52.479 [tid=6736] CreateFileMappingA input=000019CC result=000019D0 err=0 name=(null) file=\\?\UNC\Mac\Home\Documents\mxd\BeiDou-Server\clien\Data\Mob\2230131.img
2026-07-07 15:01:52.480 [tid=6736] MapViewOfFile mapping=000019D0 result=2AEE0000 err=0 access=0x00000004 offset=0:0 bytes=0
2026-07-07 15:01:52.487 [tid=6736] CreateFileMappingA input=000019D4 result=000019D8 err=0 name=(null) file=\\?\UNC\Mac\Home\Documents\mxd\BeiDou-Server\clien\Data\Mob\3230307.img
2026-07-07 15:01:52.488 [tid=6736] MapViewOfFile mapping=000019D8 result=2AEF0000 err=0 access=0x00000004 offset=0:0 bytes=0
2026-07-07 15:01:52.495 [tid=6736] CreateFileMappingA input=000019DC result=000019E0 err=0 name=(null) file=\\?\UNC\Mac\Home\Documents\mxd\BeiDou-Server\clien\Data\Mob\3230400.img
2026-07-07 15:01:52.497 [tid=6736] MapViewOfFile mapping=000019E0 result=2AF00000 err=0 access=0x00000004 offset=0:0 bytes=0
2026-07-07 15:01:52.504 [tid=6736] CreateFileMappingA input=000019E8 result=000019EC err=0 name=(null) file=\\?\UNC\Mac\Home\Documents\mxd\BeiDou-Server\clien\Data\Mob\3110100.img
2026-07-07 15:01:52.505 [tid=6736] MapViewOfFile mapping=000019EC result=2AF10000 err=0 access=0x00000004 offset=0:0 bytes=0
2026-07-07 15:01:52.512 [tid=6736] CreateFileMappingA input=000019F0 result=000019F4 err=0 name=(null) file=\\?\UNC\Mac\Home\Documents\mxd\BeiDou-Server\clien\Data\Mob\3210100.img
2026-07-07 15:01:52.513 [tid=6736] MapViewOfFile mapping=000019F4 result=2AF20000 err=0 access=0x00000004 offset=0:0 bytes=0
2026-07-07 15:01:52.521 [tid=6736] CreateFileMappingA input=000019FC result=00001A00 err=0 name=(null) file=\\?\UNC\Mac\Home\Documents\mxd\BeiDou-Server\clien\Data\Mob\3110101.img
2026-07-07 15:01:52.522 [tid=6736] MapViewOfFile mapping=00001A00 result=2AF30000 err=0 access=0x00000004 offset=0:0 bytes=0
2026-07-07 15:01:52.529 [tid=6736] CreateFileMappingA input=00001A04 result=00001A08 err=0 name=(null) file=\\?\UNC\Mac\Home\Documents\mxd\BeiDou-Server\clien\Data\Mob\3110102.img
2026-07-07 15:01:52.530 [tid=6736] MapViewOfFile mapping=00001A08 result=2AF40000 err=0 access=0x00000004 offset=0:0 bytes=0
2026-07-07 15:01:52.537 [tid=6736] CreateFileMappingA input=00001A0C result=00001A10 err=0 name=(null) file=\\?\UNC\Mac\Home\Documents\mxd\BeiDou-Server\clien\Data\Mob\5300000.img
2026-07-07 15:01:52.538 [tid=6736] MapViewOfFile mapping=00001A10 result=2AF50000 err=0 access=0x00000004 offset=0:0 bytes=0
2026-07-07 15:01:52.545 [tid=6736] CreateFileMappingA input=00001A14 result=00001A18 err=0 name=(null) file=\\?\UNC\Mac\Home\Documents\mxd\BeiDou-Server\clien\Data\Mob\3230104.img
2026-07-07 15:01:52.546 [tid=6736] MapViewOfFile mapping=00001A18 result=2AF60000 err=0 access=0x00000004 offset=0:0 bytes=0
2026-07-07 15:01:52.556 [tid=6736] CreateFileMappingA input=00001A1C result=00001A20 err=0 name=(null) file=\\?\UNC\Mac\Home\Documents\mxd\BeiDou-Server\clien\Data\Mob\3100101.img
2026-07-07 15:01:52.556 [tid=6736] MapViewOfFile mapping=00001A20 result=2AF70000 err=0 access=0x00000004 offset=0:0 bytes=0
2026-07-07 15:01:52.563 [tid=6736] CreateFileMappingA input=00001A28 result=00001A2C err=0 name=(null) file=\\?\UNC\Mac\Home\Documents\mxd\BeiDou-Server\clien\Data\Mob\3110300.img
2026-07-07 15:01:52.564 [tid=6736] MapViewOfFile mapping=00001A2C result=2AF80000 err=0 access=0x00000004 offset=0:0 bytes=0
2026-07-07 15:01:52.571 [tid=6736] CreateFileMappingA input=00001A30 result=00001A34 err=0 name=(null) file=\\?\UNC\Mac\Home\Documents\mxd\BeiDou-Server\clien\Data\Mob\3110301.img
2026-07-07 15:01:52.572 [tid=6736] MapViewOfFile mapping=00001A34 result=2AF90000 err=0 access=0x00000004 offset=0:0 bytes=0
2026-07-07 15:01:52.579 [tid=6736] CreateFileMappingA input=00001A38 result=00001A3C err=0 name=(null) file=\\?\UNC\Mac\Home\Documents\mxd\BeiDou-Server\clien\Data\Mob\3210200.img
2026-07-07 15:01:52.580 [tid=6736] MapViewOfFile mapping=00001A3C result=2AFB0000 err=0 access=0x00000004 offset=0:0 bytes=0
2026-07-07 15:01:52.586 [tid=6736] CreateFileMappingA input=00001A40 result=00001A44 err=0 name=(null) file=\\?\UNC\Mac\Home\Documents\mxd\BeiDou-Server\clien\Data\Mob\3210201.img
2026-07-07 15:01:52.587 [tid=6736] MapViewOfFile mapping=00001A44 result=2AFC0000 err=0 access=0x00000004 offset=0:0 bytes=0
2026-07-07 15:01:52.595 [tid=6736] CreateFileMappingA input=00001A48 result=00001A4C err=0 name=(null) file=\\?\UNC\Mac\Home\Documents\mxd\BeiDou-Server\clien\Data\Mob\3210202.img
2026-07-07 15:01:52.597 [tid=6736] MapViewOfFile mapping=00001A4C result=2AFD0000 err=0 access=0x00000004 offset=0:0 bytes=0
2026-07-07 15:01:52.604 [tid=6736] CreateFileMappingA input=00001A50 result=00001A54 err=0 name=(null) file=\\?\UNC\Mac\Home\Documents\mxd\BeiDou-Server\clien\Data\Mob\5300001.img
2026-07-07 15:01:52.605 [tid=6736] MapViewOfFile mapping=00001A54 result=2AFE0000 err=0 access=0x00000004 offset=0:0 bytes=0
2026-07-07 15:01:52.612 [tid=6736] CreateFileMappingA input=00001A58 result=00001A5C err=0 name=(null) file=\\?\UNC\Mac\Home\Documents\mxd\BeiDou-Server\clien\Data\Mob\3210204.img
2026-07-07 15:01:52.613 [tid=6736] MapViewOfFile mapping=00001A5C result=2AFF0000 err=0 access=0x00000004 offset=0:0 bytes=0
2026-07-07 15:01:52.623 [tid=6736] CreateFileMappingA input=00001A60 result=00001A64 err=0 name=(null) file=\\?\UNC\Mac\Home\Documents\mxd\BeiDou-Server\clien\Data\Mob\3210205.img
2026-07-07 15:01:52.624 [tid=6736] MapViewOfFile mapping=00001A64 result=2B000000 err=0 access=0x00000004 offset=0:0 bytes=0
2026-07-07 15:01:52.632 [tid=6736] CreateFileMappingA input=00001A6C result=00001A70 err=0 name=(null) file=\\?\UNC\Mac\Home\Documents\mxd\BeiDou-Server\clien\Data\Mob\3210207.img
2026-07-07 15:01:52.634 [tid=6736] MapViewOfFile mapping=00001A70 result=2B010000 err=0 access=0x00000004 offset=0:0 bytes=0
2026-07-07 15:01:52.642 [tid=6736] CreateFileMappingA input=00001A74 result=00001A78 err=0 name=(null) file=\\?\UNC\Mac\Home\Documents\mxd\BeiDou-Server\clien\Data\Mob\3230100.img
2026-07-07 15:01:52.644 [tid=6736] MapViewOfFile mapping=00001A78 result=2B020000 err=0 access=0x00000004 offset=0:0 bytes=0
2026-07-07 15:01:52.655 [tid=6736] CreateFileMappingA input=00001A7C result=00001A80 err=0 name=(null) file=\\?\UNC\Mac\Home\Documents\mxd\BeiDou-Server\clien\Data\Mob\3230101.img
2026-07-07 15:01:52.656 [tid=6736] MapViewOfFile mapping=00001A80 result=2B030000 err=0 access=0x00000004 offset=0:0 bytes=0
2026-07-07 15:01:52.740 [tid=6736] CreateFileMappingA input=00001A68 result=00001A84 err=0 name=(null) file=\\?\UNC\Mac\Home\Documents\mxd\BeiDou-Server\clien\Data\Mob\3230200.img
2026-07-07 15:01:52.743 [tid=6736] MapViewOfFile mapping=00001A84 result=2B040000 err=0 access=0x00000004 offset=0:0 bytes=0
2026-07-07 15:01:52.761 [tid=6736] CreateFileMappingA input=00001A88 result=00001A8C err=0 name=(null) file=\\?\UNC\Mac\Home\Documents\mxd\BeiDou-Server\clien\Data\Mob\3230300.img
2026-07-07 15:01:52.762 [tid=6736] MapViewOfFile mapping=00001A8C result=2B050000 err=0 access=0x00000004 offset=0:0 bytes=0
2026-07-07 15:01:52.771 [tid=6736] CreateFileMappingA input=00001A90 result=00001A94 err=0 name=(null) file=\\?\UNC\Mac\Home\Documents\mxd\BeiDou-Server\clien\Data\Mob\3230302.img
2026-07-07 15:01:52.774 [tid=6736] MapViewOfFile mapping=00001A94 result=2B060000 err=0 access=0x00000004 offset=0:0 bytes=0
2026-07-07 15:01:52.786 [tid=6736] CreateFileMappingA input=00001A98 result=00001A9C err=0 name=(null) file=\\?\UNC\Mac\Home\Documents\mxd\BeiDou-Server\clien\Data\Mob\5400000.img
2026-07-07 15:01:52.788 [tid=6736] MapViewOfFile mapping=00001A9C result=2B070000 err=0 access=0x00000004 offset=0:0 bytes=0
2026-07-07 15:01:52.884 [tid=6736] CreateFileMappingA input=00001AA0 result=00001AA4 err=0 name=(null) file=\\?\UNC\Mac\Home\Documents\mxd\BeiDou-Server\clien\Data\Mob\3110302.img
2026-07-07 15:01:52.886 [tid=6736] MapViewOfFile mapping=00001AA4 result=2B080000 err=0 access=0x00000004 offset=0:0 bytes=0
2026-07-07 15:01:52.898 [tid=6736] CreateFileMappingA input=00001AA8 result=00001AAC err=0 name=(null) file=\\?\UNC\Mac\Home\Documents\mxd\BeiDou-Server\clien\Data\Mob\3210203.img
2026-07-07 15:01:52.900 [tid=6736] MapViewOfFile mapping=00001AAC result=2B090000 err=0 access=0x00000004 offset=0:0 bytes=0
2026-07-07 15:01:52.910 [tid=6736] CreateFileMappingA input=00001AB0 result=00001AB4 err=0 name=(null) file=\\?\UNC\Mac\Home\Documents\mxd\BeiDou-Server\clien\Data\Mob\3210206.img
2026-07-07 15:01:52.911 [tid=6736] MapViewOfFile mapping=00001AB4 result=2B0A0000 err=0 access=0x00000004 offset=0:0 bytes=0
2026-07-07 15:01:52.920 [tid=6736] CreateFileMappingA input=00001AB8 result=00001ABC err=0 name=(null) file=\\?\UNC\Mac\Home\Documents\mxd\BeiDou-Server\clien\Data\Mob\3210450.img
2026-07-07 15:01:52.921 [tid=6736] MapViewOfFile mapping=00001ABC result=2B0B0000 err=0 access=0x00000004 offset=0:0 bytes=0
2026-07-07 15:01:52.931 [tid=6736] CreateFileMappingA input=00001AC0 result=00001AC4 err=0 name=(null) file=\\?\UNC\Mac\Home\Documents\mxd\BeiDou-Server\clien\Data\Mob\3210208.img
2026-07-07 15:01:52.932 [tid=6736] MapViewOfFile mapping=00001AC4 result=2B0C0000 err=0 access=0x00000004 offset=0:0 bytes=0
2026-07-07 15:01:52.942 [tid=6736] CreateFileMappingA input=00001AC8 result=00001ACC err=0 name=(null) file=\\?\UNC\Mac\Home\Documents\mxd\BeiDou-Server\clien\Data\Mob\3210800.img
2026-07-07 15:01:52.943 [tid=6736] MapViewOfFile mapping=00001ACC result=2B0D0000 err=0 access=0x00000004 offset=0:0 bytes=0
2026-07-07 15:01:52.953 [tid=6736] CreateFileMappingA input=00001AD0 result=00001AD4 err=0 name=(null) file=\\?\UNC\Mac\Home\Documents\mxd\BeiDou-Server\clien\Data\Mob\3230102.img
2026-07-07 15:01:52.955 [tid=6736] MapViewOfFile mapping=00001AD4 result=2B0E0000 err=0 access=0x00000004 offset=0:0 bytes=0
2026-07-07 15:01:52.964 [tid=6736] CreateFileMappingA input=00001ADC result=00001AE0 err=0 name=(null) file=\\?\UNC\Mac\Home\Documents\mxd\BeiDou-Server\clien\Data\Mob\3230303.img
2026-07-07 15:01:52.966 [tid=6736] MapViewOfFile mapping=00001AE0 result=2B0F0000 err=0 access=0x00000004 offset=0:0 bytes=0
2026-07-07 15:01:52.975 [tid=6736] CreateFileMappingA input=00001AE4 result=00001AE8 err=0 name=(null) file=\\?\UNC\Mac\Home\Documents\mxd\BeiDou-Server\clien\Data\Mob\3230306.img
2026-07-07 15:01:52.976 [tid=6736] MapViewOfFile mapping=00001AE8 result=2B100000 err=0 access=0x00000004 offset=0:0 bytes=0
2026-07-07 15:01:52.983 [tid=6736] CreateFileMappingA input=00001AEC result=00001AF0 err=0 name=(null) file=\\?\UNC\Mac\Home\Documents\mxd\BeiDou-Server\clien\Data\Mob\3230103.img
2026-07-07 15:01:52.985 [tid=6736] MapViewOfFile mapping=00001AF0 result=2B110000 err=0 access=0x00000004 offset=0:0 bytes=0
2026-07-07 15:01:52.994 [tid=6736] CreateFileMappingA input=00001AF4 result=00001AF8 err=0 name=(null) file=\\?\UNC\Mac\Home\Documents\mxd\BeiDou-Server\clien\Data\Mob\3230304.img
2026-07-07 15:01:52.995 [tid=6736] MapViewOfFile mapping=00001AF8 result=2B120000 err=0 access=0x00000004 offset=0:0 bytes=0
2026-07-07 15:01:53.003 [tid=6736] CreateFileMappingA input=00001AFC result=00001B00 err=0 name=(null) file=\\?\UNC\Mac\Home\Documents\mxd\BeiDou-Server\clien\Data\Mob\3230405.img
2026-07-07 15:01:53.004 [tid=6736] MapViewOfFile mapping=00001B00 result=2B130000 err=0 access=0x00000004 offset=0:0 bytes=0
2026-07-07 15:01:53.013 [tid=6736] CreateFileMappingA input=00001B04 result=00001B08 err=0 name=(null) file=\\?\UNC\Mac\Home\Documents\mxd\BeiDou-Server\clien\Data\Mob\3110303.img
2026-07-07 15:01:53.014 [tid=6736] MapViewOfFile mapping=00001B08 result=2B140000 err=0 access=0x00000004 offset=0:0 bytes=0
2026-07-07 15:01:53.023 [tid=6736] CreateFileMappingA input=00001B0C result=00001B10 err=0 name=(null) file=\\?\UNC\Mac\Home\Documents\mxd\BeiDou-Server\clien\Data\Mob\3230308.img
2026-07-07 15:01:53.025 [tid=6736] MapViewOfFile mapping=00001B10 result=2B150000 err=0 access=0x00000004 offset=0:0 bytes=0
2026-07-07 15:01:53.033 [tid=6736] CreateFileMappingA input=00001B14 result=00001B18 err=0 name=(null) file=\\?\UNC\Mac\Home\Documents\mxd\BeiDou-Server\clien\Data\Mob\3230305.img
2026-07-07 15:01:53.034 [tid=6736] MapViewOfFile mapping=00001B18 result=2B160000 err=0 access=0x00000004 offset=0:0 bytes=0
2026-07-07 15:01:53.043 [tid=6736] CreateFileMappingA input=00001B1C result=00001B20 err=0 name=(null) file=\\?\UNC\Mac\Home\Documents\mxd\BeiDou-Server\clien\Data\Mob\4230100.img
2026-07-07 15:01:53.044 [tid=6736] MapViewOfFile mapping=00001B20 result=2B180000 err=0 access=0x00000004 offset=0:0 bytes=0
2026-07-07 15:01:53.052 [tid=6736] CreateFileMappingA input=00001B24 result=00001B28 err=0 name=(null) file=\\?\UNC\Mac\Home\Documents\mxd\BeiDou-Server\clien\Data\Mob\4230101.img
2026-07-07 15:01:53.053 [tid=6736] MapViewOfFile mapping=00001B28 result=2B190000 err=0 access=0x00000004 offset=0:0 bytes=0
2026-07-07 15:01:53.064 [tid=6736] CreateFileMappingA input=00001B2C result=00001B30 err=0 name=(null) file=\\?\UNC\Mac\Home\Documents\mxd\BeiDou-Server\clien\Data\Mob\4230113.img
2026-07-07 15:01:53.065 [tid=6736] MapViewOfFile mapping=00001B30 result=2B1A0000 err=0 access=0x00000004 offset=0:0 bytes=0
2026-07-07 15:01:53.075 [tid=6736] CreateFileMappingA input=00001B34 result=00001B38 err=0 name=(null) file=\\?\UNC\Mac\Home\Documents\mxd\BeiDou-Server\clien\Data\Mob\4230116.img
2026-07-07 15:01:53.075 [tid=6736] MapViewOfFile mapping=00001B38 result=2B1B0000 err=0 access=0x00000004 offset=0:0 bytes=0
2026-07-07 15:01:53.084 [tid=6736] CreateFileMappingA input=00001B3C result=00001B40 err=0 name=(null) file=\\?\UNC\Mac\Home\Documents\mxd\BeiDou-Server\clien\Data\Mob\4230200.img
2026-07-07 15:01:53.085 [tid=6736] MapViewOfFile mapping=00001B40 result=2B1C0000 err=0 access=0x00000004 offset=0:0 bytes=0
2026-07-07 15:01:53.092 [tid=6736] CreateFileMappingA input=00001B44 result=00001B48 err=0 name=(null) file=\\?\UNC\Mac\Home\Documents\mxd\BeiDou-Server\clien\Data\Mob\4230201.img
2026-07-07 15:01:53.094 [tid=6736] MapViewOfFile mapping=00001B48 result=2B1D0000 err=0 access=0x00000004 offset=0:0 bytes=0
2026-07-07 15:01:53.110 [tid=6736] CreateFileMappingA input=00001B4C result=00001B50 err=0 name=(null) file=\\?\UNC\Mac\Home\Documents\mxd\BeiDou-Server\clien\Data\Mob\4230500.img
2026-07-07 15:01:53.111 [tid=6736] MapViewOfFile mapping=00001B50 result=2B1E0000 err=0 access=0x00000004 offset=0:0 bytes=0
2026-07-07 15:01:53.124 [tid=6736] CreateFileMappingA input=00001B58 result=00001B5C err=0 name=(null) file=\\?\UNC\Mac\Home\Documents\mxd\BeiDou-Server\clien\Data\Mob\4230600.img
2026-07-07 15:01:53.130 [tid=6736] MapViewOfFile mapping=00001B5C result=2B1F0000 err=0 access=0x00000004 offset=0:0 bytes=0
2026-07-07 15:01:53.146 [tid=6736] CreateFileMappingA input=00001B60 result=00001B64 err=0 name=(null) file=\\?\UNC\Mac\Home\Documents\mxd\BeiDou-Server\clien\Data\Mob\4230107.img
2026-07-07 15:01:53.148 [tid=6736] MapViewOfFile mapping=00001B64 result=2B210000 err=0 access=0x00000004 offset=0:0 bytes=0
2026-07-07 15:01:53.157 [tid=6736] CreateFileMappingA input=00001B68 result=00001B6C err=0 name=(null) file=\\?\UNC\Mac\Home\Documents\mxd\BeiDou-Server\clien\Data\Mob\4230111.img
2026-07-07 15:01:53.158 [tid=6736] MapViewOfFile mapping=00001B6C result=2B220000 err=0 access=0x00000004 offset=0:0 bytes=0
2026-07-07 15:01:53.165 [tid=6736] CreateFileMappingA input=00001B70 result=00001B74 err=0 name=(null) file=\\?\UNC\Mac\Home\Documents\mxd\BeiDou-Server\clien\Data\Mob\4230114.img
2026-07-07 15:01:53.166 [tid=6736] MapViewOfFile mapping=00001B74 result=2B240000 err=0 access=0x00000004 offset=0:0 bytes=0
2026-07-07 15:01:53.174 [tid=6736] CreateFileMappingA input=00001B78 result=00001B7C err=0 name=(null) file=\\?\UNC\Mac\Home\Documents\mxd\BeiDou-Server\clien\Data\Mob\4230119.img
2026-07-07 15:01:53.175 [tid=6736] MapViewOfFile mapping=00001B7C result=2B260000 err=0 access=0x00000004 offset=0:0 bytes=0
2026-07-07 15:01:53.185 [tid=6736] CreateFileMappingA input=00001B84 result=00001B88 err=0 name=(null) file=\\?\UNC\Mac\Home\Documents\mxd\BeiDou-Server\clien\Data\Mob\4230501.img
2026-07-07 15:01:53.186 [tid=6736] MapViewOfFile mapping=00001B88 result=2B280000 err=0 access=0x00000004 offset=0:0 bytes=0
2026-07-07 15:01:53.197 [tid=6736] CreateFileMappingA input=00001B8C result=00001B90 err=0 name=(null) file=\\?\UNC\Mac\Home\Documents\mxd\BeiDou-Server\clien\Data\Mob\4230105.img
2026-07-07 15:01:53.198 [tid=6736] MapViewOfFile mapping=00001B90 result=2B290000 err=0 access=0x00000004 offset=0:0 bytes=0
2026-07-07 15:01:53.206 [tid=6736] CreateFileMappingA input=00001B94 result=00001B98 err=0 name=(null) file=\\?\UNC\Mac\Home\Documents\mxd\BeiDou-Server\clien\Data\Mob\4230103.img
2026-07-07 15:01:53.207 [tid=6736] MapViewOfFile mapping=00001B98 result=2B2A0000 err=0 access=0x00000004 offset=0:0 bytes=0
2026-07-07 15:01:53.216 [tid=6736] CreateFileMappingA input=00001B9C result=00001BA0 err=0 name=(null) file=\\?\UNC\Mac\Home\Documents\mxd\BeiDou-Server\clien\Data\Mob\4230109.img
2026-07-07 15:01:53.218 [tid=6736] MapViewOfFile mapping=00001BA0 result=2B2B0000 err=0 access=0x00000004 offset=0:0 bytes=0
2026-07-07 15:01:53.225 [tid=6736] CreateFileMappingA input=00001BA4 result=00001BA8 err=0 name=(null) file=\\?\UNC\Mac\Home\Documents\mxd\BeiDou-Server\clien\Data\Mob\4230117.img
2026-07-07 15:01:53.226 [tid=6736] MapViewOfFile mapping=00001BA8 result=2B2D0000 err=0 access=0x00000004 offset=0:0 bytes=0
2026-07-07 15:01:53.234 [tid=6736] CreateFileMappingA input=00001BAC result=00001BB0 err=0 name=(null) file=\\?\UNC\Mac\Home\Documents\mxd\BeiDou-Server\clien\Data\Mob\4230124.img
2026-07-07 15:01:53.235 [tid=6736] MapViewOfFile mapping=00001BB0 result=2B2E0000 err=0 access=0x00000004 offset=0:0 bytes=0
2026-07-07 15:01:53.243 [tid=6736] CreateFileMappingA input=00001BB4 result=00001BB8 err=0 name=(null) file=\\?\UNC\Mac\Home\Documents\mxd\BeiDou-Server\clien\Data\Mob\4110300.img
2026-07-07 15:01:53.243 [tid=6736] MapViewOfFile mapping=00001BB8 result=2B300000 err=0 access=0x00000004 offset=0:0 bytes=0
2026-07-07 15:01:53.250 [tid=6736] CreateFileMappingA input=00001B80 result=00001B54 err=0 name=(null) file=\\?\UNC\Mac\Home\Documents\mxd\BeiDou-Server\clien\Data\Mob\4230108.img
2026-07-07 15:01:53.253 [tid=6736] MapViewOfFile mapping=00001B54 result=2B310000 err=0 access=0x00000004 offset=0:0 bytes=0
2026-07-07 15:01:53.261 [tid=6736] CreateFileMappingA input=00001BBC result=00001BC0 err=0 name=(null) file=\\?\UNC\Mac\Home\Documents\mxd\BeiDou-Server\clien\Data\Mob\4230123.img
2026-07-07 15:01:53.263 [tid=6736] MapViewOfFile mapping=00001BC0 result=2B320000 err=0 access=0x00000004 offset=0:0 bytes=0
2026-07-07 15:01:53.269 [tid=6736] CreateFileMappingA input=00001BC4 result=00001BC8 err=0 name=(null) file=\\?\UNC\Mac\Home\Documents\mxd\BeiDou-Server\clien\Data\Mob\4230502.img
2026-07-07 15:01:53.271 [tid=6736] MapViewOfFile mapping=00001BC8 result=2B340000 err=0 access=0x00000004 offset=0:0 bytes=0
2026-07-07 15:01:53.280 [tid=6736] CreateFileMappingA input=00001BCC result=00001BD0 err=0 name=(null) file=\\?\UNC\Mac\Home\Documents\mxd\BeiDou-Server\clien\Data\Mob\4230120.img
2026-07-07 15:01:53.281 [tid=6736] MapViewOfFile mapping=00001BD0 result=2B350000 err=0 access=0x00000004 offset=0:0 bytes=0
2026-07-07 15:01:53.289 [tid=6736] CreateFileMappingA input=00001BD4 result=00001BD8 err=0 name=(null) file=\\?\UNC\Mac\Home\Documents\mxd\BeiDou-Server\clien\Data\Mob\4230112.img
2026-07-07 15:01:53.290 [tid=6736] MapViewOfFile mapping=00001BD8 result=2B370000 err=0 access=0x00000004 offset=0:0 bytes=0
2026-07-07 15:01:53.297 [tid=6736] CreateFileMappingA input=00001BDC result=00001BE0 err=0 name=(null) file=\\?\UNC\Mac\Home\Documents\mxd\BeiDou-Server\clien\Data\Mob\4230125.img
2026-07-07 15:01:53.298 [tid=6736] MapViewOfFile mapping=00001BE0 result=2B390000 err=0 access=0x00000004 offset=0:0 bytes=0
2026-07-07 15:01:53.306 [tid=6736] CreateFileMappingA input=00001BE4 result=00001BE8 err=0 name=(null) file=\\?\UNC\Mac\Home\Documents\mxd\BeiDou-Server\clien\Data\Mob\4230106.img
2026-07-07 15:01:53.307 [tid=6736] MapViewOfFile mapping=00001BE8 result=2B3A0000 err=0 access=0x00000004 offset=0:0 bytes=0
2026-07-07 15:01:53.320 [tid=6736] CreateFileMappingA input=00001BEC result=00001BF0 err=0 name=(null) file=\\?\UNC\Mac\Home\Documents\mxd\BeiDou-Server\clien\Data\Mob\4130100.img
2026-07-07 15:01:53.321 [tid=6736] MapViewOfFile mapping=00001BF0 result=2B3B0000 err=0 access=0x00000004 offset=0:0 bytes=0
2026-07-07 15:01:53.327 [tid=6736] CreateFileMappingA input=00001BF4 result=00001BF8 err=0 name=(null) file=\\?\UNC\Mac\Home\Documents\mxd\BeiDou-Server\clien\Data\Mob\4230110.img
2026-07-07 15:01:53.328 [tid=6736] MapViewOfFile mapping=00001BF8 result=2B3C0000 err=0 access=0x00000004 offset=0:0 bytes=0
2026-07-07 15:01:53.335 [tid=6736] CreateFileMappingA input=00001BFC result=00001AD8 err=0 name=(null) file=\\?\UNC\Mac\Home\Documents\mxd\BeiDou-Server\clien\Data\Mob\4230118.img
2026-07-07 15:01:53.335 [tid=6736] MapViewOfFile mapping=00001AD8 result=2B3E0000 err=0 access=0x00000004 offset=0:0 bytes=0
2026-07-07 15:01:53.343 [tid=6736] CreateFileMappingA input=00001A24 result=000019F8 err=0 name=(null) file=\\?\UNC\Mac\Home\Documents\mxd\BeiDou-Server\clien\Data\Mob\4230300.img
2026-07-07 15:01:53.344 [tid=6736] MapViewOfFile mapping=000019F8 result=2B400000 err=0 access=0x00000004 offset=0:0 bytes=0
2026-07-07 15:01:53.351 [tid=6736] CreateFileMappingA input=000019E4 result=00001C04 err=0 name=(null) file=\\?\UNC\Mac\Home\Documents\mxd\BeiDou-Server\clien\Data\Mob\4230400.img
2026-07-07 15:01:53.352 [tid=6736] MapViewOfFile mapping=00001C04 result=2B410000 err=0 access=0x00000004 offset=0:0 bytes=0
2026-07-07 15:01:53.359 [tid=6736] CreateFileMappingA input=00001C08 result=00001C0C err=0 name=(null) file=\\?\UNC\Mac\Home\Documents\mxd\BeiDou-Server\clien\Data\Mob\4230503.img
2026-07-07 15:01:53.360 [tid=6736] MapViewOfFile mapping=00001C0C result=2B420000 err=0 access=0x00000004 offset=0:0 bytes=0
2026-07-07 15:01:53.366 [tid=6736] CreateFileMappingA input=00001C10 result=00001C14 err=0 name=(null) file=\\?\UNC\Mac\Home\Documents\mxd\BeiDou-Server\clien\Data\Mob\4230504.img
2026-07-07 15:01:53.367 [tid=6736] MapViewOfFile mapping=00001C14 result=2B430000 err=0 access=0x00000004 offset=0:0 bytes=0
2026-07-07 15:01:53.374 [tid=6736] CreateFileMappingA input=00001C18 result=00001C1C err=0 name=(null) file=\\?\UNC\Mac\Home\Documents\mxd\BeiDou-Server\clien\Data\Mob\4110301.img
2026-07-07 15:01:53.375 [tid=6736] MapViewOfFile mapping=00001C1C result=2B440000 err=0 access=0x00000004 offset=0:0 bytes=0
2026-07-07 15:01:53.383 [tid=6736] CreateFileMappingA input=00001C20 result=00001C24 err=0 name=(null) file=\\?\UNC\Mac\Home\Documents\mxd\BeiDou-Server\clien\Data\Mob\4250000.img
2026-07-07 15:01:53.384 [tid=6736] MapViewOfFile mapping=00001C24 result=2B450000 err=0 access=0x00000004 offset=0:0 bytes=0
2026-07-07 15:01:53.391 [tid=6736] CreateFileMappingA input=00001C28 result=00001C2C err=0 name=(null) file=\\?\UNC\Mac\Home\Documents\mxd\BeiDou-Server\clien\Data\Mob\3300000.img
2026-07-07 15:01:53.392 [tid=6736] MapViewOfFile mapping=00001C2C result=2B470000 err=0 access=0x00000004 offset=0:0 bytes=0
2026-07-07 15:01:53.403 [tid=6736] CreateFileMappingA input=00001C30 result=00001C34 err=0 name=(null) file=\\?\UNC\Mac\Home\Documents\mxd\BeiDou-Server\clien\Data\Mob\3300001.img
2026-07-07 15:01:53.404 [tid=6736] MapViewOfFile mapping=00001C34 result=2B480000 err=0 access=0x00000004 offset=0:0 bytes=0
2026-07-07 15:01:53.413 [tid=6736] CreateFileMappingA input=00001C38 result=00001C3C err=0 name=(null) file=\\?\UNC\Mac\Home\Documents\mxd\BeiDou-Server\clien\Data\Mob\3300002.img
2026-07-07 15:01:53.414 [tid=6736] MapViewOfFile mapping=00001C3C result=2B490000 err=0 access=0x00000004 offset=0:0 bytes=0
2026-07-07 15:01:53.421 [tid=6736] CreateFileMappingA input=00001C40 result=00001C44 err=0 name=(null) file=\\?\UNC\Mac\Home\Documents\mxd\BeiDou-Server\clien\Data\Mob\3300003.img
2026-07-07 15:01:53.422 [tid=6736] MapViewOfFile mapping=00001C44 result=2B4A0000 err=0 access=0x00000004 offset=0:0 bytes=0
2026-07-07 15:01:53.431 [tid=6736] CreateFileMappingA input=00001C48 result=00001C4C err=0 name=(null) file=\\?\UNC\Mac\Home\Documents\mxd\BeiDou-Server\clien\Data\Mob\3300004.img
2026-07-07 15:01:53.432 [tid=6736] MapViewOfFile mapping=00001C4C result=2B4B0000 err=0 access=0x00000004 offset=0:0 bytes=0
2026-07-07 15:01:53.440 [tid=6736] CreateFileMappingA input=00001C50 result=00001C54 err=0 name=(null) file=\\?\UNC\Mac\Home\Documents\mxd\BeiDou-Server\clien\Data\Mob\4230121.img
2026-07-07 15:01:53.442 [tid=6736] MapViewOfFile mapping=00001C54 result=2B4C0000 err=0 access=0x00000004 offset=0:0 bytes=0
2026-07-07 15:01:53.452 [tid=6736] CreateFileMappingA input=00001C58 result=00001C5C err=0 name=(null) file=\\?\UNC\Mac\Home\Documents\mxd\BeiDou-Server\clien\Data\Mob\4130101.img
2026-07-07 15:01:53.453 [tid=6736] MapViewOfFile mapping=00001C5C result=2B4E0000 err=0 access=0x00000004 offset=0:0 bytes=0
2026-07-07 15:01:53.464 [tid=6736] CreateFileMappingA input=00001C60 result=00001C64 err=0 name=(null) file=\\?\UNC\Mac\Home\Documents\mxd\BeiDou-Server\clien\Data\Mob\4230115.img
2026-07-07 15:01:53.465 [tid=6736] MapViewOfFile mapping=00001C64 result=2B4F0000 err=0 access=0x00000004 offset=0:0 bytes=0
2026-07-07 15:01:53.473 [tid=6736] CreateFileMappingA input=00001C68 result=00001C6C err=0 name=(null) file=\\?\UNC\Mac\Home\Documents\mxd\BeiDou-Server\clien\Data\Mob\4130102.img
2026-07-07 15:01:53.474 [tid=6736] MapViewOfFile mapping=00001C6C result=2B510000 err=0 access=0x00000004 offset=0:0 bytes=0
2026-07-07 15:01:53.482 [tid=6736] CreateFileMappingA input=00001C70 result=00001C74 err=0 name=(null) file=\\?\UNC\Mac\Home\Documents\mxd\BeiDou-Server\clien\Data\Mob\4130103.img
2026-07-07 15:01:53.484 [tid=6736] MapViewOfFile mapping=00001C74 result=2B520000 err=0 access=0x00000004 offset=0:0 bytes=0
2026-07-07 15:01:53.493 [tid=6736] CreateFileMappingA input=00001C78 result=00001C7C err=0 name=(null) file=\\?\UNC\Mac\Home\Documents\mxd\BeiDou-Server\clien\Data\Mob\4230126.img
2026-07-07 15:01:53.495 [tid=6736] MapViewOfFile mapping=00001C7C result=2B570000 err=0 access=0x00000004 offset=0:0 bytes=0
2026-07-07 15:01:53.501 [tid=6736] CreateFileMappingA input=00001C84 result=00001C88 err=0 name=(null) file=\\?\UNC\Mac\Home\Documents\mxd\BeiDou-Server\clien\Data\Mob\4230505.img
2026-07-07 15:01:53.503 [tid=6736] MapViewOfFile mapping=00001C88 result=2B580000 err=0 access=0x00000004 offset=0:0 bytes=0
2026-07-07 15:01:53.519 [tid=6736] CreateFileMappingA input=00001C8C result=00001C90 err=0 name=(null) file=\\?\UNC\Mac\Home\Documents\mxd\BeiDou-Server\clien\Data\Mob\4110302.img
2026-07-07 15:01:53.521 [tid=6736] MapViewOfFile mapping=00001C90 result=2B590000 err=0 access=0x00000004 offset=0:0 bytes=0
2026-07-07 15:01:53.532 [tid=6736] CreateFileMappingA input=00001C94 result=00001C98 err=0 name=(null) file=\\?\UNC\Mac\Home\Documents\mxd\BeiDou-Server\clien\Data\Mob\4230102.img
2026-07-07 15:01:53.533 [tid=6736] MapViewOfFile mapping=00001C98 result=2B5A0000 err=0 access=0x00000004 offset=0:0 bytes=0
2026-07-07 15:01:53.543 [tid=6736] CreateFileMappingA input=00001C9C result=00001CA0 err=0 name=(null) file=\\?\UNC\Mac\Home\Documents\mxd\BeiDou-Server\clien\Data\Mob\4230104.img
2026-07-07 15:01:53.545 [tid=6736] MapViewOfFile mapping=00001CA0 result=2B5B0000 err=0 access=0x00000004 offset=0:0 bytes=0
2026-07-07 15:01:53.555 [tid=6736] CreateFileMappingA input=00001CA4 result=00001CA8 err=0 name=(null) file=\\?\UNC\Mac\Home\Documents\mxd\BeiDou-Server\clien\Data\Mob\4230506.img
2026-07-07 15:01:53.556 [tid=6736] MapViewOfFile mapping=00001CA8 result=2B5C0000 err=0 access=0x00000004 offset=0:0 bytes=0
2026-07-07 15:01:53.563 [tid=6736] CreateFileMappingA input=00001CAC result=00001CB0 err=0 name=(null) file=\\?\UNC\Mac\Home\Documents\mxd\BeiDou-Server\clien\Data\Mob\4240000.img
2026-07-07 15:01:53.564 [tid=6736] MapViewOfFile mapping=00001CB0 result=2B5D0000 err=0 access=0x00000004 offset=0:0 bytes=0
2026-07-07 15:01:53.574 [tid=6736] CreateFileMappingA input=00001CB4 result=00001CB8 err=0 name=(null) file=\\?\UNC\Mac\Home\Documents\mxd\BeiDou-Server\clien\Data\Mob\5130100.img
2026-07-07 15:01:53.575 [tid=6736] MapViewOfFile mapping=00001CB8 result=2B5F0000 err=0 access=0x00000004 offset=0:0 bytes=0
2026-07-07 15:01:53.583 [tid=6736] CreateFileMappingA input=00001CBC result=00001CC0 err=0 name=(null) file=\\?\UNC\Mac\Home\Documents\mxd\BeiDou-Server\clien\Data\Mob\5100000.img
2026-07-07 15:01:53.584 [tid=6736] MapViewOfFile mapping=00001CC0 result=2B600000 err=0 access=0x00000004 offset=0:0 bytes=0
2026-07-07 15:01:53.592 [tid=6736] CreateFileMappingA input=00001CC4 result=00001CC8 err=0 name=(null) file=\\?\UNC\Mac\Home\Documents\mxd\BeiDou-Server\clien\Data\Mob\5100003.img
2026-07-07 15:01:53.593 [tid=6736] MapViewOfFile mapping=00001CC8 result=2B610000 err=0 access=0x00000004 offset=0:0 bytes=0
2026-07-07 15:01:53.605 [tid=6736] CreateFileMappingA input=00001CCC result=00001CD0 err=0 name=(null) file=\\?\UNC\Mac\Home\Documents\mxd\BeiDou-Server\clien\Data\Mob\5120503.img
2026-07-07 15:01:53.606 [tid=6736] MapViewOfFile mapping=00001CD0 result=2B620000 err=0 access=0x00000004 offset=0:0 bytes=0
2026-07-07 15:01:53.616 [tid=6736] CreateFileMappingA input=00001CD4 result=00001CD8 err=0 name=(null) file=\\?\UNC\Mac\Home\Documents\mxd\BeiDou-Server\clien\Data\Mob\5110300.img
2026-07-07 15:01:53.617 [tid=6736] MapViewOfFile mapping=00001CD8 result=2B630000 err=0 access=0x00000004 offset=0:0 bytes=0
2026-07-07 15:01:53.631 [tid=6736] CreateFileMappingA input=00001C80 result=00001CDC err=0 name=(null) file=\\?\UNC\Mac\Home\Documents\mxd\BeiDou-Server\clien\Data\Mob\5100002.img
2026-07-07 15:01:53.632 [tid=6736] MapViewOfFile mapping=00001CDC result=2B640000 err=0 access=0x00000004 offset=0:0 bytes=0
2026-07-07 15:01:53.642 [tid=6736] CreateFileMappingA input=00001CE0 result=00001CE4 err=0 name=(null) file=\\?\UNC\Mac\Home\Documents\mxd\BeiDou-Server\clien\Data\Mob\5120504.img
2026-07-07 15:01:53.643 [tid=6736] MapViewOfFile mapping=00001CE4 result=2B650000 err=0 access=0x00000004 offset=0:0 bytes=0
2026-07-07 15:01:53.652 [tid=6736] CreateFileMappingA input=00001CE8 result=00001CEC err=0 name=(null) file=\\?\UNC\Mac\Home\Documents\mxd\BeiDou-Server\clien\Data\Mob\5130103.img
2026-07-07 15:01:53.654 [tid=6736] MapViewOfFile mapping=00001CEC result=2B660000 err=0 access=0x00000004 offset=0:0 bytes=0
2026-07-07 15:01:53.670 [tid=6736] CreateFileMappingA input=00001CF0 result=00001CF4 err=0 name=(null) file=\\?\UNC\Mac\Home\Documents\mxd\BeiDou-Server\clien\Data\Mob\5120000.img
2026-07-07 15:01:53.671 [tid=6736] MapViewOfFile mapping=00001CF4 result=2B670000 err=0 access=0x00000004 offset=0:0 bytes=0
2026-07-07 15:01:53.678 [tid=6736] CreateFileMappingA input=00001CF8 result=00001CFC err=0 name=(null) file=\\?\UNC\Mac\Home\Documents\mxd\BeiDou-Server\clien\Data\Mob\5120001.img
2026-07-07 15:01:53.680 [tid=6736] MapViewOfFile mapping=00001CFC result=2B690000 err=0 access=0x00000004 offset=0:0 bytes=0
2026-07-07 15:01:53.688 [tid=6736] CreateFileMappingA input=00001D00 result=00001D04 err=0 name=(null) file=\\?\UNC\Mac\Home\Documents\mxd\BeiDou-Server\clien\Data\Mob\5120002.img
2026-07-07 15:01:53.689 [tid=6736] MapViewOfFile mapping=00001D04 result=2B6A0000 err=0 access=0x00000004 offset=0:0 bytes=0
2026-07-07 15:01:53.698 [tid=6736] CreateFileMappingA input=00001D08 result=00001D0C err=0 name=(null) file=\\?\UNC\Mac\Home\Documents\mxd\BeiDou-Server\clien\Data\Mob\5120003.img
2026-07-07 15:01:53.699 [tid=6736] MapViewOfFile mapping=00001D0C result=2B6B0000 err=0 access=0x00000004 offset=0:0 bytes=0
2026-07-07 15:01:53.707 [tid=6736] CreateFileMappingA input=00001D10 result=00001D14 err=0 name=(null) file=\\?\UNC\Mac\Home\Documents\mxd\BeiDou-Server\clien\Data\Mob\5100005.img
2026-07-07 15:01:53.708 [tid=6736] MapViewOfFile mapping=00001D14 result=2B6D0000 err=0 access=0x00000004 offset=0:0 bytes=0
2026-07-07 15:01:53.717 [tid=6736] CreateFileMappingA input=00001D18 result=00001D1C err=0 name=(null) file=\\?\UNC\Mac\Home\Documents\mxd\BeiDou-Server\clien\Data\Mob\5120501.img
2026-07-07 15:01:53.718 [tid=6736] MapViewOfFile mapping=00001D1C result=2B6F0000 err=0 access=0x00000004 offset=0:0 bytes=0
2026-07-07 15:01:53.725 [tid=6736] CreateFileMappingA input=00001D20 result=00001D24 err=0 name=(null) file=\\?\UNC\Mac\Home\Documents\mxd\BeiDou-Server\clien\Data\Mob\5120100.img
2026-07-07 15:01:53.726 [tid=6736] MapViewOfFile mapping=00001D24 result=2B700000 err=0 access=0x00000004 offset=0:0 bytes=0
2026-07-07 15:01:53.741 [tid=6736] CreateFileMappingA input=00001D28 result=00001D2C err=0 name=(null) file=\\?\UNC\Mac\Home\Documents\mxd\BeiDou-Server\clien\Data\Mob\5120502.img
2026-07-07 15:01:53.742 [tid=6736] MapViewOfFile mapping=00001D2C result=2B750000 err=0 access=0x00000004 offset=0:0 bytes=0
2026-07-07 15:01:53.750 [tid=6736] CreateFileMappingA input=00001D30 result=00001D34 err=0 name=(null) file=\\?\UNC\Mac\Home\Documents\mxd\BeiDou-Server\clien\Data\Mob\5110301.img
2026-07-07 15:01:53.751 [tid=6736] MapViewOfFile mapping=00001D34 result=2B760000 err=0 access=0x00000004 offset=0:0 bytes=0
2026-07-07 15:01:53.760 [tid=6736] CreateFileMappingA input=00001D38 result=00001D3C err=0 name=(null) file=\\?\UNC\Mac\Home\Documents\mxd\BeiDou-Server\clien\Data\Mob\5300100.img
2026-07-07 15:01:53.762 [tid=6736] MapViewOfFile mapping=00001D3C result=2B770000 err=0 access=0x00000004 offset=0:0 bytes=0
2026-07-07 15:01:53.773 [tid=6736] CreateFileMappingA input=00001D40 result=00001D44 err=0 name=(null) file=\\?\UNC\Mac\Home\Documents\mxd\BeiDou-Server\clien\Data\Mob\5130101.img
2026-07-07 15:01:53.775 [tid=6736] MapViewOfFile mapping=00001D44 result=2B780000 err=0 access=0x00000004 offset=0:0 bytes=0
2026-07-07 15:01:53.788 [tid=6736] CreateFileMappingA input=00001D4C result=00001D50 err=0 name=(null) file=\\?\UNC\Mac\Home\Documents\mxd\BeiDou-Server\clien\Data\Mob\5130104.img
2026-07-07 15:01:53.789 [tid=6736] MapViewOfFile mapping=00001D50 result=2B7A0000 err=0 access=0x00000004 offset=0:0 bytes=0
2026-07-07 15:01:53.799 [tid=6736] CreateFileMappingA input=00001D54 result=00001D58 err=0 name=(null) file=\\?\UNC\Mac\Home\Documents\mxd\BeiDou-Server\clien\Data\Mob\5120506.img
2026-07-07 15:01:53.800 [tid=6736] MapViewOfFile mapping=00001D58 result=2B7B0000 err=0 access=0x00000004 offset=0:0 bytes=0
2026-07-07 15:01:53.809 [tid=6736] CreateFileMappingA input=00001D5C result=00001D60 err=0 name=(null) file=\\?\UNC\Mac\Home\Documents\mxd\BeiDou-Server\clien\Data\Mob\5130105.img
2026-07-07 15:01:53.810 [tid=6736] MapViewOfFile mapping=00001D60 result=2B7D0000 err=0 access=0x00000004 offset=0:0 bytes=0
2026-07-07 15:01:53.817 [tid=6736] CreateFileMappingA input=00001D64 result=00001D68 err=0 name=(null) file=\\?\UNC\Mac\Home\Documents\mxd\BeiDou-Server\clien\Data\Mob\5100004.img
2026-07-07 15:01:53.818 [tid=6736] MapViewOfFile mapping=00001D68 result=2B7E0000 err=0 access=0x00000004 offset=0:0 bytes=0
2026-07-07 15:01:53.826 [tid=6736] CreateFileMappingA input=00001D6C result=00001D70 err=0 name=(null) file=\\?\UNC\Mac\Home\Documents\mxd\BeiDou-Server\clien\Data\Mob\5120500.img
2026-07-07 15:01:53.827 [tid=6736] MapViewOfFile mapping=00001D70 result=2B800000 err=0 access=0x00000004 offset=0:0 bytes=0
2026-07-07 15:01:53.835 [tid=6736] CreateFileMappingA input=00001D74 result=00001D78 err=0 name=(null) file=\\?\UNC\Mac\Home\Documents\mxd\BeiDou-Server\clien\Data\Mob\5150001.img
2026-07-07 15:01:53.836 [tid=6736] MapViewOfFile mapping=00001D78 result=2B820000 err=0 access=0x00000004 offset=0:0 bytes=0
2026-07-07 15:01:53.845 [tid=6736] CreateFileMappingA input=00001D7C result=00001D80 err=0 name=(null) file=\\?\UNC\Mac\Home\Documents\mxd\BeiDou-Server\clien\Data\Mob\5130107.img
2026-07-07 15:01:53.846 [tid=6736] MapViewOfFile mapping=00001D80 result=2B830000 err=0 access=0x00000004 offset=0:0 bytes=0
2026-07-07 15:01:53.854 [tid=6736] CreateFileMappingA input=00001D84 result=00001D88 err=0 name=(null) file=\\?\UNC\Mac\Home\Documents\mxd\BeiDou-Server\clien\Data\Mob\5130108.img
2026-07-07 15:01:53.855 [tid=6736] MapViewOfFile mapping=00001D88 result=2B860000 err=0 access=0x00000004 offset=0:0 bytes=0
2026-07-07 15:01:53.865 [tid=6736] CreateFileMappingA input=00001D8C result=00001D90 err=0 name=(null) file=\\?\UNC\Mac\Home\Documents\mxd\BeiDou-Server\clien\Data\Mob\5130102.img
2026-07-07 15:01:53.865 [tid=6736] MapViewOfFile mapping=00001D90 result=2B890000 err=0 access=0x00000004 offset=0:0 bytes=0
2026-07-07 15:01:53.875 [tid=6736] CreateFileMappingA input=00001D94 result=00001D98 err=0 name=(null) file=\\?\UNC\Mac\Home\Documents\mxd\BeiDou-Server\clien\Data\Mob\5140000.img
2026-07-07 15:01:53.876 [tid=6736] MapViewOfFile mapping=00001D98 result=2B8B0000 err=0 access=0x00000004 offset=0:0 bytes=0
2026-07-07 15:01:53.884 [tid=6736] CreateFileMappingA input=00001D9C result=00001DA0 err=0 name=(null) file=\\?\UNC\Mac\Home\Documents\mxd\BeiDou-Server\clien\Data\Mob\5120505.img
2026-07-07 15:01:53.885 [tid=6736] MapViewOfFile mapping=00001DA0 result=2B8C0000 err=0 access=0x00000004 offset=0:0 bytes=0
2026-07-07 15:01:53.893 [tid=6736] CreateFileMappingA input=00001DA4 result=00001DA8 err=0 name=(null) file=\\?\UNC\Mac\Home\Documents\mxd\BeiDou-Server\clien\Data\Mob\5110302.img
2026-07-07 15:01:53.894 [tid=6736] MapViewOfFile mapping=00001DA8 result=2B8F0000 err=0 access=0x00000004 offset=0:0 bytes=0
2026-07-07 15:01:53.902 [tid=6736] CreateFileMappingA input=00001DAC result=00001DB0 err=0 name=(null) file=\\?\UNC\Mac\Home\Documents\mxd\BeiDou-Server\clien\Data\Mob\5150000.img
2026-07-07 15:01:53.902 [tid=6736] MapViewOfFile mapping=00001DB0 result=30010000 err=0 access=0x00000004 offset=0:0 bytes=0
2026-07-07 15:01:53.911 [tid=6736] CreateFileMappingA input=00001DB4 result=00001DB8 err=0 name=(null) file=\\?\UNC\Mac\Home\Documents\mxd\BeiDou-Server\clien\Data\Mob\6130100.img
2026-07-07 15:01:53.912 [tid=6736] MapViewOfFile mapping=00001DB8 result=2B910000 err=0 access=0x00000004 offset=0:0 bytes=0
2026-07-07 15:01:53.921 [tid=6736] CreateFileMappingA input=00001D48 result=00001DBC err=0 name=(null) file=\\?\UNC\Mac\Home\Documents\mxd\BeiDou-Server\clien\Data\Mob\6130103.img
2026-07-07 15:01:53.922 [tid=6736] MapViewOfFile mapping=00001DBC result=30030000 err=0 access=0x00000004 offset=0:0 bytes=0
2026-07-07 15:01:53.925 [tid=6736] CreateFileMappingA input=00001DC0 result=00001DC4 err=0 name=(null) file=\\?\UNC\Mac\Home\Documents\mxd\BeiDou-Server\clien\Data\Mob\6130102.img
2026-07-07 15:01:53.926 [tid=6736] MapViewOfFile mapping=00001DC4 result=30040000 err=0 access=0x00000004 offset=0:0 bytes=0
2026-07-07 15:01:53.936 [tid=6736] CreateFileMappingA input=00001DC8 result=00001DCC err=0 name=(null) file=\\?\UNC\Mac\Home\Documents\mxd\BeiDou-Server\clien\Data\Mob\6130202.img
2026-07-07 15:01:53.937 [tid=6736] MapViewOfFile mapping=00001DCC result=30050000 err=0 access=0x00000004 offset=0:0 bytes=0
2026-07-07 15:01:53.945 [tid=6736] CreateFileMappingA input=00001DD0 result=00001DD4 err=0 name=(null) file=\\?\UNC\Mac\Home\Documents\mxd\BeiDou-Server\clien\Data\Mob\6130203.img
2026-07-07 15:01:53.947 [tid=6736] MapViewOfFile mapping=00001DD4 result=30060000 err=0 access=0x00000004 offset=0:0 bytes=0
2026-07-07 15:01:53.954 [tid=6736] CreateFileMappingA input=00001DD8 result=00001DDC err=0 name=(null) file=\\?\UNC\Mac\Home\Documents\mxd\BeiDou-Server\clien\Data\Mob\5090000.img
2026-07-07 15:01:53.955 [tid=6736] MapViewOfFile mapping=00001DDC result=30080000 err=0 access=0x00000004 offset=0:0 bytes=0
2026-07-07 15:01:53.963 [tid=6736] CreateFileMappingA input=00001DE0 result=00001DE4 err=0 name=(null) file=\\?\UNC\Mac\Home\Documents\mxd\BeiDou-Server\clien\Data\Mob\5090001.img
2026-07-07 15:01:53.964 [tid=6736] MapViewOfFile mapping=00001DE4 result=300B0000 err=0 access=0x00000004 offset=0:0 bytes=0
2026-07-07 15:01:53.973 [tid=6736] CreateFileMappingA input=00001DE8 result=00001DEC err=0 name=(null) file=\\?\UNC\Mac\Home\Documents\mxd\BeiDou-Server\clien\Data\Mob\4250001.img
2026-07-07 15:01:53.974 [tid=6736] MapViewOfFile mapping=00001DEC result=300D0000 err=0 access=0x00000004 offset=0:0 bytes=0
2026-07-07 15:01:53.983 [tid=6736] CreateFileMappingA input=00001DF0 result=00001DF4 err=0 name=(null) file=\\?\UNC\Mac\Home\Documents\mxd\BeiDou-Server\clien\Data\Mob\5250000.img
2026-07-07 15:01:53.984 [tid=6736] MapViewOfFile mapping=00001DF4 result=300F0000 err=0 access=0x00000004 offset=0:0 bytes=0
2026-07-07 15:01:54.069 [tid=6736] CreateFileMappingA input=00001DF8 result=00001DFC err=0 name=(null) file=\\?\UNC\Mac\Home\Documents\mxd\BeiDou-Server\clien\Data\Mob\5250002.img
2026-07-07 15:01:54.071 [tid=6736] MapViewOfFile mapping=00001DFC result=30110000 err=0 access=0x00000004 offset=0:0 bytes=0
2026-07-07 15:01:54.080 [tid=6736] CreateFileMappingA input=00001E00 result=00001E04 err=0 name=(null) file=\\?\UNC\Mac\Home\Documents\mxd\BeiDou-Server\clien\Data\Mob\5250001.img
2026-07-07 15:01:54.082 [tid=6736] MapViewOfFile mapping=00001E04 result=30130000 err=0 access=0x00000004 offset=0:0 bytes=0
2026-07-07 15:01:54.090 [tid=6736] CreateFileMappingA input=00001E0C result=00001E10 err=0 name=(null) file=\\?\UNC\Mac\Home\Documents\mxd\BeiDou-Server\clien\Data\Mob\6130200.img
2026-07-07 15:01:54.091 [tid=6736] MapViewOfFile mapping=00001E10 result=30150000 err=0 access=0x00000004 offset=0:0 bytes=0
2026-07-07 15:01:54.107 [tid=6736] CreateFileMappingA input=00001E14 result=00001E18 err=0 name=(null) file=\\?\UNC\Mac\Home\Documents\mxd\BeiDou-Server\clien\Data\Mob\6230100.img
2026-07-07 15:01:54.108 [tid=6736] MapViewOfFile mapping=00001E18 result=30170000 err=0 access=0x00000004 offset=0:0 bytes=0
2026-07-07 15:01:54.186 [tid=6736] CreateFileMappingA input=00001E1C result=00001E20 err=0 name=(null) file=\\?\UNC\Mac\Home\Documents\mxd\BeiDou-Server\clien\Data\Mob\6130207.img
2026-07-07 15:01:54.191 [tid=6736] MapViewOfFile mapping=00001E20 result=30180000 err=0 access=0x00000004 offset=0:0 bytes=0
2026-07-07 15:01:54.200 [tid=6736] CreateFileMappingA input=00001E24 result=00001E28 err=0 name=(null) file=\\?\UNC\Mac\Home\Documents\mxd\BeiDou-Server\clien\Data\Mob\6230602.img
2026-07-07 15:01:54.201 [tid=6736] MapViewOfFile mapping=00001E28 result=30190000 err=0 access=0x00000004 offset=0:0 bytes=0
2026-07-07 15:01:54.209 [tid=6736] CreateFileMappingA input=00001E08 result=00001E2C err=0 name=(null) file=\\?\UNC\Mac\Home\Documents\mxd\BeiDou-Server\clien\Data\Mob\6230400.img
2026-07-07 15:01:54.210 [tid=6736] MapViewOfFile mapping=00001E2C result=301A0000 err=0 access=0x00000004 offset=0:0 bytes=0
2026-07-07 15:01:54.218 [tid=6736] CreateFileMappingA input=00001E30 result=00001E34 err=0 name=(null) file=\\?\UNC\Mac\Home\Documents\mxd\BeiDou-Server\clien\Data\Mob\6230401.img
2026-07-07 15:01:54.220 [tid=6736] MapViewOfFile mapping=00001E34 result=301C0000 err=0 access=0x00000004 offset=0:0 bytes=0
2026-07-07 15:01:54.227 [tid=6736] CreateFileMappingA input=00001E38 result=00001E3C err=0 name=(null) file=\\?\UNC\Mac\Home\Documents\mxd\BeiDou-Server\clien\Data\Mob\6230600.img
2026-07-07 15:01:54.229 [tid=6736] MapViewOfFile mapping=00001E3C result=301D0000 err=0 access=0x00000004 offset=0:0 bytes=0
2026-07-07 15:01:54.241 [tid=6736] CreateFileMappingA input=00001E40 result=00001E44 err=0 name=(null) file=\\?\UNC\Mac\Home\Documents\mxd\BeiDou-Server\clien\Data\Mob\6230200.img
2026-07-07 15:01:54.243 [tid=6736] MapViewOfFile mapping=00001E44 result=301F0000 err=0 access=0x00000004 offset=0:0 bytes=0
2026-07-07 15:01:54.258 [tid=6736] CreateFileMappingA input=00001E48 result=00001E4C err=0 name=(null) file=\\?\UNC\Mac\Home\Documents\mxd\BeiDou-Server\clien\Data\Mob\6130204.img
2026-07-07 15:01:54.259 [tid=6736] MapViewOfFile mapping=00001E4C result=30200000 err=0 access=0x00000004 offset=0:0 bytes=0
2026-07-07 15:01:54.267 [tid=6736] CreateFileMappingA input=00001E50 result=00001E54 err=0 name=(null) file=\\?\UNC\Mac\Home\Documents\mxd\BeiDou-Server\clien\Data\Mob\6300000.img
2026-07-07 15:01:54.268 [tid=6736] MapViewOfFile mapping=00001E54 result=30240000 err=0 access=0x00000004 offset=0:0 bytes=0
2026-07-07 15:01:54.275 [tid=6736] CreateFileMappingA input=00001E58 result=00001E5C err=0 name=(null) file=\\?\UNC\Mac\Home\Documents\mxd\BeiDou-Server\clien\Data\Mob\6090000.img
2026-07-07 15:01:54.277 [tid=6736] MapViewOfFile mapping=00001E5C result=30260000 err=0 access=0x00000004 offset=0:0 bytes=0
2026-07-07 15:01:54.358 [tid=6736] CreateFileMappingA input=00001E60 result=00001E64 err=0 name=(null) file=\\?\UNC\Mac\Home\Documents\mxd\BeiDou-Server\clien\Data\Mob\6110300.img
2026-07-07 15:01:54.360 [tid=6736] MapViewOfFile mapping=00001E64 result=302F0000 err=0 access=0x00000004 offset=0:0 bytes=0
2026-07-07 15:01:54.374 [tid=6736] CreateFileMappingA input=00001E68 result=00001E6C err=0 name=(null) file=\\?\UNC\Mac\Home\Documents\mxd\BeiDou-Server\clien\Data\Mob\6230300.img
2026-07-07 15:01:54.376 [tid=6736] MapViewOfFile mapping=00001E6C result=30300000 err=0 access=0x00000004 offset=0:0 bytes=0
2026-07-07 15:01:54.387 [tid=6736] CreateFileMappingA input=00001E70 result=00001E74 err=0 name=(null) file=\\?\UNC\Mac\Home\Documents\mxd\BeiDou-Server\clien\Data\Mob\6130209.img
2026-07-07 15:01:54.389 [tid=6736] MapViewOfFile mapping=00001E74 result=30320000 err=0 access=0x00000004 offset=0:0 bytes=0
2026-07-07 15:01:54.404 [tid=6736] CreateFileMappingA input=00001E78 result=00001E7C err=0 name=(null) file=\\?\UNC\Mac\Home\Documents\mxd\BeiDou-Server\clien\Data\Mob\6230500.img
2026-07-07 15:01:54.406 [tid=6736] MapViewOfFile mapping=00001E7C result=30350000 err=0 access=0x00000004 offset=0:0 bytes=0
2026-07-07 15:01:54.455 [tid=6736] CreateFileMappingA input=00001E80 result=00001E84 err=0 name=(null) file=\\?\UNC\Mac\Home\Documents\mxd\BeiDou-Server\clien\Data\Mob\6230601.img
2026-07-07 15:01:54.456 [tid=6736] MapViewOfFile mapping=00001E84 result=30380000 err=0 access=0x00000004 offset=0:0 bytes=0
2026-07-07 15:01:54.468 [tid=6736] CreateFileMappingA input=00001E88 result=00001E8C err=0 name=(null) file=\\?\UNC\Mac\Home\Documents\mxd\BeiDou-Server\clien\Data\Mob\6400000.img
2026-07-07 15:01:54.469 [tid=6736] MapViewOfFile mapping=00001E8C result=303B0000 err=0 access=0x00000004 offset=0:0 bytes=0
2026-07-07 15:01:54.485 [tid=6736] CreateFileMappingA input=00001E90 result=00001E94 err=0 name=(null) file=\\?\UNC\Mac\Home\Documents\mxd\BeiDou-Server\clien\Data\Mob\6130208.img
2026-07-07 15:01:54.486 [tid=6736] MapViewOfFile mapping=00001E94 result=303D0000 err=0 access=0x00000004 offset=0:0 bytes=0
2026-07-07 15:01:54.535 [tid=6736] CreateFileMappingA input=00001E98 result=00001E9C err=0 name=(null) file=\\?\UNC\Mac\Home\Documents\mxd\BeiDou-Server\clien\Data\Mob\6110301.img
2026-07-07 15:01:54.536 [tid=6736] MapViewOfFile mapping=00001E9C result=303F0000 err=0 access=0x00000004 offset=0:0 bytes=0
2026-07-07 15:01:54.559 [tid=6736] CreateFileMappingA input=00001EA0 result=00001EA4 err=0 name=(null) file=\\?\UNC\Mac\Home\Documents\mxd\BeiDou-Server\clien\Data\Mob\8140200.img
2026-07-07 15:01:54.560 [tid=6736] MapViewOfFile mapping=00001EA4 result=30410000 err=0 access=0x00000004 offset=0:0 bytes=0
2026-07-07 15:01:54.598 [tid=6736] CreateFileMappingA input=00001EA8 result=00001EAC err=0 name=(null) file=\\?\UNC\Mac\Home\Documents\mxd\BeiDou-Server\clien\Data\Mob\7130100.img
2026-07-07 15:01:54.619 [tid=6736] MapViewOfFile mapping=00001EAC result=30440000 err=0 access=0x00000004 offset=0:0 bytes=0
2026-07-07 15:01:54.707 [tid=6736] CreateFileMappingA input=00001EB0 result=00001EB4 err=0 name=(null) file=\\?\UNC\Mac\Home\Documents\mxd\BeiDou-Server\clien\Data\Mob\7130400.img
2026-07-07 15:01:54.709 [tid=6736] MapViewOfFile mapping=00001EB4 result=30470000 err=0 access=0x00000004 offset=0:0 bytes=0
2026-07-07 15:01:54.721 [tid=6736] CreateFileMappingA input=00001EB8 result=00001EBC err=0 name=(null) file=\\?\UNC\Mac\Home\Documents\mxd\BeiDou-Server\clien\Data\Mob\7130401.img
2026-07-07 15:01:54.725 [tid=6736] MapViewOfFile mapping=00001EBC result=304B0000 err=0 access=0x00000004 offset=0:0 bytes=0
2026-07-07 15:01:54.771 [tid=6736] CreateFileMappingA input=00001EC0 result=00001EC4 err=0 name=(null) file=\\?\UNC\Mac\Home\Documents\mxd\BeiDou-Server\clien\Data\Mob\7130402.img
2026-07-07 15:01:54.776 [tid=6736] MapViewOfFile mapping=00001EC4 result=304F0000 err=0 access=0x00000004 offset=0:0 bytes=0
2026-07-07 15:01:54.789 [tid=6736] CreateFileMappingA input=00001ECC result=00001ED0 err=0 name=(null) file=\\?\UNC\Mac\Home\Documents\mxd\BeiDou-Server\clien\Data\Mob\7130500.img
2026-07-07 15:01:54.791 [tid=6736] MapViewOfFile mapping=00001ED0 result=30540000 err=0 access=0x00000004 offset=0:0 bytes=0
2026-07-07 15:01:54.800 [tid=6736] CreateFileMappingA input=00001ED4 result=00001ED8 err=0 name=(null) file=\\?\UNC\Mac\Home\Documents\mxd\BeiDou-Server\clien\Data\Mob\7130104.img
2026-07-07 15:01:54.801 [tid=6736] MapViewOfFile mapping=00001ED8 result=30560000 err=0 access=0x00000004 offset=0:0 bytes=0
2026-07-07 15:01:54.812 [tid=6736] CreateFileMappingA input=00001EDC result=00001EE0 err=0 name=(null) file=\\?\UNC\Mac\Home\Documents\mxd\BeiDou-Server\clien\Data\Mob\7130001.img
2026-07-07 15:01:54.813 [tid=6736] MapViewOfFile mapping=00001EE0 result=30580000 err=0 access=0x00000004 offset=0:0 bytes=0
2026-07-07 15:01:54.826 [tid=6736] CreateFileMappingA input=00001EE4 result=00001EE8 err=0 name=(null) file=\\?\UNC\Mac\Home\Documents\mxd\BeiDou-Server\clien\Data\Mob\7130002.img
2026-07-07 15:01:54.830 [tid=6736] MapViewOfFile mapping=00001EE8 result=305A0000 err=0 access=0x00000004 offset=0:0 bytes=0
2026-07-07 15:01:55.083 [tid=6736] CreateFileMappingA input=00001EEC result=00001EF0 err=0 name=(null) file=\\?\UNC\Mac\Home\Documents\mxd\BeiDou-Server\clien\Data\Mob\7130600.img
2026-07-07 15:01:55.089 [tid=6736] MapViewOfFile mapping=00001EF0 result=305C0000 err=0 access=0x00000004 offset=0:0 bytes=0
2026-07-07 15:01:55.306 [tid=6736] CreateFileMappingA input=00001EF4 result=00001EF8 err=0 name=(null) file=\\?\UNC\Mac\Home\Documents\mxd\BeiDou-Server\clien\Data\Mob\7130103.img
2026-07-07 15:01:55.307 [tid=6736] MapViewOfFile mapping=00001EF8 result=305D0000 err=0 access=0x00000004 offset=0:0 bytes=0
2026-07-07 15:01:55.744 [tid=6736] CreateFileMappingA input=00001F00 result=00001F04 err=0 name=(null) file=\\?\UNC\Mac\Home\Documents\mxd\BeiDou-Server\clien\Data\Mob\7130000.img
2026-07-07 15:01:55.750 [tid=6736] MapViewOfFile mapping=00001F04 result=30600000 err=0 access=0x00000004 offset=0:0 bytes=0
2026-07-07 15:01:55.900 [tid=6736] CreateFileMappingA input=00001F0C result=00001F10 err=0 name=(null) file=\\?\UNC\Mac\Home\Documents\mxd\BeiDou-Server\clien\Data\Mob\7110301.img
2026-07-07 15:01:55.915 [tid=6736] MapViewOfFile mapping=00001F10 result=30620000 err=0 access=0x00000004 offset=0:0 bytes=0
2026-07-07 15:01:55.984 [tid=6736] CreateFileMappingA input=00001F14 result=00001F18 err=0 name=(null) file=\\?\UNC\Mac\Home\Documents\mxd\BeiDou-Server\clien\Data\Mob\6300100.img
2026-07-07 15:01:55.989 [tid=6736] MapViewOfFile mapping=00001F18 result=30630000 err=0 access=0x00000004 offset=0:0 bytes=0
2026-07-07 15:01:56.116 [tid=6736] CreateFileMappingA input=00001F1C result=00001EC8 err=0 name=(null) file=\\?\UNC\Mac\Home\Documents\mxd\BeiDou-Server\clien\Data\Mob\7130501.img
2026-07-07 15:01:56.121 [tid=6736] MapViewOfFile mapping=00001EC8 result=30670000 err=0 access=0x00000004 offset=0:0 bytes=0
2026-07-07 15:01:56.155 [tid=6736] CreateFileMappingA input=00001F08 result=00001EFC err=0 name=(null) file=\\?\UNC\Mac\Home\Documents\mxd\BeiDou-Server\clien\Data\Mob\7110300.img
2026-07-07 15:01:56.168 [tid=6736] MapViewOfFile mapping=00001EFC result=30690000 err=0 access=0x00000004 offset=0:0 bytes=0
2026-07-07 15:01:57.017 [tid=6736] CreateFileMappingA input=00001F20 result=00001F24 err=0 name=(null) file=\\?\UNC\Mac\Home\Documents\mxd\BeiDou-Server\clien\Data\Mob\7130200.img
2026-07-07 15:01:57.175 [tid=6736] MapViewOfFile mapping=00001F24 result=30730000 err=0 access=0x00000004 offset=0:0 bytes=0
2026-07-07 15:01:57.422 [tid=6736] CreateFileMappingA input=00001F28 result=00001F30 err=0 name=(null) file=\\?\UNC\Mac\Home\Documents\mxd\BeiDou-Server\clien\Data\Mob\7130101.img
2026-07-07 15:01:57.443 [tid=6736] MapViewOfFile mapping=00001F30 result=30760000 err=0 access=0x00000004 offset=0:0 bytes=0
2026-07-07 15:01:57.837 [tid=6736] CreateFileMappingA input=00001F34 result=00001F38 err=0 name=(null) file=\\?\UNC\Mac\Home\Documents\mxd\BeiDou-Server\clien\Data\Mob\6090001.img
2026-07-07 15:01:57.842 [tid=6736] MapViewOfFile mapping=00001F38 result=30790000 err=0 access=0x00000004 offset=0:0 bytes=0
2026-07-07 15:01:58.081 [tid=6736] CreateFileMappingA input=00001F3C result=00001F40 err=0 name=(null) file=\\?\UNC\Mac\Home\Documents\mxd\BeiDou-Server\clien\Data\Mob\7090000.img
2026-07-07 15:01:58.086 [tid=6736] MapViewOfFile mapping=00001F40 result=307E0000 err=0 access=0x00000004 offset=0:0 bytes=0
2026-07-07 15:01:58.103 [tid=6736] CreateFileMappingA input=00001F44 result=00001F48 err=0 name=(null) file=\\?\UNC\Mac\Home\Documents\mxd\BeiDou-Server\clien\Data\Mob\6090003.img
2026-07-07 15:01:58.105 [tid=6736] MapViewOfFile mapping=00001F48 result=30820000 err=0 access=0x00000004 offset=0:0 bytes=0
2026-07-07 15:01:58.115 [tid=6736] CreateFileMappingA input=00001F4C result=00001F50 err=0 name=(null) file=\\?\UNC\Mac\Home\Documents\mxd\BeiDou-Server\clien\Data\Mob\6090004.img
2026-07-07 15:01:58.116 [tid=6736] MapViewOfFile mapping=00001F50 result=30870000 err=0 access=0x00000004 offset=0:0 bytes=0
2026-07-07 15:01:58.131 [tid=6736] CreateFileMappingA input=00001F54 result=00001F58 err=0 name=(null) file=\\?\UNC\Mac\Home\Documents\mxd\BeiDou-Server\clien\Data\Mob\8140300.img
2026-07-07 15:01:58.132 [tid=6736] MapViewOfFile mapping=00001F58 result=308A0000 err=0 access=0x00000004 offset=0:0 bytes=0
2026-07-07 15:01:58.144 [tid=6736] CreateFileMappingA input=00001F5C result=00001F60 err=0 name=(null) file=\\?\UNC\Mac\Home\Documents\mxd\BeiDou-Server\clien\Data\Mob\7130003.img
2026-07-07 15:01:58.146 [tid=6736] MapViewOfFile mapping=00001F60 result=308D0000 err=0 access=0x00000004 offset=0:0 bytes=0
2026-07-07 15:01:58.176 [tid=6736] CreateFileMappingA input=00001F2C result=00001F64 err=0 name=(null) file=\\?\UNC\Mac\Home\Documents\mxd\BeiDou-Server\clien\Data\Mob\7130601.img
2026-07-07 15:01:58.179 [tid=6736] MapViewOfFile mapping=00001F64 result=30900000 err=0 access=0x00000004 offset=0:0 bytes=0
2026-07-07 15:01:58.196 [tid=6736] CreateFileMappingA input=00001F68 result=00001F6C err=0 name=(null) file=\\?\UNC\Mac\Home\Documents\mxd\BeiDou-Server\clien\Data\Mob\6400100.img
2026-07-07 15:01:58.197 [tid=6736] MapViewOfFile mapping=00001F6C result=30910000 err=0 access=0x00000004 offset=0:0 bytes=0
2026-07-07 15:01:58.212 [tid=6736] CreateFileMappingA input=00001F70 result=00001F74 err=0 name=(null) file=\\?\UNC\Mac\Home\Documents\mxd\BeiDou-Server\clien\Data\Mob\7130102.img
2026-07-07 15:01:58.213 [tid=6736] MapViewOfFile mapping=00001F74 result=30950000 err=0 access=0x00000004 offset=0:0 bytes=0
2026-07-07 15:01:58.223 [tid=6736] CreateFileMappingA input=00001F78 result=00001F7C err=0 name=(null) file=\\?\UNC\Mac\Home\Documents\mxd\BeiDou-Server\clien\Data\Mob\7130004.img
2026-07-07 15:01:58.224 [tid=6736] MapViewOfFile mapping=00001F7C result=30970000 err=0 access=0x00000004 offset=0:0 bytes=0
2026-07-07 15:01:58.236 [tid=6736] CreateFileMappingA input=00001F80 result=00001F84 err=0 name=(null) file=\\?\UNC\Mac\Home\Documents\mxd\BeiDou-Server\clien\Data\Mob\8140000.img
2026-07-07 15:01:58.237 [tid=6736] MapViewOfFile mapping=00001F84 result=30990000 err=0 access=0x00000004 offset=0:0 bytes=0
2026-07-07 15:01:58.246 [tid=6736] CreateFileMappingA input=00001F8C result=00001F90 err=0 name=(null) file=\\?\UNC\Mac\Home\Documents\mxd\BeiDou-Server\clien\Data\Mob\8140001.img
2026-07-07 15:01:58.247 [tid=6736] MapViewOfFile mapping=00001F90 result=309C0000 err=0 access=0x00000004 offset=0:0 bytes=0
2026-07-07 15:01:58.266 [tid=6736] CreateFileMappingA input=00001F94 result=00001F98 err=0 name=(null) file=\\?\UNC\Mac\Home\Documents\mxd\BeiDou-Server\clien\Data\Mob\8110300.img
2026-07-07 15:01:58.268 [tid=6736] MapViewOfFile mapping=00001F98 result=309E0000 err=0 access=0x00000004 offset=0:0 bytes=0
2026-07-07 15:01:58.280 [tid=6736] CreateFileMappingA input=00001F9C result=00001FA0 err=0 name=(null) file=\\?\UNC\Mac\Home\Documents\mxd\BeiDou-Server\clien\Data\Mob\8140100.img
2026-07-07 15:01:58.283 [tid=6736] MapViewOfFile mapping=00001FA0 result=30A20000 err=0 access=0x00000004 offset=0:0 bytes=0
2026-07-07 15:01:58.300 [tid=6736] CreateFileMappingA input=00001FA4 result=00001FA8 err=0 name=(null) file=\\?\UNC\Mac\Home\Documents\mxd\BeiDou-Server\clien\Data\Mob\7140000.img
2026-07-07 15:01:58.301 [tid=6736] MapViewOfFile mapping=00001FA8 result=30A40000 err=0 access=0x00000004 offset=0:0 bytes=0
2026-07-07 15:01:58.311 [tid=6736] CreateFileMappingA input=00001F88 result=00001FAC err=0 name=(null) file=\\?\UNC\Mac\Home\Documents\mxd\BeiDou-Server\clien\Data\Mob\8140002.img
2026-07-07 15:01:58.313 [tid=6736] MapViewOfFile mapping=00001FAC result=30A80000 err=0 access=0x00000004 offset=0:0 bytes=0
2026-07-07 15:01:58.321 [tid=6736] CreateFileMappingA input=00001FB0 result=00001FB4 err=0 name=(null) file=\\?\UNC\Mac\Home\Documents\mxd\BeiDou-Server\clien\Data\Mob\7130010.img
2026-07-07 15:01:58.322 [tid=6736] MapViewOfFile mapping=00001FB4 result=30AB0000 err=0 access=0x00000004 offset=0:0 bytes=0
2026-07-07 15:01:58.337 [tid=6736] CreateFileMappingA input=00001FB8 result=00001FBC err=0 name=(null) file=\\?\UNC\Mac\Home\Documents\mxd\BeiDou-Server\clien\Data\Mob\7130020.img
2026-07-07 15:01:58.339 [tid=6736] MapViewOfFile mapping=00001FBC result=30AF0000 err=0 access=0x00000004 offset=0:0 bytes=0
2026-07-07 15:01:58.348 [tid=6736] CreateFileMappingA input=00001FC0 result=00001FC4 err=0 name=(null) file=\\?\UNC\Mac\Home\Documents\mxd\BeiDou-Server\clien\Data\Mob\8140110.img
2026-07-07 15:01:58.349 [tid=6736] MapViewOfFile mapping=00001FC4 result=30B00000 err=0 access=0x00000004 offset=0:0 bytes=0
2026-07-07 15:01:58.359 [tid=6736] CreateFileMappingA input=00001FC8 result=00001FCC err=0 name=(null) file=\\?\UNC\Mac\Home\Documents\mxd\BeiDou-Server\clien\Data\Mob\7160000.img
2026-07-07 15:01:58.361 [tid=6736] MapViewOfFile mapping=00001FCC result=30B20000 err=0 access=0x00000004 offset=0:0 bytes=0
2026-07-07 15:01:58.370 [tid=6736] CreateFileMappingA input=00001FD0 result=00001FD4 err=0 name=(null) file=\\?\UNC\Mac\Home\Documents\mxd\BeiDou-Server\clien\Data\Mob\8140101.img
2026-07-07 15:01:58.371 [tid=6736] MapViewOfFile mapping=00001FD4 result=30B60000 err=0 access=0x00000004 offset=0:0 bytes=0
2026-07-07 15:01:58.400 [tid=6736] CreateFileMappingA input=00001FD8 result=00001FDC err=0 name=(null) file=\\?\UNC\Mac\Home\Documents\mxd\BeiDou-Server\clien\Data\Mob\8140102.img
2026-07-07 15:01:58.401 [tid=6736] MapViewOfFile mapping=00001FDC result=30B90000 err=0 access=0x00000004 offset=0:0 bytes=0
2026-07-07 15:01:58.412 [tid=6736] CreateFileMappingA input=00001FE0 result=00001FE4 err=0 name=(null) file=\\?\UNC\Mac\Home\Documents\mxd\BeiDou-Server\clien\Data\Mob\8140103.img
2026-07-07 15:01:58.413 [tid=6736] MapViewOfFile mapping=00001FE4 result=30BC0000 err=0 access=0x00000004 offset=0:0 bytes=0
2026-07-07 15:01:58.425 [tid=6736] CreateFileMappingA input=00001FE8 result=00001FEC err=0 name=(null) file=\\?\UNC\Mac\Home\Documents\mxd\BeiDou-Server\clien\Data\Mob\8140111.img
2026-07-07 15:01:58.427 [tid=6736] MapViewOfFile mapping=00001FEC result=30BF0000 err=0 access=0x00000004 offset=0:0 bytes=0
2026-07-07 15:01:58.531 [tid=6736] CreateFileMappingA input=00001FF4 result=00001FF8 err=0 name=(null) file=\\?\UNC\Mac\Home\Documents\mxd\BeiDou-Server\clien\Data\Mob\7130300.img
2026-07-07 15:01:58.534 [tid=6736] MapViewOfFile mapping=00001FF8 result=30C30000 err=0 access=0x00000004 offset=0:0 bytes=0
2026-07-07 15:01:58.602 [tid=6736] CreateFileMappingA input=00001FFC result=00001FF0 err=0 name=(null) file=\\?\UNC\Mac\Home\Documents\mxd\BeiDou-Server\clien\Data\Mob\8140500.img
2026-07-07 15:01:58.604 [tid=6736] MapViewOfFile mapping=00001FF0 result=30C70000 err=0 access=0x00000004 offset=0:0 bytes=0
2026-07-07 15:01:58.620 [tid=6736] CreateFileMappingA input=00002004 result=00002008 err=0 name=(null) file=\\?\UNC\Mac\Home\Documents\mxd\BeiDou-Server\clien\Data\Mob\8140700.img
2026-07-07 15:01:58.623 [tid=6736] MapViewOfFile mapping=00002008 result=30CA0000 err=0 access=0x00000004 offset=0:0 bytes=0
2026-07-07 15:01:58.640 [tid=6736] CreateFileMappingA input=0000200C result=00002010 err=0 name=(null) file=\\?\UNC\Mac\Home\Documents\mxd\BeiDou-Server\clien\Data\Mob\8090000.img
2026-07-07 15:01:58.642 [tid=6736] MapViewOfFile mapping=00002010 result=30CF0000 err=0 access=0x00000004 offset=0:0 bytes=0
2026-07-07 15:01:58.655 [tid=6736] CreateFileMappingA input=00002014 result=00002018 err=0 name=(null) file=\\?\UNC\Mac\Home\Documents\mxd\BeiDou-Server\clien\Data\Mob\8200000.img
2026-07-07 15:01:58.657 [tid=6736] MapViewOfFile mapping=00002018 result=30D30000 err=0 access=0x00000004 offset=0:0 bytes=0
2026-07-07 15:01:58.672 [tid=6736] CreateFileMappingA input=0000201C result=00002020 err=0 name=(null) file=\\?\UNC\Mac\Home\Documents\mxd\BeiDou-Server\clien\Data\Mob\8140600.img
2026-07-07 15:01:58.673 [tid=6736] MapViewOfFile mapping=00002020 result=34A80000 err=0 access=0x00000004 offset=0:0 bytes=0
2026-07-07 15:01:58.688 [tid=6736] CreateFileMappingA input=00002024 result=00002028 err=0 name=(null) file=\\?\UNC\Mac\Home\Documents\mxd\BeiDou-Server\clien\Data\Mob\8140701.img
2026-07-07 15:01:58.690 [tid=6736] MapViewOfFile mapping=00002028 result=34AB0000 err=0 access=0x00000004 offset=0:0 bytes=0
2026-07-07 15:01:58.708 [tid=6736] CreateFileMappingA input=0000202C result=00002030 err=0 name=(null) file=\\?\UNC\Mac\Home\Documents\mxd\BeiDou-Server\clien\Data\Mob\8141000.img
2026-07-07 15:01:58.709 [tid=6736] MapViewOfFile mapping=00002030 result=34B10000 err=0 access=0x00000004 offset=0:0 bytes=0
2026-07-07 15:01:58.720 [tid=6736] CreateFileMappingA input=00002034 result=00002038 err=0 name=(null) file=\\?\UNC\Mac\Home\Documents\mxd\BeiDou-Server\clien\Data\Mob\8141300.img
2026-07-07 15:01:58.721 [tid=6736] MapViewOfFile mapping=00002038 result=34B80000 err=0 access=0x00000004 offset=0:0 bytes=0
2026-07-07 15:01:58.731 [tid=6736] CreateFileMappingA input=0000203C result=00002040 err=0 name=(null) file=\\?\UNC\Mac\Home\Documents\mxd\BeiDou-Server\clien\Data\Mob\8142000.img
2026-07-07 15:01:58.732 [tid=6736] MapViewOfFile mapping=00002040 result=34BA0000 err=0 access=0x00000004 offset=0:0 bytes=0
2026-07-07 15:01:58.741 [tid=6736] CreateFileMappingA input=00002044 result=00002048 err=0 name=(null) file=\\?\UNC\Mac\Home\Documents\mxd\BeiDou-Server\clien\Data\Mob\8140702.img
2026-07-07 15:01:58.742 [tid=6736] MapViewOfFile mapping=00002048 result=34BF0000 err=0 access=0x00000004 offset=0:0 bytes=0
2026-07-07 15:01:58.753 [tid=6736] CreateFileMappingA input=00002050 result=00002054 err=0 name=(null) file=\\?\UNC\Mac\Home\Documents\mxd\BeiDou-Server\clien\Data\Mob\8140703.img
2026-07-07 15:01:58.754 [tid=6736] MapViewOfFile mapping=00002054 result=34C60000 err=0 access=0x00000004 offset=0:0 bytes=0
2026-07-07 15:01:58.804 [tid=6736] CreateFileMappingA input=0000205C result=00002060 err=0 name=(null) file=\\?\UNC\Mac\Home\Documents\mxd\BeiDou-Server\clien\Data\Mob\8142100.img
2026-07-07 15:01:58.806 [tid=6736] MapViewOfFile mapping=00002060 result=34CE0000 err=0 access=0x00000004 offset=0:0 bytes=0
2026-07-07 15:01:58.822 [tid=6736] CreateFileMappingA input=00002064 result=00002068 err=0 name=(null) file=\\?\UNC\Mac\Home\Documents\mxd\BeiDou-Server\clien\Data\Mob\8150300.img
2026-07-07 15:01:58.823 [tid=6736] MapViewOfFile mapping=00002068 result=34D00000 err=0 access=0x00000004 offset=0:0 bytes=0
2026-07-07 15:01:58.837 [tid=6736] CreateFileMappingA input=0000206C result=00002070 err=0 name=(null) file=\\?\UNC\Mac\Home\Documents\mxd\BeiDou-Server\clien\Data\Mob\8141100.img
2026-07-07 15:01:58.839 [tid=6736] MapViewOfFile mapping=00002070 result=34D40000 err=0 access=0x00000004 offset=0:0 bytes=0
2026-07-07 15:01:58.849 [tid=6736] CreateFileMappingA input=00002074 result=00002078 err=0 name=(null) file=\\?\UNC\Mac\Home\Documents\mxd\BeiDou-Server\clien\Data\Mob\8143000.img
2026-07-07 15:01:58.851 [tid=6736] MapViewOfFile mapping=00002078 result=34DD0000 err=0 access=0x00000004 offset=0:0 bytes=0
2026-07-07 15:01:58.861 [tid=6736] CreateFileMappingA input=0000207C result=00002080 err=0 name=(null) file=\\?\UNC\Mac\Home\Documents\mxd\BeiDou-Server\clien\Data\Mob\8150200.img
2026-07-07 15:01:58.863 [tid=6736] MapViewOfFile mapping=00002080 result=34E30000 err=0 access=0x00000004 offset=0:0 bytes=0
2026-07-07 15:01:58.874 [tid=6736] CreateFileMappingA input=00002084 result=00002088 err=0 name=(null) file=\\?\UNC\Mac\Home\Documents\mxd\BeiDou-Server\clien\Data\Mob\8150100.img
2026-07-07 15:01:58.875 [tid=6736] MapViewOfFile mapping=00002088 result=34E60000 err=0 access=0x00000004 offset=0:0 bytes=0
2026-07-07 15:01:58.885 [tid=6736] CreateFileMappingA input=0000208C result=00002090 err=0 name=(null) file=\\?\UNC\Mac\Home\Documents\mxd\BeiDou-Server\clien\Data\Mob\8150301.img
2026-07-07 15:01:58.887 [tid=6736] MapViewOfFile mapping=00002090 result=34E80000 err=0 access=0x00000004 offset=0:0 bytes=0
2026-07-07 15:01:58.897 [tid=6736] CreateFileMappingA input=00002094 result=00002098 err=0 name=(null) file=\\?\UNC\Mac\Home\Documents\mxd\BeiDou-Server\clien\Data\Mob\8150101.img
2026-07-07 15:01:58.898 [tid=6736] MapViewOfFile mapping=00002098 result=34EC0000 err=0 access=0x00000004 offset=0:0 bytes=0
2026-07-07 15:01:58.906 [tid=6736] CreateFileMappingA input=0000209C result=000020A0 err=0 name=(null) file=\\?\UNC\Mac\Home\Documents\mxd\BeiDou-Server\clien\Data\Mob\8150302.img
2026-07-07 15:01:58.907 [tid=6736] MapViewOfFile mapping=000020A0 result=34F00000 err=0 access=0x00000004 offset=0:0 bytes=0
2026-07-07 15:01:58.920 [tid=6736] CreateFileMappingA input=000020A4 result=000020A8 err=0 name=(null) file=\\?\UNC\Mac\Home\Documents\mxd\BeiDou-Server\clien\Data\Mob\8150201.img
2026-07-07 15:01:58.922 [tid=6736] MapViewOfFile mapping=000020A8 result=34F70000 err=0 access=0x00000004 offset=0:0 bytes=0
2026-07-07 15:01:58.939 [tid=6736] CreateFileMappingA input=000020AC result=000020B0 err=0 name=(null) file=\\?\UNC\Mac\Home\Documents\mxd\BeiDou-Server\clien\Data\Mob\8190000.img
2026-07-07 15:01:58.941 [tid=6736] MapViewOfFile mapping=000020B0 result=34FB0000 err=0 access=0x00000004 offset=0:0 bytes=0
2026-07-07 15:01:58.951 [tid=6736] CreateFileMappingA input=000020B4 result=000020B8 err=0 name=(null) file=\\?\UNC\Mac\Home\Documents\mxd\BeiDou-Server\clien\Data\Mob\8200001.img
2026-07-07 15:01:58.952 [tid=6736] MapViewOfFile mapping=000020B8 result=34FF0000 err=0 access=0x00000004 offset=0:0 bytes=0
2026-07-07 15:01:58.963 [tid=6736] CreateFileMappingA input=00002058 result=000020BC err=0 name=(null) file=\\?\UNC\Mac\Home\Documents\mxd\BeiDou-Server\clien\Data\Mob\8200002.img
2026-07-07 15:01:58.963 [tid=6736] MapViewOfFile mapping=000020BC result=35030000 err=0 access=0x00000004 offset=0:0 bytes=0
2026-07-07 15:01:58.979 [tid=6736] CreateFileMappingA input=000020C0 result=000020C4 err=0 name=(null) file=\\?\UNC\Mac\Home\Documents\mxd\BeiDou-Server\clien\Data\Mob\8200003.img
2026-07-07 15:01:58.981 [tid=6736] MapViewOfFile mapping=000020C4 result=350B0000 err=0 access=0x00000004 offset=0:0 bytes=0
2026-07-07 15:01:58.994 [tid=6736] CreateFileMappingA input=000020C8 result=000020CC err=0 name=(null) file=\\?\UNC\Mac\Home\Documents\mxd\BeiDou-Server\clien\Data\Mob\8200004.img
2026-07-07 15:01:58.996 [tid=6736] MapViewOfFile mapping=000020CC result=35170000 err=0 access=0x00000004 offset=0:0 bytes=0
2026-07-07 15:01:59.005 [tid=6736] CreateFileMappingA input=000020D0 result=000020D4 err=0 name=(null) file=\\?\UNC\Mac\Home\Documents\mxd\BeiDou-Server\clien\Data\Mob\8160000.img
2026-07-07 15:01:59.006 [tid=6736] MapViewOfFile mapping=000020D4 result=35230000 err=0 access=0x00000004 offset=0:0 bytes=0
2026-07-07 15:01:59.016 [tid=6736] CreateFileMappingA input=000020D8 result=000020DC err=0 name=(null) file=\\?\UNC\Mac\Home\Documents\mxd\BeiDou-Server\clien\Data\Mob\8170000.img
2026-07-07 15:01:59.017 [tid=6736] MapViewOfFile mapping=000020DC result=35340000 err=0 access=0x00000004 offset=0:0 bytes=0
2026-07-07 15:01:59.028 [tid=6736] CreateFileMappingA input=000020E0 result=000020E4 err=0 name=(null) file=\\?\UNC\Mac\Home\Documents\mxd\BeiDou-Server\clien\Data\Mob\8190003.img
2026-07-07 15:01:59.029 [tid=6736] MapViewOfFile mapping=000020E4 result=35480000 err=0 access=0x00000004 offset=0:0 bytes=0
2026-07-07 15:01:59.038 [tid=6736] CreateFileMappingA input=000020E8 result=000020EC err=0 name=(null) file=\\?\UNC\Mac\Home\Documents\mxd\BeiDou-Server\clien\Data\Mob\8190004.img
2026-07-07 15:01:59.039 [tid=6736] MapViewOfFile mapping=000020EC result=354D0000 err=0 access=0x00000004 offset=0:0 bytes=0
2026-07-07 15:01:59.047 [tid=6736] CreateFileMappingA input=000020F0 result=000020F4 err=0 name=(null) file=\\?\UNC\Mac\Home\Documents\mxd\BeiDou-Server\clien\Data\Mob\8190002.img
2026-07-07 15:01:59.048 [tid=6736] MapViewOfFile mapping=000020F4 result=35540000 err=0 access=0x00000004 offset=0:0 bytes=0
2026-07-07 15:01:59.084 [tid=6736] CreateFileMappingA input=000020F8 result=000020FC err=0 name=(null) file=\\?\UNC\Mac\Home\Documents\mxd\BeiDou-Server\clien\Data\Mob\8200005.img
2026-07-07 15:01:59.087 [tid=6736] MapViewOfFile mapping=000020FC result=35590000 err=0 access=0x00000004 offset=0:0 bytes=0
2026-07-07 15:01:59.096 [tid=6736] CreateFileMappingA input=00002100 result=00002104 err=0 name=(null) file=\\?\UNC\Mac\Home\Documents\mxd\BeiDou-Server\clien\Data\Mob\8200006.img
2026-07-07 15:01:59.098 [tid=6736] MapViewOfFile mapping=00002104 result=355D0000 err=0 access=0x00000004 offset=0:0 bytes=0
2026-07-07 15:01:59.136 [tid=6736] CreateFileMappingA input=00002108 result=0000210C err=0 name=(null) file=\\?\UNC\Mac\Home\Documents\mxd\BeiDou-Server\clien\Data\Mob\8200007.img
2026-07-07 15:01:59.137 [tid=6736] MapViewOfFile mapping=0000210C result=35670000 err=0 access=0x00000004 offset=0:0 bytes=0
2026-07-07 15:01:59.156 [tid=6736] CreateFileMappingA input=00002114 result=00002118 err=0 name=(null) file=\\?\UNC\Mac\Home\Documents\mxd\BeiDou-Server\clien\Data\Mob\8200008.img
2026-07-07 15:01:59.157 [tid=6736] MapViewOfFile mapping=00002118 result=35730000 err=0 access=0x00000004 offset=0:0 bytes=0
2026-07-07 15:01:59.187 [tid=6736] CreateFileMappingA input=00002110 result=0000211C err=0 name=(null) file=\\?\UNC\Mac\Home\Documents\mxd\BeiDou-Server\clien\Data\Mob\8200009.img
2026-07-07 15:01:59.189 [tid=6736] MapViewOfFile mapping=0000211C result=35830000 err=0 access=0x00000004 offset=0:0 bytes=0
2026-07-07 15:01:59.210 [tid=6736] CreateFileMappingA input=00002120 result=00002124 err=0 name=(null) file=\\?\UNC\Mac\Home\Documents\mxd\BeiDou-Server\clien\Data\Mob\8200010.img
2026-07-07 15:01:59.214 [tid=6736] MapViewOfFile mapping=00002124 result=35870000 err=0 access=0x00000004 offset=0:0 bytes=0
2026-07-07 15:01:59.235 [tid=6736] CreateFileMappingA input=00002128 result=0000212C err=0 name=(null) file=\\?\UNC\Mac\Home\Documents\mxd\BeiDou-Server\clien\Data\Mob\8200011.img
2026-07-07 15:01:59.241 [tid=6736] MapViewOfFile mapping=0000212C result=35910000 err=0 access=0x00000004 offset=0:0 bytes=0
2026-07-07 15:01:59.266 [tid=6736] CreateFileMappingA input=00002130 result=00002134 err=0 name=(null) file=\\?\UNC\Mac\Home\Documents\mxd\BeiDou-Server\clien\Data\Mob\8200012.img
2026-07-07 15:01:59.270 [tid=6736] MapViewOfFile mapping=00002134 result=359E0000 err=0 access=0x00000004 offset=0:0 bytes=0
2026-07-07 15:01:59.295 [tid=6736] CreateFileMappingA input=00002138 result=0000213C err=0 name=(null) file=\\?\UNC\Mac\Home\Documents\mxd\BeiDou-Server\clien\Data\Mob\2220000.img
2026-07-07 15:01:59.296 [tid=6736] MapViewOfFile mapping=0000213C result=35B10000 err=0 access=0x00000004 offset=0:0 bytes=0
2026-07-07 15:01:59.314 [tid=6736] CreateFileMappingA input=00002144 result=00002148 err=0 name=(null) file=\\?\UNC\Mac\Home\Documents\mxd\BeiDou-Server\clien\Data\Mob\9300003.img
2026-07-07 15:01:59.316 [tid=6736] MapViewOfFile mapping=00002148 result=35B30000 err=0 access=0x00000004 offset=0:0 bytes=0
2026-07-07 15:01:59.357 [tid=6736] CreateFileMappingA input=00002150 result=00002154 err=0 name=(null) file=\\?\UNC\Mac\Home\Documents\mxd\BeiDou-Server\clien\Data\Mob\5220002.img
2026-07-07 15:01:59.360 [tid=6736] MapViewOfFile mapping=00002154 result=35B70000 err=0 access=0x00000004 offset=0:0 bytes=0
2026-07-07 15:01:59.385 [tid=6736] CreateFileMappingA input=00002158 result=0000215C err=0 name=(null) file=\\?\UNC\Mac\Home\Documents\mxd\BeiDou-Server\clien\Data\Mob\5220000.img
2026-07-07 15:01:59.387 [tid=6736] MapViewOfFile mapping=0000215C result=35BF0000 err=0 access=0x00000004 offset=0:0 bytes=0
2026-07-07 15:01:59.417 [tid=6736] CreateFileMappingA input=00002160 result=00002164 err=0 name=(null) file=\\?\UNC\Mac\Home\Documents\mxd\BeiDou-Server\clien\Data\Mob\9300012.img
2026-07-07 15:01:59.420 [tid=6736] MapViewOfFile mapping=00002164 result=35CC0000 err=0 access=0x00000004 offset=0:0 bytes=0
2026-07-07 15:01:59.436 [tid=6736] CreateFileMappingA input=00002168 result=0000216C err=0 name=(null) file=\\?\UNC\Mac\Home\Documents\mxd\BeiDou-Server\clien\Data\Mob\5220003.img
2026-07-07 15:01:59.438 [tid=6736] MapViewOfFile mapping=0000216C result=35DC0000 err=0 access=0x00000004 offset=0:0 bytes=0
2026-07-07 15:01:59.465 [tid=6736] CreateFileMappingA input=00002170 result=00002174 err=0 name=(null) file=\\?\UNC\Mac\Home\Documents\mxd\BeiDou-Server\clien\Data\Mob\6130101.img
2026-07-07 15:01:59.467 [tid=6736] MapViewOfFile mapping=00002174 result=35E30000 err=0 access=0x00000004 offset=0:0 bytes=0
2026-07-07 15:01:59.483 [tid=6736] CreateFileMappingA input=00002178 result=0000217C err=0 name=(null) file=\\?\UNC\Mac\Home\Documents\mxd\BeiDou-Server\clien\Data\Mob\6220000.img
2026-07-07 15:01:59.485 [tid=6736] MapViewOfFile mapping=0000217C result=35E50000 err=0 access=0x00000004 offset=0:0 bytes=0
2026-07-07 15:01:59.602 [tid=6736] CreateFileMappingA input=00002180 result=00002184 err=0 name=(null) file=\\?\UNC\Mac\Home\Documents\mxd\BeiDou-Server\clien\Data\Mob\6300005.img
2026-07-07 15:01:59.605 [tid=6736] MapViewOfFile mapping=00002184 result=35E90000 err=0 access=0x00000004 offset=0:0 bytes=0
2026-07-07 15:01:59.838 [tid=6736] CreateFileMappingA input=00002140 result=0000204C err=0 name=(null) file=\\?\UNC\Mac\Home\Documents\mxd\BeiDou-Server\clien\Data\Mob\7220001.img
2026-07-07 15:01:59.840 [tid=6736] MapViewOfFile mapping=0000204C result=35EA0000 err=0 access=0x00000004 offset=0:0 bytes=0
2026-07-07 15:01:59.873 [tid=6736] CreateFileMappingA input=00002188 result=0000218C err=0 name=(null) file=\\?\UNC\Mac\Home\Documents\mxd\BeiDou-Server\clien\Data\Mob\7220000.img
2026-07-07 15:01:59.874 [tid=6736] MapViewOfFile mapping=0000218C result=35F30000 err=0 access=0x00000004 offset=0:0 bytes=0
2026-07-07 15:01:59.894 [tid=6736] CreateFileMappingA input=00002190 result=00002194 err=0 name=(null) file=\\?\UNC\Mac\Home\Documents\mxd\BeiDou-Server\clien\Data\Mob\9300119.img
2026-07-07 15:01:59.896 [tid=6736] MapViewOfFile mapping=00002194 result=36000000 err=0 access=0x00000004 offset=0:0 bytes=0
2026-07-07 15:01:59.910 [tid=6736] CreateFileMappingA input=00002198 result=0000219C err=0 name=(null) file=\\?\UNC\Mac\Home\Documents\mxd\BeiDou-Server\clien\Data\Mob\9300039.img
2026-07-07 15:01:59.911 [tid=6736] MapViewOfFile mapping=0000219C result=360E0000 err=0 access=0x00000004 offset=0:0 bytes=0
2026-07-07 15:01:59.925 [tid=6736] CreateFileMappingA input=000021A0 result=000021A4 err=0 name=(null) file=\\?\UNC\Mac\Home\Documents\mxd\BeiDou-Server\clien\Data\Mob\7220002.img
2026-07-07 15:01:59.927 [tid=6736] MapViewOfFile mapping=000021A4 result=361A0000 err=0 access=0x00000004 offset=0:0 bytes=0
2026-07-07 15:01:59.946 [tid=6736] CreateFileMappingA input=000021A8 result=000021AC err=0 name=(null) file=\\?\UNC\Mac\Home\Documents\mxd\BeiDou-Server\clien\Data\Mob\9300139.img
2026-07-07 15:01:59.948 [tid=6736] MapViewOfFile mapping=000021AC result=36250000 err=0 access=0x00000004 offset=0:0 bytes=0
2026-07-07 15:01:59.964 [tid=6736] CreateFileMappingA input=000021B0 result=000021B4 err=0 name=(null) file=\\?\UNC\Mac\Home\Documents\mxd\BeiDou-Server\clien\Data\Mob\8220000.img
2026-07-07 15:01:59.965 [tid=6736] MapViewOfFile mapping=000021B4 result=362F0000 err=0 access=0x00000004 offset=0:0 bytes=0
2026-07-07 15:01:59.982 [tid=6736] CreateFileMappingA input=000021B8 result=000021BC err=0 name=(null) file=\\?\UNC\Mac\Home\Documents\mxd\BeiDou-Server\clien\Data\Mob\8220001.img
2026-07-07 15:01:59.983 [tid=6736] MapViewOfFile mapping=000021BC result=36350000 err=0 access=0x00000004 offset=0:0 bytes=0
2026-07-07 15:02:00.000 [tid=6736] CreateFileMappingA input=000021C0 result=000021C4 err=0 name=(null) file=\\?\UNC\Mac\Home\Documents\mxd\BeiDou-Server\clien\Data\Mob\8150000.img
2026-07-07 15:02:00.001 [tid=6736] MapViewOfFile mapping=000021C4 result=363C0000 err=0 access=0x00000004 offset=0:0 bytes=0
2026-07-07 15:02:00.015 [tid=6736] CreateFileMappingA input=000021C8 result=000021CC err=0 name=(null) file=\\?\UNC\Mac\Home\Documents\mxd\BeiDou-Server\clien\Data\Mob\8180000.img
2026-07-07 15:02:00.018 [tid=6736] MapViewOfFile mapping=000021CC result=36430000 err=0 access=0x00000004 offset=0:0 bytes=0
2026-07-07 15:02:00.041 [tid=6736] CreateFileMappingA input=0000214C result=000021D0 err=0 name=(null) file=\\?\UNC\Mac\Home\Documents\mxd\BeiDou-Server\clien\Data\Mob\8180001.img
2026-07-07 15:02:00.044 [tid=6736] MapViewOfFile mapping=000021D0 result=36570000 err=0 access=0x00000004 offset=0:0 bytes=0
2026-07-07 15:02:00.070 [tid=6736] CreateFileMappingA input=000021D8 result=000021DC err=0 name=(null) file=\\?\UNC\Mac\Home\Documents\mxd\BeiDou-Server\clien\Data\Mob\8510000.img
2026-07-07 15:02:00.074 [tid=6736] MapViewOfFile mapping=000021DC result=36680000 err=0 access=0x00000004 offset=0:0 bytes=0
2026-07-07 15:02:00.101 [tid=6736] CreateFileMappingA input=000021E0 result=000021E4 err=0 name=(null) file=\\?\UNC\Mac\Home\Documents\mxd\BeiDou-Server\clien\Data\Mob\9300028.img
2026-07-07 15:02:00.103 [tid=6736] MapViewOfFile mapping=000021E4 result=36AC0000 err=0 access=0x00000004 offset=0:0 bytes=0
2026-07-07 15:02:00.128 [tid=6736] CreateFileMappingA input=000021E8 result=000021EC err=0 name=(null) file=\\?\UNC\Mac\Home\Documents\mxd\BeiDou-Server\clien\Data\Mob\8500002.img
2026-07-07 15:02:00.131 [tid=6736] MapViewOfFile mapping=000021EC result=36CF0000 err=0 access=0x00000004 offset=0:0 bytes=0
2026-07-07 15:02:00.149 [tid=6736] CreateFileMappingA input=000021F0 result=000021F4 err=0 name=(null) file=\\?\UNC\Mac\Home\Documents\mxd\BeiDou-Server\clien\Data\Mob\8800002.img
2026-07-07 15:02:00.154 [tid=6736] MapViewOfFile mapping=000021F4 result=36D20000 err=0 access=0x00000004 offset=0:0 bytes=0
2026-07-07 15:02:00.191 [tid=6736] CreateFileMappingA input=000021F8 result=000021FC err=0 name=(null) file=\\?\UNC\Mac\Home\Documents\mxd\BeiDou-Server\clien\Data\Mob\8810018.img
2026-07-07 15:02:00.192 [tid=6736] MapViewOfFile mapping=000021FC result=37300000 err=0 access=0x00000004 offset=0:0 bytes=0
2026-07-07 15:02:00.203 [tid=6736] CreateFileMappingA input=00002200 result=00002204 err=0 name=(null) file=\\?\UNC\Mac\Home\Documents\mxd\BeiDou-Server\clien\Data\Mob\3220000.img
2026-07-07 15:02:00.205 [tid=6736] MapViewOfFile mapping=00002204 result=377F0000 err=0 access=0x00000004 offset=0:0 bytes=0
2026-07-07 15:02:00.227 [tid=6736] CreateFileMappingA input=00002208 result=0000220C err=0 name=(null) file=\\?\UNC\Mac\Home\Documents\mxd\BeiDou-Server\clien\Data\Mob\8130100.img
2026-07-07 15:02:00.230 [tid=6736] MapViewOfFile mapping=0000220C result=37870000 err=0 access=0x00000004 offset=0:0 bytes=0
2026-07-07 15:02:00.243 [tid=6736] CreateFileMappingA input=00002210 result=00002214 err=0 name=(null) file=\\?\UNC\Mac\Home\Documents\mxd\BeiDou-Server\clien\Data\Mob\9500320.img
2026-07-07 15:02:00.243 [tid=6736] MapViewOfFile mapping=00002214 result=378B0000 err=0 access=0x00000004 offset=0:0 bytes=0
2026-07-07 15:02:00.270 [tid=6736] CreateFileMappingA input=00002218 result=0000221C err=0 name=(null) file=\\?\UNC\Mac\Home\Documents\mxd\BeiDou-Server\clien\Data\Mob\9500317.img
2026-07-07 15:02:00.272 [tid=6736] MapViewOfFile mapping=0000221C result=378C0000 err=0 access=0x00000004 offset=0:0 bytes=0
2026-07-07 15:02:00.283 [tid=6736] CreateFileMappingA input=00002224 result=00002228 err=0 name=(null) file=\\?\UNC\Mac\Home\Documents\mxd\BeiDou-Server\clien\Data\Mob\3220001.img
2026-07-07 15:02:00.285 [tid=6736] MapViewOfFile mapping=00002228 result=378E0000 err=0 access=0x00000004 offset=0:0 bytes=0
2026-07-07 15:02:00.295 [tid=6736] CreateFileMappingA input=0000222C result=00002230 err=0 name=(null) file=\\?\UNC\Mac\Home\Documents\mxd\BeiDou-Server\clien\Data\Mob\4220000.img
2026-07-07 15:02:00.296 [tid=6736] MapViewOfFile mapping=00002230 result=37920000 err=0 access=0x00000004 offset=0:0 bytes=0
2026-07-07 15:02:00.316 [tid=6736] CreateFileMappingA input=00002234 result=00002238 err=0 name=(null) file=\\?\UNC\Mac\Home\Documents\mxd\BeiDou-Server\clien\Data\Mob\6220001.img
2026-07-07 15:02:00.317 [tid=6736] MapViewOfFile mapping=00002238 result=37970000 err=0 access=0x00000004 offset=0:0 bytes=0
2026-07-07 15:02:00.328 [tid=6736] CreateFileMappingA input=0000223C result=00002240 err=0 name=(null) file=\\?\UNC\Mac\Home\Documents\mxd\BeiDou-Server\clien\Data\Mob\8220002.img
2026-07-07 15:02:00.330 [tid=6736] MapViewOfFile mapping=00002240 result=379A0000 err=0 access=0x00000004 offset=0:0 bytes=0
2026-07-07 15:02:00.344 [tid=6736] CreateFileMappingA input=00002248 result=0000224C err=0 name=(null) file=\\?\UNC\Mac\Home\Documents\mxd\BeiDou-Server\clien\Data\Mob\8220003.img
2026-07-07 15:02:00.345 [tid=6736] MapViewOfFile mapping=0000224C result=379F0000 err=0 access=0x00000004 offset=0:0 bytes=0
2026-07-07 15:02:00.361 [tid=6736] CreateFileMappingA input=00002250 result=00002254 err=0 name=(null) file=\\?\UNC\Mac\Home\Documents\mxd\BeiDou-Server\clien\Data\Mob\9300182.img
2026-07-07 15:02:00.363 [tid=6736] MapViewOfFile mapping=00002254 result=37B10000 err=0 access=0x00000004 offset=0:0 bytes=0
2026-07-07 15:02:00.380 [tid=6736] CreateFileMappingA input=00002258 result=0000225C err=0 name=(null) file=\\?\UNC\Mac\Home\Documents\mxd\BeiDou-Server\clien\Data\Mob\8220004.img
2026-07-07 15:02:00.381 [tid=6736] MapViewOfFile mapping=0000225C result=37C80000 err=0 access=0x00000004 offset=0:0 bytes=0
2026-07-07 15:02:00.396 [tid=6736] CreateFileMappingA input=00002260 result=00002264 err=0 name=(null) file=\\?\UNC\Mac\Home\Documents\mxd\BeiDou-Server\clien\Data\Mob\8220005.img
2026-07-07 15:02:00.397 [tid=6736] MapViewOfFile mapping=00002264 result=37D60000 err=0 access=0x00000004 offset=0:0 bytes=0
2026-07-07 15:02:00.415 [tid=6736] CreateFileMappingA input=00002268 result=0000226C err=0 name=(null) file=\\?\UNC\Mac\Home\Documents\mxd\BeiDou-Server\clien\Data\Mob\8220006.img
2026-07-07 15:02:00.417 [tid=6736] MapViewOfFile mapping=0000226C result=37E90000 err=0 access=0x00000004 offset=0:0 bytes=0
2026-07-07 15:02:00.444 [tid=6736] CreateFileMappingA input=00002270 result=00002274 err=0 name=(null) file=\\?\UNC\Mac\Home\Documents\mxd\BeiDou-Server\clien\Data\Mob\8820000.img
2026-07-07 15:02:00.446 [tid=6736] MapViewOfFile mapping=00002274 result=37FF0000 err=0 access=0x00000004 offset=0:0 bytes=0
2026-07-07 15:02:00.465 [tid=6736] CreateFileMappingA input=00002278 result=0000227C err=0 name=(null) file=\\?\UNC\Mac\Home\Documents\mxd\BeiDou-Server\clien\Data\Mob\9300215.img
2026-07-07 15:02:00.466 [tid=6736] MapViewOfFile mapping=0000227C result=38100000 err=0 access=0x00000004 offset=0:0 bytes=0
2026-07-07 15:02:00.582 [tid=6736] CreateFileMappingA input=00002284 result=00002288 err=0 name=(null) file=\\?\UNC\Mac\Home\Documents\mxd\BeiDou-Server\clien\Data\Mob\5220004.img
2026-07-07 15:02:00.583 [tid=6736] MapViewOfFile mapping=00002288 result=38330000 err=0 access=0x00000004 offset=0:0 bytes=0
2026-07-07 15:02:00.601 [tid=6736] CreateFileMappingA input=0000228C result=00002290 err=0 name=(null) file=\\?\UNC\Mac\Home\Documents\mxd\BeiDou-Server\clien\Data\Mob\8220007.img
2026-07-07 15:02:00.602 [tid=6736] MapViewOfFile mapping=00002290 result=38430000 err=0 access=0x00000004 offset=0:0 bytes=0
2026-07-07 15:02:00.614 [tid=6736] CreateFileMappingA input=00002294 result=00002298 err=0 name=(null) file=\\?\UNC\Mac\Home\Documents\mxd\BeiDou-Server\clien\Data\Mob\8220009.img
2026-07-07 15:02:00.615 [tid=6736] MapViewOfFile mapping=00002298 result=38450000 err=0 access=0x00000004 offset=0:0 bytes=0
2026-07-07 15:02:00.650 [tid=6736] CreateFileMappingA input=00002220 result=0000229C err=0 name=(null) file=\\?\UNC\Mac\Home\Documents\mxd\BeiDou-Server\clien\Data\Mob\8830000.img
2026-07-07 15:02:00.651 [tid=6736] MapViewOfFile mapping=0000229C result=38730000 err=0 access=0x00000004 offset=0:0 bytes=0
2026-07-07 15:02:00.705 [tid=6736] CreateFileMappingA input=000022A0 result=000022A4 err=0 name=(null) file=\\?\UNC\Mac\Home\Documents\mxd\BeiDou-Server\clien\Data\Mob\3300005.img
2026-07-07 15:02:00.706 [tid=6736] MapViewOfFile mapping=000022A4 result=396C0000 err=0 access=0x00000004 offset=0:0 bytes=0
2026-07-07 15:02:00.716 [tid=6736] CreateFileMappingA input=00002244 result=000022A8 err=0 name=(null) file=\\?\UNC\Mac\Home\Documents\mxd\BeiDou-Server\clien\Data\Mob\3300006.img
2026-07-07 15:02:00.717 [tid=6736] MapViewOfFile mapping=000022A8 result=39740000 err=0 access=0x00000004 offset=0:0 bytes=0
2026-07-07 15:02:00.730 [tid=6736] CreateFileMappingA input=000022AC result=000022B0 err=0 name=(null) file=\\?\UNC\Mac\Home\Documents\mxd\BeiDou-Server\clien\Data\Mob\3300007.img
2026-07-07 15:02:00.731 [tid=6736] MapViewOfFile mapping=000022B0 result=397C0000 err=0 access=0x00000004 offset=0:0 bytes=0
2026-07-07 15:02:00.744 [tid=6736] CreateFileMappingA input=000022B4 result=000022B8 err=0 name=(null) file=\\?\UNC\Mac\Home\Documents\mxd\BeiDou-Server\clien\Data\Mob\3300008.img
2026-07-07 15:02:00.746 [tid=6736] MapViewOfFile mapping=000022B8 result=39840000 err=0 access=0x00000004 offset=0:0 bytes=0
2026-07-07 15:02:00.759 [tid=6736] CreateFileMappingA input=000022BC result=000022C0 err=0 name=(null) file=\\?\UNC\Mac\Home\Documents\mxd\BeiDou-Server\clien\Data\String\MonsterBook.img
2026-07-07 15:02:00.762 [tid=6736] MapViewOfFile mapping=000022C0 result=39890000 err=0 access=0x00000004 offset=0:0 bytes=0
2026-07-07 15:02:00.988 [tid=6736] CreateFileMappingA input=000022C4 result=000022C8 err=0 name=(null) file=\\?\UNC\Mac\Home\Documents\mxd\BeiDou-Server\clien\Data\Mob\9300255.img
2026-07-07 15:02:00.990 [tid=6736] MapViewOfFile mapping=000022C8 result=398D0000 err=0 access=0x00000004 offset=0:0 bytes=0
2026-07-07 15:02:01.008 [tid=6736] CreateFileMappingA input=000022CC result=000022D0 err=0 name=(null) file=\\?\UNC\Mac\Home\Documents\mxd\BeiDou-Server\clien\Data\UI\UIWindow.img
2026-07-07 15:02:01.009 [tid=6736] MapViewOfFile mapping=000022D0 result=398E0000 err=0 access=0x00000004 offset=0:0 bytes=0
2026-07-07 15:02:01.038 [tid=6736] FindFirstFileA result=FFFFFFFF err=2 pattern=C:\Mac\Home\Documents\mxd\BeiDou-Server\clien\*.mix
2026-07-07 15:02:01.040 [tid=6736] FindFirstFileA result=FFFFFFFF err=3 pattern=C:\Mac\Home\Documents\mxd\BeiDou-Server\clien\./redist/*.mix
2026-07-07 15:02:01.041 [tid=6736] FindFirstFileA result=FFFFFFFF err=2 pattern=C:\Mac\Home\Documents\mxd\BeiDou-Server\clien\*.asi
2026-07-07 15:02:01.042 [tid=6736] FindFirstFileA result=FFFFFFFF err=3 pattern=C:\Mac\Home\Documents\mxd\BeiDou-Server\clien\./redist/*.asi
2026-07-07 15:02:01.043 [tid=6736] FindFirstFileA result=FFFFFFFF err=2 pattern=C:\Mac\Home\Documents\mxd\BeiDou-Server\clien\*.flt
2026-07-07 15:02:01.044 [tid=6736] FindFirstFileA result=FFFFFFFF err=3 pattern=C:\Mac\Home\Documents\mxd\BeiDou-Server\clien\./redist/*.flt
2026-07-07 15:02:01.046 [tid=6736] LoadLibraryA result=702E0000 err=0 path=DSOUND.DLL
2026-07-07 15:02:01.934 [tid=6736] CreateFileMappingA input=000023D8 result=000023DC err=0 name=(null) file=\\?\UNC\Mac\Home\Documents\mxd\BeiDou-Server\clien\Data\UI\Logo.img
2026-07-07 15:02:01.935 [tid=6736] MapViewOfFile mapping=000023DC result=3BC60000 err=0 access=0x00000004 offset=0:0 bytes=0
2026-07-07 15:02:01.964 [tid=6736] CreateFileMappingA input=000023E0 result=000023E4 err=0 name=(null) file=\\?\UNC\Mac\Home\Documents\mxd\BeiDou-Server\clien\Data\Sound\BgmUI.img
2026-07-07 15:02:01.965 [tid=6736] MapViewOfFile mapping=000023E4 result=3BE10000 err=0 access=0x00000004 offset=0:0 bytes=0
2026-07-07 15:02:01.992 [tid=6736] CreateFileMappingA input=000023E8 result=000023F0 err=0 name=(null) file=\\?\UNC\Mac\Home\Documents\mxd\BeiDou-Server\clien\Data\Map\Physics.img
2026-07-07 15:02:01.994 [tid=6736] MapViewOfFile mapping=000023F0 result=3C5A0000 err=0 access=0x00000004 offset=0:0 bytes=0
2026-07-07 15:02:01.999 [tid=6736] CreateFileMappingA input=000023E8 result=000023F0 err=0 name=(null) file=\\?\UNC\Mac\Home\Documents\mxd\BeiDou-Server\clien\Data\UI\MapLogin.img
2026-07-07 15:02:02.000 [tid=6736] MapViewOfFile mapping=000023F0 result=3C5A0000 err=0 access=0x00000004 offset=0:0 bytes=0
2026-07-07 15:02:02.015 [tid=6736] CreateFileMappingA input=000023F4 result=00002414 err=0 name=(null) file=\\?\UNC\Mac\Home\Documents\mxd\BeiDou-Server\clien\Data\Map\Obj\login.img
2026-07-07 15:02:02.016 [tid=6736] MapViewOfFile mapping=00002414 result=3C5B0000 err=0 access=0x00000004 offset=0:0 bytes=0
2026-07-07 15:02:02.161 [tid=6736] CreateFileMappingA input=00002418 result=0000241C err=0 name=(null) file=\\?\UNC\Mac\Home\Documents\mxd\BeiDou-Server\clien\Data\Map\Back\login.img
2026-07-07 15:02:02.162 [tid=6736] MapViewOfFile mapping=0000241C result=3CA80000 err=0 access=0x00000004 offset=0:0 bytes=0
2026-07-07 15:02:02.634 [tid=6736] CreateFileMappingA input=00002420 result=00002424 err=0 name=(null) file=\\?\UNC\Mac\Home\Documents\mxd\BeiDou-Server\clien\Data\UI\Login.img
2026-07-07 15:02:02.636 [tid=6736] MapViewOfFile mapping=00002424 result=3F0E0000 err=0 access=0x00000004 offset=0:0 bytes=0
2026-07-07 15:02:02.767 [tid=6736] CreateFileMappingA input=0000242C result=00002428 err=0 name=(null) file=\\?\UNC\Mac\Home\Documents\mxd\BeiDou-Server\clien\Data\Etc\MakeCharInfo.img
2026-07-07 15:02:02.768 [tid=6736] MapViewOfFile mapping=00002428 result=3F830000 err=0 access=0x00000004 offset=0:0 bytes=0
2026-07-07 15:02:02.777 [tid=6736] CreateFileMappingA input=00002430 result=00002434 err=0 name=(null) file=\\?\UNC\Mac\Home\Documents\mxd\BeiDou-Server\clien\Data\Sound\BgmUI.img
2026-07-07 15:02:02.777 [tid=6736] MapViewOfFile mapping=00002434 result=3F840000 err=0 access=0x00000004 offset=0:0 bytes=0
2026-07-07 15:04:08.994 [tid=6736] CreateFileMappingA input=00000158 result=00002458 err=0 name=(null) file=\\?\UNC\Mac\Home\Documents\mxd\BeiDou-Server\clien\Data\Sound\UI.img
2026-07-07 15:04:08.995 [tid=6736] MapViewOfFile mapping=00002458 result=0ABD0000 err=0 access=0x00000004 offset=0:0 bytes=0
2026-07-07 15:04:11.488 [tid=6736] CreateFileMappingA input=00002464 result=00002468 err=0 name=(null) file=\\?\UNC\Mac\Home\Documents\mxd\BeiDou-Server\clien\Data\Character\Weapon\01302000.img
2026-07-07 15:04:11.489 [tid=6736] MapViewOfFile mapping=00002468 result=0AC30000 err=0 access=0x00000004 offset=0:0 bytes=0
2026-07-07 15:04:11.498 [tid=6736] CreateFileMappingA input=00002470 result=00002474 err=0 name=(null) file=\\?\UNC\Mac\Home\Documents\mxd\BeiDou-Server\clien\Data\Character\Longcoat\01052668.img
2026-07-07 15:04:11.499 [tid=6736] MapViewOfFile mapping=00002474 result=0AC40000 err=0 access=0x00000004 offset=0:0 bytes=0
2026-07-07 15:04:11.507 [tid=6736] CreateFileMappingA input=00002478 result=0000247C err=0 name=(null) file=\\?\UNC\Mac\Home\Documents\mxd\BeiDou-Server\clien\Data\Character\00012000.img
2026-07-07 15:04:11.509 [tid=6736] MapViewOfFile mapping=0000247C result=40F40000 err=0 access=0x00000004 offset=0:0 bytes=0
2026-07-07 15:04:11.515 [tid=6736] CreateFileMappingA input=00002480 result=00002484 err=0 name=(null) file=\\?\UNC\Mac\Home\Documents\mxd\BeiDou-Server\clien\Data\Character\Hair\00046546.img
2026-07-07 15:04:11.516 [tid=6736] MapViewOfFile mapping=00002484 result=0AC60000 err=0 access=0x00000004 offset=0:0 bytes=0
2026-07-07 15:04:11.532 [tid=6736] CreateFileMappingA input=00002488 result=0000248C err=0 name=(null) file=\\?\UNC\Mac\Home\Documents\mxd\BeiDou-Server\clien\Data\Character\Shoes\01073011.img
2026-07-07 15:04:11.533 [tid=6736] MapViewOfFile mapping=0000248C result=0AC70000 err=0 access=0x00000004 offset=0:0 bytes=0
2026-07-07 15:04:11.544 [tid=6736] CreateFileMappingA input=00002490 result=00002494 err=0 name=(null) file=\\?\UNC\Mac\Home\Documents\mxd\BeiDou-Server\clien\Data\Character\Face\00020000.img
2026-07-07 15:04:11.546 [tid=6736] MapViewOfFile mapping=00002494 result=0AC80000 err=0 access=0x00000004 offset=0:0 bytes=0
2026-07-07 15:04:11.556 [tid=6736] CreateFileMappingA input=00002498 result=0000249C err=0 name=(null) file=\\?\UNC\Mac\Home\Documents\mxd\BeiDou-Server\clien\Data\Etc\EmotionEffect.img
2026-07-07 15:04:11.558 [tid=6736] MapViewOfFile mapping=0000249C result=0AC90000 err=0 access=0x00000004 offset=0:0 bytes=0
2026-07-07 15:04:12.577 [tid=6736] CreateFileMappingA input=000024D0 result=000024D4 err=0 name=(null) file=\\?\UNC\Mac\Home\Documents\mxd\BeiDou-Server\clien\Data\Sound\Game.img
2026-07-07 15:04:12.578 [tid=6736] MapViewOfFile mapping=000024D4 result=0F740000 err=0 access=0x00000004 offset=0:0 bytes=0
2026-07-07 15:04:13.908 [tid=6736] CreateFileMappingA input=000024DC result=000024E0 err=0 name=(null) file=\\?\UNC\Mac\Home\Documents\mxd\BeiDou-Server\clien\Data\Map\Map\Map1\104040000.img
2026-07-07 15:04:13.911 [tid=6736] MapViewOfFile mapping=000024E0 result=0F790000 err=0 access=0x00000004 offset=0:0 bytes=0
2026-07-07 15:04:14.068 [tid=6736] CreateFileMappingA input=000024E4 result=000024E8 err=0 name=(null) file=\\?\UNC\Mac\Home\Documents\mxd\BeiDou-Server\clien\Data\Item\Special\0900.img
2026-07-07 15:04:14.073 [tid=6736] MapViewOfFile mapping=000024E8 result=0F7B0000 err=0 access=0x00000004 offset=0:0 bytes=0
2026-07-07 15:04:14.105 [tid=6736] CreateFileMappingA input=000024F4 result=000024F8 err=0 name=(null) file=\\?\UNC\Mac\Home\Documents\mxd\BeiDou-Server\clien\Data\Map\MapHelper.img
2026-07-07 15:04:14.106 [tid=6736] MapViewOfFile mapping=000024F8 result=42C30000 err=0 access=0x00000004 offset=0:0 bytes=0
2026-07-07 15:04:14.121 [tid=6736] CreateFileMappingA input=000024FC result=00002500 err=0 name=(null) file=\\?\UNC\Mac\Home\Documents\mxd\BeiDou-Server\clien\Data\UI\Basic.img
2026-07-07 15:04:14.122 [tid=6736] MapViewOfFile mapping=00002500 result=0F7C0000 err=0 access=0x00000004 offset=0:0 bytes=0
2026-07-07 15:04:14.129 [tid=6736] CreateFileMappingA input=00002504 result=00002508 err=0 name=(null) file=\\?\UNC\Mac\Home\Documents\mxd\BeiDou-Server\clien\Data\UI\StatusBar.img
2026-07-07 15:04:14.130 [tid=6736] MapViewOfFile mapping=00002508 result=0F810000 err=0 access=0x00000004 offset=0:0 bytes=0
2026-07-07 15:04:14.167 [tid=6736] CreateFileMappingA input=0000250C result=00002510 err=0 name=(null) file=\\?\UNC\Mac\Home\Documents\mxd\BeiDou-Server\clien\Data\String\ToolTipHelp.img
2026-07-07 15:04:14.168 [tid=6736] MapViewOfFile mapping=00002510 result=42EE0000 err=0 access=0x00000004 offset=0:0 bytes=0
2026-07-07 15:04:14.304 [tid=6736] CreateFileMappingA input=000024EC result=00002514 err=0 name=(null) file=\\?\UNC\Mac\Home\Documents\mxd\BeiDou-Server\clien\Data\Etc\Tips.img
2026-07-07 15:04:14.305 [tid=6736] MapViewOfFile mapping=00002514 result=42F00000 err=0 access=0x00000004 offset=0:0 bytes=0
2026-07-07 15:04:14.309 [tid=6736] CreateFileMappingA input=00002518 result=0000251C err=0 name=(null) file=\\?\UNC\Mac\Home\Documents\mxd\BeiDou-Server\clien\Data\Map\Map\AreaCode.img
2026-07-07 15:04:14.310 [tid=6736] MapViewOfFile mapping=0000251C result=42F10000 err=0 access=0x00000004 offset=0:0 bytes=0
2026-07-07 15:04:14.314 [tid=6736] CreateFileMappingA input=00002518 result=0000251C err=0 name=(null) file=\\?\UNC\Mac\Home\Documents\mxd\BeiDou-Server\clien\Data\Etc\Commodity.img
2026-07-07 15:04:14.315 [tid=6736] MapViewOfFile mapping=0000251C result=42F10000 err=0 access=0x00000004 offset=0:0 bytes=0
2026-07-07 15:04:14.358 [tid=6736] CreateFileMappingA input=00002520 result=00002524 err=0 name=(null) file=\\?\UNC\Mac\Home\Documents\mxd\BeiDou-Server\clien\Data\Etc\CashPackage.img
2026-07-07 15:04:14.359 [tid=6736] MapViewOfFile mapping=00002524 result=42FE0000 err=0 access=0x00000004 offset=0:0 bytes=0
2026-07-07 15:04:14.385 [tid=6736] CreateFileMappingA input=000024AC result=000024A8 err=0 name=(null) file=\\?\UNC\Mac\Home\Documents\mxd\BeiDou-Server\clien\Data\Map\Tile\grassySoil.img
2026-07-07 15:04:14.388 [tid=6736] MapViewOfFile mapping=000024A8 result=42FF0000 err=0 access=0x00000004 offset=0:0 bytes=0
2026-07-07 15:04:14.409 [tid=6736] CreateFileMappingA input=00002528 result=0000252C err=0 name=(null) file=\\?\UNC\Mac\Home\Documents\mxd\BeiDou-Server\clien\Data\Map\Obj\acc1.img
2026-07-07 15:04:14.411 [tid=6736] MapViewOfFile mapping=0000252C result=43000000 err=0 access=0x00000004 offset=0:0 bytes=0
2026-07-07 15:04:14.631 [tid=6736] CreateFileMappingA input=00002530 result=00002534 err=0 name=(null) file=\\?\UNC\Mac\Home\Documents\mxd\BeiDou-Server\clien\Data\Map\Obj\guide.img
2026-07-07 15:04:14.633 [tid=6736] MapViewOfFile mapping=00002534 result=43900000 err=0 access=0x00000004 offset=0:0 bytes=0
2026-07-07 15:04:14.658 [tid=6736] CreateFileMappingA input=00002538 result=0000253C err=0 name=(null) file=\\?\UNC\Mac\Home\Documents\mxd\BeiDou-Server\clien\Data\Map\Obj\connect.img
2026-07-07 15:04:14.659 [tid=6736] MapViewOfFile mapping=0000253C result=43A70000 err=0 access=0x00000004 offset=0:0 bytes=0
2026-07-07 15:04:14.736 [tid=6736] CreateFileMappingA input=00002544 result=00002548 err=0 name=(null) file=\\?\UNC\Mac\Home\Documents\mxd\BeiDou-Server\clien\Data\Map\Back\grassySoil.img
2026-07-07 15:04:14.738 [tid=6736] MapViewOfFile mapping=00002548 result=43AF0000 err=0 access=0x00000004 offset=0:0 bytes=0
2026-07-07 15:04:14.932 [tid=6736] CreateFileMappingA input=0000254C result=00002550 err=0 name=(null) file=\\?\UNC\Mac\Home\Documents\mxd\BeiDou-Server\clien\Data\String\Npc.img
2026-07-07 15:04:14.933 [tid=6736] MapViewOfFile mapping=00002550 result=44F70000 err=0 access=0x00000004 offset=0:0 bytes=0
2026-07-07 15:04:14.978 [tid=6736] CreateFileMappingA input=00002554 result=00002558 err=0 name=(null) file=\\?\UNC\Mac\Home\Documents\mxd\BeiDou-Server\clien\Data\Npc\9000068.img
2026-07-07 15:04:14.979 [tid=6736] MapViewOfFile mapping=00002558 result=45110000 err=0 access=0x00000004 offset=0:0 bytes=0
2026-07-07 15:04:14.984 [tid=6736] CreateFileMappingA input=0000255C result=00002560 err=0 name=(null) file=\\?\UNC\Mac\Home\Documents\mxd\BeiDou-Server\clien\Data\Etc\NpcLocation.img
2026-07-07 15:04:14.985 [tid=6736] MapViewOfFile mapping=00002560 result=45120000 err=0 access=0x00000004 offset=0:0 bytes=0
2026-07-07 15:04:15.004 [tid=6736] CreateFileMappingA input=00002564 result=00002568 err=0 name=(null) file=\\?\UNC\Mac\Home\Documents\mxd\BeiDou-Server\clien\Data\Sound\Bgm01.img
2026-07-07 15:04:15.005 [tid=6736] MapViewOfFile mapping=00002568 result=45140000 err=0 access=0x00000004 offset=0:0 bytes=0
2026-07-07 15:04:15.345 [tid=6736] CreateFileMappingA input=00000E44 result=00000E1C err=0 name=(null) file=\\?\UNC\Mac\Home\Documents\mxd\BeiDou-Server\clien\Data\Character\Coat\01040002.img
2026-07-07 15:04:15.346 [tid=6736] MapViewOfFile mapping=00000E1C result=0FF80000 err=0 access=0x00000004 offset=0:0 bytes=0
2026-07-07 15:04:15.363 [tid=6736] CreateFileMappingA input=00000E98 result=00000E50 err=0 name=(null) file=\\?\UNC\Mac\Home\Documents\mxd\BeiDou-Server\clien\Data\Character\Pants\01062001.img
2026-07-07 15:04:15.365 [tid=6736] MapViewOfFile mapping=00000E50 result=0FF90000 err=0 access=0x00000004 offset=0:0 bytes=0
2026-07-07 15:04:15.371 [tid=6736] CreateFileMappingA input=00000EA8 result=00000EAC err=0 name=(null) file=\\?\UNC\Mac\Home\Documents\mxd\BeiDou-Server\clien\Data\Character\Shoes\01072001.img
2026-07-07 15:04:15.373 [tid=6736] MapViewOfFile mapping=00000EAC result=0FFA0000 err=0 access=0x00000004 offset=0:0 bytes=0
2026-07-07 15:04:15.390 [tid=6736] CreateFileMappingA input=00000E94 result=00000EFC err=0 name=(null) file=\\?\UNC\Mac\Home\Documents\mxd\BeiDou-Server\clien\Data\Character\Ring\01118017.img
2026-07-07 15:04:15.391 [tid=6736] MapViewOfFile mapping=00000EFC result=126D0000 err=0 access=0x00000004 offset=0:0 bytes=0
2026-07-07 15:04:15.446 [tid=6736] CreateFileMappingA input=00000EBC result=00000F0C err=0 name=(null) file=\\?\UNC\Mac\Home\Documents\mxd\BeiDou-Server\clien\Data\Effect\CharacterEff.img
2026-07-07 15:04:15.448 [tid=6736] MapViewOfFile mapping=00000F0C result=16680000 err=0 access=0x00000004 offset=0:0 bytes=0
2026-07-07 15:04:15.487 [tid=6736] CreateFileMappingA input=00000FBC result=00000F70 err=0 name=(null) file=\\?\UNC\Mac\Home\Documents\mxd\BeiDou-Server\clien\Data\UI\NameTag.img
2026-07-07 15:04:15.488 [tid=6736] MapViewOfFile mapping=00000F70 result=126D0000 err=0 access=0x00000004 offset=0:0 bytes=0
2026-07-07 15:04:15.499 [tid=6736] CreateFileMappingA input=00000FDC result=00000F9C err=0 name=(null) file=\\?\UNC\Mac\Home\Documents\mxd\BeiDou-Server\clien\Data\Item\Cash\0501.img
2026-07-07 15:04:15.500 [tid=6736] MapViewOfFile mapping=00000F9C result=173D0000 err=0 access=0x00000004 offset=0:0 bytes=0
2026-07-07 15:04:15.515 [tid=6736] CreateFileMappingA input=00000FE0 result=00000FCC err=0 name=(null) file=\\?\UNC\Mac\Home\Documents\mxd\BeiDou-Server\clien\Data\Character\Accessory\01142076.img
2026-07-07 15:04:15.516 [tid=6736] MapViewOfFile mapping=00000FCC result=12720000 err=0 access=0x00000004 offset=0:0 bytes=0
2026-07-07 15:04:15.524 [tid=6736] CreateFileMappingA input=00000FE0 result=00000FCC err=0 name=(null) file=\\?\UNC\Mac\Home\Documents\mxd\BeiDou-Server\clien\Data\Character\Accessory\01142123.img
2026-07-07 15:04:15.526 [tid=6736] MapViewOfFile mapping=00000FCC result=12720000 err=0 access=0x00000004 offset=0:0 bytes=0
2026-07-07 15:04:15.537 [tid=6736] CreateFileMappingA input=00000C2C result=00000FFC err=0 name=(null) file=\\?\UNC\Mac\Home\Documents\mxd\BeiDou-Server\clien\Data\Character\Accessory\01142009.img
2026-07-07 15:04:15.539 [tid=6736] MapViewOfFile mapping=00000FFC result=12720000 err=0 access=0x00000004 offset=0:0 bytes=0
2026-07-07 15:04:15.550 [tid=6736] CreateFileMappingA input=00000FE0 result=00000FCC err=0 name=(null) file=\\?\UNC\Mac\Home\Documents\mxd\BeiDou-Server\clien\Data\Character\Accessory\01142064.img
2026-07-07 15:04:15.552 [tid=6736] MapViewOfFile mapping=00000FCC result=12720000 err=0 access=0x00000004 offset=0:0 bytes=0
2026-07-07 15:04:15.561 [tid=6736] CreateFileMappingA input=00000EA4 result=00000D2C err=0 name=(null) file=\\?\UNC\Mac\Home\Documents\mxd\BeiDou-Server\clien\Data\Character\Accessory\01142014.img
2026-07-07 15:04:15.562 [tid=6736] MapViewOfFile mapping=00000D2C result=12720000 err=0 access=0x00000004 offset=0:0 bytes=0
2026-07-07 15:04:15.572 [tid=6736] CreateFileMappingA input=00000EA4 result=00000D2C err=0 name=(null) file=\\?\UNC\Mac\Home\Documents\mxd\BeiDou-Server\clien\Data\Character\Accessory\01142015.img
2026-07-07 15:04:15.573 [tid=6736] MapViewOfFile mapping=00000D2C result=12720000 err=0 access=0x00000004 offset=0:0 bytes=0
2026-07-07 15:04:15.584 [tid=6736] CreateFileMappingA input=00000EA4 result=00000D2C err=0 name=(null) file=\\?\UNC\Mac\Home\Documents\mxd\BeiDou-Server\clien\Data\Character\Accessory\01142016.img
2026-07-07 15:04:15.585 [tid=6736] MapViewOfFile mapping=00000D2C result=12720000 err=0 access=0x00000004 offset=0:0 bytes=0
2026-07-07 15:04:15.594 [tid=6736] CreateFileMappingA input=00000FE0 result=00000E34 err=0 name=(null) file=\\?\UNC\Mac\Home\Documents\mxd\BeiDou-Server\clien\Data\Character\Accessory\01142017.img
2026-07-07 15:04:15.595 [tid=6736] MapViewOfFile mapping=00000E34 result=12720000 err=0 access=0x00000004 offset=0:0 bytes=0
2026-07-07 15:04:15.606 [tid=6736] CreateFileMappingA input=00000C28 result=00000C3C err=0 name=(null) file=\\?\UNC\Mac\Home\Documents\mxd\BeiDou-Server\clien\Data\Character\Accessory\01142018.img
2026-07-07 15:04:15.607 [tid=6736] MapViewOfFile mapping=00000C3C result=12720000 err=0 access=0x00000004 offset=0:0 bytes=0
2026-07-07 15:04:15.617 [tid=6736] CreateFileMappingA input=00000C78 result=00000C7C err=0 name=(null) file=\\?\UNC\Mac\Home\Documents\mxd\BeiDou-Server\clien\Data\Character\Accessory\01142019.img
2026-07-07 15:04:15.619 [tid=6736] MapViewOfFile mapping=00000C7C result=12720000 err=0 access=0x00000004 offset=0:0 bytes=0
2026-07-07 15:04:15.629 [tid=6736] CreateFileMappingA input=00000E24 result=00000DC0 err=0 name=(null) file=\\?\UNC\Mac\Home\Documents\mxd\BeiDou-Server\clien\Data\Character\Accessory\01142004.img
2026-07-07 15:04:15.631 [tid=6736] MapViewOfFile mapping=00000DC0 result=12720000 err=0 access=0x00000004 offset=0:0 bytes=0
2026-07-07 15:04:15.643 [tid=6736] CreateFileMappingA input=00000E24 result=00000DC0 err=0 name=(null) file=\\?\UNC\Mac\Home\Documents\mxd\BeiDou-Server\clien\Data\Character\Accessory\01142005.img
2026-07-07 15:04:15.644 [tid=6736] MapViewOfFile mapping=00000DC0 result=12720000 err=0 access=0x00000004 offset=0:0 bytes=0
2026-07-07 15:04:15.653 [tid=6736] CreateFileMappingA input=00000E24 result=00000DC0 err=0 name=(null) file=\\?\UNC\Mac\Home\Documents\mxd\BeiDou-Server\clien\Data\Character\Accessory\01142030.img
2026-07-07 15:04:15.654 [tid=6736] MapViewOfFile mapping=00000DC0 result=12720000 err=0 access=0x00000004 offset=0:0 bytes=0
2026-07-07 15:04:15.683 [tid=6736] CreateFileMappingA input=00000DC0 result=00000ED8 err=0 name=(null) file=\\?\UNC\Mac\Home\Documents\mxd\BeiDou-Server\clien\Data\Effect\MapEff.img
2026-07-07 15:04:15.684 [tid=6736] MapViewOfFile mapping=00000ED8 result=13340000 err=0 access=0x00000004 offset=0:0 bytes=0
2026-07-07 15:04:16.045 [tid=6736] CreateFileMappingA input=00000EDC result=00000FC0 err=0 name=(null) file=\\?\UNC\Mac\Home\Documents\mxd\BeiDou-Server\clien\Data\Character\Cape\01102061.img
2026-07-07 15:04:16.047 [tid=6736] MapViewOfFile mapping=00000FC0 result=12730000 err=0 access=0x00000004 offset=0:0 bytes=0
2026-07-07 15:04:16.121 [tid=6736] CreateFileMappingA input=00000EA4 result=00000D2C err=0 name=(null) file=\\?\UNC\Mac\Home\Documents\mxd\BeiDou-Server\clien\Data\Character\Cape\01102135.img
2026-07-07 15:04:16.121 [tid=6736] MapViewOfFile mapping=00000D2C result=13360000 err=0 access=0x00000004 offset=0:0 bytes=0
2026-07-07 15:04:16.134 [tid=6736] CreateFileMappingA input=00000C2C result=00000E78 err=0 name=(null) file=\\?\UNC\Mac\Home\Documents\mxd\BeiDou-Server\clien\Data\Character\Cape\01102136.img
2026-07-07 15:04:16.135 [tid=6736] MapViewOfFile mapping=00000E78 result=13370000 err=0 access=0x00000004 offset=0:0 bytes=0
2026-07-07 15:04:16.167 [tid=6736] CreateFileMappingA input=00000F18 result=00000FF4 err=0 name=(null) file=\\?\UNC\Mac\Home\Documents\mxd\BeiDou-Server\clien\Data\Character\Accessory\01122013.img
2026-07-07 15:04:16.168 [tid=6736] MapViewOfFile mapping=00000FF4 result=13380000 err=0 access=0x00000004 offset=0:0 bytes=0
2026-07-07 15:04:16.318 [tid=6736] CreateFileMappingA input=00000F18 result=00000FF4 err=0 name=(null) file=\\?\UNC\Mac\Home\Documents\mxd\BeiDou-Server\clien\Data\Character\Cap\01002140.img
2026-07-07 15:04:16.319 [tid=6736] MapViewOfFile mapping=00000FF4 result=13380000 err=0 access=0x00000004 offset=0:0 bytes=0
2026-07-07 15:04:16.365 [tid=6736] CreateFileMappingA input=00000FF8 result=00000FE4 err=0 name=(null) file=\\?\UNC\Mac\Home\Documents\mxd\BeiDou-Server\clien\Data\Character\TamingMob\01912000.img
2026-07-07 15:04:16.366 [tid=6736] MapViewOfFile mapping=00000FE4 result=13390000 err=0 access=0x00000004 offset=0:0 bytes=0
2026-07-07 15:04:16.376 [tid=6736] CreateFileMappingA input=00000FE8 result=00000FD4 err=0 name=(null) file=\\?\UNC\Mac\Home\Documents\mxd\BeiDou-Server\clien\Data\Character\TamingMob\01902000.img
2026-07-07 15:04:16.377 [tid=6736] MapViewOfFile mapping=00000FD4 result=133B0000 err=0 access=0x00000004 offset=0:0 bytes=0
2026-07-07 15:04:16.387 [tid=6736] CreateFileMappingA input=00000FD8 result=00000FC4 err=0 name=(null) file=\\?\UNC\Mac\Home\Documents\mxd\BeiDou-Server\clien\Data\Character\TamingMob\01902001.img
2026-07-07 15:04:16.388 [tid=6736] MapViewOfFile mapping=00000FC4 result=133C0000 err=0 access=0x00000004 offset=0:0 bytes=0
2026-07-07 15:04:16.399 [tid=6736] CreateFileMappingA input=00000FC8 result=00000FB4 err=0 name=(null) file=\\?\UNC\Mac\Home\Documents\mxd\BeiDou-Server\clien\Data\Character\TamingMob\01902002.img
2026-07-07 15:04:16.400 [tid=6736] MapViewOfFile mapping=00000FB4 result=133D0000 err=0 access=0x00000004 offset=0:0 bytes=0
2026-07-07 15:04:16.912 [tid=6736] CreateFileMappingA input=00000FB8 result=00000F88 err=0 name=(null) file=\\?\UNC\Mac\Home\Documents\mxd\BeiDou-Server\clien\Data\Character\Accessory\01122059.img
2026-07-07 15:04:16.914 [tid=6736] MapViewOfFile mapping=00000F88 result=133F0000 err=0 access=0x00000004 offset=0:0 bytes=0
2026-07-07 15:04:16.987 [tid=6736] CreateFileMappingA input=00000FB8 result=00000F88 err=0 name=(null) file=\\?\UNC\Mac\Home\Documents\mxd\BeiDou-Server\clien\Data\Character\Accessory\01142001.img
2026-07-07 15:04:16.989 [tid=6736] MapViewOfFile mapping=00000F88 result=133F0000 err=0 access=0x00000004 offset=0:0 bytes=0
2026-07-07 15:04:16.999 [tid=6736] CreateFileMappingA input=00000D48 result=00000F78 err=0 name=(null) file=\\?\UNC\Mac\Home\Documents\mxd\BeiDou-Server\clien\Data\Character\Accessory\01142002.img
2026-07-07 15:04:17.000 [tid=6736] MapViewOfFile mapping=00000F78 result=133F0000 err=0 access=0x00000004 offset=0:0 bytes=0
2026-07-07 15:04:17.011 [tid=6736] CreateFileMappingA input=00000F7C result=00000F68 err=0 name=(null) file=\\?\UNC\Mac\Home\Documents\mxd\BeiDou-Server\clien\Data\Character\Accessory\01142003.img
2026-07-07 15:04:17.012 [tid=6736] MapViewOfFile mapping=00000F68 result=133F0000 err=0 access=0x00000004 offset=0:0 bytes=0
2026-07-07 15:04:17.023 [tid=6736] CreateFileMappingA input=00000F7C result=00000F68 err=0 name=(null) file=\\?\UNC\Mac\Home\Documents\mxd\BeiDou-Server\clien\Data\Character\Accessory\01142000.img
2026-07-07 15:04:17.024 [tid=6736] MapViewOfFile mapping=00000F68 result=133F0000 err=0 access=0x00000004 offset=0:0 bytes=0
2026-07-07 15:04:17.042 [tid=6736] CreateFileMappingA input=00000D48 result=00000F6C err=0 name=(null) file=\\?\UNC\Mac\Home\Documents\mxd\BeiDou-Server\clien\Data\Character\Accessory\01142122.img
2026-07-07 15:04:17.042 [tid=6736] MapViewOfFile mapping=00000F6C result=133F0000 err=0 access=0x00000004 offset=0:0 bytes=0
2026-07-07 15:04:17.103 [tid=6736] CreateFileMappingA input=00000F58 result=00000F44 err=0 name=(null) file=\\?\UNC\Mac\Home\Documents\mxd\BeiDou-Server\clien\Data\Item\Consume\0202.img
2026-07-07 15:04:17.105 [tid=6736] MapViewOfFile mapping=00000F44 result=154F0000 err=0 access=0x00000004 offset=0:0 bytes=0
2026-07-07 15:04:17.115 [tid=6736] CreateFileMappingA input=00000F34 result=00000F38 err=0 name=(null) file=\\?\UNC\Mac\Home\Documents\mxd\BeiDou-Server\clien\Data\UI\CashShop.img
2026-07-07 15:04:17.117 [tid=6736] MapViewOfFile mapping=00000F38 result=178C0000 err=0 access=0x00000004 offset=0:0 bytes=0
2026-07-07 15:04:17.132 [tid=6736] CreateFileMappingA input=00000F24 result=00000F28 err=0 name=(null) file=\\?\UNC\Mac\Home\Documents\mxd\BeiDou-Server\clien\Data\Item\Consume\0205.img
2026-07-07 15:04:17.133 [tid=6736] MapViewOfFile mapping=00000F28 result=133F0000 err=0 access=0x00000004 offset=0:0 bytes=0
2026-07-07 15:04:17.273 [tid=6736] CreateFileMappingA input=00002554 result=00002558 err=0 name=(null) file=\\?\UNC\Mac\Home\Documents\mxd\BeiDou-Server\clien\Data\Npc\9001105.img
2026-07-07 15:04:17.274 [tid=6736] MapViewOfFile mapping=00002558 result=13400000 err=0 access=0x00000004 offset=0:0 bytes=0
2026-07-07 15:04:20.455 [tid=6736] CreateFileMappingA input=00000F10 result=00000F04 err=0 name=(null) file=\\?\UNC\Mac\Home\Documents\mxd\BeiDou-Server\clien\Data\Npc\9900001.img
2026-07-07 15:04:20.456 [tid=6736] MapViewOfFile mapping=00000F04 result=144E0000 err=0 access=0x00000004 offset=0:0 bytes=0
2026-07-07 15:04:29.344 [tid=6736] CreateFileMappingA input=00000EF4 result=00000EE0 err=0 name=(null) file=\\?\UNC\Mac\Home\Documents\mxd\BeiDou-Server\clien\Data\Map\Map\Map2\271030000.img
2026-07-07 15:04:29.344 [tid=6736] MapViewOfFile mapping=00000EE0 result=15670000 err=0 access=0x00000004 offset=0:0 bytes=0
2026-07-07 15:04:29.357 [tid=6736] CreateFileMappingA input=00000EE4 result=00000ED0 err=0 name=(null) file=\\?\UNC\Mac\Home\Documents\mxd\BeiDou-Server\clien\Data\Map\Tile\darkEreb.img
2026-07-07 15:04:29.358 [tid=6736] MapViewOfFile mapping=00000ED0 result=15680000 err=0 access=0x00000004 offset=0:0 bytes=0
2026-07-07 15:04:29.368 [tid=6736] CreateFileMappingA input=00000EC4 result=00000EB0 err=0 name=(null) file=\\?\UNC\Mac\Home\Documents\mxd\BeiDou-Server\clien\Data\Map\Obj\acc14.img
2026-07-07 15:04:29.369 [tid=6736] MapViewOfFile mapping=00000EB0 result=48C90000 err=0 access=0x00000004 offset=0:0 bytes=0
2026-07-07 15:04:29.436 [tid=6736] CreateFileMappingA input=00000E9C result=00000EA0 err=0 name=(null) file=\\?\UNC\Mac\Home\Documents\mxd\BeiDou-Server\clien\Data\Map\Back\darkEreb.img
2026-07-07 15:04:29.438 [tid=6736] MapViewOfFile mapping=00000EA0 result=179E0000 err=0 access=0x00000004 offset=0:0 bytes=0
2026-07-07 15:04:29.718 [tid=6736] CreateFileMappingA input=00000E8C result=00000E90 err=0 name=(null) file=\\?\UNC\Mac\Home\Documents\mxd\BeiDou-Server\clien\Data\Sound\Bgm25.img
2026-07-07 15:04:29.720 [tid=6736] MapViewOfFile mapping=00000E90 result=4A970000 err=0 access=0x00000004 offset=0:0 bytes=0
2026-07-07 15:04:31.588 [tid=6736] CreateFileMappingA input=0000163C result=00001640 err=0 name=(null) file=\\?\UNC\Mac\Home\Documents\mxd\BeiDou-Server\clien\Data\Sound\Skill.img
2026-07-07 15:04:31.589 [tid=6736] MapViewOfFile mapping=00001640 result=17C40000 err=0 access=0x00000004 offset=0:0 bytes=0
2026-07-07 15:04:31.597 [tid=6736] CreateFileMappingA input=00001634 result=00001638 err=0 name=(null) file=\\?\C:\Users\lizixian\AppData\Local\Temp\SND8e0d.tmp
2026-07-07 15:04:31.598 [tid=6736] MapViewOfFile mapping=00001638 result=15670000 err=0 access=0x000f001f offset=0:0 bytes=0
2026-07-07 15:04:34.138 [tid=6736] CreateFileMappingA input=00001618 result=0000161C err=0 name=(null) file=\\?\UNC\Mac\Home\Documents\mxd\BeiDou-Server\clien\Data\Map\Map\Map2\271000300.img
2026-07-07 15:04:34.139 [tid=6736] MapViewOfFile mapping=0000161C result=156A0000 err=0 access=0x00000004 offset=0:0 bytes=0
2026-07-07 15:04:34.274 [tid=6736] CreateFileMappingA input=00001608 result=0000160C err=0 name=(null) file=\\?\UNC\Mac\Home\Documents\mxd\BeiDou-Server\clien\Data\Sound\Bgm18.img
2026-07-07 15:04:34.275 [tid=6736] MapViewOfFile mapping=0000160C result=17E40000 err=0 access=0x00000004 offset=0:0 bytes=0
2026-07-07 15:04:39.433 [tid=6736] CreateFileMappingA input=000015FC result=000015E8 err=0 name=(null) file=\\?\UNC\Mac\Home\Documents\mxd\BeiDou-Server\clien\Data\Map\Map\Map2\271020100.img
2026-07-07 15:04:39.434 [tid=6736] MapViewOfFile mapping=000015E8 result=156A0000 err=0 access=0x00000004 offset=0:0 bytes=0
2026-07-07 15:04:39.453 [tid=6736] CreateFileMappingA input=0000151C result=000015EC err=0 name=(null) file=\\?\UNC\Mac\Home\Documents\mxd\BeiDou-Server\clien\Data\Map\Tile\destructionField.img
2026-07-07 15:04:39.453 [tid=6736] MapViewOfFile mapping=000015EC result=18550000 err=0 access=0x00000004 offset=0:0 bytes=0
2026-07-07 15:04:39.590 [tid=6736] CreateFileMappingA input=000015C4 result=000015C8 err=0 name=(null) file=\\?\UNC\Mac\Home\Documents\mxd\BeiDou-Server\clien\Data\Map\Back\destructionTown.img
2026-07-07 15:04:39.591 [tid=6736] MapViewOfFile mapping=000015C8 result=19730000 err=0 access=0x00000004 offset=0:0 bytes=0
2026-07-07 15:04:39.784 [tid=6736] CreateFileMappingA input=000015D8 result=000015B4 err=0 name=(null) file=\\?\UNC\Mac\Home\Documents\mxd\BeiDou-Server\clien\Data\Mob\8600001.img
2026-07-07 15:04:39.785 [tid=6736] MapViewOfFile mapping=000015B4 result=18570000 err=0 access=0x00000004 offset=0:0 bytes=0
2026-07-07 15:04:39.798 [tid=6736] CreateFileMappingA input=000015B8 result=000015A4 err=0 name=(null) file=\\?\UNC\Mac\Home\Documents\mxd\BeiDou-Server\clien\Data\Npc\2142009.img
2026-07-07 15:04:39.800 [tid=6736] MapViewOfFile mapping=000015A4 result=18620000 err=0 access=0x00000004 offset=0:0 bytes=0
2026-07-07 15:04:45.830 [tid=6736] CreateFileMappingA input=000024CC result=000015E8 err=0 name=(null) file=\\?\UNC\Mac\Home\Documents\mxd\BeiDou-Server\clien\Data\Map\Map\Map2\271000200.img
2026-07-07 15:04:45.832 [tid=6736] MapViewOfFile mapping=000015E8 result=18640000 err=0 access=0x00000004 offset=0:0 bytes=0
2026-07-07 15:04:46.017 [tid=6736] CreateFileMappingA input=00001594 result=00001598 err=0 name=(null) file=\\?\UNC\Mac\Home\Documents\mxd\BeiDou-Server\clien\Data\Mob\8600005.img
2026-07-07 15:04:46.018 [tid=6736] MapViewOfFile mapping=00001598 result=18650000 err=0 access=0x00000004 offset=0:0 bytes=0
2026-07-07 15:04:46.031 [tid=6736] CreateFileMappingA input=00001584 result=00001588 err=0 name=(null) file=\\?\UNC\Mac\Home\Documents\mxd\BeiDou-Server\clien\Data\Npc\2142008.img
2026-07-07 15:04:46.032 [tid=6736] MapViewOfFile mapping=00001588 result=186B0000 err=0 access=0x00000004 offset=0:0 bytes=0
2026-07-07 15:05:02.448 [tid=6736] CreateFileMappingA input=00001574 result=00001578 err=0 name=(null) file=\\?\UNC\Mac\Home\Documents\mxd\BeiDou-Server\clien\Data\UI\ChatBalloon.img
2026-07-07 15:05:02.467 [tid=6736] MapViewOfFile mapping=00001578 result=186C0000 err=0 access=0x00000004 offset=0:0 bytes=0
