category,source_dir,item_id,file_id,name,reqJob,reqLevel,cash,quest,in_string_eqp,in_handbook,in_current_equip_pool,reqJob_supported,reasons,path
Hair,Hair,30011,00030011,,0,0,0,0,False,False,False,True,missing_string_eqp|missing_handbook|outside_current_equip_pool,gms-server/wz/Character.wz/Hair/00030011.img.xml
Hair,Hair,30012,00030012,,0,0,0,0,False,False,False,True,missing_string_eqp|missing_handbook|outside_current_equip_pool,gms-server/wz/Character.wz/Hair/00030012.img.xml
Hair,Hair,30013,00030013,,0,0,0,0,False,False,False,True,missing_string_eqp|missing_handbook|outside_current_equip_pool,gms-server/wz/Character.wz/Hair/00030013.img.xml
Hair,Hair,30014,00030014,,0,0,0,0,False,False,False,True,missing_string_eqp|missing_handbook|outside_current_equip_pool,gms-server/wz/Character.wz/Hair/00030014.img.xml
Hair,Hair,30015,00030015,,0,0,0,0,False,False,False,True,missing_string_eqp|missing_handbook|outside_current_equip_pool,gms-server/wz/Character.wz/Hair/00030015.img.xml
Hair,Hair,30016,00030016,,0,0,0,0,False,False,False,True,missing_string_eqp|missing_handbook|outside_current_equip_pool,gms-server/wz/Character.wz/Hair/00030016.img.xml
Hair,Hair,30017,00030017,,0,0,0,0,False,False,False,True,missing_string_eqp|missing_handbook|outside_current_equip_pool,gms-server/wz/Character.wz/Hair/00030017.img.xml
Hair,Hair,30071,00030071,,0,0,1,0,False,False,False,True,missing_string_eqp|missing_handbook|outside_current_equip_pool,gms-server/wz/Character.wz/Hair/00030071.img.xml
Hair,Hair,30072,00030072,,0,0,1,0,False,False,False,True,missing_string_eqp|missing_handbook|outside_current_equip_pool,gms-server/wz/Character.wz/Hair/00030072.img.xml
Hair,Hair,30073,00030073,,0,0,1,0,False,False,False,True,missing_string_eqp|missing_handbook|outside_current_equip_pool,gms-server/wz/Character.wz/Hair/00030073.img.xml
Hair,Hair,30074,00030074,,0,0,1,0,False,False,False,True,missing_string_eqp|missing_handbook|outside_current_equip_pool,gms-server/wz/Character.wz/Hair/00030074.img.xml
Hair,Hair,30075,00030075,,0,0,1,0,False,False,False,True,missing_string_eqp|missing_handbook|outside_current_equip_pool,gms-server/wz/Character.wz/Hair/00030075.img.xml
Hair,Hair,30076,00030076,,0,0,1,0,False,False,False,True,missing_string_eqp|missing_handbook|outside_current_equip_pool,gms-server/wz/Character.wz/Hair/00030076.img.xml
Hair,Hair,30077,00030077,,0,0,1,0,False,False,False,True,missing_string_eqp|missing_handbook|outside_current_equip_pool,gms-server/wz/Character.wz/Hair/00030077.img.xml
Hair,Hair,30081,00030081,,0,0,1,0,False,False,False,True,missing_string_eqp|missing_handbook|outside_current_equip_pool,gms-server/wz/Character.wz/Hair/00030081.img.xml
Hair,Hair,30082,00030082,,0,0,1,0,False,False,False,True,missing_string_eqp|missing_handbook|outside_current_equip_pool,gms-server/wz/Character.wz/Hair/00030082.img.xml
Hair,Hair,30083,00030083,,0,0,1,0,False,False,False,True,missing_string_eqp|missing_handbook|outside_current_equip_pool,gms-server/wz/Character.wz/Hair/00030083.img.xml
Hair,Hair,30084,00030084,,0,0,1,0,False,False,False,True,missing_string_eqp|missing_handbook|outside_current_equip_pool,gms-server/wz/Character.wz/Hair/00030084.img.xml
Hair,Hair,30085,00030085,,0,0,1,0,False,False,False,True,missing_string_eqp|missing_handbook|outside_current_equip_pool,gms-server/wz/Character.wz/Hair/00030085.img.xml
Hair,Hair,30086,00030086,,0,0,1,0,False,False,False,True,missing_string_eqp|missing_handbook|outside_current_equip_pool,gms-server/wz/Character.wz/Hair/00030086.img.xml
Hair,Hair,30087,00030087,,0,0,1,0,False,False,False,True,missing_string_eqp|missing_handbook|outside_current_equip_pool,gms-server/wz/Character.wz/Hair/00030087.img.xml
Hair,Hair,30091,00030091,,0,0,1,0,False,False,False,True,missing_string_eqp|missing_handbook|outside_current_equip_pool,gms-server/wz/Character.wz/Hair/00030091.img.xml
Hair,Hair,30092,00030092,,0,0,1,0,False,False,False,True,missing_string_eqp|missing_handbook|outside_current_equip_pool,gms-server/wz/Character.wz/Hair/00030092.img.xml
Hair,Hair,30093,00030093,,0,0,1,0,False,False,False,True,missing_string_eqp|missing_handbook|outside_current_equip_pool,gms-server/wz/Character.wz/Hair/00030093.img.xml
Hair,Hair,30094,00030094,,0,0,1,0,False,False,False,True,missing_string_eqp|missing_handbook|outside_current_equip_pool,gms-server/wz/Character.wz/Hair/00030094.img.xml
Hair,Hair,30095,00030095,,0,0,1,0,False,False,False,True,missing_string_eqp|missing_handbook|outside_current_equip_pool,gms-server/wz/Character.wz/Hair/00030095.img.xml
Hair,Hair,30096,00030096,,0,0,1,0,False,False,False,True,missing_string_eqp|missing_handbook|outside_current_equip_pool,gms-server/wz/Character.wz/Hair/00030096.img.xml
Hair,Hair,30097,00030097,,0,0,1,0,False,False,False,True,missing_string_eqp|missing_handbook|outside_current_equip_pool,gms-server/wz/Character.wz/Hair/00030097.img.xml
Hair,Hair,30390,00030390,,0,0,1,0,False,False,False,True,missing_string_eqp|missing_handbook|outside_current_equip_pool,gms-server/wz/Character.wz/Hair/00030390.img.xml
Hair,Hair,30391,00030391,,0,0,1,0,False,False,False,True,missing_string_eqp|missing_handbook|outside_current_equip_pool,gms-server/wz/Character.wz/Hair/00030391.img.xml
Hair,Hair,30392,00030392,,0,0,1,0,False,False,False,True,missing_string_eqp|missing_handbook|outside_current_equip_pool,gms-server/wz/Character.wz/Hair/00030392.img.xml
Hair,Hair,30393,00030393,,0,0,1,0,False,False,False,True,missing_string_eqp|missing_handbook|outside_current_equip_pool,gms-server/wz/Character.wz/Hair/00030393.img.xml
Hair,Hair,30394,00030394,,0,0,1,0,False,False,False,True,missing_string_eqp|missing_handbook|outside_current_equip_pool,gms-server/wz/Character.wz/Hair/00030394.img.xml
Hair,Hair,30395,00030395,,0,0,1,0,False,False,False,True,missing_string_eqp|missing_handbook|outside_current_equip_pool,gms-server/wz/Character.wz/Hair/00030395.img.xml
Hair,Hair,30396,00030396,,0,0,1,0,False,False,False,True,missing_string_eqp|missing_handbook|outside_current_equip_pool,gms-server/wz/Character.wz/Hair/00030396.img.xml
Hair,Hair,30397,00030397,,0,0,1,0,False,False,False,True,missing_string_eqp|missing_handbook|outside_current_equip_pool,gms-server/wz/Character.wz/Hair/00030397.img.xml
Hair,Hair,30500,00030500,,0,0,1,0,False,False,False,True,missing_string_eqp|missing_handbook|outside_current_equip_pool,gms-server/wz/Character.wz/Hair/00030500.img.xml
Hair,Hair,30501,00030501,,0,0,1,0,False,False,False,True,missing_string_eqp|missing_handbook|outside_current_equip_pool,gms-server/wz/Character.wz/Hair/00030501.img.xml
Hair,Hair,30502,00030502,,0,0,1,0,False,False,False,True,missing_string_eqp|missing_handbook|outside_current_equip_pool,gms-server/wz/Character.wz/Hair/00030502.img.xml
Hair,Hair,30503,00030503,,0,0,1,0,False,False,False,True,missing_string_eqp|missing_handbook|outside_current_equip_pool,gms-server/wz/Character.wz/Hair/00030503.img.xml
Hair,Hair,30504,00030504,,0,0,1,0,False,False,False,True,missing_string_eqp|missing_handbook|outside_current_equip_pool,gms-server/wz/Character.wz/Hair/00030504.img.xml
Hair,Hair,30505,00030505,,0,0,1,0,False,False,False,True,missing_string_eqp|missing_handbook|outside_current_equip_pool,gms-server/wz/Character.wz/Hair/00030505.img.xml
Hair,Hair,30506,00030506,,0,0,1,0,False,False,False,True,missing_string_eqp|missing_handbook|outside_current_equip_pool,gms-server/wz/Character.wz/Hair/00030506.img.xml
Hair,Hair,30507,00030507,,0,0,1,0,False,False,False,True,missing_string_eqp|missing_handbook|outside_current_equip_pool,gms-server/wz/Character.wz/Hair/00030507.img.xml
Hair,Hair,30580,00030580,,0,0,1,0,False,True,False,True,missing_string_eqp|outside_current_equip_pool,gms-server/wz/Character.wz/Hair/00030580.img.xml
Hair,Hair,30581,00030581,,0,0,1,0,False,True,False,True,missing_string_eqp|outside_current_equip_pool,gms-server/wz/Character.wz/Hair/00030581.img.xml
Hair,Hair,30582,00030582,,0,0,1,0,False,True,False,True,missing_string_eqp|outside_current_equip_pool,gms-server/wz/Character.wz/Hair/00030582.img.xml
Hair,Hair,30583,00030583,,0,0,1,0,False,True,False,True,missing_string_eqp|outside_current_equip_pool,gms-server/wz/Character.wz/Hair/00030583.img.xml
Hair,Hair,30584,00030584,,0,0,1,0,False,True,False,True,missing_string_eqp|outside_current_equip_pool,gms-server/wz/Character.wz/Hair/00030584.img.xml
Hair,Hair,30585,00030585,,0,0,1,0,False,True,False,True,missing_string_eqp|outside_current_equip_pool,gms-server/wz/Character.wz/Hair/00030585.img.xml
Hair,Hair,30586,00030586,,0,0,1,0,False,True,False,True,missing_string_eqp|outside_current_equip_pool,gms-server/wz/Character.wz/Hair/00030586.img.xml
Hair,Hair,30587,00030587,,0,0,1,0,False,True,False,True,missing_string_eqp|outside_current_equip_pool,gms-server/wz/Character.wz/Hair/00030587.img.xml
Hair,Hair,30690,00030690,,0,0,1,0,False,True,False,True,missing_string_eqp|outside_current_equip_pool,gms-server/wz/Character.wz/Hair/00030690.img.xml
Hair,Hair,30691,00030691,,0,0,1,0,False,True,False,True,missing_string_eqp|outside_current_equip_pool,gms-server/wz/Character.wz/Hair/00030691.img.xml
Hair,Hair,30692,00030692,,0,0,1,0,False,True,False,True,missing_string_eqp|outside_current_equip_pool,gms-server/wz/Character.wz/Hair/00030692.img.xml
Hair,Hair,30693,00030693,,0,0,1,0,False,True,False,True,missing_string_eqp|outside_current_equip_pool,gms-server/wz/Character.wz/Hair/00030693.img.xml
Hair,Hair,30694,00030694,,0,0,1,0,False,True,False,True,missing_string_eqp|outside_current_equip_pool,gms-server/wz/Character.wz/Hair/00030694.img.xml
Hair,Hair,30695,00030695,,0,0,1,0,False,True,False,True,missing_string_eqp|outside_current_equip_pool,gms-server/wz/Character.wz/Hair/00030695.img.xml
Hair,Hair,30696,00030696,,0,0,1,0,False,True,False,True,missing_string_eqp|outside_current_equip_pool,gms-server/wz/Character.wz/Hair/00030696.img.xml
Hair,Hair,30697,00030697,,0,0,1,0,False,True,False,True,missing_string_eqp|outside_current_equip_pool,gms-server/wz/Character.wz/Hair/00030697.img.xml
Hair,Hair,30928,00030928,,0,0,1,0,False,False,False,True,missing_string_eqp|missing_handbook|outside_current_equip_pool,gms-server/wz/Character.wz/Hair/00030928.img.xml
Hair,Hair,30929,00030929,,0,0,1,0,False,False,False,True,missing_string_eqp|missing_handbook|outside_current_equip_pool,gms-server/wz/Character.wz/Hair/00030929.img.xml
Hair,Hair,30960,00030960,,0,0,1,0,False,False,False,True,missing_string_eqp|missing_handbook|outside_current_equip_pool,gms-server/wz/Character.wz/Hair/00030960.img.xml
Hair,Hair,30961,00030961,,0,0,1,0,False,False,False,True,missing_string_eqp|missing_handbook|outside_current_equip_pool,gms-server/wz/Character.wz/Hair/00030961.img.xml
Hair,Hair,30962,00030962,,0,0,1,0,False,False,False,True,missing_string_eqp|missing_handbook|outside_current_equip_pool,gms-server/wz/Character.wz/Hair/00030962.img.xml
Hair,Hair,30963,00030963,,0,0,1,0,False,False,False,True,missing_string_eqp|missing_handbook|outside_current_equip_pool,gms-server/wz/Character.wz/Hair/00030963.img.xml
Hair,Hair,30964,00030964,,0,0,1,0,False,False,False,True,missing_string_eqp|missing_handbook|outside_current_equip_pool,gms-server/wz/Character.wz/Hair/00030964.img.xml
Hair,Hair,30965,00030965,,0,0,1,0,False,False,False,True,missing_string_eqp|missing_handbook|outside_current_equip_pool,gms-server/wz/Character.wz/Hair/00030965.img.xml
Hair,Hair,30966,00030966,,0,0,1,0,False,False,False,True,missing_string_eqp|missing_handbook|outside_current_equip_pool,gms-server/wz/Character.wz/Hair/00030966.img.xml
Hair,Hair,30967,00030967,,0,0,1,0,False,False,False,True,missing_string_eqp|missing_handbook|outside_current_equip_pool,gms-server/wz/Character.wz/Hair/00030967.img.xml
Hair,Hair,30970,00030970,,0,0,1,0,False,False,False,True,missing_string_eqp|missing_handbook|outside_current_equip_pool,gms-server/wz/Character.wz/Hair/00030970.img.xml
Hair,Hair,30971,00030971,,0,0,1,0,False,False,False,True,missing_string_eqp|missing_handbook|outside_current_equip_pool,gms-server/wz/Character.wz/Hair/00030971.img.xml
Hair,Hair,30972,00030972,,0,0,1,0,False,False,False,True,missing_string_eqp|missing_handbook|outside_current_equip_pool,gms-server/wz/Character.wz/Hair/00030972.img.xml
Hair,Hair,30973,00030973,,0,0,1,0,False,False,False,True,missing_string_eqp|missing_handbook|outside_current_equip_pool,gms-server/wz/Character.wz/Hair/00030973.img.xml
Hair,Hair,30974,00030974,,0,0,1,0,False,False,False,True,missing_string_eqp|missing_handbook|outside_current_equip_pool,gms-server/wz/Character.wz/Hair/00030974.img.xml
Hair,Hair,30975,00030975,,0,0,1,0,False,False,False,True,missing_string_eqp|missing_handbook|outside_current_equip_pool,gms-server/wz/Character.wz/Hair/00030975.img.xml
Hair,Hair,30976,00030976,,0,0,1,0,False,False,False,True,missing_string_eqp|missing_handbook|outside_current_equip_pool,gms-server/wz/Character.wz/Hair/00030976.img.xml
Hair,Hair,30977,00030977,,0,0,1,0,False,False,False,True,missing_string_eqp|missing_handbook|outside_current_equip_pool,gms-server/wz/Character.wz/Hair/00030977.img.xml
Hair,Hair,30980,00030980,,0,0,1,0,False,False,False,True,missing_string_eqp|missing_handbook|outside_current_equip_pool,gms-server/wz/Character.wz/Hair/00030980.img.xml
Hair,Hair,30981,00030981,,0,0,1,0,False,False,False,True,missing_string_eqp|missing_handbook|outside_current_equip_pool,gms-server/wz/Character.wz/Hair/00030981.img.xml
Hair,Hair,30982,00030982,,0,0,1,0,False,False,False,True,missing_string_eqp|missing_handbook|outside_current_equip_pool,gms-server/wz/Character.wz/Hair/00030982.img.xml
Hair,Hair,30983,00030983,,0,0,1,0,False,False,False,True,missing_string_eqp|missing_handbook|outside_current_equip_pool,gms-server/wz/Character.wz/Hair/00030983.img.xml
Hair,Hair,30984,00030984,,0,0,1,0,False,False,False,True,missing_string_eqp|missing_handbook|outside_current_equip_pool,gms-server/wz/Character.wz/Hair/00030984.img.xml
Hair,Hair,30985,00030985,,0,0,1,0,False,False,False,True,missing_string_eqp|missing_handbook|outside_current_equip_pool,gms-server/wz/Character.wz/Hair/00030985.img.xml
Hair,Hair,30986,00030986,,0,0,1,0,False,False,False,True,missing_string_eqp|missing_handbook|outside_current_equip_pool,gms-server/wz/Character.wz/Hair/00030986.img.xml
Hair,Hair,30987,00030987,,0,0,1,0,False,False,False,True,missing_string_eqp|missing_handbook|outside_current_equip_pool,gms-server/wz/Character.wz/Hair/00030987.img.xml
Hair,Hair,31390,00031390,,0,0,1,0,False,False,False,True,missing_string_eqp|missing_handbook|outside_current_equip_pool,gms-server/wz/Character.wz/Hair/00031390.img.xml
Hair,Hair,31391,00031391,,0,0,1,0,False,False,False,True,missing_string_eqp|missing_handbook|outside_current_equip_pool,gms-server/wz/Character.wz/Hair/00031391.img.xml
Hair,Hair,31392,00031392,,0,0,1,0,False,False,False,True,missing_string_eqp|missing_handbook|outside_current_equip_pool,gms-server/wz/Character.wz/Hair/00031392.img.xml
Hair,Hair,31393,00031393,,0,0,1,0,False,False,False,True,missing_string_eqp|missing_handbook|outside_current_equip_pool,gms-server/wz/Character.wz/Hair/00031393.img.xml
Hair,Hair,31394,00031394,,0,0,1,0,False,False,False,True,missing_string_eqp|missing_handbook|outside_current_equip_pool,gms-server/wz/Character.wz/Hair/00031394.img.xml
Hair,Hair,31395,00031395,,0,0,1,0,False,False,False,True,missing_string_eqp|missing_handbook|outside_current_equip_pool,gms-server/wz/Character.wz/Hair/00031395.img.xml
Hair,Hair,31396,00031396,,0,0,1,0,False,False,False,True,missing_string_eqp|missing_handbook|outside_current_equip_pool,gms-server/wz/Character.wz/Hair/00031396.img.xml
Hair,Hair,31397,00031397,,0,0,1,0,False,False,False,True,missing_string_eqp|missing_handbook|outside_current_equip_pool,gms-server/wz/Character.wz/Hair/00031397.img.xml
Hair,Hair,31500,00031500,,0,0,1,0,False,False,False,True,missing_string_eqp|missing_handbook|outside_current_equip_pool,gms-server/wz/Character.wz/Hair/00031500.img.xml
Hair,Hair,31501,00031501,,0,0,1,0,False,False,False,True,missing_string_eqp|missing_handbook|outside_current_equip_pool,gms-server/wz/Character.wz/Hair/00031501.img.xml
Hair,Hair,31502,00031502,,0,0,1,0,False,False,False,True,missing_string_eqp|missing_handbook|outside_current_equip_pool,gms-server/wz/Character.wz/Hair/00031502.img.xml
Hair,Hair,31503,00031503,,0,0,1,0,False,False,False,True,missing_string_eqp|missing_handbook|outside_current_equip_pool,gms-server/wz/Character.wz/Hair/00031503.img.xml
Hair,Hair,31504,00031504,,0,0,1,0,False,False,False,True,missing_string_eqp|missing_handbook|outside_current_equip_pool,gms-server/wz/Character.wz/Hair/00031504.img.xml
Hair,Hair,31505,00031505,,0,0,1,0,False,False,False,True,missing_string_eqp|missing_handbook|outside_current_equip_pool,gms-server/wz/Character.wz/Hair/00031505.img.xml
Hair,Hair,31506,00031506,,0,0,1,0,False,False,False,True,missing_string_eqp|missing_handbook|outside_current_equip_pool,gms-server/wz/Character.wz/Hair/00031506.img.xml
Hair,Hair,31507,00031507,,0,0,1,0,False,False,False,True,missing_string_eqp|missing_handbook|outside_current_equip_pool,gms-server/wz/Character.wz/Hair/00031507.img.xml
Hair,Hair,31570,00031570,,0,0,1,0,False,True,False,True,missing_string_eqp|outside_current_equip_pool,gms-server/wz/Character.wz/Hair/00031570.img.xml
Hair,Hair,31571,00031571,,0,0,1,0,False,True,False,True,missing_string_eqp|outside_current_equip_pool,gms-server/wz/Character.wz/Hair/00031571.img.xml
Hair,Hair,31572,00031572,,0,0,1,0,False,True,False,True,missing_string_eqp|outside_current_equip_pool,gms-server/wz/Character.wz/Hair/00031572.img.xml
Hair,Hair,31573,00031573,,0,0,1,0,False,True,False,True,missing_string_eqp|outside_current_equip_pool,gms-server/wz/Character.wz/Hair/00031573.img.xml
Hair,Hair,31574,00031574,,0,0,1,0,False,True,False,True,missing_string_eqp|outside_current_equip_pool,gms-server/wz/Character.wz/Hair/00031574.img.xml
Hair,Hair,31575,00031575,,0,0,1,0,False,True,False,True,missing_string_eqp|outside_current_equip_pool,gms-server/wz/Character.wz/Hair/00031575.img.xml
Hair,Hair,31576,00031576,,0,0,1,0,False,True,False,True,missing_string_eqp|outside_current_equip_pool,gms-server/wz/Character.wz/Hair/00031576.img.xml
Hair,Hair,31577,00031577,,0,0,1,0,False,True,False,True,missing_string_eqp|outside_current_equip_pool,gms-server/wz/Character.wz/Hair/00031577.img.xml
Hair,Hair,31580,00031580,,0,0,1,0,False,True,False,True,missing_string_eqp|outside_current_equip_pool,gms-server/wz/Character.wz/Hair/00031580.img.xml
Hair,Hair,31581,00031581,,0,0,1,0,False,True,False,True,missing_string_eqp|outside_current_equip_pool,gms-server/wz/Character.wz/Hair/00031581.img.xml
Hair,Hair,31582,00031582,,0,0,1,0,False,True,False,True,missing_string_eqp|outside_current_equip_pool,gms-server/wz/Character.wz/Hair/00031582.img.xml
Hair,Hair,31583,00031583,,0,0,1,0,False,True,False,True,missing_string_eqp|outside_current_equip_pool,gms-server/wz/Character.wz/Hair/00031583.img.xml
Hair,Hair,31584,00031584,,0,0,1,0,False,True,False,True,missing_string_eqp|outside_current_equip_pool,gms-server/wz/Character.wz/Hair/00031584.img.xml
Hair,Hair,31585,00031585,,0,0,1,0,False,True,False,True,missing_string_eqp|outside_current_equip_pool,gms-server/wz/Character.wz/Hair/00031585.img.xml
Hair,Hair,31586,00031586,,0,0,1,0,False,True,False,True,missing_string_eqp|outside_current_equip_pool,gms-server/wz/Character.wz/Hair/00031586.img.xml
Hair,Hair,31587,00031587,,0,0,1,0,False,True,False,True,missing_string_eqp|outside_current_equip_pool,gms-server/wz/Character.wz/Hair/00031587.img.xml
Hair,Hair,31600,00031600,,0,0,1,0,False,True,False,True,missing_string_eqp|outside_current_equip_pool,gms-server/wz/Character.wz/Hair/00031600.img.xml
Hair,Hair,31601,00031601,,0,0,1,0,False,True,False,True,missing_string_eqp|outside_current_equip_pool,gms-server/wz/Character.wz/Hair/00031601.img.xml
Hair,Hair,31602,00031602,,0,0,1,0,False,True,False,True,missing_string_eqp|outside_current_equip_pool,gms-server/wz/Character.wz/Hair/00031602.img.xml
Hair,Hair,31603,00031603,,0,0,1,0,False,True,False,True,missing_string_eqp|outside_current_equip_pool,gms-server/wz/Character.wz/Hair/00031603.img.xml
Hair,Hair,31604,00031604,,0,0,1,0,False,True,False,True,missing_string_eqp|outside_current_equip_pool,gms-server/wz/Character.wz/Hair/00031604.img.xml
Hair,Hair,31605,00031605,,0,0,1,0,False,True,False,True,missing_string_eqp|outside_current_equip_pool,gms-server/wz/Character.wz/Hair/00031605.img.xml
Hair,Hair,31606,00031606,,0,0,1,0,False,True,False,True,missing_string_eqp|outside_current_equip_pool,gms-server/wz/Character.wz/Hair/00031606.img.xml
Hair,Hair,31607,00031607,,0,0,1,0,False,True,False,True,missing_string_eqp|outside_current_equip_pool,gms-server/wz/Character.wz/Hair/00031607.img.xml
Hair,Hair,31960,00031960,,0,0,1,0,False,False,False,True,missing_string_eqp|missing_handbook|outside_current_equip_pool,gms-server/wz/Character.wz/Hair/00031960.img.xml
Hair,Hair,31961,00031961,,0,0,1,0,False,False,False,True,missing_string_eqp|missing_handbook|outside_current_equip_pool,gms-server/wz/Character.wz/Hair/00031961.img.xml
Hair,Hair,31962,00031962,,0,0,1,0,False,False,False,True,missing_string_eqp|missing_handbook|outside_current_equip_pool,gms-server/wz/Character.wz/Hair/00031962.img.xml
Hair,Hair,31963,00031963,,0,0,1,0,False,False,False,True,missing_string_eqp|missing_handbook|outside_current_equip_pool,gms-server/wz/Character.wz/Hair/00031963.img.xml
Hair,Hair,31964,00031964,,0,0,1,0,False,False,False,True,missing_string_eqp|missing_handbook|outside_current_equip_pool,gms-server/wz/Character.wz/Hair/00031964.img.xml
Hair,Hair,31965,00031965,,0,0,1,0,False,False,False,True,missing_string_eqp|missing_handbook|outside_current_equip_pool,gms-server/wz/Character.wz/Hair/00031965.img.xml
Hair,Hair,31966,00031966,,0,0,1,0,False,False,False,True,missing_string_eqp|missing_handbook|outside_current_equip_pool,gms-server/wz/Character.wz/Hair/00031966.img.xml
Hair,Hair,31967,00031967,,0,0,1,0,False,False,False,True,missing_string_eqp|missing_handbook|outside_current_equip_pool,gms-server/wz/Character.wz/Hair/00031967.img.xml
Hair,Hair,31970,00031970,,0,0,1,0,False,False,False,True,missing_string_eqp|missing_handbook|outside_current_equip_pool,gms-server/wz/Character.wz/Hair/00031970.img.xml
Hair,Hair,31971,00031971,,0,0,1,0,False,False,False,True,missing_string_eqp|missing_handbook|outside_current_equip_pool,gms-server/wz/Character.wz/Hair/00031971.img.xml
Hair,Hair,31972,00031972,,0,0,1,0,False,False,False,True,missing_string_eqp|missing_handbook|outside_current_equip_pool,gms-server/wz/Character.wz/Hair/00031972.img.xml
Hair,Hair,31973,00031973,,0,0,1,0,False,False,False,True,missing_string_eqp|missing_handbook|outside_current_equip_pool,gms-server/wz/Character.wz/Hair/00031973.img.xml
Hair,Hair,31974,00031974,,0,0,1,0,False,False,False,True,missing_string_eqp|missing_handbook|outside_current_equip_pool,gms-server/wz/Character.wz/Hair/00031974.img.xml
Hair,Hair,31975,00031975,,0,0,1,0,False,False,False,True,missing_string_eqp|missing_handbook|outside_current_equip_pool,gms-server/wz/Character.wz/Hair/00031975.img.xml
Hair,Hair,31976,00031976,,0,0,1,0,False,False,False,True,missing_string_eqp|missing_handbook|outside_current_equip_pool,gms-server/wz/Character.wz/Hair/00031976.img.xml
Hair,Hair,31977,00031977,,0,0,1,0,False,False,False,True,missing_string_eqp|missing_handbook|outside_current_equip_pool,gms-server/wz/Character.wz/Hair/00031977.img.xml
Hair,Hair,31980,00031980,,0,0,1,0,False,False,False,True,missing_string_eqp|missing_handbook|outside_current_equip_pool,gms-server/wz/Character.wz/Hair/00031980.img.xml
Hair,Hair,31981,00031981,,0,0,1,0,False,False,False,True,missing_string_eqp|missing_handbook|outside_current_equip_pool,gms-server/wz/Character.wz/Hair/00031981.img.xml
Hair,Hair,31982,00031982,,0,0,1,0,False,False,False,True,missing_string_eqp|missing_handbook|outside_current_equip_pool,gms-server/wz/Character.wz/Hair/00031982.img.xml
Hair,Hair,31983,00031983,,0,0,1,0,False,False,False,True,missing_string_eqp|missing_handbook|outside_current_equip_pool,gms-server/wz/Character.wz/Hair/00031983.img.xml
Hair,Hair,31984,00031984,,0,0,1,0,False,False,False,True,missing_string_eqp|missing_handbook|outside_current_equip_pool,gms-server/wz/Character.wz/Hair/00031984.img.xml
Hair,Hair,31985,00031985,,0,0,1,0,False,False,False,True,missing_string_eqp|missing_handbook|outside_current_equip_pool,gms-server/wz/Character.wz/Hair/00031985.img.xml
Hair,Hair,31986,00031986,,0,0,1,0,False,False,False,True,missing_string_eqp|missing_handbook|outside_current_equip_pool,gms-server/wz/Character.wz/Hair/00031986.img.xml
Hair,Hair,31987,00031987,,0,0,1,0,False,False,False,True,missing_string_eqp|missing_handbook|outside_current_equip_pool,gms-server/wz/Character.wz/Hair/00031987.img.xml
Hair,Hair,32000,00032000,,0,0,1,0,False,False,False,True,missing_string_eqp|missing_handbook|outside_current_equip_pool,gms-server/wz/Character.wz/Hair/00032000.img.xml
Hair,Hair,32001,00032001,,0,0,1,0,False,False,False,True,missing_string_eqp|missing_handbook|outside_current_equip_pool,gms-server/wz/Character.wz/Hair/00032001.img.xml
Hair,Hair,32002,00032002,,0,0,1,0,False,False,False,True,missing_string_eqp|missing_handbook|outside_current_equip_pool,gms-server/wz/Character.wz/Hair/00032002.img.xml
Hair,Hair,32003,00032003,,0,0,1,0,False,False,False,True,missing_string_eqp|missing_handbook|outside_current_equip_pool,gms-server/wz/Character.wz/Hair/00032003.img.xml
Hair,Hair,32004,00032004,,0,0,1,0,False,False,False,True,missing_string_eqp|missing_handbook|outside_current_equip_pool,gms-server/wz/Character.wz/Hair/00032004.img.xml
Hair,Hair,32005,00032005,,0,0,1,0,False,False,False,True,missing_string_eqp|missing_handbook|outside_current_equip_pool,gms-server/wz/Character.wz/Hair/00032005.img.xml
Hair,Hair,32006,00032006,,0,0,1,0,False,False,False,True,missing_string_eqp|missing_handbook|outside_current_equip_pool,gms-server/wz/Character.wz/Hair/00032006.img.xml
Hair,Hair,32007,00032007,,0,0,1,0,False,False,False,True,missing_string_eqp|missing_handbook|outside_current_equip_pool,gms-server/wz/Character.wz/Hair/00032007.img.xml
Hair,Hair,32010,00032010,,0,0,1,0,False,False,False,True,missing_string_eqp|missing_handbook|outside_current_equip_pool,gms-server/wz/Character.wz/Hair/00032010.img.xml
Hair,Hair,32011,00032011,,0,0,1,0,False,False,False,True,missing_string_eqp|missing_handbook|outside_current_equip_pool,gms-server/wz/Character.wz/Hair/00032011.img.xml
Hair,Hair,32012,00032012,,0,0,1,0,False,False,False,True,missing_string_eqp|missing_handbook|outside_current_equip_pool,gms-server/wz/Character.wz/Hair/00032012.img.xml
Hair,Hair,32013,00032013,,0,0,1,0,False,False,False,True,missing_string_eqp|missing_handbook|outside_current_equip_pool,gms-server/wz/Character.wz/Hair/00032013.img.xml
Hair,Hair,32014,00032014,,0,0,1,0,False,False,False,True,missing_string_eqp|missing_handbook|outside_current_equip_pool,gms-server/wz/Character.wz/Hair/00032014.img.xml
Hair,Hair,32015,00032015,,0,0,1,0,False,False,False,True,missing_string_eqp|missing_handbook|outside_current_equip_pool,gms-server/wz/Character.wz/Hair/00032015.img.xml
Hair,Hair,32016,00032016,,0,0,1,0,False,False,False,True,missing_string_eqp|missing_handbook|outside_current_equip_pool,gms-server/wz/Character.wz/Hair/00032016.img.xml
Hair,Hair,32017,00032017,,0,0,1,0,False,False,False,True,missing_string_eqp|missing_handbook|outside_current_equip_pool,gms-server/wz/Character.wz/Hair/00032017.img.xml
Hair,Hair,32020,00032020,,0,0,1,0,False,False,False,True,missing_string_eqp|missing_handbook|outside_current_equip_pool,gms-server/wz/Character.wz/Hair/00032020.img.xml
Hair,Hair,32021,00032021,,0,0,1,0,False,False,False,True,missing_string_eqp|missing_handbook|outside_current_equip_pool,gms-server/wz/Character.wz/Hair/00032021.img.xml
Hair,Hair,32022,00032022,,0,0,1,0,False,False,False,True,missing_string_eqp|missing_handbook|outside_current_equip_pool,gms-server/wz/Character.wz/Hair/00032022.img.xml
Hair,Hair,32023,00032023,,0,0,1,0,False,False,False,True,missing_string_eqp|missing_handbook|outside_current_equip_pool,gms-server/wz/Character.wz/Hair/00032023.img.xml
Hair,Hair,32024,00032024,,0,0,1,0,False,False,False,True,missing_string_eqp|missing_handbook|outside_current_equip_pool,gms-server/wz/Character.wz/Hair/00032024.img.xml
Hair,Hair,32025,00032025,,0,0,1,0,False,False,False,True,missing_string_eqp|missing_handbook|outside_current_equip_pool,gms-server/wz/Character.wz/Hair/00032025.img.xml
Hair,Hair,32026,00032026,,0,0,1,0,False,False,False,True,missing_string_eqp|missing_handbook|outside_current_equip_pool,gms-server/wz/Character.wz/Hair/00032026.img.xml
Hair,Hair,32027,00032027,,0,0,1,0,False,False,False,True,missing_string_eqp|missing_handbook|outside_current_equip_pool,gms-server/wz/Character.wz/Hair/00032027.img.xml
Hair,Hair,32030,00032030,,0,0,0,0,False,False,False,True,missing_string_eqp|missing_handbook|outside_current_equip_pool,gms-server/wz/Character.wz/Hair/00032030.img.xml
Hair,Hair,32031,00032031,,0,0,1,0,False,False,False,True,missing_string_eqp|missing_handbook|outside_current_equip_pool,gms-server/wz/Character.wz/Hair/00032031.img.xml
Hair,Hair,32032,00032032,,0,0,0,0,False,False,False,True,missing_string_eqp|missing_handbook|outside_current_equip_pool,gms-server/wz/Character.wz/Hair/00032032.img.xml
Hair,Hair,32033,00032033,,0,0,0,0,False,False,False,True,missing_string_eqp|missing_handbook|outside_current_equip_pool,gms-server/wz/Character.wz/Hair/00032033.img.xml
Hair,Hair,32034,00032034,,0,0,0,0,False,False,False,True,missing_string_eqp|missing_handbook|outside_current_equip_pool,gms-server/wz/Character.wz/Hair/00032034.img.xml
Hair,Hair,32035,00032035,,0,0,0,0,False,False,False,True,missing_string_eqp|missing_handbook|outside_current_equip_pool,gms-server/wz/Character.wz/Hair/00032035.img.xml
Hair,Hair,32036,00032036,,0,0,0,0,False,False,False,True,missing_string_eqp|missing_handbook|outside_current_equip_pool,gms-server/wz/Character.wz/Hair/00032036.img.xml
Hair,Hair,32037,00032037,,0,0,0,0,False,False,False,True,missing_string_eqp|missing_handbook|outside_current_equip_pool,gms-server/wz/Character.wz/Hair/00032037.img.xml
Hair,Hair,32040,00032040,,0,0,0,0,False,False,False,True,missing_string_eqp|missing_handbook|outside_current_equip_pool,gms-server/wz/Character.wz/Hair/00032040.img.xml
Hair,Hair,32041,00032041,,0,0,0,0,False,False,False,True,missing_string_eqp|missing_handbook|outside_current_equip_pool,gms-server/wz/Character.wz/Hair/00032041.img.xml
Hair,Hair,32042,00032042,,0,0,0,0,False,False,False,True,missing_string_eqp|missing_handbook|outside_current_equip_pool,gms-server/wz/Character.wz/Hair/00032042.img.xml
Hair,Hair,32043,00032043,,0,0,0,0,False,False,False,True,missing_string_eqp|missing_handbook|outside_current_equip_pool,gms-server/wz/Character.wz/Hair/00032043.img.xml
Hair,Hair,32044,00032044,,0,0,0,0,False,False,False,True,missing_string_eqp|missing_handbook|outside_current_equip_pool,gms-server/wz/Character.wz/Hair/00032044.img.xml
Hair,Hair,32045,00032045,,0,0,0,0,False,False,False,True,missing_string_eqp|missing_handbook|outside_current_equip_pool,gms-server/wz/Character.wz/Hair/00032045.img.xml
Hair,Hair,32046,00032046,,0,0,0,0,False,False,False,True,missing_string_eqp|missing_handbook|outside_current_equip_pool,gms-server/wz/Character.wz/Hair/00032046.img.xml
Hair,Hair,32047,00032047,,0,0,0,0,False,False,False,True,missing_string_eqp|missing_handbook|outside_current_equip_pool,gms-server/wz/Character.wz/Hair/00032047.img.xml
Hair,Hair,32050,00032050,,0,0,1,0,False,False,False,True,missing_string_eqp|missing_handbook|outside_current_equip_pool,gms-server/wz/Character.wz/Hair/00032050.img.xml
Hair,Hair,32051,00032051,,0,0,1,0,False,False,False,True,missing_string_eqp|missing_handbook|outside_current_equip_pool,gms-server/wz/Character.wz/Hair/00032051.img.xml
Hair,Hair,32052,00032052,,0,0,1,0,False,False,False,True,missing_string_eqp|missing_handbook|outside_current_equip_pool,gms-server/wz/Character.wz/Hair/00032052.img.xml
Hair,Hair,32053,00032053,,0,0,1,0,False,False,False,True,missing_string_eqp|missing_handbook|outside_current_equip_pool,gms-server/wz/Character.wz/Hair/00032053.img.xml
Hair,Hair,32054,00032054,,0,0,1,0,False,False,False,True,missing_string_eqp|missing_handbook|outside_current_equip_pool,gms-server/wz/Character.wz/Hair/00032054.img.xml
Hair,Hair,32055,00032055,,0,0,1,0,False,False,False,True,missing_string_eqp|missing_handbook|outside_current_equip_pool,gms-server/wz/Character.wz/Hair/00032055.img.xml
Hair,Hair,32056,00032056,,0,0,1,0,False,False,False,True,missing_string_eqp|missing_handbook|outside_current_equip_pool,gms-server/wz/Character.wz/Hair/00032056.img.xml
Hair,Hair,32057,00032057,,0,0,1,0,False,False,False,True,missing_string_eqp|missing_handbook|outside_current_equip_pool,gms-server/wz/Character.wz/Hair/00032057.img.xml
Hair,Hair,32060,00032060,,0,0,1,0,False,False,False,True,missing_string_eqp|missing_handbook|outside_current_equip_pool,gms-server/wz/Character.wz/Hair/00032060.img.xml
Hair,Hair,32061,00032061,,0,0,1,0,False,False,False,True,missing_string_eqp|missing_handbook|outside_current_equip_pool,gms-server/wz/Character.wz/Hair/00032061.img.xml
Hair,Hair,32062,00032062,,0,0,1,0,False,False,False,True,missing_string_eqp|missing_handbook|outside_current_equip_pool,gms-server/wz/Character.wz/Hair/00032062.img.xml
Hair,Hair,32063,00032063,,0,0,1,0,False,False,False,True,missing_string_eqp|missing_handbook|outside_current_equip_pool,gms-server/wz/Character.wz/Hair/00032063.img.xml
Hair,Hair,32064,00032064,,0,0,1,0,False,False,False,True,missing_string_eqp|missing_handbook|outside_current_equip_pool,gms-server/wz/Character.wz/Hair/00032064.img.xml
Hair,Hair,32065,00032065,,0,0,1,0,False,False,False,True,missing_string_eqp|missing_handbook|outside_current_equip_pool,gms-server/wz/Character.wz/Hair/00032065.img.xml
Hair,Hair,32066,00032066,,0,0,1,0,False,False,False,True,missing_string_eqp|missing_handbook|outside_current_equip_pool,gms-server/wz/Character.wz/Hair/00032066.img.xml
Hair,Hair,32067,00032067,,0,0,1,0,False,False,False,True,missing_string_eqp|missing_handbook|outside_current_equip_pool,gms-server/wz/Character.wz/Hair/00032067.img.xml
Hair,Hair,32070,00032070,,0,0,1,0,False,False,False,True,missing_string_eqp|missing_handbook|outside_current_equip_pool,gms-server/wz/Character.wz/Hair/00032070.img.xml
Hair,Hair,32071,00032071,,0,0,1,0,False,False,False,True,missing_string_eqp|missing_handbook|outside_current_equip_pool,gms-server/wz/Character.wz/Hair/00032071.img.xml
Hair,Hair,32072,00032072,,0,0,1,0,False,False,False,True,missing_string_eqp|missing_handbook|outside_current_equip_pool,gms-server/wz/Character.wz/Hair/00032072.img.xml
Hair,Hair,32073,00032073,,0,0,1,0,False,False,False,True,missing_string_eqp|missing_handbook|outside_current_equip_pool,gms-server/wz/Character.wz/Hair/00032073.img.xml
Hair,Hair,32074,00032074,,0,0,1,0,False,False,False,True,missing_string_eqp|missing_handbook|outside_current_equip_pool,gms-server/wz/Character.wz/Hair/00032074.img.xml
Hair,Hair,32075,00032075,,0,0,1,0,False,False,False,True,missing_string_eqp|missing_handbook|outside_current_equip_pool,gms-server/wz/Character.wz/Hair/00032075.img.xml
Hair,Hair,32076,00032076,,0,0,1,0,False,False,False,True,missing_string_eqp|missing_handbook|outside_current_equip_pool,gms-server/wz/Character.wz/Hair/00032076.img.xml
Hair,Hair,32077,00032077,,0,0,1,0,False,False,False,True,missing_string_eqp|missing_handbook|outside_current_equip_pool,gms-server/wz/Character.wz/Hair/00032077.img.xml
Hair,Hair,32080,00032080,,0,0,1,0,False,False,False,True,missing_string_eqp|missing_handbook|outside_current_equip_pool,gms-server/wz/Character.wz/Hair/00032080.img.xml
Hair,Hair,32081,00032081,,0,0,1,0,False,False,False,True,missing_string_eqp|missing_handbook|outside_current_equip_pool,gms-server/wz/Character.wz/Hair/00032081.img.xml
Hair,Hair,32082,00032082,,0,0,1,0,False,False,False,True,missing_string_eqp|missing_handbook|outside_current_equip_pool,gms-server/wz/Character.wz/Hair/00032082.img.xml
Hair,Hair,32083,00032083,,0,0,1,0,False,False,False,True,missing_string_eqp|missing_handbook|outside_current_equip_pool,gms-server/wz/Character.wz/Hair/00032083.img.xml
Hair,Hair,32084,00032084,,0,0,1,0,False,False,False,True,missing_string_eqp|missing_handbook|outside_current_equip_pool,gms-server/wz/Character.wz/Hair/00032084.img.xml
Hair,Hair,32085,00032085,,0,0,1,0,False,False,False,True,missing_string_eqp|missing_handbook|outside_current_equip_pool,gms-server/wz/Character.wz/Hair/00032085.img.xml
Hair,Hair,32086,00032086,,0,0,1,0,False,False,False,True,missing_string_eqp|missing_handbook|outside_current_equip_pool,gms-server/wz/Character.wz/Hair/00032086.img.xml
Hair,Hair,32087,00032087,,0,0,1,0,False,False,False,True,missing_string_eqp|missing_handbook|outside_current_equip_pool,gms-server/wz/Character.wz/Hair/00032087.img.xml
Hair,Hair,32090,00032090,,0,0,1,0,False,False,False,True,missing_string_eqp|missing_handbook|outside_current_equip_pool,gms-server/wz/Character.wz/Hair/00032090.img.xml
Hair,Hair,32091,00032091,,0,0,1,0,False,False,False,True,missing_string_eqp|missing_handbook|outside_current_equip_pool,gms-server/wz/Character.wz/Hair/00032091.img.xml
Hair,Hair,32092,00032092,,0,0,1,0,False,False,False,True,missing_string_eqp|missing_handbook|outside_current_equip_pool,gms-server/wz/Character.wz/Hair/00032092.img.xml
Hair,Hair,32093,00032093,,0,0,1,0,False,False,False,True,missing_string_eqp|missing_handbook|outside_current_equip_pool,gms-server/wz/Character.wz/Hair/00032093.img.xml
Hair,Hair,32094,00032094,,0,0,1,0,False,False,False,True,missing_string_eqp|missing_handbook|outside_current_equip_pool,gms-server/wz/Character.wz/Hair/00032094.img.xml
Hair,Hair,32095,00032095,,0,0,1,0,False,False,False,True,missing_string_eqp|missing_handbook|outside_current_equip_pool,gms-server/wz/Character.wz/Hair/00032095.img.xml
Hair,Hair,32096,00032096,,0,0,1,0,False,False,False,True,missing_string_eqp|missing_handbook|outside_current_equip_pool,gms-server/wz/Character.wz/Hair/00032096.img.xml
Hair,Hair,32097,00032097,,0,0,1,0,False,False,False,True,missing_string_eqp|missing_handbook|outside_current_equip_pool,gms-server/wz/Character.wz/Hair/00032097.img.xml
Hair,Hair,32100,00032100,,0,0,1,0,False,False,False,True,missing_string_eqp|missing_handbook|outside_current_equip_pool,gms-server/wz/Character.wz/Hair/00032100.img.xml
Hair,Hair,32101,00032101,,0,0,1,0,False,False,False,True,missing_string_eqp|missing_handbook|outside_current_equip_pool,gms-server/wz/Character.wz/Hair/00032101.img.xml
Hair,Hair,32102,00032102,,0,0,1,0,False,False,False,True,missing_string_eqp|missing_handbook|outside_current_equip_pool,gms-server/wz/Character.wz/Hair/00032102.img.xml
Hair,Hair,32103,00032103,,0,0,1,0,False,False,False,True,missing_string_eqp|missing_handbook|outside_current_equip_pool,gms-server/wz/Character.wz/Hair/00032103.img.xml
Hair,Hair,32104,00032104,,0,0,1,0,False,False,False,True,missing_string_eqp|missing_handbook|outside_current_equip_pool,gms-server/wz/Character.wz/Hair/00032104.img.xml
Hair,Hair,32105,00032105,,0,0,1,0,False,False,False,True,missing_string_eqp|missing_handbook|outside_current_equip_pool,gms-server/wz/Character.wz/Hair/00032105.img.xml
Hair,Hair,32106,00032106,,0,0,1,0,False,False,False,True,missing_string_eqp|missing_handbook|outside_current_equip_pool,gms-server/wz/Character.wz/Hair/00032106.img.xml
Hair,Hair,32107,00032107,,0,0,1,0,False,False,False,True,missing_string_eqp|missing_handbook|outside_current_equip_pool,gms-server/wz/Character.wz/Hair/00032107.img.xml
Hair,Hair,32110,00032110,,0,0,1,0,False,False,False,True,missing_string_eqp|missing_handbook|outside_current_equip_pool,gms-server/wz/Character.wz/Hair/00032110.img.xml
Hair,Hair,32111,00032111,,0,0,1,0,False,False,False,True,missing_string_eqp|missing_handbook|outside_current_equip_pool,gms-server/wz/Character.wz/Hair/00032111.img.xml
Hair,Hair,32112,00032112,,0,0,1,0,False,False,False,True,missing_string_eqp|missing_handbook|outside_current_equip_pool,gms-server/wz/Character.wz/Hair/00032112.img.xml
Hair,Hair,32113,00032113,,0,0,1,0,False,False,False,True,missing_string_eqp|missing_handbook|outside_current_equip_pool,gms-server/wz/Character.wz/Hair/00032113.img.xml
Hair,Hair,32114,00032114,,0,0,1,0,False,False,False,True,missing_string_eqp|missing_handbook|outside_current_equip_pool,gms-server/wz/Character.wz/Hair/00032114.img.xml
Hair,Hair,32115,00032115,,0,0,1,0,False,False,False,True,missing_string_eqp|missing_handbook|outside_current_equip_pool,gms-server/wz/Character.wz/Hair/00032115.img.xml
Hair,Hair,32116,00032116,,0,0,1,0,False,False,False,True,missing_string_eqp|missing_handbook|outside_current_equip_pool,gms-server/wz/Character.wz/Hair/00032116.img.xml
Hair,Hair,32117,00032117,,0,0,1,0,False,False,False,True,missing_string_eqp|missing_handbook|outside_current_equip_pool,gms-server/wz/Character.wz/Hair/00032117.img.xml
Hair,Hair,32170,00032170,,0,0,1,0,False,False,False,True,missing_string_eqp|missing_handbook|outside_current_equip_pool,gms-server/wz/Character.wz/Hair/00032170.img.xml
Hair,Hair,32171,00032171,,0,0,1,0,False,False,False,True,missing_string_eqp|missing_handbook|outside_current_equip_pool,gms-server/wz/Character.wz/Hair/00032171.img.xml
Hair,Hair,32172,00032172,,0,0,1,0,False,False,False,True,missing_string_eqp|missing_handbook|outside_current_equip_pool,gms-server/wz/Character.wz/Hair/00032172.img.xml
Hair,Hair,32173,00032173,,0,0,1,0,False,False,False,True,missing_string_eqp|missing_handbook|outside_current_equip_pool,gms-server/wz/Character.wz/Hair/00032173.img.xml
Hair,Hair,32174,00032174,,0,0,1,0,False,False,False,True,missing_string_eqp|missing_handbook|outside_current_equip_pool,gms-server/wz/Character.wz/Hair/00032174.img.xml
Hair,Hair,32175,00032175,,0,0,1,0,False,False,False,True,missing_string_eqp|missing_handbook|outside_current_equip_pool,gms-server/wz/Character.wz/Hair/00032175.img.xml
Hair,Hair,32176,00032176,,0,0,1,0,False,False,False,True,missing_string_eqp|missing_handbook|outside_current_equip_pool,gms-server/wz/Character.wz/Hair/00032176.img.xml
Hair,Hair,32177,00032177,,0,0,1,0,False,False,False,True,missing_string_eqp|missing_handbook|outside_current_equip_pool,gms-server/wz/Character.wz/Hair/00032177.img.xml
Hair,Hair,32180,00032180,,0,0,1,0,False,False,False,True,missing_string_eqp|missing_handbook|outside_current_equip_pool,gms-server/wz/Character.wz/Hair/00032180.img.xml
Hair,Hair,32181,00032181,,0,0,1,0,False,False,False,True,missing_string_eqp|missing_handbook|outside_current_equip_pool,gms-server/wz/Character.wz/Hair/00032181.img.xml
Hair,Hair,32182,00032182,,0,0,1,0,False,False,False,True,missing_string_eqp|missing_handbook|outside_current_equip_pool,gms-server/wz/Character.wz/Hair/00032182.img.xml
Hair,Hair,32183,00032183,,0,0,1,0,False,False,False,True,missing_string_eqp|missing_handbook|outside_current_equip_pool,gms-server/wz/Character.wz/Hair/00032183.img.xml
Hair,Hair,32184,00032184,,0,0,1,0,False,False,False,True,missing_string_eqp|missing_handbook|outside_current_equip_pool,gms-server/wz/Character.wz/Hair/00032184.img.xml
Hair,Hair,32185,00032185,,0,0,1,0,False,False,False,True,missing_string_eqp|missing_handbook|outside_current_equip_pool,gms-server/wz/Character.wz/Hair/00032185.img.xml
Hair,Hair,32186,00032186,,0,0,1,0,False,False,False,True,missing_string_eqp|missing_handbook|outside_current_equip_pool,gms-server/wz/Character.wz/Hair/00032186.img.xml
Hair,Hair,32187,00032187,,0,0,1,0,False,False,False,True,missing_string_eqp|missing_handbook|outside_current_equip_pool,gms-server/wz/Character.wz/Hair/00032187.img.xml
Hair,Hair,32190,00032190,,0,0,1,0,False,False,False,True,missing_string_eqp|missing_handbook|outside_current_equip_pool,gms-server/wz/Character.wz/Hair/00032190.img.xml
Hair,Hair,32191,00032191,,0,0,1,0,False,False,False,True,missing_string_eqp|missing_handbook|outside_current_equip_pool,gms-server/wz/Character.wz/Hair/00032191.img.xml
Hair,Hair,32192,00032192,,0,0,1,0,False,False,False,True,missing_string_eqp|missing_handbook|outside_current_equip_pool,gms-server/wz/Character.wz/Hair/00032192.img.xml
Hair,Hair,32193,00032193,,0,0,1,0,False,False,False,True,missing_string_eqp|missing_handbook|outside_current_equip_pool,gms-server/wz/Character.wz/Hair/00032193.img.xml
Hair,Hair,32194,00032194,,0,0,1,0,False,False,False,True,missing_string_eqp|missing_handbook|outside_current_equip_pool,gms-server/wz/Character.wz/Hair/00032194.img.xml
Hair,Hair,32195,00032195,,0,0,1,0,False,False,False,True,missing_string_eqp|missing_handbook|outside_current_equip_pool,gms-server/wz/Character.wz/Hair/00032195.img.xml
Hair,Hair,32196,00032196,,0,0,1,0,False,False,False,True,missing_string_eqp|missing_handbook|outside_current_equip_pool,gms-server/wz/Character.wz/Hair/00032196.img.xml
Hair,Hair,32197,00032197,,0,0,1,0,False,False,False,True,missing_string_eqp|missing_handbook|outside_current_equip_pool,gms-server/wz/Character.wz/Hair/00032197.img.xml
Hair,Hair,32200,00032200,,0,0,1,0,False,False,False,True,missing_string_eqp|missing_handbook|outside_current_equip_pool,gms-server/wz/Character.wz/Hair/00032200.img.xml
Hair,Hair,32201,00032201,,0,0,1,0,False,False,False,True,missing_string_eqp|missing_handbook|outside_current_equip_pool,gms-server/wz/Character.wz/Hair/00032201.img.xml
Hair,Hair,32202,00032202,,0,0,1,0,False,False,False,True,missing_string_eqp|missing_handbook|outside_current_equip_pool,gms-server/wz/Character.wz/Hair/00032202.img.xml
Hair,Hair,32203,00032203,,0,0,1,0,False,False,False,True,missing_string_eqp|missing_handbook|outside_current_equip_pool,gms-server/wz/Character.wz/Hair/00032203.img.xml
Hair,Hair,32204,00032204,,0,0,1,0,False,False,False,True,missing_string_eqp|missing_handbook|outside_current_equip_pool,gms-server/wz/Character.wz/Hair/00032204.img.xml
Hair,Hair,32205,00032205,,0,0,1,0,False,False,False,True,missing_string_eqp|missing_handbook|outside_current_equip_pool,gms-server/wz/Character.wz/Hair/00032205.img.xml
Hair,Hair,32206,00032206,,0,0,1,0,False,False,False,True,missing_string_eqp|missing_handbook|outside_current_equip_pool,gms-server/wz/Character.wz/Hair/00032206.img.xml
Hair,Hair,32207,00032207,,0,0,1,0,False,False,False,True,missing_string_eqp|missing_handbook|outside_current_equip_pool,gms-server/wz/Character.wz/Hair/00032207.img.xml
Hair,Hair,32210,00032210,,0,0,1,0,False,False,False,True,missing_string_eqp|missing_handbook|outside_current_equip_pool,gms-server/wz/Character.wz/Hair/00032210.img.xml
Hair,Hair,32211,00032211,,0,0,1,0,False,False,False,True,missing_string_eqp|missing_handbook|outside_current_equip_pool,gms-server/wz/Character.wz/Hair/00032211.img.xml
Hair,Hair,32212,00032212,,0,0,1,0,False,False,False,True,missing_string_eqp|missing_handbook|outside_current_equip_pool,gms-server/wz/Character.wz/Hair/00032212.img.xml
Hair,Hair,32213,00032213,,0,0,1,0,False,False,False,True,missing_string_eqp|missing_handbook|outside_current_equip_pool,gms-server/wz/Character.wz/Hair/00032213.img.xml
Hair,Hair,32214,00032214,,0,0,1,0,False,False,False,True,missing_string_eqp|missing_handbook|outside_current_equip_pool,gms-server/wz/Character.wz/Hair/00032214.img.xml
Hair,Hair,32215,00032215,,0,0,1,0,False,False,False,True,missing_string_eqp|missing_handbook|outside_current_equip_pool,gms-server/wz/Character.wz/Hair/00032215.img.xml
Hair,Hair,32216,00032216,,0,0,1,0,False,False,False,True,missing_string_eqp|missing_handbook|outside_current_equip_pool,gms-server/wz/Character.wz/Hair/00032216.img.xml
Hair,Hair,32217,00032217,,0,0,1,0,False,False,False,True,missing_string_eqp|missing_handbook|outside_current_equip_pool,gms-server/wz/Character.wz/Hair/00032217.img.xml
Hair,Hair,32220,00032220,,0,0,1,0,False,False,False,True,missing_string_eqp|missing_handbook|outside_current_equip_pool,gms-server/wz/Character.wz/Hair/00032220.img.xml
Hair,Hair,32221,00032221,,0,0,1,0,False,False,False,True,missing_string_eqp|missing_handbook|outside_current_equip_pool,gms-server/wz/Character.wz/Hair/00032221.img.xml
Hair,Hair,32222,00032222,,0,0,1,0,False,False,False,True,missing_string_eqp|missing_handbook|outside_current_equip_pool,gms-server/wz/Character.wz/Hair/00032222.img.xml
Hair,Hair,32223,00032223,,0,0,1,0,False,False,False,True,missing_string_eqp|missing_handbook|outside_current_equip_pool,gms-server/wz/Character.wz/Hair/00032223.img.xml
Hair,Hair,32224,00032224,,0,0,1,0,False,False,False,True,missing_string_eqp|missing_handbook|outside_current_equip_pool,gms-server/wz/Character.wz/Hair/00032224.img.xml
Hair,Hair,32225,00032225,,0,0,1,0,False,False,False,True,missing_string_eqp|missing_handbook|outside_current_equip_pool,gms-server/wz/Character.wz/Hair/00032225.img.xml
Hair,Hair,32226,00032226,,0,0,1,0,False,False,False,True,missing_string_eqp|missing_handbook|outside_current_equip_pool,gms-server/wz/Character.wz/Hair/00032226.img.xml
Hair,Hair,32227,00032227,,0,0,1,0,False,False,False,True,missing_string_eqp|missing_handbook|outside_current_equip_pool,gms-server/wz/Character.wz/Hair/00032227.img.xml
Hair,Hair,32230,00032230,,0,0,1,0,False,False,False,True,missing_string_eqp|missing_handbook|outside_current_equip_pool,gms-server/wz/Character.wz/Hair/00032230.img.xml
Hair,Hair,32231,00032231,,0,0,1,0,False,False,False,True,missing_string_eqp|missing_handbook|outside_current_equip_pool,gms-server/wz/Character.wz/Hair/00032231.img.xml
Hair,Hair,32232,00032232,,0,0,1,0,False,False,False,True,missing_string_eqp|missing_handbook|outside_current_equip_pool,gms-server/wz/Character.wz/Hair/00032232.img.xml
Hair,Hair,32233,00032233,,0,0,1,0,False,False,False,True,missing_string_eqp|missing_handbook|outside_current_equip_pool,gms-server/wz/Character.wz/Hair/00032233.img.xml
Hair,Hair,32234,00032234,,0,0,1,0,False,False,False,True,missing_string_eqp|missing_handbook|outside_current_equip_pool,gms-server/wz/Character.wz/Hair/00032234.img.xml
Hair,Hair,32235,00032235,,0,0,1,0,False,False,False,True,missing_string_eqp|missing_handbook|outside_current_equip_pool,gms-server/wz/Character.wz/Hair/00032235.img.xml
Hair,Hair,32236,00032236,,0,0,1,0,False,False,False,True,missing_string_eqp|missing_handbook|outside_current_equip_pool,gms-server/wz/Character.wz/Hair/00032236.img.xml
Hair,Hair,32237,00032237,,0,0,1,0,False,False,False,True,missing_string_eqp|missing_handbook|outside_current_equip_pool,gms-server/wz/Character.wz/Hair/00032237.img.xml
Hair,Hair,32240,00032240,,0,0,1,0,False,False,False,True,missing_string_eqp|missing_handbook|outside_current_equip_pool,gms-server/wz/Character.wz/Hair/00032240.img.xml
Hair,Hair,32241,00032241,,0,0,1,0,False,False,False,True,missing_string_eqp|missing_handbook|outside_current_equip_pool,gms-server/wz/Character.wz/Hair/00032241.img.xml
Hair,Hair,32242,00032242,,0,0,1,0,False,False,False,True,missing_string_eqp|missing_handbook|outside_current_equip_pool,gms-server/wz/Character.wz/Hair/00032242.img.xml
Hair,Hair,32243,00032243,,0,0,1,0,False,False,False,True,missing_string_eqp|missing_handbook|outside_current_equip_pool,gms-server/wz/Character.wz/Hair/00032243.img.xml
Hair,Hair,32244,00032244,,0,0,1,0,False,False,False,True,missing_string_eqp|missing_handbook|outside_current_equip_pool,gms-server/wz/Character.wz/Hair/00032244.img.xml
Hair,Hair,32245,00032245,,0,0,1,0,False,False,False,True,missing_string_eqp|missing_handbook|outside_current_equip_pool,gms-server/wz/Character.wz/Hair/00032245.img.xml
Hair,Hair,32246,00032246,,0,0,1,0,False,False,False,True,missing_string_eqp|missing_handbook|outside_current_equip_pool,gms-server/wz/Character.wz/Hair/00032246.img.xml
Hair,Hair,32247,00032247,,0,0,1,0,False,False,False,True,missing_string_eqp|missing_handbook|outside_current_equip_pool,gms-server/wz/Character.wz/Hair/00032247.img.xml
Hair,Hair,32250,00032250,,0,0,1,0,False,False,False,True,missing_string_eqp|missing_handbook|outside_current_equip_pool,gms-server/wz/Character.wz/Hair/00032250.img.xml
Hair,Hair,32251,00032251,,0,0,1,0,False,False,False,True,missing_string_eqp|missing_handbook|outside_current_equip_pool,gms-server/wz/Character.wz/Hair/00032251.img.xml
Hair,Hair,32252,00032252,,0,0,1,0,False,False,False,True,missing_string_eqp|missing_handbook|outside_current_equip_pool,gms-server/wz/Character.wz/Hair/00032252.img.xml
Hair,Hair,32253,00032253,,0,0,1,0,False,False,False,True,missing_string_eqp|missing_handbook|outside_current_equip_pool,gms-server/wz/Character.wz/Hair/00032253.img.xml
Hair,Hair,32254,00032254,,0,0,1,0,False,False,False,True,missing_string_eqp|missing_handbook|outside_current_equip_pool,gms-server/wz/Character.wz/Hair/00032254.img.xml
Hair,Hair,32255,00032255,,0,0,1,0,False,False,False,True,missing_string_eqp|missing_handbook|outside_current_equip_pool,gms-server/wz/Character.wz/Hair/00032255.img.xml
Hair,Hair,32256,00032256,,0,0,1,0,False,False,False,True,missing_string_eqp|missing_handbook|outside_current_equip_pool,gms-server/wz/Character.wz/Hair/00032256.img.xml
Hair,Hair,32257,00032257,,0,0,1,0,False,False,False,True,missing_string_eqp|missing_handbook|outside_current_equip_pool,gms-server/wz/Character.wz/Hair/00032257.img.xml
Hair,Hair,32260,00032260,,0,0,1,0,False,False,False,True,missing_string_eqp|missing_handbook|outside_current_equip_pool,gms-server/wz/Character.wz/Hair/00032260.img.xml
Hair,Hair,32261,00032261,,0,0,1,0,False,False,False,True,missing_string_eqp|missing_handbook|outside_current_equip_pool,gms-server/wz/Character.wz/Hair/00032261.img.xml
Hair,Hair,32262,00032262,,0,0,1,0,False,False,False,True,missing_string_eqp|missing_handbook|outside_current_equip_pool,gms-server/wz/Character.wz/Hair/00032262.img.xml
Hair,Hair,32263,00032263,,0,0,1,0,False,False,False,True,missing_string_eqp|missing_handbook|outside_current_equip_pool,gms-server/wz/Character.wz/Hair/00032263.img.xml
Hair,Hair,32264,00032264,,0,0,1,0,False,False,False,True,missing_string_eqp|missing_handbook|outside_current_equip_pool,gms-server/wz/Character.wz/Hair/00032264.img.xml
Hair,Hair,32265,00032265,,0,0,1,0,False,False,False,True,missing_string_eqp|missing_handbook|outside_current_equip_pool,gms-server/wz/Character.wz/Hair/00032265.img.xml
Hair,Hair,32266,00032266,,0,0,1,0,False,False,False,True,missing_string_eqp|missing_handbook|outside_current_equip_pool,gms-server/wz/Character.wz/Hair/00032266.img.xml
Hair,Hair,32267,00032267,,0,0,1,0,False,False,False,True,missing_string_eqp|missing_handbook|outside_current_equip_pool,gms-server/wz/Character.wz/Hair/00032267.img.xml
Hair,Hair,32270,00032270,,0,0,1,0,False,False,False,True,missing_string_eqp|missing_handbook|outside_current_equip_pool,gms-server/wz/Character.wz/Hair/00032270.img.xml
Hair,Hair,32271,00032271,,0,0,1,0,False,False,False,True,missing_string_eqp|missing_handbook|outside_current_equip_pool,gms-server/wz/Character.wz/Hair/00032271.img.xml
Hair,Hair,32272,00032272,,0,0,1,0,False,False,False,True,missing_string_eqp|missing_handbook|outside_current_equip_pool,gms-server/wz/Character.wz/Hair/00032272.img.xml
Hair,Hair,32273,00032273,,0,0,1,0,False,False,False,True,missing_string_eqp|missing_handbook|outside_current_equip_pool,gms-server/wz/Character.wz/Hair/00032273.img.xml
Hair,Hair,32274,00032274,,0,0,1,0,False,False,False,True,missing_string_eqp|missing_handbook|outside_current_equip_pool,gms-server/wz/Character.wz/Hair/00032274.img.xml
Hair,Hair,32275,00032275,,0,0,1,0,False,False,False,True,missing_string_eqp|missing_handbook|outside_current_equip_pool,gms-server/wz/Character.wz/Hair/00032275.img.xml
Hair,Hair,32276,00032276,,0,0,1,0,False,False,False,True,missing_string_eqp|missing_handbook|outside_current_equip_pool,gms-server/wz/Character.wz/Hair/00032276.img.xml
Hair,Hair,32277,00032277,,0,0,1,0,False,False,False,True,missing_string_eqp|missing_handbook|outside_current_equip_pool,gms-server/wz/Character.wz/Hair/00032277.img.xml
Hair,Hair,32280,00032280,,0,0,1,0,False,False,False,True,missing_string_eqp|missing_handbook|outside_current_equip_pool,gms-server/wz/Character.wz/Hair/00032280.img.xml
Hair,Hair,32281,00032281,,0,0,1,0,False,False,False,True,missing_string_eqp|missing_handbook|outside_current_equip_pool,gms-server/wz/Character.wz/Hair/00032281.img.xml
Hair,Hair,32282,00032282,,0,0,1,0,False,False,False,True,missing_string_eqp|missing_handbook|outside_current_equip_pool,gms-server/wz/Character.wz/Hair/00032282.img.xml
Hair,Hair,32283,00032283,,0,0,1,0,False,False,False,True,missing_string_eqp|missing_handbook|outside_current_equip_pool,gms-server/wz/Character.wz/Hair/00032283.img.xml
Hair,Hair,32284,00032284,,0,0,1,0,False,False,False,True,missing_string_eqp|missing_handbook|outside_current_equip_pool,gms-server/wz/Character.wz/Hair/00032284.img.xml
Hair,Hair,32285,00032285,,0,0,1,0,False,False,False,True,missing_string_eqp|missing_handbook|outside_current_equip_pool,gms-server/wz/Character.wz/Hair/00032285.img.xml
Hair,Hair,32286,00032286,,0,0,1,0,False,False,False,True,missing_string_eqp|missing_handbook|outside_current_equip_pool,gms-server/wz/Character.wz/Hair/00032286.img.xml
Hair,Hair,32287,00032287,,0,0,1,0,False,False,False,True,missing_string_eqp|missing_handbook|outside_current_equip_pool,gms-server/wz/Character.wz/Hair/00032287.img.xml
Hair,Hair,32290,00032290,,0,0,1,0,False,False,False,True,missing_string_eqp|missing_handbook|outside_current_equip_pool,gms-server/wz/Character.wz/Hair/00032290.img.xml
Hair,Hair,32291,00032291,,0,0,1,0,False,False,False,True,missing_string_eqp|missing_handbook|outside_current_equip_pool,gms-server/wz/Character.wz/Hair/00032291.img.xml
Hair,Hair,32292,00032292,,0,0,1,0,False,False,False,True,missing_string_eqp|missing_handbook|outside_current_equip_pool,gms-server/wz/Character.wz/Hair/00032292.img.xml
Hair,Hair,32293,00032293,,0,0,1,0,False,False,False,True,missing_string_eqp|missing_handbook|outside_current_equip_pool,gms-server/wz/Character.wz/Hair/00032293.img.xml
Hair,Hair,32294,00032294,,0,0,1,0,False,False,False,True,missing_string_eqp|missing_handbook|outside_current_equip_pool,gms-server/wz/Character.wz/Hair/00032294.img.xml
Hair,Hair,32295,00032295,,0,0,1,0,False,False,False,True,missing_string_eqp|missing_handbook|outside_current_equip_pool,gms-server/wz/Character.wz/Hair/00032295.img.xml
Hair,Hair,32296,00032296,,0,0,1,0,False,False,False,True,missing_string_eqp|missing_handbook|outside_current_equip_pool,gms-server/wz/Character.wz/Hair/00032296.img.xml
Hair,Hair,32297,00032297,,0,0,1,0,False,False,False,True,missing_string_eqp|missing_handbook|outside_current_equip_pool,gms-server/wz/Character.wz/Hair/00032297.img.xml
Hair,Hair,32300,00032300,,0,0,1,0,False,False,False,True,missing_string_eqp|missing_handbook|outside_current_equip_pool,gms-server/wz/Character.wz/Hair/00032300.img.xml
Hair,Hair,32301,00032301,,0,0,1,0,False,False,False,True,missing_string_eqp|missing_handbook|outside_current_equip_pool,gms-server/wz/Character.wz/Hair/00032301.img.xml
Hair,Hair,32302,00032302,,0,0,1,0,False,False,False,True,missing_string_eqp|missing_handbook|outside_current_equip_pool,gms-server/wz/Character.wz/Hair/00032302.img.xml
Hair,Hair,32303,00032303,,0,0,1,0,False,False,False,True,missing_string_eqp|missing_handbook|outside_current_equip_pool,gms-server/wz/Character.wz/Hair/00032303.img.xml
Hair,Hair,32304,00032304,,0,0,1,0,False,False,False,True,missing_string_eqp|missing_handbook|outside_current_equip_pool,gms-server/wz/Character.wz/Hair/00032304.img.xml
Hair,Hair,32305,00032305,,0,0,1,0,False,False,False,True,missing_string_eqp|missing_handbook|outside_current_equip_pool,gms-server/wz/Character.wz/Hair/00032305.img.xml
Hair,Hair,32306,00032306,,0,0,1,0,False,False,False,True,missing_string_eqp|missing_handbook|outside_current_equip_pool,gms-server/wz/Character.wz/Hair/00032306.img.xml
Hair,Hair,32307,00032307,,0,0,1,0,False,False,False,True,missing_string_eqp|missing_handbook|outside_current_equip_pool,gms-server/wz/Character.wz/Hair/00032307.img.xml
Hair,Hair,32310,00032310,,0,0,1,0,False,False,False,True,missing_string_eqp|missing_handbook|outside_current_equip_pool,gms-server/wz/Character.wz/Hair/00032310.img.xml
Hair,Hair,32311,00032311,,0,0,1,0,False,False,False,True,missing_string_eqp|missing_handbook|outside_current_equip_pool,gms-server/wz/Character.wz/Hair/00032311.img.xml
Hair,Hair,32312,00032312,,0,0,1,0,False,False,False,True,missing_string_eqp|missing_handbook|outside_current_equip_pool,gms-server/wz/Character.wz/Hair/00032312.img.xml
Hair,Hair,32313,00032313,,0,0,1,0,False,False,False,True,missing_string_eqp|missing_handbook|outside_current_equip_pool,gms-server/wz/Character.wz/Hair/00032313.img.xml
Hair,Hair,32314,00032314,,0,0,1,0,False,False,False,True,missing_string_eqp|missing_handbook|outside_current_equip_pool,gms-server/wz/Character.wz/Hair/00032314.img.xml
Hair,Hair,32315,00032315,,0,0,1,0,False,False,False,True,missing_string_eqp|missing_handbook|outside_current_equip_pool,gms-server/wz/Character.wz/Hair/00032315.img.xml
Hair,Hair,32316,00032316,,0,0,1,0,False,False,False,True,missing_string_eqp|missing_handbook|outside_current_equip_pool,gms-server/wz/Character.wz/Hair/00032316.img.xml
Hair,Hair,32317,00032317,,0,0,1,0,False,False,False,True,missing_string_eqp|missing_handbook|outside_current_equip_pool,gms-server/wz/Character.wz/Hair/00032317.img.xml
Hair,Hair,32320,00032320,,0,0,1,0,False,False,False,True,missing_string_eqp|missing_handbook|outside_current_equip_pool,gms-server/wz/Character.wz/Hair/00032320.img.xml
Hair,Hair,32321,00032321,,0,0,1,0,False,False,False,True,missing_string_eqp|missing_handbook|outside_current_equip_pool,gms-server/wz/Character.wz/Hair/00032321.img.xml
Hair,Hair,32322,00032322,,0,0,1,0,False,False,False,True,missing_string_eqp|missing_handbook|outside_current_equip_pool,gms-server/wz/Character.wz/Hair/00032322.img.xml
Hair,Hair,32323,00032323,,0,0,1,0,False,False,False,True,missing_string_eqp|missing_handbook|outside_current_equip_pool,gms-server/wz/Character.wz/Hair/00032323.img.xml
Hair,Hair,32324,00032324,,0,0,1,0,False,False,False,True,missing_string_eqp|missing_handbook|outside_current_equip_pool,gms-server/wz/Character.wz/Hair/00032324.img.xml
Hair,Hair,32325,00032325,,0,0,1,0,False,False,False,True,missing_string_eqp|missing_handbook|outside_current_equip_pool,gms-server/wz/Character.wz/Hair/00032325.img.xml
Hair,Hair,32326,00032326,,0,0,1,0,False,False,False,True,missing_string_eqp|missing_handbook|outside_current_equip_pool,gms-server/wz/Character.wz/Hair/00032326.img.xml
Hair,Hair,32327,00032327,,0,0,1,0,False,False,False,True,missing_string_eqp|missing_handbook|outside_current_equip_pool,gms-server/wz/Character.wz/Hair/00032327.img.xml
Hair,Hair,32330,00032330,,0,0,1,0,False,False,False,True,missing_string_eqp|missing_handbook|outside_current_equip_pool,gms-server/wz/Character.wz/Hair/00032330.img.xml
Hair,Hair,32331,00032331,,0,0,1,0,False,False,False,True,missing_string_eqp|missing_handbook|outside_current_equip_pool,gms-server/wz/Character.wz/Hair/00032331.img.xml
Hair,Hair,32332,00032332,,0,0,1,0,False,False,False,True,missing_string_eqp|missing_handbook|outside_current_equip_pool,gms-server/wz/Character.wz/Hair/00032332.img.xml
Hair,Hair,32333,00032333,,0,0,1,0,False,False,False,True,missing_string_eqp|missing_handbook|outside_current_equip_pool,gms-server/wz/Character.wz/Hair/00032333.img.xml
Hair,Hair,32334,00032334,,0,0,1,0,False,False,False,True,missing_string_eqp|missing_handbook|outside_current_equip_pool,gms-server/wz/Character.wz/Hair/00032334.img.xml
Hair,Hair,32335,00032335,,0,0,1,0,False,False,False,True,missing_string_eqp|missing_handbook|outside_current_equip_pool,gms-server/wz/Character.wz/Hair/00032335.img.xml
Hair,Hair,32336,00032336,,0,0,1,0,False,False,False,True,missing_string_eqp|missing_handbook|outside_current_equip_pool,gms-server/wz/Character.wz/Hair/00032336.img.xml
Hair,Hair,32337,00032337,,0,0,1,0,False,False,False,True,missing_string_eqp|missing_handbook|outside_current_equip_pool,gms-server/wz/Character.wz/Hair/00032337.img.xml
Hair,Hair,32340,00032340,,0,0,1,0,False,False,False,True,missing_string_eqp|missing_handbook|outside_current_equip_pool,gms-server/wz/Character.wz/Hair/00032340.img.xml
Hair,Hair,32341,00032341,,0,0,1,0,False,False,False,True,missing_string_eqp|missing_handbook|outside_current_equip_pool,gms-server/wz/Character.wz/Hair/00032341.img.xml
Hair,Hair,32342,00032342,,0,0,1,0,False,False,False,True,missing_string_eqp|missing_handbook|outside_current_equip_pool,gms-server/wz/Character.wz/Hair/00032342.img.xml
Hair,Hair,32343,00032343,,0,0,1,0,False,False,False,True,missing_string_eqp|missing_handbook|outside_current_equip_pool,gms-server/wz/Character.wz/Hair/00032343.img.xml
Hair,Hair,32344,00032344,,0,0,1,0,False,False,False,True,missing_string_eqp|missing_handbook|outside_current_equip_pool,gms-server/wz/Character.wz/Hair/00032344.img.xml
Hair,Hair,32345,00032345,,0,0,1,0,False,False,False,True,missing_string_eqp|missing_handbook|outside_current_equip_pool,gms-server/wz/Character.wz/Hair/00032345.img.xml
Hair,Hair,32346,00032346,,0,0,1,0,False,False,False,True,missing_string_eqp|missing_handbook|outside_current_equip_pool,gms-server/wz/Character.wz/Hair/00032346.img.xml
Hair,Hair,32347,00032347,,0,0,1,0,False,False,False,True,missing_string_eqp|missing_handbook|outside_current_equip_pool,gms-server/wz/Character.wz/Hair/00032347.img.xml
Hair,Hair,32350,00032350,,0,0,1,0,False,False,False,True,missing_string_eqp|missing_handbook|outside_current_equip_pool,gms-server/wz/Character.wz/Hair/00032350.img.xml
Hair,Hair,32351,00032351,,0,0,1,0,False,False,False,True,missing_string_eqp|missing_handbook|outside_current_equip_pool,gms-server/wz/Character.wz/Hair/00032351.img.xml
Hair,Hair,32352,00032352,,0,0,1,0,False,False,False,True,missing_string_eqp|missing_handbook|outside_current_equip_pool,gms-server/wz/Character.wz/Hair/00032352.img.xml
Hair,Hair,32353,00032353,,0,0,1,0,False,False,False,True,missing_string_eqp|missing_handbook|outside_current_equip_pool,gms-server/wz/Character.wz/Hair/00032353.img.xml
Hair,Hair,32354,00032354,,0,0,1,0,False,False,False,True,missing_string_eqp|missing_handbook|outside_current_equip_pool,gms-server/wz/Character.wz/Hair/00032354.img.xml
Hair,Hair,32355,00032355,,0,0,1,0,False,False,False,True,missing_string_eqp|missing_handbook|outside_current_equip_pool,gms-server/wz/Character.wz/Hair/00032355.img.xml
Hair,Hair,32356,00032356,,0,0,1,0,False,False,False,True,missing_string_eqp|missing_handbook|outside_current_equip_pool,gms-server/wz/Character.wz/Hair/00032356.img.xml
Hair,Hair,32357,00032357,,0,0,1,0,False,False,False,True,missing_string_eqp|missing_handbook|outside_current_equip_pool,gms-server/wz/Character.wz/Hair/00032357.img.xml
Hair,Hair,32360,00032360,,0,0,1,0,False,False,False,True,missing_string_eqp|missing_handbook|outside_current_equip_pool,gms-server/wz/Character.wz/Hair/00032360.img.xml
Hair,Hair,32361,00032361,,0,0,1,0,False,False,False,True,missing_string_eqp|missing_handbook|outside_current_equip_pool,gms-server/wz/Character.wz/Hair/00032361.img.xml
Hair,Hair,32362,00032362,,0,0,1,0,False,False,False,True,missing_string_eqp|missing_handbook|outside_current_equip_pool,gms-server/wz/Character.wz/Hair/00032362.img.xml
Hair,Hair,32363,00032363,,0,0,1,0,False,False,False,True,missing_string_eqp|missing_handbook|outside_current_equip_pool,gms-server/wz/Character.wz/Hair/00032363.img.xml
Hair,Hair,32364,00032364,,0,0,1,0,False,False,False,True,missing_string_eqp|missing_handbook|outside_current_equip_pool,gms-server/wz/Character.wz/Hair/00032364.img.xml
Hair,Hair,32365,00032365,,0,0,1,0,False,False,False,True,missing_string_eqp|missing_handbook|outside_current_equip_pool,gms-server/wz/Character.wz/Hair/00032365.img.xml
Hair,Hair,32366,00032366,,0,0,1,0,False,False,False,True,missing_string_eqp|missing_handbook|outside_current_equip_pool,gms-server/wz/Character.wz/Hair/00032366.img.xml
Hair,Hair,32367,00032367,,0,0,1,0,False,False,False,True,missing_string_eqp|missing_handbook|outside_current_equip_pool,gms-server/wz/Character.wz/Hair/00032367.img.xml
Hair,Hair,32370,00032370,,0,0,1,0,False,False,False,True,missing_string_eqp|missing_handbook|outside_current_equip_pool,gms-server/wz/Character.wz/Hair/00032370.img.xml
Hair,Hair,32371,00032371,,0,0,1,0,False,False,False,True,missing_string_eqp|missing_handbook|outside_current_equip_pool,gms-server/wz/Character.wz/Hair/00032371.img.xml
Hair,Hair,32372,00032372,,0,0,1,0,False,False,False,True,missing_string_eqp|missing_handbook|outside_current_equip_pool,gms-server/wz/Character.wz/Hair/00032372.img.xml
Hair,Hair,32373,00032373,,0,0,1,0,False,False,False,True,missing_string_eqp|missing_handbook|outside_current_equip_pool,gms-server/wz/Character.wz/Hair/00032373.img.xml
Hair,Hair,32374,00032374,,0,0,1,0,False,False,False,True,missing_string_eqp|missing_handbook|outside_current_equip_pool,gms-server/wz/Character.wz/Hair/00032374.img.xml
Hair,Hair,32375,00032375,,0,0,1,0,False,False,False,True,missing_string_eqp|missing_handbook|outside_current_equip_pool,gms-server/wz/Character.wz/Hair/00032375.img.xml
Hair,Hair,32376,00032376,,0,0,1,0,False,False,False,True,missing_string_eqp|missing_handbook|outside_current_equip_pool,gms-server/wz/Character.wz/Hair/00032376.img.xml
Hair,Hair,32377,00032377,,0,0,1,0,False,False,False,True,missing_string_eqp|missing_handbook|outside_current_equip_pool,gms-server/wz/Character.wz/Hair/00032377.img.xml
Hair,Hair,32380,00032380,,0,0,1,0,False,False,False,True,missing_string_eqp|missing_handbook|outside_current_equip_pool,gms-server/wz/Character.wz/Hair/00032380.img.xml
Hair,Hair,32381,00032381,,0,0,1,0,False,False,False,True,missing_string_eqp|missing_handbook|outside_current_equip_pool,gms-server/wz/Character.wz/Hair/00032381.img.xml
Hair,Hair,32382,00032382,,0,0,1,0,False,False,False,True,missing_string_eqp|missing_handbook|outside_current_equip_pool,gms-server/wz/Character.wz/Hair/00032382.img.xml
Hair,Hair,32383,00032383,,0,0,1,0,False,False,False,True,missing_string_eqp|missing_handbook|outside_current_equip_pool,gms-server/wz/Character.wz/Hair/00032383.img.xml
Hair,Hair,32384,00032384,,0,0,1,0,False,False,False,True,missing_string_eqp|missing_handbook|outside_current_equip_pool,gms-server/wz/Character.wz/Hair/00032384.img.xml
Hair,Hair,32385,00032385,,0,0,1,0,False,False,False,True,missing_string_eqp|missing_handbook|outside_current_equip_pool,gms-server/wz/Character.wz/Hair/00032385.img.xml
Hair,Hair,32386,00032386,,0,0,1,0,False,False,False,True,missing_string_eqp|missing_handbook|outside_current_equip_pool,gms-server/wz/Character.wz/Hair/00032386.img.xml
Hair,Hair,32387,00032387,,0,0,1,0,False,False,False,True,missing_string_eqp|missing_handbook|outside_current_equip_pool,gms-server/wz/Character.wz/Hair/00032387.img.xml
Hair,Hair,32390,00032390,,0,0,1,0,False,False,False,True,missing_string_eqp|missing_handbook|outside_current_equip_pool,gms-server/wz/Character.wz/Hair/00032390.img.xml
Hair,Hair,32391,00032391,,0,0,1,0,False,False,False,True,missing_string_eqp|missing_handbook|outside_current_equip_pool,gms-server/wz/Character.wz/Hair/00032391.img.xml
Hair,Hair,32392,00032392,,0,0,1,0,False,False,False,True,missing_string_eqp|missing_handbook|outside_current_equip_pool,gms-server/wz/Character.wz/Hair/00032392.img.xml
Hair,Hair,32393,00032393,,0,0,1,0,False,False,False,True,missing_string_eqp|missing_handbook|outside_current_equip_pool,gms-server/wz/Character.wz/Hair/00032393.img.xml
Hair,Hair,32394,00032394,,0,0,1,0,False,False,False,True,missing_string_eqp|missing_handbook|outside_current_equip_pool,gms-server/wz/Character.wz/Hair/00032394.img.xml
Hair,Hair,32395,00032395,,0,0,1,0,False,False,False,True,missing_string_eqp|missing_handbook|outside_current_equip_pool,gms-server/wz/Character.wz/Hair/00032395.img.xml
Hair,Hair,32396,00032396,,0,0,1,0,False,False,False,True,missing_string_eqp|missing_handbook|outside_current_equip_pool,gms-server/wz/Character.wz/Hair/00032396.img.xml
Hair,Hair,32397,00032397,,0,0,1,0,False,False,False,True,missing_string_eqp|missing_handbook|outside_current_equip_pool,gms-server/wz/Character.wz/Hair/00032397.img.xml
Hair,Hair,32400,00032400,,0,0,1,0,False,False,False,True,missing_string_eqp|missing_handbook|outside_current_equip_pool,gms-server/wz/Character.wz/Hair/00032400.img.xml
Hair,Hair,32401,00032401,,0,0,1,0,False,False,False,True,missing_string_eqp|missing_handbook|outside_current_equip_pool,gms-server/wz/Character.wz/Hair/00032401.img.xml
Hair,Hair,32402,00032402,,0,0,1,0,False,False,False,True,missing_string_eqp|missing_handbook|outside_current_equip_pool,gms-server/wz/Character.wz/Hair/00032402.img.xml
Hair,Hair,32403,00032403,,0,0,1,0,False,False,False,True,missing_string_eqp|missing_handbook|outside_current_equip_pool,gms-server/wz/Character.wz/Hair/00032403.img.xml
Hair,Hair,32404,00032404,,0,0,1,0,False,False,False,True,missing_string_eqp|missing_handbook|outside_current_equip_pool,gms-server/wz/Character.wz/Hair/00032404.img.xml
Hair,Hair,32405,00032405,,0,0,1,0,False,False,False,True,missing_string_eqp|missing_handbook|outside_current_equip_pool,gms-server/wz/Character.wz/Hair/00032405.img.xml
Hair,Hair,32406,00032406,,0,0,1,0,False,False,False,True,missing_string_eqp|missing_handbook|outside_current_equip_pool,gms-server/wz/Character.wz/Hair/00032406.img.xml
Hair,Hair,32407,00032407,,0,0,1,0,False,False,False,True,missing_string_eqp|missing_handbook|outside_current_equip_pool,gms-server/wz/Character.wz/Hair/00032407.img.xml
Hair,Hair,32410,00032410,,0,0,1,0,False,False,False,True,missing_string_eqp|missing_handbook|outside_current_equip_pool,gms-server/wz/Character.wz/Hair/00032410.img.xml
Hair,Hair,32411,00032411,,0,0,1,0,False,False,False,True,missing_string_eqp|missing_handbook|outside_current_equip_pool,gms-server/wz/Character.wz/Hair/00032411.img.xml
Hair,Hair,32412,00032412,,0,0,1,0,False,False,False,True,missing_string_eqp|missing_handbook|outside_current_equip_pool,gms-server/wz/Character.wz/Hair/00032412.img.xml
Hair,Hair,32413,00032413,,0,0,1,0,False,False,False,True,missing_string_eqp|missing_handbook|outside_current_equip_pool,gms-server/wz/Character.wz/Hair/00032413.img.xml
Hair,Hair,32414,00032414,,0,0,1,0,False,False,False,True,missing_string_eqp|missing_handbook|outside_current_equip_pool,gms-server/wz/Character.wz/Hair/00032414.img.xml
Hair,Hair,32415,00032415,,0,0,1,0,False,False,False,True,missing_string_eqp|missing_handbook|outside_current_equip_pool,gms-server/wz/Character.wz/Hair/00032415.img.xml
Hair,Hair,32416,00032416,,0,0,1,0,False,False,False,True,missing_string_eqp|missing_handbook|outside_current_equip_pool,gms-server/wz/Character.wz/Hair/00032416.img.xml
Hair,Hair,32417,00032417,,0,0,1,0,False,False,False,True,missing_string_eqp|missing_handbook|outside_current_equip_pool,gms-server/wz/Character.wz/Hair/00032417.img.xml
Hair,Hair,32420,00032420,,0,0,1,0,False,False,False,True,missing_string_eqp|missing_handbook|outside_current_equip_pool,gms-server/wz/Character.wz/Hair/00032420.img.xml
Hair,Hair,32421,00032421,,0,0,1,0,False,False,False,True,missing_string_eqp|missing_handbook|outside_current_equip_pool,gms-server/wz/Character.wz/Hair/00032421.img.xml
Hair,Hair,32422,00032422,,0,0,1,0,False,False,False,True,missing_string_eqp|missing_handbook|outside_current_equip_pool,gms-server/wz/Character.wz/Hair/00032422.img.xml
Hair,Hair,32423,00032423,,0,0,1,0,False,False,False,True,missing_string_eqp|missing_handbook|outside_current_equip_pool,gms-server/wz/Character.wz/Hair/00032423.img.xml
Hair,Hair,32424,00032424,,0,0,1,0,False,False,False,True,missing_string_eqp|missing_handbook|outside_current_equip_pool,gms-server/wz/Character.wz/Hair/00032424.img.xml
Hair,Hair,32425,00032425,,0,0,1,0,False,False,False,True,missing_string_eqp|missing_handbook|outside_current_equip_pool,gms-server/wz/Character.wz/Hair/00032425.img.xml
Hair,Hair,32426,00032426,,0,0,1,0,False,False,False,True,missing_string_eqp|missing_handbook|outside_current_equip_pool,gms-server/wz/Character.wz/Hair/00032426.img.xml
Hair,Hair,32427,00032427,,0,0,1,0,False,False,False,True,missing_string_eqp|missing_handbook|outside_current_equip_pool,gms-server/wz/Character.wz/Hair/00032427.img.xml
Hair,Hair,32460,00032460,,0,0,1,0,False,False,False,True,missing_string_eqp|missing_handbook|outside_current_equip_pool,gms-server/wz/Character.wz/Hair/00032460.img.xml
Hair,Hair,32461,00032461,,0,0,1,0,False,False,False,True,missing_string_eqp|missing_handbook|outside_current_equip_pool,gms-server/wz/Character.wz/Hair/00032461.img.xml
Hair,Hair,32462,00032462,,0,0,1,0,False,False,False,True,missing_string_eqp|missing_handbook|outside_current_equip_pool,gms-server/wz/Character.wz/Hair/00032462.img.xml
Hair,Hair,32463,00032463,,0,0,1,0,False,False,False,True,missing_string_eqp|missing_handbook|outside_current_equip_pool,gms-server/wz/Character.wz/Hair/00032463.img.xml
Hair,Hair,32464,00032464,,0,0,1,0,False,False,False,True,missing_string_eqp|missing_handbook|outside_current_equip_pool,gms-server/wz/Character.wz/Hair/00032464.img.xml
Hair,Hair,32465,00032465,,0,0,1,0,False,False,False,True,missing_string_eqp|missing_handbook|outside_current_equip_pool,gms-server/wz/Character.wz/Hair/00032465.img.xml
Hair,Hair,32466,00032466,,0,0,1,0,False,False,False,True,missing_string_eqp|missing_handbook|outside_current_equip_pool,gms-server/wz/Character.wz/Hair/00032466.img.xml
Hair,Hair,32467,00032467,,0,0,1,0,False,False,False,True,missing_string_eqp|missing_handbook|outside_current_equip_pool,gms-server/wz/Character.wz/Hair/00032467.img.xml
Hair,Hair,32480,00032480,,0,0,1,0,False,False,False,True,missing_string_eqp|missing_handbook|outside_current_equip_pool,gms-server/wz/Character.wz/Hair/00032480.img.xml
Hair,Hair,32481,00032481,,0,0,1,0,False,False,False,True,missing_string_eqp|missing_handbook|outside_current_equip_pool,gms-server/wz/Character.wz/Hair/00032481.img.xml
Hair,Hair,32482,00032482,,0,0,1,0,False,False,False,True,missing_string_eqp|missing_handbook|outside_current_equip_pool,gms-server/wz/Character.wz/Hair/00032482.img.xml
Hair,Hair,32483,00032483,,0,0,1,0,False,False,False,True,missing_string_eqp|missing_handbook|outside_current_equip_pool,gms-server/wz/Character.wz/Hair/00032483.img.xml
Hair,Hair,32484,00032484,,0,0,1,0,False,False,False,True,missing_string_eqp|missing_handbook|outside_current_equip_pool,gms-server/wz/Character.wz/Hair/00032484.img.xml
Hair,Hair,32485,00032485,,0,0,1,0,False,False,False,True,missing_string_eqp|missing_handbook|outside_current_equip_pool,gms-server/wz/Character.wz/Hair/00032485.img.xml
Hair,Hair,32486,00032486,,0,0,1,0,False,False,False,True,missing_string_eqp|missing_handbook|outside_current_equip_pool,gms-server/wz/Character.wz/Hair/00032486.img.xml
Hair,Hair,32487,00032487,,0,0,1,0,False,False,False,True,missing_string_eqp|missing_handbook|outside_current_equip_pool,gms-server/wz/Character.wz/Hair/00032487.img.xml
Hair,Hair,32520,00032520,,0,0,1,0,False,False,False,True,missing_string_eqp|missing_handbook|outside_current_equip_pool,gms-server/wz/Character.wz/Hair/00032520.img.xml
Hair,Hair,32521,00032521,,0,0,1,0,False,False,False,True,missing_string_eqp|missing_handbook|outside_current_equip_pool,gms-server/wz/Character.wz/Hair/00032521.img.xml
Hair,Hair,32522,00032522,,0,0,1,0,False,False,False,True,missing_string_eqp|missing_handbook|outside_current_equip_pool,gms-server/wz/Character.wz/Hair/00032522.img.xml
Hair,Hair,32523,00032523,,0,0,1,0,False,False,False,True,missing_string_eqp|missing_handbook|outside_current_equip_pool,gms-server/wz/Character.wz/Hair/00032523.img.xml
Hair,Hair,32524,00032524,,0,0,1,0,False,False,False,True,missing_string_eqp|missing_handbook|outside_current_equip_pool,gms-server/wz/Character.wz/Hair/00032524.img.xml
Hair,Hair,32525,00032525,,0,0,1,0,False,False,False,True,missing_string_eqp|missing_handbook|outside_current_equip_pool,gms-server/wz/Character.wz/Hair/00032525.img.xml
Hair,Hair,32526,00032526,,0,0,1,0,False,False,False,True,missing_string_eqp|missing_handbook|outside_current_equip_pool,gms-server/wz/Character.wz/Hair/00032526.img.xml
Hair,Hair,32527,00032527,,0,0,1,0,False,False,False,True,missing_string_eqp|missing_handbook|outside_current_equip_pool,gms-server/wz/Character.wz/Hair/00032527.img.xml
Hair,Hair,32530,00032530,,0,0,1,0,False,False,False,True,missing_string_eqp|missing_handbook|outside_current_equip_pool,gms-server/wz/Character.wz/Hair/00032530.img.xml
Hair,Hair,32531,00032531,,0,0,1,0,False,False,False,True,missing_string_eqp|missing_handbook|outside_current_equip_pool,gms-server/wz/Character.wz/Hair/00032531.img.xml
Hair,Hair,32532,00032532,,0,0,1,0,False,False,False,True,missing_string_eqp|missing_handbook|outside_current_equip_pool,gms-server/wz/Character.wz/Hair/00032532.img.xml
Hair,Hair,32533,00032533,,0,0,1,0,False,False,False,True,missing_string_eqp|missing_handbook|outside_current_equip_pool,gms-server/wz/Character.wz/Hair/00032533.img.xml
Hair,Hair,32534,00032534,,0,0,1,0,False,False,False,True,missing_string_eqp|missing_handbook|outside_current_equip_pool,gms-server/wz/Character.wz/Hair/00032534.img.xml
Hair,Hair,32535,00032535,,0,0,1,0,False,False,False,True,missing_string_eqp|missing_handbook|outside_current_equip_pool,gms-server/wz/Character.wz/Hair/00032535.img.xml
Hair,Hair,32536,00032536,,0,0,1,0,False,False,False,True,missing_string_eqp|missing_handbook|outside_current_equip_pool,gms-server/wz/Character.wz/Hair/00032536.img.xml
Hair,Hair,32537,00032537,,0,0,1,0,False,False,False,True,missing_string_eqp|missing_handbook|outside_current_equip_pool,gms-server/wz/Character.wz/Hair/00032537.img.xml
Hair,Hair,32540,00032540,,0,0,1,0,False,False,False,True,missing_string_eqp|missing_handbook|outside_current_equip_pool,gms-server/wz/Character.wz/Hair/00032540.img.xml
Hair,Hair,32541,00032541,,0,0,1,0,False,False,False,True,missing_string_eqp|missing_handbook|outside_current_equip_pool,gms-server/wz/Character.wz/Hair/00032541.img.xml
Hair,Hair,32542,00032542,,0,0,1,0,False,False,False,True,missing_string_eqp|missing_handbook|outside_current_equip_pool,gms-server/wz/Character.wz/Hair/00032542.img.xml
Hair,Hair,32543,00032543,,0,0,1,0,False,False,False,True,missing_string_eqp|missing_handbook|outside_current_equip_pool,gms-server/wz/Character.wz/Hair/00032543.img.xml
Hair,Hair,32544,00032544,,0,0,1,0,False,False,False,True,missing_string_eqp|missing_handbook|outside_current_equip_pool,gms-server/wz/Character.wz/Hair/00032544.img.xml
Hair,Hair,32545,00032545,,0,0,1,0,False,False,False,True,missing_string_eqp|missing_handbook|outside_current_equip_pool,gms-server/wz/Character.wz/Hair/00032545.img.xml
Hair,Hair,32546,00032546,,0,0,1,0,False,False,False,True,missing_string_eqp|missing_handbook|outside_current_equip_pool,gms-server/wz/Character.wz/Hair/00032546.img.xml
Hair,Hair,32547,00032547,,0,0,1,0,False,False,False,True,missing_string_eqp|missing_handbook|outside_current_equip_pool,gms-server/wz/Character.wz/Hair/00032547.img.xml
Hair,Hair,32550,00032550,,0,0,1,0,False,False,False,True,missing_string_eqp|missing_handbook|outside_current_equip_pool,gms-server/wz/Character.wz/Hair/00032550.img.xml
Hair,Hair,32551,00032551,,0,0,1,0,False,False,False,True,missing_string_eqp|missing_handbook|outside_current_equip_pool,gms-server/wz/Character.wz/Hair/00032551.img.xml
Hair,Hair,32552,00032552,,0,0,1,0,False,False,False,True,missing_string_eqp|missing_handbook|outside_current_equip_pool,gms-server/wz/Character.wz/Hair/00032552.img.xml
Hair,Hair,32553,00032553,,0,0,1,0,False,False,False,True,missing_string_eqp|missing_handbook|outside_current_equip_pool,gms-server/wz/Character.wz/Hair/00032553.img.xml
Hair,Hair,32554,00032554,,0,0,1,0,False,False,False,True,missing_string_eqp|missing_handbook|outside_current_equip_pool,gms-server/wz/Character.wz/Hair/00032554.img.xml
Hair,Hair,32555,00032555,,0,0,1,0,False,False,False,True,missing_string_eqp|missing_handbook|outside_current_equip_pool,gms-server/wz/Character.wz/Hair/00032555.img.xml
Hair,Hair,32556,00032556,,0,0,1,0,False,False,False,True,missing_string_eqp|missing_handbook|outside_current_equip_pool,gms-server/wz/Character.wz/Hair/00032556.img.xml
Hair,Hair,32557,00032557,,0,0,1,0,False,False,False,True,missing_string_eqp|missing_handbook|outside_current_equip_pool,gms-server/wz/Character.wz/Hair/00032557.img.xml
Hair,Hair,32560,00032560,,0,0,1,0,False,False,False,True,missing_string_eqp|missing_handbook|outside_current_equip_pool,gms-server/wz/Character.wz/Hair/00032560.img.xml
Hair,Hair,32561,00032561,,0,0,1,0,False,False,False,True,missing_string_eqp|missing_handbook|outside_current_equip_pool,gms-server/wz/Character.wz/Hair/00032561.img.xml
Hair,Hair,32562,00032562,,0,0,1,0,False,False,False,True,missing_string_eqp|missing_handbook|outside_current_equip_pool,gms-server/wz/Character.wz/Hair/00032562.img.xml
Hair,Hair,32563,00032563,,0,0,1,0,False,False,False,True,missing_string_eqp|missing_handbook|outside_current_equip_pool,gms-server/wz/Character.wz/Hair/00032563.img.xml
Hair,Hair,32564,00032564,,0,0,1,0,False,False,False,True,missing_string_eqp|missing_handbook|outside_current_equip_pool,gms-server/wz/Character.wz/Hair/00032564.img.xml
Hair,Hair,32565,00032565,,0,0,1,0,False,False,False,True,missing_string_eqp|missing_handbook|outside_current_equip_pool,gms-server/wz/Character.wz/Hair/00032565.img.xml
Hair,Hair,32566,00032566,,0,0,1,0,False,False,False,True,missing_string_eqp|missing_handbook|outside_current_equip_pool,gms-server/wz/Character.wz/Hair/00032566.img.xml
Hair,Hair,32567,00032567,,0,0,1,0,False,False,False,True,missing_string_eqp|missing_handbook|outside_current_equip_pool,gms-server/wz/Character.wz/Hair/00032567.img.xml
Hair,Hair,32570,00032570,,0,0,1,0,False,False,False,True,missing_string_eqp|missing_handbook|outside_current_equip_pool,gms-server/wz/Character.wz/Hair/00032570.img.xml
Hair,Hair,32571,00032571,,0,0,1,0,False,False,False,True,missing_string_eqp|missing_handbook|outside_current_equip_pool,gms-server/wz/Character.wz/Hair/00032571.img.xml
Hair,Hair,32572,00032572,,0,0,1,0,False,False,False,True,missing_string_eqp|missing_handbook|outside_current_equip_pool,gms-server/wz/Character.wz/Hair/00032572.img.xml
Hair,Hair,32573,00032573,,0,0,1,0,False,False,False,True,missing_string_eqp|missing_handbook|outside_current_equip_pool,gms-server/wz/Character.wz/Hair/00032573.img.xml
Hair,Hair,32574,00032574,,0,0,1,0,False,False,False,True,missing_string_eqp|missing_handbook|outside_current_equip_pool,gms-server/wz/Character.wz/Hair/00032574.img.xml
Hair,Hair,32575,00032575,,0,0,1,0,False,False,False,True,missing_string_eqp|missing_handbook|outside_current_equip_pool,gms-server/wz/Character.wz/Hair/00032575.img.xml
Hair,Hair,32576,00032576,,0,0,1,0,False,False,False,True,missing_string_eqp|missing_handbook|outside_current_equip_pool,gms-server/wz/Character.wz/Hair/00032576.img.xml
Hair,Hair,32577,00032577,,0,0,1,0,False,False,False,True,missing_string_eqp|missing_handbook|outside_current_equip_pool,gms-server/wz/Character.wz/Hair/00032577.img.xml
Hair,Hair,32580,00032580,,0,0,1,0,False,False,False,True,missing_string_eqp|missing_handbook|outside_current_equip_pool,gms-server/wz/Character.wz/Hair/00032580.img.xml
Hair,Hair,32581,00032581,,0,0,1,0,False,False,False,True,missing_string_eqp|missing_handbook|outside_current_equip_pool,gms-server/wz/Character.wz/Hair/00032581.img.xml
Hair,Hair,32582,00032582,,0,0,1,0,False,False,False,True,missing_string_eqp|missing_handbook|outside_current_equip_pool,gms-server/wz/Character.wz/Hair/00032582.img.xml
Hair,Hair,32583,00032583,,0,0,1,0,False,False,False,True,missing_string_eqp|missing_handbook|outside_current_equip_pool,gms-server/wz/Character.wz/Hair/00032583.img.xml
Hair,Hair,32584,00032584,,0,0,1,0,False,False,False,True,missing_string_eqp|missing_handbook|outside_current_equip_pool,gms-server/wz/Character.wz/Hair/00032584.img.xml
Hair,Hair,32585,00032585,,0,0,1,0,False,False,False,True,missing_string_eqp|missing_handbook|outside_current_equip_pool,gms-server/wz/Character.wz/Hair/00032585.img.xml
Hair,Hair,32586,00032586,,0,0,1,0,False,False,False,True,missing_string_eqp|missing_handbook|outside_current_equip_pool,gms-server/wz/Character.wz/Hair/00032586.img.xml
Hair,Hair,32587,00032587,,0,0,1,0,False,False,False,True,missing_string_eqp|missing_handbook|outside_current_equip_pool,gms-server/wz/Character.wz/Hair/00032587.img.xml
Hair,Hair,32590,00032590,,0,0,1,0,False,False,False,True,missing_string_eqp|missing_handbook|outside_current_equip_pool,gms-server/wz/Character.wz/Hair/00032590.img.xml
Hair,Hair,32591,00032591,,0,0,1,0,False,False,False,True,missing_string_eqp|missing_handbook|outside_current_equip_pool,gms-server/wz/Character.wz/Hair/00032591.img.xml
Hair,Hair,32592,00032592,,0,0,1,0,False,False,False,True,missing_string_eqp|missing_handbook|outside_current_equip_pool,gms-server/wz/Character.wz/Hair/00032592.img.xml
Hair,Hair,32593,00032593,,0,0,1,0,False,False,False,True,missing_string_eqp|missing_handbook|outside_current_equip_pool,gms-server/wz/Character.wz/Hair/00032593.img.xml
Hair,Hair,32594,00032594,,0,0,1,0,False,False,False,True,missing_string_eqp|missing_handbook|outside_current_equip_pool,gms-server/wz/Character.wz/Hair/00032594.img.xml
Hair,Hair,32595,00032595,,0,0,1,0,False,False,False,True,missing_string_eqp|missing_handbook|outside_current_equip_pool,gms-server/wz/Character.wz/Hair/00032595.img.xml
Hair,Hair,32596,00032596,,0,0,1,0,False,False,False,True,missing_string_eqp|missing_handbook|outside_current_equip_pool,gms-server/wz/Character.wz/Hair/00032596.img.xml
Hair,Hair,32597,00032597,,0,0,1,0,False,False,False,True,missing_string_eqp|missing_handbook|outside_current_equip_pool,gms-server/wz/Character.wz/Hair/00032597.img.xml
Hair,Hair,32600,00032600,,0,0,1,0,False,False,False,True,missing_string_eqp|missing_handbook|outside_current_equip_pool,gms-server/wz/Character.wz/Hair/00032600.img.xml
Hair,Hair,32601,00032601,,0,0,1,0,False,False,False,True,missing_string_eqp|missing_handbook|outside_current_equip_pool,gms-server/wz/Character.wz/Hair/00032601.img.xml
Hair,Hair,32602,00032602,,0,0,1,0,False,False,False,True,missing_string_eqp|missing_handbook|outside_current_equip_pool,gms-server/wz/Character.wz/Hair/00032602.img.xml
Hair,Hair,32603,00032603,,0,0,1,0,False,False,False,True,missing_string_eqp|missing_handbook|outside_current_equip_pool,gms-server/wz/Character.wz/Hair/00032603.img.xml
Hair,Hair,32604,00032604,,0,0,1,0,False,False,False,True,missing_string_eqp|missing_handbook|outside_current_equip_pool,gms-server/wz/Character.wz/Hair/00032604.img.xml
Hair,Hair,32605,00032605,,0,0,1,0,False,False,False,True,missing_string_eqp|missing_handbook|outside_current_equip_pool,gms-server/wz/Character.wz/Hair/00032605.img.xml
Hair,Hair,32606,00032606,,0,0,1,0,False,False,False,True,missing_string_eqp|missing_handbook|outside_current_equip_pool,gms-server/wz/Character.wz/Hair/00032606.img.xml
Hair,Hair,32607,00032607,,0,0,1,0,False,False,False,True,missing_string_eqp|missing_handbook|outside_current_equip_pool,gms-server/wz/Character.wz/Hair/00032607.img.xml
Hair,Hair,32610,00032610,,0,0,1,0,False,False,False,True,missing_string_eqp|missing_handbook|outside_current_equip_pool,gms-server/wz/Character.wz/Hair/00032610.img.xml
Hair,Hair,32611,00032611,,0,0,1,0,False,False,False,True,missing_string_eqp|missing_handbook|outside_current_equip_pool,gms-server/wz/Character.wz/Hair/00032611.img.xml
Hair,Hair,32612,00032612,,0,0,1,0,False,False,False,True,missing_string_eqp|missing_handbook|outside_current_equip_pool,gms-server/wz/Character.wz/Hair/00032612.img.xml
Hair,Hair,32613,00032613,,0,0,1,0,False,False,False,True,missing_string_eqp|missing_handbook|outside_current_equip_pool,gms-server/wz/Character.wz/Hair/00032613.img.xml
Hair,Hair,32614,00032614,,0,0,1,0,False,False,False,True,missing_string_eqp|missing_handbook|outside_current_equip_pool,gms-server/wz/Character.wz/Hair/00032614.img.xml
Hair,Hair,32615,00032615,,0,0,1,0,False,False,False,True,missing_string_eqp|missing_handbook|outside_current_equip_pool,gms-server/wz/Character.wz/Hair/00032615.img.xml
Hair,Hair,32616,00032616,,0,0,1,0,False,False,False,True,missing_string_eqp|missing_handbook|outside_current_equip_pool,gms-server/wz/Character.wz/Hair/00032616.img.xml
Hair,Hair,32617,00032617,,0,0,1,0,False,False,False,True,missing_string_eqp|missing_handbook|outside_current_equip_pool,gms-server/wz/Character.wz/Hair/00032617.img.xml
Hair,Hair,32620,00032620,,0,0,1,0,False,False,False,True,missing_string_eqp|missing_handbook|outside_current_equip_pool,gms-server/wz/Character.wz/Hair/00032620.img.xml
Hair,Hair,32621,00032621,,0,0,1,0,False,False,False,True,missing_string_eqp|missing_handbook|outside_current_equip_pool,gms-server/wz/Character.wz/Hair/00032621.img.xml
Hair,Hair,32622,00032622,,0,0,1,0,False,False,False,True,missing_string_eqp|missing_handbook|outside_current_equip_pool,gms-server/wz/Character.wz/Hair/00032622.img.xml
Hair,Hair,32623,00032623,,0,0,1,0,False,False,False,True,missing_string_eqp|missing_handbook|outside_current_equip_pool,gms-server/wz/Character.wz/Hair/00032623.img.xml
Hair,Hair,32624,00032624,,0,0,1,0,False,False,False,True,missing_string_eqp|missing_handbook|outside_current_equip_pool,gms-server/wz/Character.wz/Hair/00032624.img.xml
Hair,Hair,32625,00032625,,0,0,1,0,False,False,False,True,missing_string_eqp|missing_handbook|outside_current_equip_pool,gms-server/wz/Character.wz/Hair/00032625.img.xml
Hair,Hair,32626,00032626,,0,0,1,0,False,False,False,True,missing_string_eqp|missing_handbook|outside_current_equip_pool,gms-server/wz/Character.wz/Hair/00032626.img.xml
Hair,Hair,32627,00032627,,0,0,1,0,False,False,False,True,missing_string_eqp|missing_handbook|outside_current_equip_pool,gms-server/wz/Character.wz/Hair/00032627.img.xml
Hair,Hair,32630,00032630,,0,0,1,0,False,False,False,True,missing_string_eqp|missing_handbook|outside_current_equip_pool,gms-server/wz/Character.wz/Hair/00032630.img.xml
Hair,Hair,32631,00032631,,0,0,1,0,False,False,False,True,missing_string_eqp|missing_handbook|outside_current_equip_pool,gms-server/wz/Character.wz/Hair/00032631.img.xml
Hair,Hair,32632,00032632,,0,0,1,0,False,False,False,True,missing_string_eqp|missing_handbook|outside_current_equip_pool,gms-server/wz/Character.wz/Hair/00032632.img.xml
Hair,Hair,32633,00032633,,0,0,1,0,False,False,False,True,missing_string_eqp|missing_handbook|outside_current_equip_pool,gms-server/wz/Character.wz/Hair/00032633.img.xml
Hair,Hair,32634,00032634,,0,0,1,0,False,False,False,True,missing_string_eqp|missing_handbook|outside_current_equip_pool,gms-server/wz/Character.wz/Hair/00032634.img.xml
Hair,Hair,32635,00032635,,0,0,1,0,False,False,False,True,missing_string_eqp|missing_handbook|outside_current_equip_pool,gms-server/wz/Character.wz/Hair/00032635.img.xml
Hair,Hair,32636,00032636,,0,0,1,0,False,False,False,True,missing_string_eqp|missing_handbook|outside_current_equip_pool,gms-server/wz/Character.wz/Hair/00032636.img.xml
Hair,Hair,32637,00032637,,0,0,1,0,False,False,False,True,missing_string_eqp|missing_handbook|outside_current_equip_pool,gms-server/wz/Character.wz/Hair/00032637.img.xml
Hair,Hair,32640,00032640,,0,0,0,0,False,False,False,True,missing_string_eqp|missing_handbook|outside_current_equip_pool,gms-server/wz/Character.wz/Hair/00032640.img.xml
Hair,Hair,32641,00032641,,0,0,0,0,False,False,False,True,missing_string_eqp|missing_handbook|outside_current_equip_pool,gms-server/wz/Character.wz/Hair/00032641.img.xml
Hair,Hair,32642,00032642,,0,0,0,0,False,False,False,True,missing_string_eqp|missing_handbook|outside_current_equip_pool,gms-server/wz/Character.wz/Hair/00032642.img.xml
Hair,Hair,32643,00032643,,0,0,0,0,False,False,False,True,missing_string_eqp|missing_handbook|outside_current_equip_pool,gms-server/wz/Character.wz/Hair/00032643.img.xml
Hair,Hair,32644,00032644,,0,0,0,0,False,False,False,True,missing_string_eqp|missing_handbook|outside_current_equip_pool,gms-server/wz/Character.wz/Hair/00032644.img.xml
Hair,Hair,32645,00032645,,0,0,0,0,False,False,False,True,missing_string_eqp|missing_handbook|outside_current_equip_pool,gms-server/wz/Character.wz/Hair/00032645.img.xml
Hair,Hair,32646,00032646,,0,0,0,0,False,False,False,True,missing_string_eqp|missing_handbook|outside_current_equip_pool,gms-server/wz/Character.wz/Hair/00032646.img.xml
Hair,Hair,32647,00032647,,0,0,0,0,False,False,False,True,missing_string_eqp|missing_handbook|outside_current_equip_pool,gms-server/wz/Character.wz/Hair/00032647.img.xml
Hair,Hair,32650,00032650,,0,0,1,0,False,False,False,True,missing_string_eqp|missing_handbook|outside_current_equip_pool,gms-server/wz/Character.wz/Hair/00032650.img.xml
Hair,Hair,32651,00032651,,0,0,1,0,False,False,False,True,missing_string_eqp|missing_handbook|outside_current_equip_pool,gms-server/wz/Character.wz/Hair/00032651.img.xml
Hair,Hair,32652,00032652,,0,0,1,0,False,False,False,True,missing_string_eqp|missing_handbook|outside_current_equip_pool,gms-server/wz/Character.wz/Hair/00032652.img.xml
Hair,Hair,32653,00032653,,0,0,1,0,False,False,False,True,missing_string_eqp|missing_handbook|outside_current_equip_pool,gms-server/wz/Character.wz/Hair/00032653.img.xml
Hair,Hair,32654,00032654,,0,0,1,0,False,False,False,True,missing_string_eqp|missing_handbook|outside_current_equip_pool,gms-server/wz/Character.wz/Hair/00032654.img.xml
Hair,Hair,32655,00032655,,0,0,1,0,False,False,False,True,missing_string_eqp|missing_handbook|outside_current_equip_pool,gms-server/wz/Character.wz/Hair/00032655.img.xml
Hair,Hair,32656,00032656,,0,0,1,0,False,False,False,True,missing_string_eqp|missing_handbook|outside_current_equip_pool,gms-server/wz/Character.wz/Hair/00032656.img.xml
Hair,Hair,32657,00032657,,0,0,1,0,False,False,False,True,missing_string_eqp|missing_handbook|outside_current_equip_pool,gms-server/wz/Character.wz/Hair/00032657.img.xml
Hair,Hair,32660,00032660,,0,0,1,0,False,False,False,True,missing_string_eqp|missing_handbook|outside_current_equip_pool,gms-server/wz/Character.wz/Hair/00032660.img.xml
Hair,Hair,32661,00032661,,0,0,1,0,False,False,False,True,missing_string_eqp|missing_handbook|outside_current_equip_pool,gms-server/wz/Character.wz/Hair/00032661.img.xml
Hair,Hair,32662,00032662,,0,0,1,0,False,False,False,True,missing_string_eqp|missing_handbook|outside_current_equip_pool,gms-server/wz/Character.wz/Hair/00032662.img.xml
Hair,Hair,32663,00032663,,0,0,1,0,False,False,False,True,missing_string_eqp|missing_handbook|outside_current_equip_pool,gms-server/wz/Character.wz/Hair/00032663.img.xml
Hair,Hair,32664,00032664,,0,0,1,0,False,False,False,True,missing_string_eqp|missing_handbook|outside_current_equip_pool,gms-server/wz/Character.wz/Hair/00032664.img.xml
Hair,Hair,32665,00032665,,0,0,1,0,False,False,False,True,missing_string_eqp|missing_handbook|outside_current_equip_pool,gms-server/wz/Character.wz/Hair/00032665.img.xml
Hair,Hair,32666,00032666,,0,0,1,0,False,False,False,True,missing_string_eqp|missing_handbook|outside_current_equip_pool,gms-server/wz/Character.wz/Hair/00032666.img.xml
Hair,Hair,32667,00032667,,0,0,1,0,False,False,False,True,missing_string_eqp|missing_handbook|outside_current_equip_pool,gms-server/wz/Character.wz/Hair/00032667.img.xml
Hair,Hair,32670,00032670,,0,0,1,0,False,False,False,True,missing_string_eqp|missing_handbook|outside_current_equip_pool,gms-server/wz/Character.wz/Hair/00032670.img.xml
Hair,Hair,32671,00032671,,0,0,1,0,False,False,False,True,missing_string_eqp|missing_handbook|outside_current_equip_pool,gms-server/wz/Character.wz/Hair/00032671.img.xml
Hair,Hair,32672,00032672,,0,0,1,0,False,False,False,True,missing_string_eqp|missing_handbook|outside_current_equip_pool,gms-server/wz/Character.wz/Hair/00032672.img.xml
Hair,Hair,32673,00032673,,0,0,1,0,False,False,False,True,missing_string_eqp|missing_handbook|outside_current_equip_pool,gms-server/wz/Character.wz/Hair/00032673.img.xml
Hair,Hair,32674,00032674,,0,0,1,0,False,False,False,True,missing_string_eqp|missing_handbook|outside_current_equip_pool,gms-server/wz/Character.wz/Hair/00032674.img.xml
Hair,Hair,32675,00032675,,0,0,1,0,False,False,False,True,missing_string_eqp|missing_handbook|outside_current_equip_pool,gms-server/wz/Character.wz/Hair/00032675.img.xml
Hair,Hair,32676,00032676,,0,0,1,0,False,False,False,True,missing_string_eqp|missing_handbook|outside_current_equip_pool,gms-server/wz/Character.wz/Hair/00032676.img.xml
Hair,Hair,32677,00032677,,0,0,1,0,False,False,False,True,missing_string_eqp|missing_handbook|outside_current_equip_pool,gms-server/wz/Character.wz/Hair/00032677.img.xml
Hair,Hair,32680,00032680,,0,0,1,0,False,False,False,True,missing_string_eqp|missing_handbook|outside_current_equip_pool,gms-server/wz/Character.wz/Hair/00032680.img.xml
Hair,Hair,32681,00032681,,0,0,1,0,False,False,False,True,missing_string_eqp|missing_handbook|outside_current_equip_pool,gms-server/wz/Character.wz/Hair/00032681.img.xml
Hair,Hair,32682,00032682,,0,0,1,0,False,False,False,True,missing_string_eqp|missing_handbook|outside_current_equip_pool,gms-server/wz/Character.wz/Hair/00032682.img.xml
Hair,Hair,32683,00032683,,0,0,1,0,False,False,False,True,missing_string_eqp|missing_handbook|outside_current_equip_pool,gms-server/wz/Character.wz/Hair/00032683.img.xml
Hair,Hair,32684,00032684,,0,0,1,0,False,False,False,True,missing_string_eqp|missing_handbook|outside_current_equip_pool,gms-server/wz/Character.wz/Hair/00032684.img.xml
Hair,Hair,32685,00032685,,0,0,1,0,False,False,False,True,missing_string_eqp|missing_handbook|outside_current_equip_pool,gms-server/wz/Character.wz/Hair/00032685.img.xml
Hair,Hair,32686,00032686,,0,0,1,0,False,False,False,True,missing_string_eqp|missing_handbook|outside_current_equip_pool,gms-server/wz/Character.wz/Hair/00032686.img.xml
Hair,Hair,32687,00032687,,0,0,1,0,False,False,False,True,missing_string_eqp|missing_handbook|outside_current_equip_pool,gms-server/wz/Character.wz/Hair/00032687.img.xml
Hair,Hair,32690,00032690,,0,0,1,0,False,False,False,True,missing_string_eqp|missing_handbook|outside_current_equip_pool,gms-server/wz/Character.wz/Hair/00032690.img.xml
Hair,Hair,32691,00032691,,0,0,1,0,False,False,False,True,missing_string_eqp|missing_handbook|outside_current_equip_pool,gms-server/wz/Character.wz/Hair/00032691.img.xml
Hair,Hair,32692,00032692,,0,0,1,0,False,False,False,True,missing_string_eqp|missing_handbook|outside_current_equip_pool,gms-server/wz/Character.wz/Hair/00032692.img.xml
Hair,Hair,32693,00032693,,0,0,1,0,False,False,False,True,missing_string_eqp|missing_handbook|outside_current_equip_pool,gms-server/wz/Character.wz/Hair/00032693.img.xml
Hair,Hair,32694,00032694,,0,0,1,0,False,False,False,True,missing_string_eqp|missing_handbook|outside_current_equip_pool,gms-server/wz/Character.wz/Hair/00032694.img.xml
Hair,Hair,32695,00032695,,0,0,1,0,False,False,False,True,missing_string_eqp|missing_handbook|outside_current_equip_pool,gms-server/wz/Character.wz/Hair/00032695.img.xml
Hair,Hair,32696,00032696,,0,0,1,0,False,False,False,True,missing_string_eqp|missing_handbook|outside_current_equip_pool,gms-server/wz/Character.wz/Hair/00032696.img.xml
Hair,Hair,32697,00032697,,0,0,1,0,False,False,False,True,missing_string_eqp|missing_handbook|outside_current_equip_pool,gms-server/wz/Character.wz/Hair/00032697.img.xml
Hair,Hair,32700,00032700,,0,0,1,0,False,False,False,True,missing_string_eqp|missing_handbook|outside_current_equip_pool,gms-server/wz/Character.wz/Hair/00032700.img.xml
Hair,Hair,32701,00032701,,0,0,1,0,False,False,False,True,missing_string_eqp|missing_handbook|outside_current_equip_pool,gms-server/wz/Character.wz/Hair/00032701.img.xml
Hair,Hair,32702,00032702,,0,0,1,0,False,False,False,True,missing_string_eqp|missing_handbook|outside_current_equip_pool,gms-server/wz/Character.wz/Hair/00032702.img.xml
Hair,Hair,32703,00032703,,0,0,1,0,False,False,False,True,missing_string_eqp|missing_handbook|outside_current_equip_pool,gms-server/wz/Character.wz/Hair/00032703.img.xml
Hair,Hair,32704,00032704,,0,0,1,0,False,False,False,True,missing_string_eqp|missing_handbook|outside_current_equip_pool,gms-server/wz/Character.wz/Hair/00032704.img.xml
Hair,Hair,32705,00032705,,0,0,1,0,False,False,False,True,missing_string_eqp|missing_handbook|outside_current_equip_pool,gms-server/wz/Character.wz/Hair/00032705.img.xml
Hair,Hair,32706,00032706,,0,0,1,0,False,False,False,True,missing_string_eqp|missing_handbook|outside_current_equip_pool,gms-server/wz/Character.wz/Hair/00032706.img.xml
Hair,Hair,32707,00032707,,0,0,1,0,False,False,False,True,missing_string_eqp|missing_handbook|outside_current_equip_pool,gms-server/wz/Character.wz/Hair/00032707.img.xml
Hair,Hair,32710,00032710,,0,0,1,0,False,False,False,True,missing_string_eqp|missing_handbook|outside_current_equip_pool,gms-server/wz/Character.wz/Hair/00032710.img.xml
Hair,Hair,32711,00032711,,0,0,1,0,False,False,False,True,missing_string_eqp|missing_handbook|outside_current_equip_pool,gms-server/wz/Character.wz/Hair/00032711.img.xml
Hair,Hair,32712,00032712,,0,0,1,0,False,False,False,True,missing_string_eqp|missing_handbook|outside_current_equip_pool,gms-server/wz/Character.wz/Hair/00032712.img.xml
Hair,Hair,32713,00032713,,0,0,1,0,False,False,False,True,missing_string_eqp|missing_handbook|outside_current_equip_pool,gms-server/wz/Character.wz/Hair/00032713.img.xml
Hair,Hair,32714,00032714,,0,0,1,0,False,False,False,True,missing_string_eqp|missing_handbook|outside_current_equip_pool,gms-server/wz/Character.wz/Hair/00032714.img.xml
Hair,Hair,32715,00032715,,0,0,1,0,False,False,False,True,missing_string_eqp|missing_handbook|outside_current_equip_pool,gms-server/wz/Character.wz/Hair/00032715.img.xml
Hair,Hair,32716,00032716,,0,0,1,0,False,False,False,True,missing_string_eqp|missing_handbook|outside_current_equip_pool,gms-server/wz/Character.wz/Hair/00032716.img.xml
Hair,Hair,32717,00032717,,0,0,1,0,False,False,False,True,missing_string_eqp|missing_handbook|outside_current_equip_pool,gms-server/wz/Character.wz/Hair/00032717.img.xml
Hair,Hair,32770,00032770,,0,0,1,0,False,False,False,True,missing_string_eqp|missing_handbook|outside_current_equip_pool,gms-server/wz/Character.wz/Hair/00032770.img.xml
Hair,Hair,32771,00032771,,0,0,1,0,False,False,False,True,missing_string_eqp|missing_handbook|outside_current_equip_pool,gms-server/wz/Character.wz/Hair/00032771.img.xml
Hair,Hair,32772,00032772,,0,0,1,0,False,False,False,True,missing_string_eqp|missing_handbook|outside_current_equip_pool,gms-server/wz/Character.wz/Hair/00032772.img.xml
Hair,Hair,32773,00032773,,0,0,1,0,False,False,False,True,missing_string_eqp|missing_handbook|outside_current_equip_pool,gms-server/wz/Character.wz/Hair/00032773.img.xml
Hair,Hair,32774,00032774,,0,0,1,0,False,False,False,True,missing_string_eqp|missing_handbook|outside_current_equip_pool,gms-server/wz/Character.wz/Hair/00032774.img.xml
Hair,Hair,32775,00032775,,0,0,1,0,False,False,False,True,missing_string_eqp|missing_handbook|outside_current_equip_pool,gms-server/wz/Character.wz/Hair/00032775.img.xml
Hair,Hair,32776,00032776,,0,0,1,0,False,False,False,True,missing_string_eqp|missing_handbook|outside_current_equip_pool,gms-server/wz/Character.wz/Hair/00032776.img.xml
Hair,Hair,32777,00032777,,0,0,1,0,False,False,False,True,missing_string_eqp|missing_handbook|outside_current_equip_pool,gms-server/wz/Character.wz/Hair/00032777.img.xml
Hair,Hair,32780,00032780,,0,0,0,0,False,False,False,True,missing_string_eqp|missing_handbook|outside_current_equip_pool,gms-server/wz/Character.wz/Hair/00032780.img.xml
Hair,Hair,32781,00032781,,0,0,0,0,False,False,False,True,missing_string_eqp|missing_handbook|outside_current_equip_pool,gms-server/wz/Character.wz/Hair/00032781.img.xml
Hair,Hair,32782,00032782,,0,0,0,0,False,False,False,True,missing_string_eqp|missing_handbook|outside_current_equip_pool,gms-server/wz/Character.wz/Hair/00032782.img.xml
Hair,Hair,32783,00032783,,0,0,0,0,False,False,False,True,missing_string_eqp|missing_handbook|outside_current_equip_pool,gms-server/wz/Character.wz/Hair/00032783.img.xml
Hair,Hair,32784,00032784,,0,0,0,0,False,False,False,True,missing_string_eqp|missing_handbook|outside_current_equip_pool,gms-server/wz/Character.wz/Hair/00032784.img.xml
Hair,Hair,32785,00032785,,0,0,0,0,False,False,False,True,missing_string_eqp|missing_handbook|outside_current_equip_pool,gms-server/wz/Character.wz/Hair/00032785.img.xml
Hair,Hair,32786,00032786,,0,0,0,0,False,False,False,True,missing_string_eqp|missing_handbook|outside_current_equip_pool,gms-server/wz/Character.wz/Hair/00032786.img.xml
Hair,Hair,32787,00032787,,0,0,0,0,False,False,False,True,missing_string_eqp|missing_handbook|outside_current_equip_pool,gms-server/wz/Character.wz/Hair/00032787.img.xml
Hair,Hair,32790,00032790,,0,0,1,0,False,False,False,True,missing_string_eqp|missing_handbook|outside_current_equip_pool,gms-server/wz/Character.wz/Hair/00032790.img.xml
Hair,Hair,32791,00032791,,0,0,1,0,False,False,False,True,missing_string_eqp|missing_handbook|outside_current_equip_pool,gms-server/wz/Character.wz/Hair/00032791.img.xml
Hair,Hair,32792,00032792,,0,0,1,0,False,False,False,True,missing_string_eqp|missing_handbook|outside_current_equip_pool,gms-server/wz/Character.wz/Hair/00032792.img.xml
Hair,Hair,32793,00032793,,0,0,1,0,False,False,False,True,missing_string_eqp|missing_handbook|outside_current_equip_pool,gms-server/wz/Character.wz/Hair/00032793.img.xml
Hair,Hair,32794,00032794,,0,0,1,0,False,False,False,True,missing_string_eqp|missing_handbook|outside_current_equip_pool,gms-server/wz/Character.wz/Hair/00032794.img.xml
Hair,Hair,32795,00032795,,0,0,1,0,False,False,False,True,missing_string_eqp|missing_handbook|outside_current_equip_pool,gms-server/wz/Character.wz/Hair/00032795.img.xml
Hair,Hair,32796,00032796,,0,0,1,0,False,False,False,True,missing_string_eqp|missing_handbook|outside_current_equip_pool,gms-server/wz/Character.wz/Hair/00032796.img.xml
Hair,Hair,32797,00032797,,0,0,1,0,False,False,False,True,missing_string_eqp|missing_handbook|outside_current_equip_pool,gms-server/wz/Character.wz/Hair/00032797.img.xml
Hair,Hair,32800,00032800,,0,0,1,0,False,False,False,True,missing_string_eqp|missing_handbook|outside_current_equip_pool,gms-server/wz/Character.wz/Hair/00032800.img.xml
Hair,Hair,32801,00032801,,0,0,1,0,False,False,False,True,missing_string_eqp|missing_handbook|outside_current_equip_pool,gms-server/wz/Character.wz/Hair/00032801.img.xml
Hair,Hair,32802,00032802,,0,0,1,0,False,False,False,True,missing_string_eqp|missing_handbook|outside_current_equip_pool,gms-server/wz/Character.wz/Hair/00032802.img.xml
Hair,Hair,32803,00032803,,0,0,1,0,False,False,False,True,missing_string_eqp|missing_handbook|outside_current_equip_pool,gms-server/wz/Character.wz/Hair/00032803.img.xml
Hair,Hair,32804,00032804,,0,0,1,0,False,False,False,True,missing_string_eqp|missing_handbook|outside_current_equip_pool,gms-server/wz/Character.wz/Hair/00032804.img.xml
Hair,Hair,32805,00032805,,0,0,1,0,False,False,False,True,missing_string_eqp|missing_handbook|outside_current_equip_pool,gms-server/wz/Character.wz/Hair/00032805.img.xml
Hair,Hair,32806,00032806,,0,0,1,0,False,False,False,True,missing_string_eqp|missing_handbook|outside_current_equip_pool,gms-server/wz/Character.wz/Hair/00032806.img.xml
Hair,Hair,32807,00032807,,0,0,1,0,False,False,False,True,missing_string_eqp|missing_handbook|outside_current_equip_pool,gms-server/wz/Character.wz/Hair/00032807.img.xml
Hair,Hair,32810,00032810,,0,0,1,0,False,False,False,True,missing_string_eqp|missing_handbook|outside_current_equip_pool,gms-server/wz/Character.wz/Hair/00032810.img.xml
Hair,Hair,32811,00032811,,0,0,1,0,False,False,False,True,missing_string_eqp|missing_handbook|outside_current_equip_pool,gms-server/wz/Character.wz/Hair/00032811.img.xml
Hair,Hair,32812,00032812,,0,0,1,0,False,False,False,True,missing_string_eqp|missing_handbook|outside_current_equip_pool,gms-server/wz/Character.wz/Hair/00032812.img.xml
Hair,Hair,32813,00032813,,0,0,1,0,False,False,False,True,missing_string_eqp|missing_handbook|outside_current_equip_pool,gms-server/wz/Character.wz/Hair/00032813.img.xml
Hair,Hair,32814,00032814,,0,0,1,0,False,False,False,True,missing_string_eqp|missing_handbook|outside_current_equip_pool,gms-server/wz/Character.wz/Hair/00032814.img.xml
Hair,Hair,32815,00032815,,0,0,1,0,False,False,False,True,missing_string_eqp|missing_handbook|outside_current_equip_pool,gms-server/wz/Character.wz/Hair/00032815.img.xml
Hair,Hair,32816,00032816,,0,0,1,0,False,False,False,True,missing_string_eqp|missing_handbook|outside_current_equip_pool,gms-server/wz/Character.wz/Hair/00032816.img.xml
Hair,Hair,32817,00032817,,0,0,1,0,False,False,False,True,missing_string_eqp|missing_handbook|outside_current_equip_pool,gms-server/wz/Character.wz/Hair/00032817.img.xml
Hair,Hair,32820,00032820,,0,0,1,0,False,False,False,True,missing_string_eqp|missing_handbook|outside_current_equip_pool,gms-server/wz/Character.wz/Hair/00032820.img.xml
Hair,Hair,32821,00032821,,0,0,1,0,False,False,False,True,missing_string_eqp|missing_handbook|outside_current_equip_pool,gms-server/wz/Character.wz/Hair/00032821.img.xml
Hair,Hair,32822,00032822,,0,0,1,0,False,False,False,True,missing_string_eqp|missing_handbook|outside_current_equip_pool,gms-server/wz/Character.wz/Hair/00032822.img.xml
Hair,Hair,32823,00032823,,0,0,1,0,False,False,False,True,missing_string_eqp|missing_handbook|outside_current_equip_pool,gms-server/wz/Character.wz/Hair/00032823.img.xml
Hair,Hair,32824,00032824,,0,0,1,0,False,False,False,True,missing_string_eqp|missing_handbook|outside_current_equip_pool,gms-server/wz/Character.wz/Hair/00032824.img.xml
Hair,Hair,32825,00032825,,0,0,1,0,False,False,False,True,missing_string_eqp|missing_handbook|outside_current_equip_pool,gms-server/wz/Character.wz/Hair/00032825.img.xml
Hair,Hair,32826,00032826,,0,0,1,0,False,False,False,True,missing_string_eqp|missing_handbook|outside_current_equip_pool,gms-server/wz/Character.wz/Hair/00032826.img.xml
Hair,Hair,32827,00032827,,0,0,1,0,False,False,False,True,missing_string_eqp|missing_handbook|outside_current_equip_pool,gms-server/wz/Character.wz/Hair/00032827.img.xml
Hair,Hair,32830,00032830,,0,0,1,0,False,False,False,True,missing_string_eqp|missing_handbook|outside_current_equip_pool,gms-server/wz/Character.wz/Hair/00032830.img.xml
Hair,Hair,32831,00032831,,0,0,1,0,False,False,False,True,missing_string_eqp|missing_handbook|outside_current_equip_pool,gms-server/wz/Character.wz/Hair/00032831.img.xml
Hair,Hair,32832,00032832,,0,0,1,0,False,False,False,True,missing_string_eqp|missing_handbook|outside_current_equip_pool,gms-server/wz/Character.wz/Hair/00032832.img.xml
Hair,Hair,32833,00032833,,0,0,1,0,False,False,False,True,missing_string_eqp|missing_handbook|outside_current_equip_pool,gms-server/wz/Character.wz/Hair/00032833.img.xml
Hair,Hair,32834,00032834,,0,0,1,0,False,False,False,True,missing_string_eqp|missing_handbook|outside_current_equip_pool,gms-server/wz/Character.wz/Hair/00032834.img.xml
Hair,Hair,32835,00032835,,0,0,1,0,False,False,False,True,missing_string_eqp|missing_handbook|outside_current_equip_pool,gms-server/wz/Character.wz/Hair/00032835.img.xml
Hair,Hair,32836,00032836,,0,0,1,0,False,False,False,True,missing_string_eqp|missing_handbook|outside_current_equip_pool,gms-server/wz/Character.wz/Hair/00032836.img.xml
Hair,Hair,32837,00032837,,0,0,1,0,False,False,False,True,missing_string_eqp|missing_handbook|outside_current_equip_pool,gms-server/wz/Character.wz/Hair/00032837.img.xml
Hair,Hair,32840,00032840,,0,0,1,0,False,False,False,True,missing_string_eqp|missing_handbook|outside_current_equip_pool,gms-server/wz/Character.wz/Hair/00032840.img.xml
Hair,Hair,32841,00032841,,0,0,1,0,False,False,False,True,missing_string_eqp|missing_handbook|outside_current_equip_pool,gms-server/wz/Character.wz/Hair/00032841.img.xml
Hair,Hair,32842,00032842,,0,0,1,0,False,False,False,True,missing_string_eqp|missing_handbook|outside_current_equip_pool,gms-server/wz/Character.wz/Hair/00032842.img.xml
Hair,Hair,32843,00032843,,0,0,1,0,False,False,False,True,missing_string_eqp|missing_handbook|outside_current_equip_pool,gms-server/wz/Character.wz/Hair/00032843.img.xml
Hair,Hair,32844,00032844,,0,0,1,0,False,False,False,True,missing_string_eqp|missing_handbook|outside_current_equip_pool,gms-server/wz/Character.wz/Hair/00032844.img.xml
Hair,Hair,32845,00032845,,0,0,1,0,False,False,False,True,missing_string_eqp|missing_handbook|outside_current_equip_pool,gms-server/wz/Character.wz/Hair/00032845.img.xml
Hair,Hair,32846,00032846,,0,0,1,0,False,False,False,True,missing_string_eqp|missing_handbook|outside_current_equip_pool,gms-server/wz/Character.wz/Hair/00032846.img.xml
Hair,Hair,32847,00032847,,0,0,1,0,False,False,False,True,missing_string_eqp|missing_handbook|outside_current_equip_pool,gms-server/wz/Character.wz/Hair/00032847.img.xml
Hair,Hair,32850,00032850,,0,0,1,0,False,False,False,True,missing_string_eqp|missing_handbook|outside_current_equip_pool,gms-server/wz/Character.wz/Hair/00032850.img.xml
Hair,Hair,32851,00032851,,0,0,1,0,False,False,False,True,missing_string_eqp|missing_handbook|outside_current_equip_pool,gms-server/wz/Character.wz/Hair/00032851.img.xml
Hair,Hair,32852,00032852,,0,0,1,0,False,False,False,True,missing_string_eqp|missing_handbook|outside_current_equip_pool,gms-server/wz/Character.wz/Hair/00032852.img.xml
Hair,Hair,32853,00032853,,0,0,1,0,False,False,False,True,missing_string_eqp|missing_handbook|outside_current_equip_pool,gms-server/wz/Character.wz/Hair/00032853.img.xml
Hair,Hair,32854,00032854,,0,0,1,0,False,False,False,True,missing_string_eqp|missing_handbook|outside_current_equip_pool,gms-server/wz/Character.wz/Hair/00032854.img.xml
Hair,Hair,32855,00032855,,0,0,1,0,False,False,False,True,missing_string_eqp|missing_handbook|outside_current_equip_pool,gms-server/wz/Character.wz/Hair/00032855.img.xml
Hair,Hair,32856,00032856,,0,0,1,0,False,False,False,True,missing_string_eqp|missing_handbook|outside_current_equip_pool,gms-server/wz/Character.wz/Hair/00032856.img.xml
Hair,Hair,32857,00032857,,0,0,1,0,False,False,False,True,missing_string_eqp|missing_handbook|outside_current_equip_pool,gms-server/wz/Character.wz/Hair/00032857.img.xml
Hair,Hair,32860,00032860,,0,0,1,0,False,False,False,True,missing_string_eqp|missing_handbook|outside_current_equip_pool,gms-server/wz/Character.wz/Hair/00032860.img.xml
Hair,Hair,32861,00032861,,0,0,1,0,False,False,False,True,missing_string_eqp|missing_handbook|outside_current_equip_pool,gms-server/wz/Character.wz/Hair/00032861.img.xml
Hair,Hair,32862,00032862,,0,0,1,0,False,False,False,True,missing_string_eqp|missing_handbook|outside_current_equip_pool,gms-server/wz/Character.wz/Hair/00032862.img.xml
Hair,Hair,32863,00032863,,0,0,1,0,False,False,False,True,missing_string_eqp|missing_handbook|outside_current_equip_pool,gms-server/wz/Character.wz/Hair/00032863.img.xml
Hair,Hair,32864,00032864,,0,0,1,0,False,False,False,True,missing_string_eqp|missing_handbook|outside_current_equip_pool,gms-server/wz/Character.wz/Hair/00032864.img.xml
Hair,Hair,32865,00032865,,0,0,1,0,False,False,False,True,missing_string_eqp|missing_handbook|outside_current_equip_pool,gms-server/wz/Character.wz/Hair/00032865.img.xml
Hair,Hair,32866,00032866,,0,0,1,0,False,False,False,True,missing_string_eqp|missing_handbook|outside_current_equip_pool,gms-server/wz/Character.wz/Hair/00032866.img.xml
Hair,Hair,32867,00032867,,0,0,1,0,False,False,False,True,missing_string_eqp|missing_handbook|outside_current_equip_pool,gms-server/wz/Character.wz/Hair/00032867.img.xml
Hair,Hair,32870,00032870,,0,0,1,0,False,False,False,True,missing_string_eqp|missing_handbook|outside_current_equip_pool,gms-server/wz/Character.wz/Hair/00032870.img.xml
Hair,Hair,32871,00032871,,0,0,1,0,False,False,False,True,missing_string_eqp|missing_handbook|outside_current_equip_pool,gms-server/wz/Character.wz/Hair/00032871.img.xml
Hair,Hair,32872,00032872,,0,0,1,0,False,False,False,True,missing_string_eqp|missing_handbook|outside_current_equip_pool,gms-server/wz/Character.wz/Hair/00032872.img.xml
Hair,Hair,32873,00032873,,0,0,1,0,False,False,False,True,missing_string_eqp|missing_handbook|outside_current_equip_pool,gms-server/wz/Character.wz/Hair/00032873.img.xml
Hair,Hair,32874,00032874,,0,0,1,0,False,False,False,True,missing_string_eqp|missing_handbook|outside_current_equip_pool,gms-server/wz/Character.wz/Hair/00032874.img.xml
Hair,Hair,32875,00032875,,0,0,1,0,False,False,False,True,missing_string_eqp|missing_handbook|outside_current_equip_pool,gms-server/wz/Character.wz/Hair/00032875.img.xml
Hair,Hair,32876,00032876,,0,0,1,0,False,False,False,True,missing_string_eqp|missing_handbook|outside_current_equip_pool,gms-server/wz/Character.wz/Hair/00032876.img.xml
Hair,Hair,32877,00032877,,0,0,1,0,False,False,False,True,missing_string_eqp|missing_handbook|outside_current_equip_pool,gms-server/wz/Character.wz/Hair/00032877.img.xml
Hair,Hair,32880,00032880,,0,0,1,0,False,False,False,True,missing_string_eqp|missing_handbook|outside_current_equip_pool,gms-server/wz/Character.wz/Hair/00032880.img.xml
Hair,Hair,32881,00032881,,0,0,1,0,False,False,False,True,missing_string_eqp|missing_handbook|outside_current_equip_pool,gms-server/wz/Character.wz/Hair/00032881.img.xml
Hair,Hair,32882,00032882,,0,0,1,0,False,False,False,True,missing_string_eqp|missing_handbook|outside_current_equip_pool,gms-server/wz/Character.wz/Hair/00032882.img.xml
Hair,Hair,32883,00032883,,0,0,1,0,False,False,False,True,missing_string_eqp|missing_handbook|outside_current_equip_pool,gms-server/wz/Character.wz/Hair/00032883.img.xml
Hair,Hair,32884,00032884,,0,0,1,0,False,False,False,True,missing_string_eqp|missing_handbook|outside_current_equip_pool,gms-server/wz/Character.wz/Hair/00032884.img.xml
Hair,Hair,32885,00032885,,0,0,1,0,False,False,False,True,missing_string_eqp|missing_handbook|outside_current_equip_pool,gms-server/wz/Character.wz/Hair/00032885.img.xml
Hair,Hair,32886,00032886,,0,0,1,0,False,False,False,True,missing_string_eqp|missing_handbook|outside_current_equip_pool,gms-server/wz/Character.wz/Hair/00032886.img.xml
Hair,Hair,32887,00032887,,0,0,1,0,False,False,False,True,missing_string_eqp|missing_handbook|outside_current_equip_pool,gms-server/wz/Character.wz/Hair/00032887.img.xml
Hair,Hair,32890,00032890,,0,0,1,0,False,False,False,True,missing_string_eqp|missing_handbook|outside_current_equip_pool,gms-server/wz/Character.wz/Hair/00032890.img.xml
Hair,Hair,32891,00032891,,0,0,1,0,False,False,False,True,missing_string_eqp|missing_handbook|outside_current_equip_pool,gms-server/wz/Character.wz/Hair/00032891.img.xml
Hair,Hair,32892,00032892,,0,0,1,0,False,False,False,True,missing_string_eqp|missing_handbook|outside_current_equip_pool,gms-server/wz/Character.wz/Hair/00032892.img.xml
Hair,Hair,32893,00032893,,0,0,1,0,False,False,False,True,missing_string_eqp|missing_handbook|outside_current_equip_pool,gms-server/wz/Character.wz/Hair/00032893.img.xml
Hair,Hair,32894,00032894,,0,0,1,0,False,False,False,True,missing_string_eqp|missing_handbook|outside_current_equip_pool,gms-server/wz/Character.wz/Hair/00032894.img.xml
Hair,Hair,32895,00032895,,0,0,1,0,False,False,False,True,missing_string_eqp|missing_handbook|outside_current_equip_pool,gms-server/wz/Character.wz/Hair/00032895.img.xml
Hair,Hair,32896,00032896,,0,0,1,0,False,False,False,True,missing_string_eqp|missing_handbook|outside_current_equip_pool,gms-server/wz/Character.wz/Hair/00032896.img.xml
Hair,Hair,32897,00032897,,0,0,1,0,False,False,False,True,missing_string_eqp|missing_handbook|outside_current_equip_pool,gms-server/wz/Character.wz/Hair/00032897.img.xml
Hair,Hair,32900,00032900,,0,0,1,0,False,False,False,True,missing_string_eqp|missing_handbook|outside_current_equip_pool,gms-server/wz/Character.wz/Hair/00032900.img.xml
Hair,Hair,32901,00032901,,0,0,1,0,False,False,False,True,missing_string_eqp|missing_handbook|outside_current_equip_pool,gms-server/wz/Character.wz/Hair/00032901.img.xml
Hair,Hair,32902,00032902,,0,0,1,0,False,False,False,True,missing_string_eqp|missing_handbook|outside_current_equip_pool,gms-server/wz/Character.wz/Hair/00032902.img.xml
Hair,Hair,32903,00032903,,0,0,1,0,False,False,False,True,missing_string_eqp|missing_handbook|outside_current_equip_pool,gms-server/wz/Character.wz/Hair/00032903.img.xml
Hair,Hair,32904,00032904,,0,0,1,0,False,False,False,True,missing_string_eqp|missing_handbook|outside_current_equip_pool,gms-server/wz/Character.wz/Hair/00032904.img.xml
Hair,Hair,32905,00032905,,0,0,1,0,False,False,False,True,missing_string_eqp|missing_handbook|outside_current_equip_pool,gms-server/wz/Character.wz/Hair/00032905.img.xml
Hair,Hair,32906,00032906,,0,0,1,0,False,False,False,True,missing_string_eqp|missing_handbook|outside_current_equip_pool,gms-server/wz/Character.wz/Hair/00032906.img.xml
Hair,Hair,32907,00032907,,0,0,1,0,False,False,False,True,missing_string_eqp|missing_handbook|outside_current_equip_pool,gms-server/wz/Character.wz/Hair/00032907.img.xml
Hair,Hair,32910,00032910,,0,0,1,0,False,False,False,True,missing_string_eqp|missing_handbook|outside_current_equip_pool,gms-server/wz/Character.wz/Hair/00032910.img.xml
Hair,Hair,32911,00032911,,0,0,1,0,False,False,False,True,missing_string_eqp|missing_handbook|outside_current_equip_pool,gms-server/wz/Character.wz/Hair/00032911.img.xml
Hair,Hair,32912,00032912,,0,0,1,0,False,False,False,True,missing_string_eqp|missing_handbook|outside_current_equip_pool,gms-server/wz/Character.wz/Hair/00032912.img.xml
Hair,Hair,32913,00032913,,0,0,1,0,False,False,False,True,missing_string_eqp|missing_handbook|outside_current_equip_pool,gms-server/wz/Character.wz/Hair/00032913.img.xml
Hair,Hair,32914,00032914,,0,0,1,0,False,False,False,True,missing_string_eqp|missing_handbook|outside_current_equip_pool,gms-server/wz/Character.wz/Hair/00032914.img.xml
Hair,Hair,32915,00032915,,0,0,1,0,False,False,False,True,missing_string_eqp|missing_handbook|outside_current_equip_pool,gms-server/wz/Character.wz/Hair/00032915.img.xml
Hair,Hair,32916,00032916,,0,0,1,0,False,False,False,True,missing_string_eqp|missing_handbook|outside_current_equip_pool,gms-server/wz/Character.wz/Hair/00032916.img.xml
Hair,Hair,32917,00032917,,0,0,1,0,False,False,False,True,missing_string_eqp|missing_handbook|outside_current_equip_pool,gms-server/wz/Character.wz/Hair/00032917.img.xml
Hair,Hair,32920,00032920,,0,0,1,0,False,False,False,True,missing_string_eqp|missing_handbook|outside_current_equip_pool,gms-server/wz/Character.wz/Hair/00032920.img.xml
Hair,Hair,32921,00032921,,0,0,1,0,False,False,False,True,missing_string_eqp|missing_handbook|outside_current_equip_pool,gms-server/wz/Character.wz/Hair/00032921.img.xml
Hair,Hair,32922,00032922,,0,0,1,0,False,False,False,True,missing_string_eqp|missing_handbook|outside_current_equip_pool,gms-server/wz/Character.wz/Hair/00032922.img.xml
Hair,Hair,32923,00032923,,0,0,1,0,False,False,False,True,missing_string_eqp|missing_handbook|outside_current_equip_pool,gms-server/wz/Character.wz/Hair/00032923.img.xml
Hair,Hair,32924,00032924,,0,0,1,0,False,False,False,True,missing_string_eqp|missing_handbook|outside_current_equip_pool,gms-server/wz/Character.wz/Hair/00032924.img.xml
Hair,Hair,32925,00032925,,0,0,1,0,False,False,False,True,missing_string_eqp|missing_handbook|outside_current_equip_pool,gms-server/wz/Character.wz/Hair/00032925.img.xml
Hair,Hair,32926,00032926,,0,0,1,0,False,False,False,True,missing_string_eqp|missing_handbook|outside_current_equip_pool,gms-server/wz/Character.wz/Hair/00032926.img.xml
Hair,Hair,32927,00032927,,0,0,1,0,False,False,False,True,missing_string_eqp|missing_handbook|outside_current_equip_pool,gms-server/wz/Character.wz/Hair/00032927.img.xml
Hair,Hair,32930,00032930,,0,0,1,0,False,False,False,True,missing_string_eqp|missing_handbook|outside_current_equip_pool,gms-server/wz/Character.wz/Hair/00032930.img.xml
Hair,Hair,32931,00032931,,0,0,1,0,False,False,False,True,missing_string_eqp|missing_handbook|outside_current_equip_pool,gms-server/wz/Character.wz/Hair/00032931.img.xml
Hair,Hair,32932,00032932,,0,0,1,0,False,False,False,True,missing_string_eqp|missing_handbook|outside_current_equip_pool,gms-server/wz/Character.wz/Hair/00032932.img.xml
Hair,Hair,32933,00032933,,0,0,1,0,False,False,False,True,missing_string_eqp|missing_handbook|outside_current_equip_pool,gms-server/wz/Character.wz/Hair/00032933.img.xml
Hair,Hair,32934,00032934,,0,0,1,0,False,False,False,True,missing_string_eqp|missing_handbook|outside_current_equip_pool,gms-server/wz/Character.wz/Hair/00032934.img.xml
Hair,Hair,32935,00032935,,0,0,1,0,False,False,False,True,missing_string_eqp|missing_handbook|outside_current_equip_pool,gms-server/wz/Character.wz/Hair/00032935.img.xml
Hair,Hair,32936,00032936,,0,0,1,0,False,False,False,True,missing_string_eqp|missing_handbook|outside_current_equip_pool,gms-server/wz/Character.wz/Hair/00032936.img.xml
Hair,Hair,32937,00032937,,0,0,1,0,False,False,False,True,missing_string_eqp|missing_handbook|outside_current_equip_pool,gms-server/wz/Character.wz/Hair/00032937.img.xml
Hair,Hair,32940,00032940,,0,0,1,0,False,False,False,True,missing_string_eqp|missing_handbook|outside_current_equip_pool,gms-server/wz/Character.wz/Hair/00032940.img.xml
Hair,Hair,32941,00032941,,0,0,1,0,False,False,False,True,missing_string_eqp|missing_handbook|outside_current_equip_pool,gms-server/wz/Character.wz/Hair/00032941.img.xml
Hair,Hair,32942,00032942,,0,0,1,0,False,False,False,True,missing_string_eqp|missing_handbook|outside_current_equip_pool,gms-server/wz/Character.wz/Hair/00032942.img.xml
Hair,Hair,32943,00032943,,0,0,1,0,False,False,False,True,missing_string_eqp|missing_handbook|outside_current_equip_pool,gms-server/wz/Character.wz/Hair/00032943.img.xml
Hair,Hair,32944,00032944,,0,0,1,0,False,False,False,True,missing_string_eqp|missing_handbook|outside_current_equip_pool,gms-server/wz/Character.wz/Hair/00032944.img.xml
Hair,Hair,32945,00032945,,0,0,1,0,False,False,False,True,missing_string_eqp|missing_handbook|outside_current_equip_pool,gms-server/wz/Character.wz/Hair/00032945.img.xml
Hair,Hair,32946,00032946,,0,0,1,0,False,False,False,True,missing_string_eqp|missing_handbook|outside_current_equip_pool,gms-server/wz/Character.wz/Hair/00032946.img.xml
Hair,Hair,32947,00032947,,0,0,1,0,False,False,False,True,missing_string_eqp|missing_handbook|outside_current_equip_pool,gms-server/wz/Character.wz/Hair/00032947.img.xml
Hair,Hair,32950,00032950,,0,0,1,0,False,False,False,True,missing_string_eqp|missing_handbook|outside_current_equip_pool,gms-server/wz/Character.wz/Hair/00032950.img.xml
Hair,Hair,32951,00032951,,0,0,1,0,False,False,False,True,missing_string_eqp|missing_handbook|outside_current_equip_pool,gms-server/wz/Character.wz/Hair/00032951.img.xml
Hair,Hair,32952,00032952,,0,0,1,0,False,False,False,True,missing_string_eqp|missing_handbook|outside_current_equip_pool,gms-server/wz/Character.wz/Hair/00032952.img.xml
Hair,Hair,32953,00032953,,0,0,1,0,False,False,False,True,missing_string_eqp|missing_handbook|outside_current_equip_pool,gms-server/wz/Character.wz/Hair/00032953.img.xml
Hair,Hair,32954,00032954,,0,0,1,0,False,False,False,True,missing_string_eqp|missing_handbook|outside_current_equip_pool,gms-server/wz/Character.wz/Hair/00032954.img.xml
Hair,Hair,32955,00032955,,0,0,1,0,False,False,False,True,missing_string_eqp|missing_handbook|outside_current_equip_pool,gms-server/wz/Character.wz/Hair/00032955.img.xml
Hair,Hair,32956,00032956,,0,0,1,0,False,False,False,True,missing_string_eqp|missing_handbook|outside_current_equip_pool,gms-server/wz/Character.wz/Hair/00032956.img.xml
Hair,Hair,32957,00032957,,0,0,1,0,False,False,False,True,missing_string_eqp|missing_handbook|outside_current_equip_pool,gms-server/wz/Character.wz/Hair/00032957.img.xml
Hair,Hair,32960,00032960,,0,0,1,0,False,False,False,True,missing_string_eqp|missing_handbook|outside_current_equip_pool,gms-server/wz/Character.wz/Hair/00032960.img.xml
Hair,Hair,32961,00032961,,0,0,1,0,False,False,False,True,missing_string_eqp|missing_handbook|outside_current_equip_pool,gms-server/wz/Character.wz/Hair/00032961.img.xml
Hair,Hair,32962,00032962,,0,0,1,0,False,False,False,True,missing_string_eqp|missing_handbook|outside_current_equip_pool,gms-server/wz/Character.wz/Hair/00032962.img.xml
Hair,Hair,32963,00032963,,0,0,1,0,False,False,False,True,missing_string_eqp|missing_handbook|outside_current_equip_pool,gms-server/wz/Character.wz/Hair/00032963.img.xml
Hair,Hair,32964,00032964,,0,0,1,0,False,False,False,True,missing_string_eqp|missing_handbook|outside_current_equip_pool,gms-server/wz/Character.wz/Hair/00032964.img.xml
Hair,Hair,32965,00032965,,0,0,1,0,False,False,False,True,missing_string_eqp|missing_handbook|outside_current_equip_pool,gms-server/wz/Character.wz/Hair/00032965.img.xml
Hair,Hair,32966,00032966,,0,0,1,0,False,False,False,True,missing_string_eqp|missing_handbook|outside_current_equip_pool,gms-server/wz/Character.wz/Hair/00032966.img.xml
Hair,Hair,32967,00032967,,0,0,1,0,False,False,False,True,missing_string_eqp|missing_handbook|outside_current_equip_pool,gms-server/wz/Character.wz/Hair/00032967.img.xml
Hair,Hair,32970,00032970,,0,0,1,0,False,False,False,True,missing_string_eqp|missing_handbook|outside_current_equip_pool,gms-server/wz/Character.wz/Hair/00032970.img.xml
Hair,Hair,32971,00032971,,0,0,1,0,False,False,False,True,missing_string_eqp|missing_handbook|outside_current_equip_pool,gms-server/wz/Character.wz/Hair/00032971.img.xml
Hair,Hair,32972,00032972,,0,0,1,0,False,False,False,True,missing_string_eqp|missing_handbook|outside_current_equip_pool,gms-server/wz/Character.wz/Hair/00032972.img.xml
Hair,Hair,32973,00032973,,0,0,1,0,False,False,False,True,missing_string_eqp|missing_handbook|outside_current_equip_pool,gms-server/wz/Character.wz/Hair/00032973.img.xml
Hair,Hair,32974,00032974,,0,0,1,0,False,False,False,True,missing_string_eqp|missing_handbook|outside_current_equip_pool,gms-server/wz/Character.wz/Hair/00032974.img.xml
Hair,Hair,32975,00032975,,0,0,1,0,False,False,False,True,missing_string_eqp|missing_handbook|outside_current_equip_pool,gms-server/wz/Character.wz/Hair/00032975.img.xml
Hair,Hair,32976,00032976,,0,0,1,0,False,False,False,True,missing_string_eqp|missing_handbook|outside_current_equip_pool,gms-server/wz/Character.wz/Hair/00032976.img.xml
Hair,Hair,32977,00032977,,0,0,1,0,False,False,False,True,missing_string_eqp|missing_handbook|outside_current_equip_pool,gms-server/wz/Character.wz/Hair/00032977.img.xml
Hair,Hair,32980,00032980,,0,0,1,0,False,False,False,True,missing_string_eqp|missing_handbook|outside_current_equip_pool,gms-server/wz/Character.wz/Hair/00032980.img.xml
Hair,Hair,32981,00032981,,0,0,1,0,False,False,False,True,missing_string_eqp|missing_handbook|outside_current_equip_pool,gms-server/wz/Character.wz/Hair/00032981.img.xml
Hair,Hair,32982,00032982,,0,0,1,0,False,False,False,True,missing_string_eqp|missing_handbook|outside_current_equip_pool,gms-server/wz/Character.wz/Hair/00032982.img.xml
Hair,Hair,32983,00032983,,0,0,1,0,False,False,False,True,missing_string_eqp|missing_handbook|outside_current_equip_pool,gms-server/wz/Character.wz/Hair/00032983.img.xml
Hair,Hair,32984,00032984,,0,0,1,0,False,False,False,True,missing_string_eqp|missing_handbook|outside_current_equip_pool,gms-server/wz/Character.wz/Hair/00032984.img.xml
Hair,Hair,32985,00032985,,0,0,1,0,False,False,False,True,missing_string_eqp|missing_handbook|outside_current_equip_pool,gms-server/wz/Character.wz/Hair/00032985.img.xml
Hair,Hair,32986,00032986,,0,0,1,0,False,False,False,True,missing_string_eqp|missing_handbook|outside_current_equip_pool,gms-server/wz/Character.wz/Hair/00032986.img.xml
Hair,Hair,32987,00032987,,0,0,1,0,False,False,False,True,missing_string_eqp|missing_handbook|outside_current_equip_pool,gms-server/wz/Character.wz/Hair/00032987.img.xml
Hair,Hair,32990,00032990,,0,0,1,0,False,False,False,True,missing_string_eqp|missing_handbook|outside_current_equip_pool,gms-server/wz/Character.wz/Hair/00032990.img.xml
Hair,Hair,32991,00032991,,0,0,1,0,False,False,False,True,missing_string_eqp|missing_handbook|outside_current_equip_pool,gms-server/wz/Character.wz/Hair/00032991.img.xml
Hair,Hair,32992,00032992,,0,0,1,0,False,False,False,True,missing_string_eqp|missing_handbook|outside_current_equip_pool,gms-server/wz/Character.wz/Hair/00032992.img.xml
Hair,Hair,32993,00032993,,0,0,1,0,False,False,False,True,missing_string_eqp|missing_handbook|outside_current_equip_pool,gms-server/wz/Character.wz/Hair/00032993.img.xml
Hair,Hair,32994,00032994,,0,0,1,0,False,False,False,True,missing_string_eqp|missing_handbook|outside_current_equip_pool,gms-server/wz/Character.wz/Hair/00032994.img.xml
Hair,Hair,32995,00032995,,0,0,1,0,False,False,False,True,missing_string_eqp|missing_handbook|outside_current_equip_pool,gms-server/wz/Character.wz/Hair/00032995.img.xml
Hair,Hair,32996,00032996,,0,0,1,0,False,False,False,True,missing_string_eqp|missing_handbook|outside_current_equip_pool,gms-server/wz/Character.wz/Hair/00032996.img.xml
Hair,Hair,32997,00032997,,0,0,1,0,False,False,False,True,missing_string_eqp|missing_handbook|outside_current_equip_pool,gms-server/wz/Character.wz/Hair/00032997.img.xml
Hair,Hair,33010,00033010,,0,0,1,0,False,False,False,True,missing_string_eqp|missing_handbook|outside_current_equip_pool,gms-server/wz/Character.wz/Hair/00033010.img.xml
Hair,Hair,33011,00033011,,0,0,1,0,False,False,False,True,missing_string_eqp|missing_handbook|outside_current_equip_pool,gms-server/wz/Character.wz/Hair/00033011.img.xml
Hair,Hair,33012,00033012,,0,0,1,0,False,False,False,True,missing_string_eqp|missing_handbook|outside_current_equip_pool,gms-server/wz/Character.wz/Hair/00033012.img.xml
Hair,Hair,33013,00033013,,0,0,1,0,False,False,False,True,missing_string_eqp|missing_handbook|outside_current_equip_pool,gms-server/wz/Character.wz/Hair/00033013.img.xml
Hair,Hair,33014,00033014,,0,0,1,0,False,False,False,True,missing_string_eqp|missing_handbook|outside_current_equip_pool,gms-server/wz/Character.wz/Hair/00033014.img.xml
Hair,Hair,33015,00033015,,0,0,1,0,False,False,False,True,missing_string_eqp|missing_handbook|outside_current_equip_pool,gms-server/wz/Character.wz/Hair/00033015.img.xml
Hair,Hair,33016,00033016,,0,0,1,0,False,False,False,True,missing_string_eqp|missing_handbook|outside_current_equip_pool,gms-server/wz/Character.wz/Hair/00033016.img.xml
Hair,Hair,33017,00033017,,0,0,1,0,False,False,False,True,missing_string_eqp|missing_handbook|outside_current_equip_pool,gms-server/wz/Character.wz/Hair/00033017.img.xml
Hair,Hair,33020,00033020,,0,0,1,0,False,False,False,True,missing_string_eqp|missing_handbook|outside_current_equip_pool,gms-server/wz/Character.wz/Hair/00033020.img.xml
Hair,Hair,33021,00033021,,0,0,1,0,False,False,False,True,missing_string_eqp|missing_handbook|outside_current_equip_pool,gms-server/wz/Character.wz/Hair/00033021.img.xml
Hair,Hair,33022,00033022,,0,0,1,0,False,False,False,True,missing_string_eqp|missing_handbook|outside_current_equip_pool,gms-server/wz/Character.wz/Hair/00033022.img.xml
Hair,Hair,33023,00033023,,0,0,1,0,False,False,False,True,missing_string_eqp|missing_handbook|outside_current_equip_pool,gms-server/wz/Character.wz/Hair/00033023.img.xml
Hair,Hair,33024,00033024,,0,0,1,0,False,False,False,True,missing_string_eqp|missing_handbook|outside_current_equip_pool,gms-server/wz/Character.wz/Hair/00033024.img.xml
Hair,Hair,33025,00033025,,0,0,1,0,False,False,False,True,missing_string_eqp|missing_handbook|outside_current_equip_pool,gms-server/wz/Character.wz/Hair/00033025.img.xml
Hair,Hair,33026,00033026,,0,0,1,0,False,False,False,True,missing_string_eqp|missing_handbook|outside_current_equip_pool,gms-server/wz/Character.wz/Hair/00033026.img.xml
Hair,Hair,33027,00033027,,0,0,1,0,False,False,False,True,missing_string_eqp|missing_handbook|outside_current_equip_pool,gms-server/wz/Character.wz/Hair/00033027.img.xml
Hair,Hair,33560,00033560,,0,0,1,0,False,False,False,True,missing_string_eqp|missing_handbook|outside_current_equip_pool,gms-server/wz/Character.wz/Hair/00033560.img.xml
Hair,Hair,33561,00033561,,0,0,1,0,False,False,False,True,missing_string_eqp|missing_handbook|outside_current_equip_pool,gms-server/wz/Character.wz/Hair/00033561.img.xml
Hair,Hair,33562,00033562,,0,0,1,0,False,False,False,True,missing_string_eqp|missing_handbook|outside_current_equip_pool,gms-server/wz/Character.wz/Hair/00033562.img.xml
Hair,Hair,33563,00033563,,0,0,1,0,False,False,False,True,missing_string_eqp|missing_handbook|outside_current_equip_pool,gms-server/wz/Character.wz/Hair/00033563.img.xml
Hair,Hair,33564,00033564,,0,0,1,0,False,False,False,True,missing_string_eqp|missing_handbook|outside_current_equip_pool,gms-server/wz/Character.wz/Hair/00033564.img.xml
Hair,Hair,33565,00033565,,0,0,1,0,False,False,False,True,missing_string_eqp|missing_handbook|outside_current_equip_pool,gms-server/wz/Character.wz/Hair/00033565.img.xml
Hair,Hair,33566,00033566,,0,0,1,0,False,False,False,True,missing_string_eqp|missing_handbook|outside_current_equip_pool,gms-server/wz/Character.wz/Hair/00033566.img.xml
Hair,Hair,33567,00033567,,0,0,1,0,False,False,False,True,missing_string_eqp|missing_handbook|outside_current_equip_pool,gms-server/wz/Character.wz/Hair/00033567.img.xml
Hair,Hair,33570,00033570,,0,0,1,0,False,False,False,True,missing_string_eqp|missing_handbook|outside_current_equip_pool,gms-server/wz/Character.wz/Hair/00033570.img.xml
Hair,Hair,33571,00033571,,0,0,1,0,False,False,False,True,missing_string_eqp|missing_handbook|outside_current_equip_pool,gms-server/wz/Character.wz/Hair/00033571.img.xml
Hair,Hair,33572,00033572,,0,0,1,0,False,False,False,True,missing_string_eqp|missing_handbook|outside_current_equip_pool,gms-server/wz/Character.wz/Hair/00033572.img.xml
Hair,Hair,33573,00033573,,0,0,1,0,False,False,False,True,missing_string_eqp|missing_handbook|outside_current_equip_pool,gms-server/wz/Character.wz/Hair/00033573.img.xml
Hair,Hair,33574,00033574,,0,0,1,0,False,False,False,True,missing_string_eqp|missing_handbook|outside_current_equip_pool,gms-server/wz/Character.wz/Hair/00033574.img.xml
Hair,Hair,33575,00033575,,0,0,1,0,False,False,False,True,missing_string_eqp|missing_handbook|outside_current_equip_pool,gms-server/wz/Character.wz/Hair/00033575.img.xml
Hair,Hair,33576,00033576,,0,0,1,0,False,False,False,True,missing_string_eqp|missing_handbook|outside_current_equip_pool,gms-server/wz/Character.wz/Hair/00033576.img.xml
Hair,Hair,33577,00033577,,0,0,1,0,False,False,False,True,missing_string_eqp|missing_handbook|outside_current_equip_pool,gms-server/wz/Character.wz/Hair/00033577.img.xml
Hair,Hair,33840,00033840,,0,0,1,0,False,False,False,True,missing_string_eqp|missing_handbook|outside_current_equip_pool,gms-server/wz/Character.wz/Hair/00033840.img.xml
Hair,Hair,33841,00033841,,0,0,1,0,False,False,False,True,missing_string_eqp|missing_handbook|outside_current_equip_pool,gms-server/wz/Character.wz/Hair/00033841.img.xml
Hair,Hair,33842,00033842,,0,0,1,0,False,False,False,True,missing_string_eqp|missing_handbook|outside_current_equip_pool,gms-server/wz/Character.wz/Hair/00033842.img.xml
Hair,Hair,33843,00033843,,0,0,1,0,False,False,False,True,missing_string_eqp|missing_handbook|outside_current_equip_pool,gms-server/wz/Character.wz/Hair/00033843.img.xml
Hair,Hair,33844,00033844,,0,0,1,0,False,False,False,True,missing_string_eqp|missing_handbook|outside_current_equip_pool,gms-server/wz/Character.wz/Hair/00033844.img.xml
Hair,Hair,33845,00033845,,0,0,1,0,False,False,False,True,missing_string_eqp|missing_handbook|outside_current_equip_pool,gms-server/wz/Character.wz/Hair/00033845.img.xml
Hair,Hair,33846,00033846,,0,0,1,0,False,False,False,True,missing_string_eqp|missing_handbook|outside_current_equip_pool,gms-server/wz/Character.wz/Hair/00033846.img.xml
Hair,Hair,33847,00033847,,0,0,1,0,False,False,False,True,missing_string_eqp|missing_handbook|outside_current_equip_pool,gms-server/wz/Character.wz/Hair/00033847.img.xml
Hair,Hair,33850,00033850,,0,0,1,0,False,False,False,True,missing_string_eqp|missing_handbook|outside_current_equip_pool,gms-server/wz/Character.wz/Hair/00033850.img.xml
Hair,Hair,33851,00033851,,0,0,1,0,False,False,False,True,missing_string_eqp|missing_handbook|outside_current_equip_pool,gms-server/wz/Character.wz/Hair/00033851.img.xml
Hair,Hair,33852,00033852,,0,0,1,0,False,False,False,True,missing_string_eqp|missing_handbook|outside_current_equip_pool,gms-server/wz/Character.wz/Hair/00033852.img.xml
Hair,Hair,33853,00033853,,0,0,1,0,False,False,False,True,missing_string_eqp|missing_handbook|outside_current_equip_pool,gms-server/wz/Character.wz/Hair/00033853.img.xml
Hair,Hair,33854,00033854,,0,0,1,0,False,False,False,True,missing_string_eqp|missing_handbook|outside_current_equip_pool,gms-server/wz/Character.wz/Hair/00033854.img.xml
Hair,Hair,33855,00033855,,0,0,1,0,False,False,False,True,missing_string_eqp|missing_handbook|outside_current_equip_pool,gms-server/wz/Character.wz/Hair/00033855.img.xml
Hair,Hair,33856,00033856,,0,0,1,0,False,False,False,True,missing_string_eqp|missing_handbook|outside_current_equip_pool,gms-server/wz/Character.wz/Hair/00033856.img.xml
Hair,Hair,33857,00033857,,0,0,1,0,False,False,False,True,missing_string_eqp|missing_handbook|outside_current_equip_pool,gms-server/wz/Character.wz/Hair/00033857.img.xml
Hair,Hair,33860,00033860,,0,0,1,0,False,False,False,True,missing_string_eqp|missing_handbook|outside_current_equip_pool,gms-server/wz/Character.wz/Hair/00033860.img.xml
Hair,Hair,33861,00033861,,0,0,1,0,False,False,False,True,missing_string_eqp|missing_handbook|outside_current_equip_pool,gms-server/wz/Character.wz/Hair/00033861.img.xml
Hair,Hair,33862,00033862,,0,0,1,0,False,False,False,True,missing_string_eqp|missing_handbook|outside_current_equip_pool,gms-server/wz/Character.wz/Hair/00033862.img.xml
Hair,Hair,33863,00033863,,0,0,1,0,False,False,False,True,missing_string_eqp|missing_handbook|outside_current_equip_pool,gms-server/wz/Character.wz/Hair/00033863.img.xml
Hair,Hair,33864,00033864,,0,0,1,0,False,False,False,True,missing_string_eqp|missing_handbook|outside_current_equip_pool,gms-server/wz/Character.wz/Hair/00033864.img.xml
Hair,Hair,33865,00033865,,0,0,1,0,False,False,False,True,missing_string_eqp|missing_handbook|outside_current_equip_pool,gms-server/wz/Character.wz/Hair/00033865.img.xml
Hair,Hair,33866,00033866,,0,0,1,0,False,False,False,True,missing_string_eqp|missing_handbook|outside_current_equip_pool,gms-server/wz/Character.wz/Hair/00033866.img.xml
Hair,Hair,33867,00033867,,0,0,1,0,False,False,False,True,missing_string_eqp|missing_handbook|outside_current_equip_pool,gms-server/wz/Character.wz/Hair/00033867.img.xml
Hair,Hair,33870,00033870,,0,0,1,0,False,False,False,True,missing_string_eqp|missing_handbook|outside_current_equip_pool,gms-server/wz/Character.wz/Hair/00033870.img.xml
Hair,Hair,33871,00033871,,0,0,1,0,False,False,False,True,missing_string_eqp|missing_handbook|outside_current_equip_pool,gms-server/wz/Character.wz/Hair/00033871.img.xml
Hair,Hair,33872,00033872,,0,0,1,0,False,False,False,True,missing_string_eqp|missing_handbook|outside_current_equip_pool,gms-server/wz/Character.wz/Hair/00033872.img.xml
Hair,Hair,33873,00033873,,0,0,1,0,False,False,False,True,missing_string_eqp|missing_handbook|outside_current_equip_pool,gms-server/wz/Character.wz/Hair/00033873.img.xml
Hair,Hair,33874,00033874,,0,0,1,0,False,False,False,True,missing_string_eqp|missing_handbook|outside_current_equip_pool,gms-server/wz/Character.wz/Hair/00033874.img.xml
Hair,Hair,33875,00033875,,0,0,1,0,False,False,False,True,missing_string_eqp|missing_handbook|outside_current_equip_pool,gms-server/wz/Character.wz/Hair/00033875.img.xml
Hair,Hair,33876,00033876,,0,0,1,0,False,False,False,True,missing_string_eqp|missing_handbook|outside_current_equip_pool,gms-server/wz/Character.wz/Hair/00033876.img.xml
Hair,Hair,33877,00033877,,0,0,1,0,False,False,False,True,missing_string_eqp|missing_handbook|outside_current_equip_pool,gms-server/wz/Character.wz/Hair/00033877.img.xml
Hair,Hair,33880,00033880,,0,0,1,0,False,False,False,True,missing_string_eqp|missing_handbook|outside_current_equip_pool,gms-server/wz/Character.wz/Hair/00033880.img.xml
Hair,Hair,33881,00033881,,0,0,1,0,False,False,False,True,missing_string_eqp|missing_handbook|outside_current_equip_pool,gms-server/wz/Character.wz/Hair/00033881.img.xml
Hair,Hair,33882,00033882,,0,0,1,0,False,False,False,True,missing_string_eqp|missing_handbook|outside_current_equip_pool,gms-server/wz/Character.wz/Hair/00033882.img.xml
Hair,Hair,33883,00033883,,0,0,1,0,False,False,False,True,missing_string_eqp|missing_handbook|outside_current_equip_pool,gms-server/wz/Character.wz/Hair/00033883.img.xml
Hair,Hair,33884,00033884,,0,0,1,0,False,False,False,True,missing_string_eqp|missing_handbook|outside_current_equip_pool,gms-server/wz/Character.wz/Hair/00033884.img.xml
Hair,Hair,33885,00033885,,0,0,1,0,False,False,False,True,missing_string_eqp|missing_handbook|outside_current_equip_pool,gms-server/wz/Character.wz/Hair/00033885.img.xml
Hair,Hair,33886,00033886,,0,0,1,0,False,False,False,True,missing_string_eqp|missing_handbook|outside_current_equip_pool,gms-server/wz/Character.wz/Hair/00033886.img.xml
Hair,Hair,33887,00033887,,0,0,1,0,False,False,False,True,missing_string_eqp|missing_handbook|outside_current_equip_pool,gms-server/wz/Character.wz/Hair/00033887.img.xml
Hair,Hair,33890,00033890,,0,0,1,0,False,False,False,True,missing_string_eqp|missing_handbook|outside_current_equip_pool,gms-server/wz/Character.wz/Hair/00033890.img.xml
Hair,Hair,33891,00033891,,0,0,1,0,False,False,False,True,missing_string_eqp|missing_handbook|outside_current_equip_pool,gms-server/wz/Character.wz/Hair/00033891.img.xml
Hair,Hair,33892,00033892,,0,0,1,0,False,False,False,True,missing_string_eqp|missing_handbook|outside_current_equip_pool,gms-server/wz/Character.wz/Hair/00033892.img.xml
Hair,Hair,33893,00033893,,0,0,1,0,False,False,False,True,missing_string_eqp|missing_handbook|outside_current_equip_pool,gms-server/wz/Character.wz/Hair/00033893.img.xml
Hair,Hair,33894,00033894,,0,0,1,0,False,False,False,True,missing_string_eqp|missing_handbook|outside_current_equip_pool,gms-server/wz/Character.wz/Hair/00033894.img.xml
Hair,Hair,33895,00033895,,0,0,1,0,False,False,False,True,missing_string_eqp|missing_handbook|outside_current_equip_pool,gms-server/wz/Character.wz/Hair/00033895.img.xml
Hair,Hair,33896,00033896,,0,0,1,0,False,False,False,True,missing_string_eqp|missing_handbook|outside_current_equip_pool,gms-server/wz/Character.wz/Hair/00033896.img.xml
Hair,Hair,33897,00033897,,0,0,1,0,False,False,False,True,missing_string_eqp|missing_handbook|outside_current_equip_pool,gms-server/wz/Character.wz/Hair/00033897.img.xml
Hair,Hair,33900,00033900,,0,0,1,0,False,False,False,True,missing_string_eqp|missing_handbook|outside_current_equip_pool,gms-server/wz/Character.wz/Hair/00033900.img.xml
Hair,Hair,33901,00033901,,0,0,1,0,False,False,False,True,missing_string_eqp|missing_handbook|outside_current_equip_pool,gms-server/wz/Character.wz/Hair/00033901.img.xml
Hair,Hair,33902,00033902,,0,0,1,0,False,False,False,True,missing_string_eqp|missing_handbook|outside_current_equip_pool,gms-server/wz/Character.wz/Hair/00033902.img.xml
Hair,Hair,33903,00033903,,0,0,1,0,False,False,False,True,missing_string_eqp|missing_handbook|outside_current_equip_pool,gms-server/wz/Character.wz/Hair/00033903.img.xml
Hair,Hair,33904,00033904,,0,0,1,0,False,False,False,True,missing_string_eqp|missing_handbook|outside_current_equip_pool,gms-server/wz/Character.wz/Hair/00033904.img.xml
Hair,Hair,33905,00033905,,0,0,1,0,False,False,False,True,missing_string_eqp|missing_handbook|outside_current_equip_pool,gms-server/wz/Character.wz/Hair/00033905.img.xml
Hair,Hair,33906,00033906,,0,0,1,0,False,False,False,True,missing_string_eqp|missing_handbook|outside_current_equip_pool,gms-server/wz/Character.wz/Hair/00033906.img.xml
Hair,Hair,33907,00033907,,0,0,1,0,False,False,False,True,missing_string_eqp|missing_handbook|outside_current_equip_pool,gms-server/wz/Character.wz/Hair/00033907.img.xml
Hair,Hair,33910,00033910,,0,0,1,0,False,False,False,True,missing_string_eqp|missing_handbook|outside_current_equip_pool,gms-server/wz/Character.wz/Hair/00033910.img.xml
Hair,Hair,33911,00033911,,0,0,1,0,False,False,False,True,missing_string_eqp|missing_handbook|outside_current_equip_pool,gms-server/wz/Character.wz/Hair/00033911.img.xml
Hair,Hair,33912,00033912,,0,0,1,0,False,False,False,True,missing_string_eqp|missing_handbook|outside_current_equip_pool,gms-server/wz/Character.wz/Hair/00033912.img.xml
Hair,Hair,33913,00033913,,0,0,1,0,False,False,False,True,missing_string_eqp|missing_handbook|outside_current_equip_pool,gms-server/wz/Character.wz/Hair/00033913.img.xml
Hair,Hair,33914,00033914,,0,0,1,0,False,False,False,True,missing_string_eqp|missing_handbook|outside_current_equip_pool,gms-server/wz/Character.wz/Hair/00033914.img.xml
Hair,Hair,33915,00033915,,0,0,1,0,False,False,False,True,missing_string_eqp|missing_handbook|outside_current_equip_pool,gms-server/wz/Character.wz/Hair/00033915.img.xml
Hair,Hair,33916,00033916,,0,0,1,0,False,False,False,True,missing_string_eqp|missing_handbook|outside_current_equip_pool,gms-server/wz/Character.wz/Hair/00033916.img.xml
Hair,Hair,33917,00033917,,0,0,1,0,False,False,False,True,missing_string_eqp|missing_handbook|outside_current_equip_pool,gms-server/wz/Character.wz/Hair/00033917.img.xml
Hair,Hair,33920,00033920,,0,0,1,0,False,False,False,True,missing_string_eqp|missing_handbook|outside_current_equip_pool,gms-server/wz/Character.wz/Hair/00033920.img.xml
Hair,Hair,33921,00033921,,0,0,1,0,False,False,False,True,missing_string_eqp|missing_handbook|outside_current_equip_pool,gms-server/wz/Character.wz/Hair/00033921.img.xml
Hair,Hair,33922,00033922,,0,0,1,0,False,False,False,True,missing_string_eqp|missing_handbook|outside_current_equip_pool,gms-server/wz/Character.wz/Hair/00033922.img.xml
Hair,Hair,33923,00033923,,0,0,1,0,False,False,False,True,missing_string_eqp|missing_handbook|outside_current_equip_pool,gms-server/wz/Character.wz/Hair/00033923.img.xml
Hair,Hair,33924,00033924,,0,0,1,0,False,False,False,True,missing_string_eqp|missing_handbook|outside_current_equip_pool,gms-server/wz/Character.wz/Hair/00033924.img.xml
Hair,Hair,33925,00033925,,0,0,1,0,False,False,False,True,missing_string_eqp|missing_handbook|outside_current_equip_pool,gms-server/wz/Character.wz/Hair/00033925.img.xml
Hair,Hair,33926,00033926,,0,0,1,0,False,False,False,True,missing_string_eqp|missing_handbook|outside_current_equip_pool,gms-server/wz/Character.wz/Hair/00033926.img.xml
Hair,Hair,33927,00033927,,0,0,1,0,False,False,False,True,missing_string_eqp|missing_handbook|outside_current_equip_pool,gms-server/wz/Character.wz/Hair/00033927.img.xml
Hair,Hair,34020,00034020,,0,0,1,0,False,True,False,True,missing_string_eqp|outside_current_equip_pool,gms-server/wz/Character.wz/Hair/00034020.img.xml
Hair,Hair,34021,00034021,,0,0,1,0,False,True,False,True,missing_string_eqp|outside_current_equip_pool,gms-server/wz/Character.wz/Hair/00034021.img.xml
Hair,Hair,34022,00034022,,0,0,1,0,False,True,False,True,missing_string_eqp|outside_current_equip_pool,gms-server/wz/Character.wz/Hair/00034022.img.xml
Hair,Hair,34023,00034023,,0,0,1,0,False,True,False,True,missing_string_eqp|outside_current_equip_pool,gms-server/wz/Character.wz/Hair/00034023.img.xml
Hair,Hair,34024,00034024,,0,0,1,0,False,True,False,True,missing_string_eqp|outside_current_equip_pool,gms-server/wz/Character.wz/Hair/00034024.img.xml
Hair,Hair,34025,00034025,,0,0,1,0,False,True,False,True,missing_string_eqp|outside_current_equip_pool,gms-server/wz/Character.wz/Hair/00034025.img.xml
Hair,Hair,34026,00034026,,0,0,1,0,False,True,False,True,missing_string_eqp|outside_current_equip_pool,gms-server/wz/Character.wz/Hair/00034026.img.xml
Hair,Hair,34027,00034027,,0,0,1,0,False,True,False,True,missing_string_eqp|outside_current_equip_pool,gms-server/wz/Character.wz/Hair/00034027.img.xml
Hair,Hair,34030,00034030,,0,0,1,0,False,True,False,True,missing_string_eqp|outside_current_equip_pool,gms-server/wz/Character.wz/Hair/00034030.img.xml
Hair,Hair,34031,00034031,,0,0,1,0,False,True,False,True,missing_string_eqp|outside_current_equip_pool,gms-server/wz/Character.wz/Hair/00034031.img.xml
Hair,Hair,34032,00034032,,0,0,1,0,False,True,False,True,missing_string_eqp|outside_current_equip_pool,gms-server/wz/Character.wz/Hair/00034032.img.xml
Hair,Hair,34033,00034033,,0,0,1,0,False,True,False,True,missing_string_eqp|outside_current_equip_pool,gms-server/wz/Character.wz/Hair/00034033.img.xml
Hair,Hair,34034,00034034,,0,0,1,0,False,True,False,True,missing_string_eqp|outside_current_equip_pool,gms-server/wz/Character.wz/Hair/00034034.img.xml
Hair,Hair,34035,00034035,,0,0,1,0,False,True,False,True,missing_string_eqp|outside_current_equip_pool,gms-server/wz/Character.wz/Hair/00034035.img.xml
Hair,Hair,34036,00034036,,0,0,1,0,False,True,False,True,missing_string_eqp|outside_current_equip_pool,gms-server/wz/Character.wz/Hair/00034036.img.xml
Hair,Hair,34037,00034037,,0,0,1,0,False,True,False,True,missing_string_eqp|outside_current_equip_pool,gms-server/wz/Character.wz/Hair/00034037.img.xml
Hair,Hair,34500,00034500,,0,0,1,0,False,False,False,True,missing_string_eqp|missing_handbook|outside_current_equip_pool,gms-server/wz/Character.wz/Hair/00034500.img.xml
Hair,Hair,34501,00034501,,0,0,1,0,False,False,False,True,missing_string_eqp|missing_handbook|outside_current_equip_pool,gms-server/wz/Character.wz/Hair/00034501.img.xml
Hair,Hair,34502,00034502,,0,0,1,0,False,False,False,True,missing_string_eqp|missing_handbook|outside_current_equip_pool,gms-server/wz/Character.wz/Hair/00034502.img.xml
Hair,Hair,34503,00034503,,0,0,1,0,False,False,False,True,missing_string_eqp|missing_handbook|outside_current_equip_pool,gms-server/wz/Character.wz/Hair/00034503.img.xml
Hair,Hair,34504,00034504,,0,0,1,0,False,False,False,True,missing_string_eqp|missing_handbook|outside_current_equip_pool,gms-server/wz/Character.wz/Hair/00034504.img.xml
Hair,Hair,34505,00034505,,0,0,1,0,False,False,False,True,missing_string_eqp|missing_handbook|outside_current_equip_pool,gms-server/wz/Character.wz/Hair/00034505.img.xml
Hair,Hair,34506,00034506,,0,0,1,0,False,False,False,True,missing_string_eqp|missing_handbook|outside_current_equip_pool,gms-server/wz/Character.wz/Hair/00034506.img.xml
Hair,Hair,34507,00034507,,0,0,1,0,False,False,False,True,missing_string_eqp|missing_handbook|outside_current_equip_pool,gms-server/wz/Character.wz/Hair/00034507.img.xml
Hair,Hair,34520,00034520,,0,0,1,0,False,False,False,True,missing_string_eqp|missing_handbook|outside_current_equip_pool,gms-server/wz/Character.wz/Hair/00034520.img.xml
Hair,Hair,34521,00034521,,0,0,1,0,False,False,False,True,missing_string_eqp|missing_handbook|outside_current_equip_pool,gms-server/wz/Character.wz/Hair/00034521.img.xml
Hair,Hair,34522,00034522,,0,0,1,0,False,False,False,True,missing_string_eqp|missing_handbook|outside_current_equip_pool,gms-server/wz/Character.wz/Hair/00034522.img.xml
Hair,Hair,34523,00034523,,0,0,1,0,False,False,False,True,missing_string_eqp|missing_handbook|outside_current_equip_pool,gms-server/wz/Character.wz/Hair/00034523.img.xml
Hair,Hair,34524,00034524,,0,0,1,0,False,False,False,True,missing_string_eqp|missing_handbook|outside_current_equip_pool,gms-server/wz/Character.wz/Hair/00034524.img.xml
Hair,Hair,34525,00034525,,0,0,1,0,False,False,False,True,missing_string_eqp|missing_handbook|outside_current_equip_pool,gms-server/wz/Character.wz/Hair/00034525.img.xml
Hair,Hair,34526,00034526,,0,0,1,0,False,False,False,True,missing_string_eqp|missing_handbook|outside_current_equip_pool,gms-server/wz/Character.wz/Hair/00034526.img.xml
Hair,Hair,34527,00034527,,0,0,1,0,False,False,False,True,missing_string_eqp|missing_handbook|outside_current_equip_pool,gms-server/wz/Character.wz/Hair/00034527.img.xml
Hair,Hair,34530,00034530,,0,0,1,0,False,False,False,True,missing_string_eqp|missing_handbook|outside_current_equip_pool,gms-server/wz/Character.wz/Hair/00034530.img.xml
Hair,Hair,34531,00034531,,0,0,1,0,False,False,False,True,missing_string_eqp|missing_handbook|outside_current_equip_pool,gms-server/wz/Character.wz/Hair/00034531.img.xml
Hair,Hair,34532,00034532,,0,0,1,0,False,False,False,True,missing_string_eqp|missing_handbook|outside_current_equip_pool,gms-server/wz/Character.wz/Hair/00034532.img.xml
Hair,Hair,34533,00034533,,0,0,1,0,False,False,False,True,missing_string_eqp|missing_handbook|outside_current_equip_pool,gms-server/wz/Character.wz/Hair/00034533.img.xml
Hair,Hair,34534,00034534,,0,0,1,0,False,False,False,True,missing_string_eqp|missing_handbook|outside_current_equip_pool,gms-server/wz/Character.wz/Hair/00034534.img.xml
Hair,Hair,34535,00034535,,0,0,1,0,False,False,False,True,missing_string_eqp|missing_handbook|outside_current_equip_pool,gms-server/wz/Character.wz/Hair/00034535.img.xml
Hair,Hair,34536,00034536,,0,0,1,0,False,False,False,True,missing_string_eqp|missing_handbook|outside_current_equip_pool,gms-server/wz/Character.wz/Hair/00034536.img.xml
Hair,Hair,34537,00034537,,0,0,1,0,False,False,False,True,missing_string_eqp|missing_handbook|outside_current_equip_pool,gms-server/wz/Character.wz/Hair/00034537.img.xml
Hair,Hair,34550,00034550,,0,0,1,0,False,False,False,True,missing_string_eqp|missing_handbook|outside_current_equip_pool,gms-server/wz/Character.wz/Hair/00034550.img.xml
Hair,Hair,34551,00034551,,0,0,1,0,False,False,False,True,missing_string_eqp|missing_handbook|outside_current_equip_pool,gms-server/wz/Character.wz/Hair/00034551.img.xml
Hair,Hair,34552,00034552,,0,0,1,0,False,False,False,True,missing_string_eqp|missing_handbook|outside_current_equip_pool,gms-server/wz/Character.wz/Hair/00034552.img.xml
Hair,Hair,34553,00034553,,0,0,1,0,False,False,False,True,missing_string_eqp|missing_handbook|outside_current_equip_pool,gms-server/wz/Character.wz/Hair/00034553.img.xml
Hair,Hair,34554,00034554,,0,0,1,0,False,False,False,True,missing_string_eqp|missing_handbook|outside_current_equip_pool,gms-server/wz/Character.wz/Hair/00034554.img.xml
Hair,Hair,34555,00034555,,0,0,1,0,False,False,False,True,missing_string_eqp|missing_handbook|outside_current_equip_pool,gms-server/wz/Character.wz/Hair/00034555.img.xml
Hair,Hair,34556,00034556,,0,0,1,0,False,False,False,True,missing_string_eqp|missing_handbook|outside_current_equip_pool,gms-server/wz/Character.wz/Hair/00034556.img.xml
Hair,Hair,34557,00034557,,0,0,1,0,False,False,False,True,missing_string_eqp|missing_handbook|outside_current_equip_pool,gms-server/wz/Character.wz/Hair/00034557.img.xml
Hair,Hair,34570,00034570,,0,0,1,0,False,False,False,True,missing_string_eqp|missing_handbook|outside_current_equip_pool,gms-server/wz/Character.wz/Hair/00034570.img.xml
Hair,Hair,34571,00034571,,0,0,1,0,False,False,False,True,missing_string_eqp|missing_handbook|outside_current_equip_pool,gms-server/wz/Character.wz/Hair/00034571.img.xml
Hair,Hair,34572,00034572,,0,0,1,0,False,False,False,True,missing_string_eqp|missing_handbook|outside_current_equip_pool,gms-server/wz/Character.wz/Hair/00034572.img.xml
Hair,Hair,34573,00034573,,0,0,1,0,False,False,False,True,missing_string_eqp|missing_handbook|outside_current_equip_pool,gms-server/wz/Character.wz/Hair/00034573.img.xml
Hair,Hair,34574,00034574,,0,0,1,0,False,False,False,True,missing_string_eqp|missing_handbook|outside_current_equip_pool,gms-server/wz/Character.wz/Hair/00034574.img.xml
Hair,Hair,34575,00034575,,0,0,1,0,False,False,False,True,missing_string_eqp|missing_handbook|outside_current_equip_pool,gms-server/wz/Character.wz/Hair/00034575.img.xml
Hair,Hair,34576,00034576,,0,0,1,0,False,False,False,True,missing_string_eqp|missing_handbook|outside_current_equip_pool,gms-server/wz/Character.wz/Hair/00034576.img.xml
Hair,Hair,34577,00034577,,0,0,1,0,False,False,False,True,missing_string_eqp|missing_handbook|outside_current_equip_pool,gms-server/wz/Character.wz/Hair/00034577.img.xml
Hair,Hair,34580,00034580,,0,0,1,0,False,False,False,True,missing_string_eqp|missing_handbook|outside_current_equip_pool,gms-server/wz/Character.wz/Hair/00034580.img.xml
Hair,Hair,34581,00034581,,0,0,1,0,False,False,False,True,missing_string_eqp|missing_handbook|outside_current_equip_pool,gms-server/wz/Character.wz/Hair/00034581.img.xml
Hair,Hair,34582,00034582,,0,0,1,0,False,False,False,True,missing_string_eqp|missing_handbook|outside_current_equip_pool,gms-server/wz/Character.wz/Hair/00034582.img.xml
Hair,Hair,34583,00034583,,0,0,1,0,False,False,False,True,missing_string_eqp|missing_handbook|outside_current_equip_pool,gms-server/wz/Character.wz/Hair/00034583.img.xml
Hair,Hair,34584,00034584,,0,0,1,0,False,False,False,True,missing_string_eqp|missing_handbook|outside_current_equip_pool,gms-server/wz/Character.wz/Hair/00034584.img.xml
Hair,Hair,34585,00034585,,0,0,1,0,False,False,False,True,missing_string_eqp|missing_handbook|outside_current_equip_pool,gms-server/wz/Character.wz/Hair/00034585.img.xml
Hair,Hair,34586,00034586,,0,0,1,0,False,False,False,True,missing_string_eqp|missing_handbook|outside_current_equip_pool,gms-server/wz/Character.wz/Hair/00034586.img.xml
Hair,Hair,34587,00034587,,0,0,1,0,False,False,False,True,missing_string_eqp|missing_handbook|outside_current_equip_pool,gms-server/wz/Character.wz/Hair/00034587.img.xml
Hair,Hair,34920,00034920,,0,0,1,0,False,False,False,True,missing_string_eqp|missing_handbook|outside_current_equip_pool,gms-server/wz/Character.wz/Hair/00034920.img.xml
Hair,Hair,34921,00034921,,0,0,1,0,False,False,False,True,missing_string_eqp|missing_handbook|outside_current_equip_pool,gms-server/wz/Character.wz/Hair/00034921.img.xml
Hair,Hair,34922,00034922,,0,0,1,0,False,False,False,True,missing_string_eqp|missing_handbook|outside_current_equip_pool,gms-server/wz/Character.wz/Hair/00034922.img.xml
Hair,Hair,34923,00034923,,0,0,1,0,False,False,False,True,missing_string_eqp|missing_handbook|outside_current_equip_pool,gms-server/wz/Character.wz/Hair/00034923.img.xml
Hair,Hair,34924,00034924,,0,0,1,0,False,False,False,True,missing_string_eqp|missing_handbook|outside_current_equip_pool,gms-server/wz/Character.wz/Hair/00034924.img.xml
Hair,Hair,34925,00034925,,0,0,1,0,False,False,False,True,missing_string_eqp|missing_handbook|outside_current_equip_pool,gms-server/wz/Character.wz/Hair/00034925.img.xml
Hair,Hair,34926,00034926,,0,0,1,0,False,False,False,True,missing_string_eqp|missing_handbook|outside_current_equip_pool,gms-server/wz/Character.wz/Hair/00034926.img.xml
Hair,Hair,34927,00034927,,0,0,1,0,False,False,False,True,missing_string_eqp|missing_handbook|outside_current_equip_pool,gms-server/wz/Character.wz/Hair/00034927.img.xml
Hair,Hair,34930,00034930,,0,0,1,0,False,False,False,True,missing_string_eqp|missing_handbook|outside_current_equip_pool,gms-server/wz/Character.wz/Hair/00034930.img.xml
Hair,Hair,34931,00034931,,0,0,1,0,False,False,False,True,missing_string_eqp|missing_handbook|outside_current_equip_pool,gms-server/wz/Character.wz/Hair/00034931.img.xml
Hair,Hair,34932,00034932,,0,0,1,0,False,False,False,True,missing_string_eqp|missing_handbook|outside_current_equip_pool,gms-server/wz/Character.wz/Hair/00034932.img.xml
Hair,Hair,34933,00034933,,0,0,1,0,False,False,False,True,missing_string_eqp|missing_handbook|outside_current_equip_pool,gms-server/wz/Character.wz/Hair/00034933.img.xml
Hair,Hair,34934,00034934,,0,0,1,0,False,False,False,True,missing_string_eqp|missing_handbook|outside_current_equip_pool,gms-server/wz/Character.wz/Hair/00034934.img.xml
Hair,Hair,34935,00034935,,0,0,1,0,False,False,False,True,missing_string_eqp|missing_handbook|outside_current_equip_pool,gms-server/wz/Character.wz/Hair/00034935.img.xml
Hair,Hair,34936,00034936,,0,0,1,0,False,False,False,True,missing_string_eqp|missing_handbook|outside_current_equip_pool,gms-server/wz/Character.wz/Hair/00034936.img.xml
Hair,Hair,34937,00034937,,0,0,1,0,False,False,False,True,missing_string_eqp|missing_handbook|outside_current_equip_pool,gms-server/wz/Character.wz/Hair/00034937.img.xml
Hair,Hair,35320,00035320,,0,0,1,0,False,False,False,True,missing_string_eqp|missing_handbook|outside_current_equip_pool,gms-server/wz/Character.wz/Hair/00035320.img.xml
Hair,Hair,35321,00035321,,0,0,1,0,False,False,False,True,missing_string_eqp|missing_handbook|outside_current_equip_pool,gms-server/wz/Character.wz/Hair/00035321.img.xml
Hair,Hair,35322,00035322,,0,0,1,0,False,False,False,True,missing_string_eqp|missing_handbook|outside_current_equip_pool,gms-server/wz/Character.wz/Hair/00035322.img.xml
Hair,Hair,35323,00035323,,0,0,1,0,False,False,False,True,missing_string_eqp|missing_handbook|outside_current_equip_pool,gms-server/wz/Character.wz/Hair/00035323.img.xml
Hair,Hair,35324,00035324,,0,0,1,0,False,False,False,True,missing_string_eqp|missing_handbook|outside_current_equip_pool,gms-server/wz/Character.wz/Hair/00035324.img.xml
Hair,Hair,35325,00035325,,0,0,1,0,False,False,False,True,missing_string_eqp|missing_handbook|outside_current_equip_pool,gms-server/wz/Character.wz/Hair/00035325.img.xml
Hair,Hair,35326,00035326,,0,0,1,0,False,False,False,True,missing_string_eqp|missing_handbook|outside_current_equip_pool,gms-server/wz/Character.wz/Hair/00035326.img.xml
Hair,Hair,35327,00035327,,0,0,1,0,False,False,False,True,missing_string_eqp|missing_handbook|outside_current_equip_pool,gms-server/wz/Character.wz/Hair/00035327.img.xml
Hair,Hair,35370,00035370,,0,0,1,0,False,False,False,True,missing_string_eqp|missing_handbook|outside_current_equip_pool,gms-server/wz/Character.wz/Hair/00035370.img.xml
Hair,Hair,35371,00035371,,0,0,1,0,False,False,False,True,missing_string_eqp|missing_handbook|outside_current_equip_pool,gms-server/wz/Character.wz/Hair/00035371.img.xml
Hair,Hair,35372,00035372,,0,0,1,0,False,False,False,True,missing_string_eqp|missing_handbook|outside_current_equip_pool,gms-server/wz/Character.wz/Hair/00035372.img.xml
Hair,Hair,35373,00035373,,0,0,1,0,False,False,False,True,missing_string_eqp|missing_handbook|outside_current_equip_pool,gms-server/wz/Character.wz/Hair/00035373.img.xml
Hair,Hair,35374,00035374,,0,0,1,0,False,False,False,True,missing_string_eqp|missing_handbook|outside_current_equip_pool,gms-server/wz/Character.wz/Hair/00035374.img.xml
Hair,Hair,35375,00035375,,0,0,1,0,False,False,False,True,missing_string_eqp|missing_handbook|outside_current_equip_pool,gms-server/wz/Character.wz/Hair/00035375.img.xml
Hair,Hair,35376,00035376,,0,0,1,0,False,False,False,True,missing_string_eqp|missing_handbook|outside_current_equip_pool,gms-server/wz/Character.wz/Hair/00035376.img.xml
Hair,Hair,35377,00035377,,0,0,1,0,False,False,False,True,missing_string_eqp|missing_handbook|outside_current_equip_pool,gms-server/wz/Character.wz/Hair/00035377.img.xml
Hair,Hair,35380,00035380,,0,0,1,0,False,False,False,True,missing_string_eqp|missing_handbook|outside_current_equip_pool,gms-server/wz/Character.wz/Hair/00035380.img.xml
Hair,Hair,35381,00035381,,0,0,1,0,False,False,False,True,missing_string_eqp|missing_handbook|outside_current_equip_pool,gms-server/wz/Character.wz/Hair/00035381.img.xml
Hair,Hair,35382,00035382,,0,0,1,0,False,False,False,True,missing_string_eqp|missing_handbook|outside_current_equip_pool,gms-server/wz/Character.wz/Hair/00035382.img.xml
Hair,Hair,35383,00035383,,0,0,1,0,False,False,False,True,missing_string_eqp|missing_handbook|outside_current_equip_pool,gms-server/wz/Character.wz/Hair/00035383.img.xml
Hair,Hair,35384,00035384,,0,0,1,0,False,False,False,True,missing_string_eqp|missing_handbook|outside_current_equip_pool,gms-server/wz/Character.wz/Hair/00035384.img.xml
Hair,Hair,35385,00035385,,0,0,1,0,False,False,False,True,missing_string_eqp|missing_handbook|outside_current_equip_pool,gms-server/wz/Character.wz/Hair/00035385.img.xml
Hair,Hair,35386,00035386,,0,0,1,0,False,False,False,True,missing_string_eqp|missing_handbook|outside_current_equip_pool,gms-server/wz/Character.wz/Hair/00035386.img.xml
Hair,Hair,35387,00035387,,0,0,1,0,False,False,False,True,missing_string_eqp|missing_handbook|outside_current_equip_pool,gms-server/wz/Character.wz/Hair/00035387.img.xml
Hair,Hair,35390,00035390,,0,0,1,0,False,False,False,True,missing_string_eqp|missing_handbook|outside_current_equip_pool,gms-server/wz/Character.wz/Hair/00035390.img.xml
Hair,Hair,35391,00035391,,0,0,1,0,False,False,False,True,missing_string_eqp|missing_handbook|outside_current_equip_pool,gms-server/wz/Character.wz/Hair/00035391.img.xml
Hair,Hair,35392,00035392,,0,0,1,0,False,False,False,True,missing_string_eqp|missing_handbook|outside_current_equip_pool,gms-server/wz/Character.wz/Hair/00035392.img.xml
Hair,Hair,35393,00035393,,0,0,1,0,False,False,False,True,missing_string_eqp|missing_handbook|outside_current_equip_pool,gms-server/wz/Character.wz/Hair/00035393.img.xml
Hair,Hair,35394,00035394,,0,0,1,0,False,False,False,True,missing_string_eqp|missing_handbook|outside_current_equip_pool,gms-server/wz/Character.wz/Hair/00035394.img.xml
Hair,Hair,35395,00035395,,0,0,1,0,False,False,False,True,missing_string_eqp|missing_handbook|outside_current_equip_pool,gms-server/wz/Character.wz/Hair/00035395.img.xml
Hair,Hair,35396,00035396,,0,0,1,0,False,False,False,True,missing_string_eqp|missing_handbook|outside_current_equip_pool,gms-server/wz/Character.wz/Hair/00035396.img.xml
Hair,Hair,35397,00035397,,0,0,1,0,False,False,False,True,missing_string_eqp|missing_handbook|outside_current_equip_pool,gms-server/wz/Character.wz/Hair/00035397.img.xml
Hair,Hair,35400,00035400,,0,0,0,0,False,False,False,True,missing_string_eqp|missing_handbook|outside_current_equip_pool,gms-server/wz/Character.wz/Hair/00035400.img.xml
Hair,Hair,35401,00035401,,0,0,1,0,False,False,False,True,missing_string_eqp|missing_handbook|outside_current_equip_pool,gms-server/wz/Character.wz/Hair/00035401.img.xml
Hair,Hair,35402,00035402,,0,0,1,0,False,False,False,True,missing_string_eqp|missing_handbook|outside_current_equip_pool,gms-server/wz/Character.wz/Hair/00035402.img.xml
Hair,Hair,35403,00035403,,0,0,1,0,False,False,False,True,missing_string_eqp|missing_handbook|outside_current_equip_pool,gms-server/wz/Character.wz/Hair/00035403.img.xml
Hair,Hair,35404,00035404,,0,0,1,0,False,False,False,True,missing_string_eqp|missing_handbook|outside_current_equip_pool,gms-server/wz/Character.wz/Hair/00035404.img.xml
Hair,Hair,35405,00035405,,0,0,1,0,False,False,False,True,missing_string_eqp|missing_handbook|outside_current_equip_pool,gms-server/wz/Character.wz/Hair/00035405.img.xml
Hair,Hair,35406,00035406,,0,0,1,0,False,False,False,True,missing_string_eqp|missing_handbook|outside_current_equip_pool,gms-server/wz/Character.wz/Hair/00035406.img.xml
Hair,Hair,35407,00035407,,0,0,1,0,False,False,False,True,missing_string_eqp|missing_handbook|outside_current_equip_pool,gms-server/wz/Character.wz/Hair/00035407.img.xml
Hair,Hair,35610,00035610,,0,0,1,0,False,False,False,True,missing_string_eqp|missing_handbook|outside_current_equip_pool,gms-server/wz/Character.wz/Hair/00035610.img.xml
Hair,Hair,35611,00035611,,0,0,1,0,False,False,False,True,missing_string_eqp|missing_handbook|outside_current_equip_pool,gms-server/wz/Character.wz/Hair/00035611.img.xml
Hair,Hair,35612,00035612,,0,0,1,0,False,False,False,True,missing_string_eqp|missing_handbook|outside_current_equip_pool,gms-server/wz/Character.wz/Hair/00035612.img.xml
Hair,Hair,35613,00035613,,0,0,1,0,False,False,False,True,missing_string_eqp|missing_handbook|outside_current_equip_pool,gms-server/wz/Character.wz/Hair/00035613.img.xml
Hair,Hair,35614,00035614,,0,0,1,0,False,False,False,True,missing_string_eqp|missing_handbook|outside_current_equip_pool,gms-server/wz/Character.wz/Hair/00035614.img.xml
Hair,Hair,35615,00035615,,0,0,1,0,False,False,False,True,missing_string_eqp|missing_handbook|outside_current_equip_pool,gms-server/wz/Character.wz/Hair/00035615.img.xml
Hair,Hair,35616,00035616,,0,0,1,0,False,False,False,True,missing_string_eqp|missing_handbook|outside_current_equip_pool,gms-server/wz/Character.wz/Hair/00035616.img.xml
Hair,Hair,35617,00035617,,0,0,1,0,False,False,False,True,missing_string_eqp|missing_handbook|outside_current_equip_pool,gms-server/wz/Character.wz/Hair/00035617.img.xml
Hair,Hair,35840,00035840,,0,0,1,0,False,False,False,True,missing_string_eqp|missing_handbook|outside_current_equip_pool,gms-server/wz/Character.wz/Hair/00035840.img.xml
Hair,Hair,35841,00035841,,0,0,1,0,False,False,False,True,missing_string_eqp|missing_handbook|outside_current_equip_pool,gms-server/wz/Character.wz/Hair/00035841.img.xml
Hair,Hair,35842,00035842,,0,0,1,0,False,False,False,True,missing_string_eqp|missing_handbook|outside_current_equip_pool,gms-server/wz/Character.wz/Hair/00035842.img.xml
Hair,Hair,35843,00035843,,0,0,1,0,False,False,False,True,missing_string_eqp|missing_handbook|outside_current_equip_pool,gms-server/wz/Character.wz/Hair/00035843.img.xml
Hair,Hair,35844,00035844,,0,0,1,0,False,False,False,True,missing_string_eqp|missing_handbook|outside_current_equip_pool,gms-server/wz/Character.wz/Hair/00035844.img.xml
Hair,Hair,35845,00035845,,0,0,1,0,False,False,False,True,missing_string_eqp|missing_handbook|outside_current_equip_pool,gms-server/wz/Character.wz/Hair/00035845.img.xml
Hair,Hair,35846,00035846,,0,0,1,0,False,False,False,True,missing_string_eqp|missing_handbook|outside_current_equip_pool,gms-server/wz/Character.wz/Hair/00035846.img.xml
Hair,Hair,35847,00035847,,0,0,1,0,False,False,False,True,missing_string_eqp|missing_handbook|outside_current_equip_pool,gms-server/wz/Character.wz/Hair/00035847.img.xml
Hair,Hair,35850,00035850,,0,0,1,0,False,False,False,True,missing_string_eqp|missing_handbook|outside_current_equip_pool,gms-server/wz/Character.wz/Hair/00035850.img.xml
Hair,Hair,35851,00035851,,0,0,1,0,False,False,False,True,missing_string_eqp|missing_handbook|outside_current_equip_pool,gms-server/wz/Character.wz/Hair/00035851.img.xml
Hair,Hair,35852,00035852,,0,0,1,0,False,False,False,True,missing_string_eqp|missing_handbook|outside_current_equip_pool,gms-server/wz/Character.wz/Hair/00035852.img.xml
Hair,Hair,35853,00035853,,0,0,1,0,False,False,False,True,missing_string_eqp|missing_handbook|outside_current_equip_pool,gms-server/wz/Character.wz/Hair/00035853.img.xml
Hair,Hair,35854,00035854,,0,0,1,0,False,False,False,True,missing_string_eqp|missing_handbook|outside_current_equip_pool,gms-server/wz/Character.wz/Hair/00035854.img.xml
Hair,Hair,35855,00035855,,0,0,1,0,False,False,False,True,missing_string_eqp|missing_handbook|outside_current_equip_pool,gms-server/wz/Character.wz/Hair/00035855.img.xml
Hair,Hair,35856,00035856,,0,0,1,0,False,False,False,True,missing_string_eqp|missing_handbook|outside_current_equip_pool,gms-server/wz/Character.wz/Hair/00035856.img.xml
Hair,Hair,35857,00035857,,0,0,1,0,False,False,False,True,missing_string_eqp|missing_handbook|outside_current_equip_pool,gms-server/wz/Character.wz/Hair/00035857.img.xml
Hair,Hair,35860,00035860,,0,0,1,0,False,False,False,True,missing_string_eqp|missing_handbook|outside_current_equip_pool,gms-server/wz/Character.wz/Hair/00035860.img.xml
Hair,Hair,35861,00035861,,0,0,1,0,False,False,False,True,missing_string_eqp|missing_handbook|outside_current_equip_pool,gms-server/wz/Character.wz/Hair/00035861.img.xml
Hair,Hair,35862,00035862,,0,0,1,0,False,False,False,True,missing_string_eqp|missing_handbook|outside_current_equip_pool,gms-server/wz/Character.wz/Hair/00035862.img.xml
Hair,Hair,35863,00035863,,0,0,1,0,False,False,False,True,missing_string_eqp|missing_handbook|outside_current_equip_pool,gms-server/wz/Character.wz/Hair/00035863.img.xml
Hair,Hair,35864,00035864,,0,0,1,0,False,False,False,True,missing_string_eqp|missing_handbook|outside_current_equip_pool,gms-server/wz/Character.wz/Hair/00035864.img.xml
Hair,Hair,35865,00035865,,0,0,1,0,False,False,False,True,missing_string_eqp|missing_handbook|outside_current_equip_pool,gms-server/wz/Character.wz/Hair/00035865.img.xml
Hair,Hair,35866,00035866,,0,0,1,0,False,False,False,True,missing_string_eqp|missing_handbook|outside_current_equip_pool,gms-server/wz/Character.wz/Hair/00035866.img.xml
Hair,Hair,35867,00035867,,0,0,1,0,False,False,False,True,missing_string_eqp|missing_handbook|outside_current_equip_pool,gms-server/wz/Character.wz/Hair/00035867.img.xml
Hair,Hair,35870,00035870,,0,0,1,0,False,False,False,True,missing_string_eqp|missing_handbook|outside_current_equip_pool,gms-server/wz/Character.wz/Hair/00035870.img.xml
Hair,Hair,35871,00035871,,0,0,1,0,False,False,False,True,missing_string_eqp|missing_handbook|outside_current_equip_pool,gms-server/wz/Character.wz/Hair/00035871.img.xml
Hair,Hair,35872,00035872,,0,0,1,0,False,False,False,True,missing_string_eqp|missing_handbook|outside_current_equip_pool,gms-server/wz/Character.wz/Hair/00035872.img.xml
Hair,Hair,35873,00035873,,0,0,1,0,False,False,False,True,missing_string_eqp|missing_handbook|outside_current_equip_pool,gms-server/wz/Character.wz/Hair/00035873.img.xml
Hair,Hair,35874,00035874,,0,0,1,0,False,False,False,True,missing_string_eqp|missing_handbook|outside_current_equip_pool,gms-server/wz/Character.wz/Hair/00035874.img.xml
Hair,Hair,35875,00035875,,0,0,1,0,False,False,False,True,missing_string_eqp|missing_handbook|outside_current_equip_pool,gms-server/wz/Character.wz/Hair/00035875.img.xml
Hair,Hair,35876,00035876,,0,0,1,0,False,False,False,True,missing_string_eqp|missing_handbook|outside_current_equip_pool,gms-server/wz/Character.wz/Hair/00035876.img.xml
Hair,Hair,35877,00035877,,0,0,1,0,False,False,False,True,missing_string_eqp|missing_handbook|outside_current_equip_pool,gms-server/wz/Character.wz/Hair/00035877.img.xml
Hair,Hair,35880,00035880,,0,0,1,0,False,False,False,True,missing_string_eqp|missing_handbook|outside_current_equip_pool,gms-server/wz/Character.wz/Hair/00035880.img.xml
Hair,Hair,35881,00035881,,0,0,1,0,False,False,False,True,missing_string_eqp|missing_handbook|outside_current_equip_pool,gms-server/wz/Character.wz/Hair/00035881.img.xml
Hair,Hair,35882,00035882,,0,0,1,0,False,False,False,True,missing_string_eqp|missing_handbook|outside_current_equip_pool,gms-server/wz/Character.wz/Hair/00035882.img.xml
Hair,Hair,35883,00035883,,0,0,1,0,False,False,False,True,missing_string_eqp|missing_handbook|outside_current_equip_pool,gms-server/wz/Character.wz/Hair/00035883.img.xml
Hair,Hair,35884,00035884,,0,0,1,0,False,False,False,True,missing_string_eqp|missing_handbook|outside_current_equip_pool,gms-server/wz/Character.wz/Hair/00035884.img.xml
Hair,Hair,35885,00035885,,0,0,1,0,False,False,False,True,missing_string_eqp|missing_handbook|outside_current_equip_pool,gms-server/wz/Character.wz/Hair/00035885.img.xml
Hair,Hair,35886,00035886,,0,0,1,0,False,False,False,True,missing_string_eqp|missing_handbook|outside_current_equip_pool,gms-server/wz/Character.wz/Hair/00035886.img.xml
Hair,Hair,35887,00035887,,0,0,1,0,False,False,False,True,missing_string_eqp|missing_handbook|outside_current_equip_pool,gms-server/wz/Character.wz/Hair/00035887.img.xml
Hair,Hair,35890,00035890,,0,0,1,0,False,False,False,True,missing_string_eqp|missing_handbook|outside_current_equip_pool,gms-server/wz/Character.wz/Hair/00035890.img.xml
Hair,Hair,35891,00035891,,0,0,1,0,False,False,False,True,missing_string_eqp|missing_handbook|outside_current_equip_pool,gms-server/wz/Character.wz/Hair/00035891.img.xml
Hair,Hair,35892,00035892,,0,0,1,0,False,False,False,True,missing_string_eqp|missing_handbook|outside_current_equip_pool,gms-server/wz/Character.wz/Hair/00035892.img.xml
Hair,Hair,35893,00035893,,0,0,1,0,False,False,False,True,missing_string_eqp|missing_handbook|outside_current_equip_pool,gms-server/wz/Character.wz/Hair/00035893.img.xml
Hair,Hair,35894,00035894,,0,0,1,0,False,False,False,True,missing_string_eqp|missing_handbook|outside_current_equip_pool,gms-server/wz/Character.wz/Hair/00035894.img.xml
Hair,Hair,35895,00035895,,0,0,1,0,False,False,False,True,missing_string_eqp|missing_handbook|outside_current_equip_pool,gms-server/wz/Character.wz/Hair/00035895.img.xml
Hair,Hair,35896,00035896,,0,0,1,0,False,False,False,True,missing_string_eqp|missing_handbook|outside_current_equip_pool,gms-server/wz/Character.wz/Hair/00035896.img.xml
Hair,Hair,35897,00035897,,0,0,1,0,False,False,False,True,missing_string_eqp|missing_handbook|outside_current_equip_pool,gms-server/wz/Character.wz/Hair/00035897.img.xml
Hair,Hair,35900,00035900,,0,0,1,0,False,False,False,True,missing_string_eqp|missing_handbook|outside_current_equip_pool,gms-server/wz/Character.wz/Hair/00035900.img.xml
Hair,Hair,35901,00035901,,0,0,1,0,False,False,False,True,missing_string_eqp|missing_handbook|outside_current_equip_pool,gms-server/wz/Character.wz/Hair/00035901.img.xml
Hair,Hair,35902,00035902,,0,0,1,0,False,False,False,True,missing_string_eqp|missing_handbook|outside_current_equip_pool,gms-server/wz/Character.wz/Hair/00035902.img.xml
Hair,Hair,35903,00035903,,0,0,1,0,False,False,False,True,missing_string_eqp|missing_handbook|outside_current_equip_pool,gms-server/wz/Character.wz/Hair/00035903.img.xml
Hair,Hair,35904,00035904,,0,0,1,0,False,False,False,True,missing_string_eqp|missing_handbook|outside_current_equip_pool,gms-server/wz/Character.wz/Hair/00035904.img.xml
Hair,Hair,35905,00035905,,0,0,1,0,False,False,False,True,missing_string_eqp|missing_handbook|outside_current_equip_pool,gms-server/wz/Character.wz/Hair/00035905.img.xml
Hair,Hair,35906,00035906,,0,0,1,0,False,False,False,True,missing_string_eqp|missing_handbook|outside_current_equip_pool,gms-server/wz/Character.wz/Hair/00035906.img.xml
Hair,Hair,35907,00035907,,0,0,1,0,False,False,False,True,missing_string_eqp|missing_handbook|outside_current_equip_pool,gms-server/wz/Character.wz/Hair/00035907.img.xml
Hair,Hair,35910,00035910,,0,0,1,0,False,False,False,True,missing_string_eqp|missing_handbook|outside_current_equip_pool,gms-server/wz/Character.wz/Hair/00035910.img.xml
Hair,Hair,35911,00035911,,0,0,1,0,False,False,False,True,missing_string_eqp|missing_handbook|outside_current_equip_pool,gms-server/wz/Character.wz/Hair/00035911.img.xml
Hair,Hair,35912,00035912,,0,0,1,0,False,False,False,True,missing_string_eqp|missing_handbook|outside_current_equip_pool,gms-server/wz/Character.wz/Hair/00035912.img.xml
Hair,Hair,35913,00035913,,0,0,1,0,False,False,False,True,missing_string_eqp|missing_handbook|outside_current_equip_pool,gms-server/wz/Character.wz/Hair/00035913.img.xml
Hair,Hair,35914,00035914,,0,0,1,0,False,False,False,True,missing_string_eqp|missing_handbook|outside_current_equip_pool,gms-server/wz/Character.wz/Hair/00035914.img.xml
Hair,Hair,35915,00035915,,0,0,1,0,False,False,False,True,missing_string_eqp|missing_handbook|outside_current_equip_pool,gms-server/wz/Character.wz/Hair/00035915.img.xml
Hair,Hair,35916,00035916,,0,0,1,0,False,False,False,True,missing_string_eqp|missing_handbook|outside_current_equip_pool,gms-server/wz/Character.wz/Hair/00035916.img.xml
Hair,Hair,35917,00035917,,0,0,1,0,False,False,False,True,missing_string_eqp|missing_handbook|outside_current_equip_pool,gms-server/wz/Character.wz/Hair/00035917.img.xml
Hair,Hair,35920,00035920,,0,0,1,0,False,False,False,True,missing_string_eqp|missing_handbook|outside_current_equip_pool,gms-server/wz/Character.wz/Hair/00035920.img.xml
Hair,Hair,35921,00035921,,0,0,1,0,False,False,False,True,missing_string_eqp|missing_handbook|outside_current_equip_pool,gms-server/wz/Character.wz/Hair/00035921.img.xml
Hair,Hair,35922,00035922,,0,0,1,0,False,False,False,True,missing_string_eqp|missing_handbook|outside_current_equip_pool,gms-server/wz/Character.wz/Hair/00035922.img.xml
Hair,Hair,35923,00035923,,0,0,1,0,False,False,False,True,missing_string_eqp|missing_handbook|outside_current_equip_pool,gms-server/wz/Character.wz/Hair/00035923.img.xml
Hair,Hair,35924,00035924,,0,0,1,0,False,False,False,True,missing_string_eqp|missing_handbook|outside_current_equip_pool,gms-server/wz/Character.wz/Hair/00035924.img.xml
Hair,Hair,35925,00035925,,0,0,1,0,False,False,False,True,missing_string_eqp|missing_handbook|outside_current_equip_pool,gms-server/wz/Character.wz/Hair/00035925.img.xml
Hair,Hair,35926,00035926,,0,0,1,0,False,False,False,True,missing_string_eqp|missing_handbook|outside_current_equip_pool,gms-server/wz/Character.wz/Hair/00035926.img.xml
Hair,Hair,35927,00035927,,0,0,1,0,False,False,False,True,missing_string_eqp|missing_handbook|outside_current_equip_pool,gms-server/wz/Character.wz/Hair/00035927.img.xml
Hair,Hair,35930,00035930,,0,0,1,0,False,False,False,True,missing_string_eqp|missing_handbook|outside_current_equip_pool,gms-server/wz/Character.wz/Hair/00035930.img.xml
Hair,Hair,35931,00035931,,0,0,1,0,False,False,False,True,missing_string_eqp|missing_handbook|outside_current_equip_pool,gms-server/wz/Character.wz/Hair/00035931.img.xml
Hair,Hair,35932,00035932,,0,0,1,0,False,False,False,True,missing_string_eqp|missing_handbook|outside_current_equip_pool,gms-server/wz/Character.wz/Hair/00035932.img.xml
Hair,Hair,35933,00035933,,0,0,1,0,False,False,False,True,missing_string_eqp|missing_handbook|outside_current_equip_pool,gms-server/wz/Character.wz/Hair/00035933.img.xml
Hair,Hair,35934,00035934,,0,0,1,0,False,False,False,True,missing_string_eqp|missing_handbook|outside_current_equip_pool,gms-server/wz/Character.wz/Hair/00035934.img.xml
Hair,Hair,35935,00035935,,0,0,1,0,False,False,False,True,missing_string_eqp|missing_handbook|outside_current_equip_pool,gms-server/wz/Character.wz/Hair/00035935.img.xml
Hair,Hair,35936,00035936,,0,0,1,0,False,False,False,True,missing_string_eqp|missing_handbook|outside_current_equip_pool,gms-server/wz/Character.wz/Hair/00035936.img.xml
Hair,Hair,35937,00035937,,0,0,1,0,False,False,False,True,missing_string_eqp|missing_handbook|outside_current_equip_pool,gms-server/wz/Character.wz/Hair/00035937.img.xml
Hair,Hair,35940,00035940,,0,0,1,0,False,False,False,True,missing_string_eqp|missing_handbook|outside_current_equip_pool,gms-server/wz/Character.wz/Hair/00035940.img.xml
Hair,Hair,35941,00035941,,0,0,1,0,False,False,False,True,missing_string_eqp|missing_handbook|outside_current_equip_pool,gms-server/wz/Character.wz/Hair/00035941.img.xml
Hair,Hair,35942,00035942,,0,0,1,0,False,False,False,True,missing_string_eqp|missing_handbook|outside_current_equip_pool,gms-server/wz/Character.wz/Hair/00035942.img.xml
Hair,Hair,35943,00035943,,0,0,1,0,False,False,False,True,missing_string_eqp|missing_handbook|outside_current_equip_pool,gms-server/wz/Character.wz/Hair/00035943.img.xml
Hair,Hair,35944,00035944,,0,0,1,0,False,False,False,True,missing_string_eqp|missing_handbook|outside_current_equip_pool,gms-server/wz/Character.wz/Hair/00035944.img.xml
Hair,Hair,35945,00035945,,0,0,1,0,False,False,False,True,missing_string_eqp|missing_handbook|outside_current_equip_pool,gms-server/wz/Character.wz/Hair/00035945.img.xml
Hair,Hair,35946,00035946,,0,0,1,0,False,False,False,True,missing_string_eqp|missing_handbook|outside_current_equip_pool,gms-server/wz/Character.wz/Hair/00035946.img.xml
Hair,Hair,35947,00035947,,0,0,1,0,False,False,False,True,missing_string_eqp|missing_handbook|outside_current_equip_pool,gms-server/wz/Character.wz/Hair/00035947.img.xml
Hair,Hair,36060,00036060,,0,0,1,0,False,False,False,True,missing_string_eqp|missing_handbook|outside_current_equip_pool,gms-server/wz/Character.wz/Hair/00036060.img.xml
Hair,Hair,36061,00036061,,0,0,1,0,False,False,False,True,missing_string_eqp|missing_handbook|outside_current_equip_pool,gms-server/wz/Character.wz/Hair/00036061.img.xml
Hair,Hair,36062,00036062,,0,0,1,0,False,False,False,True,missing_string_eqp|missing_handbook|outside_current_equip_pool,gms-server/wz/Character.wz/Hair/00036062.img.xml
Hair,Hair,36063,00036063,,0,0,1,0,False,False,False,True,missing_string_eqp|missing_handbook|outside_current_equip_pool,gms-server/wz/Character.wz/Hair/00036063.img.xml
Hair,Hair,36064,00036064,,0,0,1,0,False,False,False,True,missing_string_eqp|missing_handbook|outside_current_equip_pool,gms-server/wz/Character.wz/Hair/00036064.img.xml
Hair,Hair,36065,00036065,,0,0,1,0,False,False,False,True,missing_string_eqp|missing_handbook|outside_current_equip_pool,gms-server/wz/Character.wz/Hair/00036065.img.xml
Hair,Hair,36066,00036066,,0,0,1,0,False,False,False,True,missing_string_eqp|missing_handbook|outside_current_equip_pool,gms-server/wz/Character.wz/Hair/00036066.img.xml
Hair,Hair,36067,00036067,,0,0,1,0,False,False,False,True,missing_string_eqp|missing_handbook|outside_current_equip_pool,gms-server/wz/Character.wz/Hair/00036067.img.xml
Hair,Hair,36270,00036270,,0,0,1,0,False,False,False,True,missing_string_eqp|missing_handbook|outside_current_equip_pool,gms-server/wz/Character.wz/Hair/00036270.img.xml
Hair,Hair,36271,00036271,,0,0,1,0,False,False,False,True,missing_string_eqp|missing_handbook|outside_current_equip_pool,gms-server/wz/Character.wz/Hair/00036271.img.xml
Hair,Hair,36272,00036272,,0,0,1,0,False,False,False,True,missing_string_eqp|missing_handbook|outside_current_equip_pool,gms-server/wz/Character.wz/Hair/00036272.img.xml
Hair,Hair,36273,00036273,,0,0,1,0,False,False,False,True,missing_string_eqp|missing_handbook|outside_current_equip_pool,gms-server/wz/Character.wz/Hair/00036273.img.xml
Hair,Hair,36274,00036274,,0,0,1,0,False,False,False,True,missing_string_eqp|missing_handbook|outside_current_equip_pool,gms-server/wz/Character.wz/Hair/00036274.img.xml
Hair,Hair,36275,00036275,,0,0,1,0,False,False,False,True,missing_string_eqp|missing_handbook|outside_current_equip_pool,gms-server/wz/Character.wz/Hair/00036275.img.xml
Hair,Hair,36276,00036276,,0,0,1,0,False,False,False,True,missing_string_eqp|missing_handbook|outside_current_equip_pool,gms-server/wz/Character.wz/Hair/00036276.img.xml
Hair,Hair,36277,00036277,,0,0,1,0,False,False,False,True,missing_string_eqp|missing_handbook|outside_current_equip_pool,gms-server/wz/Character.wz/Hair/00036277.img.xml
Hair,Hair,36320,00036320,,0,0,0,0,False,False,False,True,missing_string_eqp|missing_handbook|outside_current_equip_pool,gms-server/wz/Character.wz/Hair/00036320.img.xml
Hair,Hair,36321,00036321,,0,0,0,0,False,False,False,True,missing_string_eqp|missing_handbook|outside_current_equip_pool,gms-server/wz/Character.wz/Hair/00036321.img.xml
Hair,Hair,36322,00036322,,0,0,1,0,False,False,False,True,missing_string_eqp|missing_handbook|outside_current_equip_pool,gms-server/wz/Character.wz/Hair/00036322.img.xml
Hair,Hair,36323,00036323,,0,0,1,0,False,False,False,True,missing_string_eqp|missing_handbook|outside_current_equip_pool,gms-server/wz/Character.wz/Hair/00036323.img.xml
Hair,Hair,36324,00036324,,0,0,1,0,False,False,False,True,missing_string_eqp|missing_handbook|outside_current_equip_pool,gms-server/wz/Character.wz/Hair/00036324.img.xml
Hair,Hair,36325,00036325,,0,0,1,0,False,False,False,True,missing_string_eqp|missing_handbook|outside_current_equip_pool,gms-server/wz/Character.wz/Hair/00036325.img.xml
Hair,Hair,36326,00036326,,0,0,1,0,False,False,False,True,missing_string_eqp|missing_handbook|outside_current_equip_pool,gms-server/wz/Character.wz/Hair/00036326.img.xml
Hair,Hair,36327,00036327,,0,0,1,0,False,False,False,True,missing_string_eqp|missing_handbook|outside_current_equip_pool,gms-server/wz/Character.wz/Hair/00036327.img.xml
Hair,Hair,36610,00036610,,0,0,1,0,False,False,False,True,missing_string_eqp|missing_handbook|outside_current_equip_pool,gms-server/wz/Character.wz/Hair/00036610.img.xml
Hair,Hair,36611,00036611,,0,0,1,0,False,False,False,True,missing_string_eqp|missing_handbook|outside_current_equip_pool,gms-server/wz/Character.wz/Hair/00036611.img.xml
Hair,Hair,36612,00036612,,0,0,1,0,False,False,False,True,missing_string_eqp|missing_handbook|outside_current_equip_pool,gms-server/wz/Character.wz/Hair/00036612.img.xml
Hair,Hair,36613,00036613,,0,0,1,0,False,False,False,True,missing_string_eqp|missing_handbook|outside_current_equip_pool,gms-server/wz/Character.wz/Hair/00036613.img.xml
Hair,Hair,36614,00036614,,0,0,1,0,False,False,False,True,missing_string_eqp|missing_handbook|outside_current_equip_pool,gms-server/wz/Character.wz/Hair/00036614.img.xml
Hair,Hair,36615,00036615,,0,0,1,0,False,False,False,True,missing_string_eqp|missing_handbook|outside_current_equip_pool,gms-server/wz/Character.wz/Hair/00036615.img.xml
Hair,Hair,36616,00036616,,0,0,1,0,False,False,False,True,missing_string_eqp|missing_handbook|outside_current_equip_pool,gms-server/wz/Character.wz/Hair/00036616.img.xml
Hair,Hair,36617,00036617,,0,0,1,0,False,False,False,True,missing_string_eqp|missing_handbook|outside_current_equip_pool,gms-server/wz/Character.wz/Hair/00036617.img.xml
Hair,Hair,36660,00036660,,0,0,1,0,False,False,False,True,missing_string_eqp|missing_handbook|outside_current_equip_pool,gms-server/wz/Character.wz/Hair/00036660.img.xml
Hair,Hair,36661,00036661,,0,0,1,0,False,False,False,True,missing_string_eqp|missing_handbook|outside_current_equip_pool,gms-server/wz/Character.wz/Hair/00036661.img.xml
Hair,Hair,36662,00036662,,0,0,1,0,False,False,False,True,missing_string_eqp|missing_handbook|outside_current_equip_pool,gms-server/wz/Character.wz/Hair/00036662.img.xml
Hair,Hair,36663,00036663,,0,0,1,0,False,False,False,True,missing_string_eqp|missing_handbook|outside_current_equip_pool,gms-server/wz/Character.wz/Hair/00036663.img.xml
Hair,Hair,36664,00036664,,0,0,1,0,False,False,False,True,missing_string_eqp|missing_handbook|outside_current_equip_pool,gms-server/wz/Character.wz/Hair/00036664.img.xml
Hair,Hair,36665,00036665,,0,0,1,0,False,False,False,True,missing_string_eqp|missing_handbook|outside_current_equip_pool,gms-server/wz/Character.wz/Hair/00036665.img.xml
Hair,Hair,36666,00036666,,0,0,1,0,False,False,False,True,missing_string_eqp|missing_handbook|outside_current_equip_pool,gms-server/wz/Character.wz/Hair/00036666.img.xml
Hair,Hair,36667,00036667,,0,0,1,0,False,False,False,True,missing_string_eqp|missing_handbook|outside_current_equip_pool,gms-server/wz/Character.wz/Hair/00036667.img.xml
Hair,Hair,36960,00036960,,0,0,1,0,False,False,False,True,missing_string_eqp|missing_handbook|outside_current_equip_pool,gms-server/wz/Character.wz/Hair/00036960.img.xml
Hair,Hair,36961,00036961,,0,0,1,0,False,False,False,True,missing_string_eqp|missing_handbook|outside_current_equip_pool,gms-server/wz/Character.wz/Hair/00036961.img.xml
Hair,Hair,36962,00036962,,0,0,1,0,False,False,False,True,missing_string_eqp|missing_handbook|outside_current_equip_pool,gms-server/wz/Character.wz/Hair/00036962.img.xml
Hair,Hair,36963,00036963,,0,0,1,0,False,False,False,True,missing_string_eqp|missing_handbook|outside_current_equip_pool,gms-server/wz/Character.wz/Hair/00036963.img.xml
Hair,Hair,36964,00036964,,0,0,1,0,False,False,False,True,missing_string_eqp|missing_handbook|outside_current_equip_pool,gms-server/wz/Character.wz/Hair/00036964.img.xml
Hair,Hair,36965,00036965,,0,0,1,0,False,False,False,True,missing_string_eqp|missing_handbook|outside_current_equip_pool,gms-server/wz/Character.wz/Hair/00036965.img.xml
Hair,Hair,36966,00036966,,0,0,1,0,False,False,False,True,missing_string_eqp|missing_handbook|outside_current_equip_pool,gms-server/wz/Character.wz/Hair/00036966.img.xml
Hair,Hair,36967,00036967,,0,0,1,0,False,False,False,True,missing_string_eqp|missing_handbook|outside_current_equip_pool,gms-server/wz/Character.wz/Hair/00036967.img.xml
Hair,Hair,36970,00036970,,0,0,1,0,False,False,False,True,missing_string_eqp|missing_handbook|outside_current_equip_pool,gms-server/wz/Character.wz/Hair/00036970.img.xml
Hair,Hair,36971,00036971,,0,0,1,0,False,False,False,True,missing_string_eqp|missing_handbook|outside_current_equip_pool,gms-server/wz/Character.wz/Hair/00036971.img.xml
Hair,Hair,36972,00036972,,0,0,1,0,False,False,False,True,missing_string_eqp|missing_handbook|outside_current_equip_pool,gms-server/wz/Character.wz/Hair/00036972.img.xml
Hair,Hair,36973,00036973,,0,0,1,0,False,False,False,True,missing_string_eqp|missing_handbook|outside_current_equip_pool,gms-server/wz/Character.wz/Hair/00036973.img.xml
Hair,Hair,36974,00036974,,0,0,1,0,False,False,False,True,missing_string_eqp|missing_handbook|outside_current_equip_pool,gms-server/wz/Character.wz/Hair/00036974.img.xml
Hair,Hair,36975,00036975,,0,0,1,0,False,False,False,True,missing_string_eqp|missing_handbook|outside_current_equip_pool,gms-server/wz/Character.wz/Hair/00036975.img.xml
Hair,Hair,36976,00036976,,0,0,1,0,False,False,False,True,missing_string_eqp|missing_handbook|outside_current_equip_pool,gms-server/wz/Character.wz/Hair/00036976.img.xml
Hair,Hair,36977,00036977,,0,0,1,0,False,False,False,True,missing_string_eqp|missing_handbook|outside_current_equip_pool,gms-server/wz/Character.wz/Hair/00036977.img.xml
Hair,Hair,37150,00037150,,0,0,1,0,False,False,False,True,missing_string_eqp|missing_handbook|outside_current_equip_pool,gms-server/wz/Character.wz/Hair/00037150.img.xml
Hair,Hair,37151,00037151,,0,0,1,0,False,False,False,True,missing_string_eqp|missing_handbook|outside_current_equip_pool,gms-server/wz/Character.wz/Hair/00037151.img.xml
Hair,Hair,37152,00037152,,0,0,1,0,False,False,False,True,missing_string_eqp|missing_handbook|outside_current_equip_pool,gms-server/wz/Character.wz/Hair/00037152.img.xml
Hair,Hair,37153,00037153,,0,0,1,0,False,False,False,True,missing_string_eqp|missing_handbook|outside_current_equip_pool,gms-server/wz/Character.wz/Hair/00037153.img.xml
Hair,Hair,37154,00037154,,0,0,1,0,False,False,False,True,missing_string_eqp|missing_handbook|outside_current_equip_pool,gms-server/wz/Character.wz/Hair/00037154.img.xml
Hair,Hair,37155,00037155,,0,0,1,0,False,False,False,True,missing_string_eqp|missing_handbook|outside_current_equip_pool,gms-server/wz/Character.wz/Hair/00037155.img.xml
Hair,Hair,37156,00037156,,0,0,1,0,False,False,False,True,missing_string_eqp|missing_handbook|outside_current_equip_pool,gms-server/wz/Character.wz/Hair/00037156.img.xml
Hair,Hair,37157,00037157,,0,0,1,0,False,False,False,True,missing_string_eqp|missing_handbook|outside_current_equip_pool,gms-server/wz/Character.wz/Hair/00037157.img.xml
Hair,Hair,37160,00037160,,0,0,1,0,False,False,False,True,missing_string_eqp|missing_handbook|outside_current_equip_pool,gms-server/wz/Character.wz/Hair/00037160.img.xml
Hair,Hair,37161,00037161,,0,0,1,0,False,False,False,True,missing_string_eqp|missing_handbook|outside_current_equip_pool,gms-server/wz/Character.wz/Hair/00037161.img.xml
Hair,Hair,37162,00037162,,0,0,1,0,False,False,False,True,missing_string_eqp|missing_handbook|outside_current_equip_pool,gms-server/wz/Character.wz/Hair/00037162.img.xml
Hair,Hair,37163,00037163,,0,0,1,0,False,False,False,True,missing_string_eqp|missing_handbook|outside_current_equip_pool,gms-server/wz/Character.wz/Hair/00037163.img.xml
Hair,Hair,37164,00037164,,0,0,1,0,False,False,False,True,missing_string_eqp|missing_handbook|outside_current_equip_pool,gms-server/wz/Character.wz/Hair/00037164.img.xml
Hair,Hair,37165,00037165,,0,0,1,0,False,False,False,True,missing_string_eqp|missing_handbook|outside_current_equip_pool,gms-server/wz/Character.wz/Hair/00037165.img.xml
Hair,Hair,37166,00037166,,0,0,1,0,False,False,False,True,missing_string_eqp|missing_handbook|outside_current_equip_pool,gms-server/wz/Character.wz/Hair/00037166.img.xml
Hair,Hair,37167,00037167,,0,0,1,0,False,False,False,True,missing_string_eqp|missing_handbook|outside_current_equip_pool,gms-server/wz/Character.wz/Hair/00037167.img.xml
Hair,Hair,37170,00037170,,0,0,1,0,False,False,False,True,missing_string_eqp|missing_handbook|outside_current_equip_pool,gms-server/wz/Character.wz/Hair/00037170.img.xml
Hair,Hair,37171,00037171,,0,0,1,0,False,False,False,True,missing_string_eqp|missing_handbook|outside_current_equip_pool,gms-server/wz/Character.wz/Hair/00037171.img.xml
Hair,Hair,37172,00037172,,0,0,1,0,False,False,False,True,missing_string_eqp|missing_handbook|outside_current_equip_pool,gms-server/wz/Character.wz/Hair/00037172.img.xml
Hair,Hair,37173,00037173,,0,0,1,0,False,False,False,True,missing_string_eqp|missing_handbook|outside_current_equip_pool,gms-server/wz/Character.wz/Hair/00037173.img.xml
Hair,Hair,37174,00037174,,0,0,1,0,False,False,False,True,missing_string_eqp|missing_handbook|outside_current_equip_pool,gms-server/wz/Character.wz/Hair/00037174.img.xml
Hair,Hair,37175,00037175,,0,0,1,0,False,False,False,True,missing_string_eqp|missing_handbook|outside_current_equip_pool,gms-server/wz/Character.wz/Hair/00037175.img.xml
Hair,Hair,37176,00037176,,0,0,1,0,False,False,False,True,missing_string_eqp|missing_handbook|outside_current_equip_pool,gms-server/wz/Character.wz/Hair/00037176.img.xml
Hair,Hair,37177,00037177,,0,0,1,0,False,False,False,True,missing_string_eqp|missing_handbook|outside_current_equip_pool,gms-server/wz/Character.wz/Hair/00037177.img.xml
Hair,Hair,37330,00037330,,0,0,1,0,False,False,False,True,missing_string_eqp|missing_handbook|outside_current_equip_pool,gms-server/wz/Character.wz/Hair/00037330.img.xml
Hair,Hair,37331,00037331,,0,0,1,0,False,False,False,True,missing_string_eqp|missing_handbook|outside_current_equip_pool,gms-server/wz/Character.wz/Hair/00037331.img.xml
Hair,Hair,37332,00037332,,0,0,1,0,False,False,False,True,missing_string_eqp|missing_handbook|outside_current_equip_pool,gms-server/wz/Character.wz/Hair/00037332.img.xml
Hair,Hair,37333,00037333,,0,0,1,0,False,False,False,True,missing_string_eqp|missing_handbook|outside_current_equip_pool,gms-server/wz/Character.wz/Hair/00037333.img.xml
Hair,Hair,37334,00037334,,0,0,1,0,False,False,False,True,missing_string_eqp|missing_handbook|outside_current_equip_pool,gms-server/wz/Character.wz/Hair/00037334.img.xml
Hair,Hair,37335,00037335,,0,0,1,0,False,False,False,True,missing_string_eqp|missing_handbook|outside_current_equip_pool,gms-server/wz/Character.wz/Hair/00037335.img.xml
Hair,Hair,37336,00037336,,0,0,1,0,False,False,False,True,missing_string_eqp|missing_handbook|outside_current_equip_pool,gms-server/wz/Character.wz/Hair/00037336.img.xml
Hair,Hair,37337,00037337,,0,0,1,0,False,False,False,True,missing_string_eqp|missing_handbook|outside_current_equip_pool,gms-server/wz/Character.wz/Hair/00037337.img.xml
Hair,Hair,37360,00037360,,0,0,1,0,False,False,False,True,missing_string_eqp|missing_handbook|outside_current_equip_pool,gms-server/wz/Character.wz/Hair/00037360.img.xml
Hair,Hair,37361,00037361,,0,0,1,0,False,False,False,True,missing_string_eqp|missing_handbook|outside_current_equip_pool,gms-server/wz/Character.wz/Hair/00037361.img.xml
Hair,Hair,37362,00037362,,0,0,1,0,False,False,False,True,missing_string_eqp|missing_handbook|outside_current_equip_pool,gms-server/wz/Character.wz/Hair/00037362.img.xml
Hair,Hair,37363,00037363,,0,0,1,0,False,False,False,True,missing_string_eqp|missing_handbook|outside_current_equip_pool,gms-server/wz/Character.wz/Hair/00037363.img.xml
Hair,Hair,37364,00037364,,0,0,1,0,False,False,False,True,missing_string_eqp|missing_handbook|outside_current_equip_pool,gms-server/wz/Character.wz/Hair/00037364.img.xml
Hair,Hair,37365,00037365,,0,0,1,0,False,False,False,True,missing_string_eqp|missing_handbook|outside_current_equip_pool,gms-server/wz/Character.wz/Hair/00037365.img.xml
Hair,Hair,37366,00037366,,0,0,1,0,False,False,False,True,missing_string_eqp|missing_handbook|outside_current_equip_pool,gms-server/wz/Character.wz/Hair/00037366.img.xml
Hair,Hair,37367,00037367,,0,0,1,0,False,False,False,True,missing_string_eqp|missing_handbook|outside_current_equip_pool,gms-server/wz/Character.wz/Hair/00037367.img.xml
Hair,Hair,37390,00037390,,0,0,1,0,False,False,False,True,missing_string_eqp|missing_handbook|outside_current_equip_pool,gms-server/wz/Character.wz/Hair/00037390.img.xml
Hair,Hair,37391,00037391,,0,0,1,0,False,False,False,True,missing_string_eqp|missing_handbook|outside_current_equip_pool,gms-server/wz/Character.wz/Hair/00037391.img.xml
Hair,Hair,37392,00037392,,0,0,1,0,False,False,False,True,missing_string_eqp|missing_handbook|outside_current_equip_pool,gms-server/wz/Character.wz/Hair/00037392.img.xml
Hair,Hair,37393,00037393,,0,0,1,0,False,False,False,True,missing_string_eqp|missing_handbook|outside_current_equip_pool,gms-server/wz/Character.wz/Hair/00037393.img.xml
Hair,Hair,37394,00037394,,0,0,1,0,False,False,False,True,missing_string_eqp|missing_handbook|outside_current_equip_pool,gms-server/wz/Character.wz/Hair/00037394.img.xml
Hair,Hair,37395,00037395,,0,0,1,0,False,False,False,True,missing_string_eqp|missing_handbook|outside_current_equip_pool,gms-server/wz/Character.wz/Hair/00037395.img.xml
Hair,Hair,37396,00037396,,0,0,1,0,False,False,False,True,missing_string_eqp|missing_handbook|outside_current_equip_pool,gms-server/wz/Character.wz/Hair/00037396.img.xml
Hair,Hair,37397,00037397,,0,0,1,0,False,False,False,True,missing_string_eqp|missing_handbook|outside_current_equip_pool,gms-server/wz/Character.wz/Hair/00037397.img.xml
Hair,Hair,38148,00038148,,0,0,0,0,False,False,False,True,missing_string_eqp|missing_handbook|outside_current_equip_pool,gms-server/wz/Character.wz/Hair/00038148.img.xml
Hair,Hair,38510,00038510,,0,0,1,0,False,False,False,True,missing_string_eqp|missing_handbook|outside_current_equip_pool,gms-server/wz/Character.wz/Hair/00038510.img.xml
Hair,Hair,38511,00038511,,0,0,1,0,False,False,False,True,missing_string_eqp|missing_handbook|outside_current_equip_pool,gms-server/wz/Character.wz/Hair/00038511.img.xml
Hair,Hair,38512,00038512,,0,0,1,0,False,False,False,True,missing_string_eqp|missing_handbook|outside_current_equip_pool,gms-server/wz/Character.wz/Hair/00038512.img.xml
Hair,Hair,38513,00038513,,0,0,1,0,False,False,False,True,missing_string_eqp|missing_handbook|outside_current_equip_pool,gms-server/wz/Character.wz/Hair/00038513.img.xml
Hair,Hair,38514,00038514,,0,0,1,0,False,False,False,True,missing_string_eqp|missing_handbook|outside_current_equip_pool,gms-server/wz/Character.wz/Hair/00038514.img.xml
Hair,Hair,38515,00038515,,0,0,1,0,False,False,False,True,missing_string_eqp|missing_handbook|outside_current_equip_pool,gms-server/wz/Character.wz/Hair/00038515.img.xml
Hair,Hair,38516,00038516,,0,0,1,0,False,False,False,True,missing_string_eqp|missing_handbook|outside_current_equip_pool,gms-server/wz/Character.wz/Hair/00038516.img.xml
Hair,Hair,38517,00038517,,0,0,1,0,False,False,False,True,missing_string_eqp|missing_handbook|outside_current_equip_pool,gms-server/wz/Character.wz/Hair/00038517.img.xml
Hair,Hair,38720,00038720,,0,0,1,0,False,False,False,True,missing_string_eqp|missing_handbook|outside_current_equip_pool,gms-server/wz/Character.wz/Hair/00038720.img.xml
Hair,Hair,38721,00038721,,0,0,1,0,False,False,False,True,missing_string_eqp|missing_handbook|outside_current_equip_pool,gms-server/wz/Character.wz/Hair/00038721.img.xml
Hair,Hair,38722,00038722,,0,0,1,0,False,False,False,True,missing_string_eqp|missing_handbook|outside_current_equip_pool,gms-server/wz/Character.wz/Hair/00038722.img.xml
Hair,Hair,38723,00038723,,0,0,1,0,False,False,False,True,missing_string_eqp|missing_handbook|outside_current_equip_pool,gms-server/wz/Character.wz/Hair/00038723.img.xml
Hair,Hair,38724,00038724,,0,0,1,0,False,False,False,True,missing_string_eqp|missing_handbook|outside_current_equip_pool,gms-server/wz/Character.wz/Hair/00038724.img.xml
Hair,Hair,38725,00038725,,0,0,1,0,False,False,False,True,missing_string_eqp|missing_handbook|outside_current_equip_pool,gms-server/wz/Character.wz/Hair/00038725.img.xml
Hair,Hair,38726,00038726,,0,0,1,0,False,False,False,True,missing_string_eqp|missing_handbook|outside_current_equip_pool,gms-server/wz/Character.wz/Hair/00038726.img.xml
Hair,Hair,38727,00038727,,0,0,1,0,False,False,False,True,missing_string_eqp|missing_handbook|outside_current_equip_pool,gms-server/wz/Character.wz/Hair/00038727.img.xml
Hair,Hair,38870,00038870,,0,0,1,0,False,False,False,True,missing_string_eqp|missing_handbook|outside_current_equip_pool,gms-server/wz/Character.wz/Hair/00038870.img.xml
Hair,Hair,38871,00038871,,0,0,1,0,False,False,False,True,missing_string_eqp|missing_handbook|outside_current_equip_pool,gms-server/wz/Character.wz/Hair/00038871.img.xml
Hair,Hair,38872,00038872,,0,0,1,0,False,False,False,True,missing_string_eqp|missing_handbook|outside_current_equip_pool,gms-server/wz/Character.wz/Hair/00038872.img.xml
Hair,Hair,38873,00038873,,0,0,1,0,False,False,False,True,missing_string_eqp|missing_handbook|outside_current_equip_pool,gms-server/wz/Character.wz/Hair/00038873.img.xml
Hair,Hair,38874,00038874,,0,0,1,0,False,False,False,True,missing_string_eqp|missing_handbook|outside_current_equip_pool,gms-server/wz/Character.wz/Hair/00038874.img.xml
Hair,Hair,38875,00038875,,0,0,1,0,False,False,False,True,missing_string_eqp|missing_handbook|outside_current_equip_pool,gms-server/wz/Character.wz/Hair/00038875.img.xml
Hair,Hair,38876,00038876,,0,0,1,0,False,False,False,True,missing_string_eqp|missing_handbook|outside_current_equip_pool,gms-server/wz/Character.wz/Hair/00038876.img.xml
Hair,Hair,38877,00038877,,0,0,1,0,False,False,False,True,missing_string_eqp|missing_handbook|outside_current_equip_pool,gms-server/wz/Character.wz/Hair/00038877.img.xml
Hair,Hair,38920,00038920,,0,0,1,0,False,False,False,True,missing_string_eqp|missing_handbook|outside_current_equip_pool,gms-server/wz/Character.wz/Hair/00038920.img.xml
Hair,Hair,38921,00038921,,0,0,1,0,False,False,False,True,missing_string_eqp|missing_handbook|outside_current_equip_pool,gms-server/wz/Character.wz/Hair/00038921.img.xml
Hair,Hair,38922,00038922,,0,0,1,0,False,False,False,True,missing_string_eqp|missing_handbook|outside_current_equip_pool,gms-server/wz/Character.wz/Hair/00038922.img.xml
Hair,Hair,38923,00038923,,0,0,1,0,False,False,False,True,missing_string_eqp|missing_handbook|outside_current_equip_pool,gms-server/wz/Character.wz/Hair/00038923.img.xml
Hair,Hair,38924,00038924,,0,0,1,0,False,False,False,True,missing_string_eqp|missing_handbook|outside_current_equip_pool,gms-server/wz/Character.wz/Hair/00038924.img.xml
Hair,Hair,38925,00038925,,0,0,1,0,False,False,False,True,missing_string_eqp|missing_handbook|outside_current_equip_pool,gms-server/wz/Character.wz/Hair/00038925.img.xml
Hair,Hair,38926,00038926,,0,0,1,0,False,False,False,True,missing_string_eqp|missing_handbook|outside_current_equip_pool,gms-server/wz/Character.wz/Hair/00038926.img.xml
Hair,Hair,38927,00038927,,0,0,1,0,False,False,False,True,missing_string_eqp|missing_handbook|outside_current_equip_pool,gms-server/wz/Character.wz/Hair/00038927.img.xml
Hair,Hair,38950,00038950,,0,0,1,0,False,False,False,True,missing_string_eqp|missing_handbook|outside_current_equip_pool,gms-server/wz/Character.wz/Hair/00038950.img.xml
Hair,Hair,38951,00038951,,0,0,1,0,False,False,False,True,missing_string_eqp|missing_handbook|outside_current_equip_pool,gms-server/wz/Character.wz/Hair/00038951.img.xml
Hair,Hair,38952,00038952,,0,0,1,0,False,False,False,True,missing_string_eqp|missing_handbook|outside_current_equip_pool,gms-server/wz/Character.wz/Hair/00038952.img.xml
Hair,Hair,38953,00038953,,0,0,1,0,False,False,False,True,missing_string_eqp|missing_handbook|outside_current_equip_pool,gms-server/wz/Character.wz/Hair/00038953.img.xml
Hair,Hair,38954,00038954,,0,0,1,0,False,False,False,True,missing_string_eqp|missing_handbook|outside_current_equip_pool,gms-server/wz/Character.wz/Hair/00038954.img.xml
Hair,Hair,38955,00038955,,0,0,1,0,False,False,False,True,missing_string_eqp|missing_handbook|outside_current_equip_pool,gms-server/wz/Character.wz/Hair/00038955.img.xml
Hair,Hair,38956,00038956,,0,0,1,0,False,False,False,True,missing_string_eqp|missing_handbook|outside_current_equip_pool,gms-server/wz/Character.wz/Hair/00038956.img.xml
Hair,Hair,38957,00038957,,0,0,1,0,False,False,False,True,missing_string_eqp|missing_handbook|outside_current_equip_pool,gms-server/wz/Character.wz/Hair/00038957.img.xml
Hair,Hair,38970,00038970,,0,0,1,0,False,False,False,True,missing_string_eqp|missing_handbook|outside_current_equip_pool,gms-server/wz/Character.wz/Hair/00038970.img.xml
Hair,Hair,38971,00038971,,0,0,1,0,False,False,False,True,missing_string_eqp|missing_handbook|outside_current_equip_pool,gms-server/wz/Character.wz/Hair/00038971.img.xml
Hair,Hair,38972,00038972,,0,0,1,0,False,False,False,True,missing_string_eqp|missing_handbook|outside_current_equip_pool,gms-server/wz/Character.wz/Hair/00038972.img.xml
Hair,Hair,38973,00038973,,0,0,1,0,False,False,False,True,missing_string_eqp|missing_handbook|outside_current_equip_pool,gms-server/wz/Character.wz/Hair/00038973.img.xml
Hair,Hair,38974,00038974,,0,0,1,0,False,False,False,True,missing_string_eqp|missing_handbook|outside_current_equip_pool,gms-server/wz/Character.wz/Hair/00038974.img.xml
Hair,Hair,38975,00038975,,0,0,1,0,False,False,False,True,missing_string_eqp|missing_handbook|outside_current_equip_pool,gms-server/wz/Character.wz/Hair/00038975.img.xml
Hair,Hair,38976,00038976,,0,0,1,0,False,False,False,True,missing_string_eqp|missing_handbook|outside_current_equip_pool,gms-server/wz/Character.wz/Hair/00038976.img.xml
Hair,Hair,38977,00038977,,0,0,1,0,False,False,False,True,missing_string_eqp|missing_handbook|outside_current_equip_pool,gms-server/wz/Character.wz/Hair/00038977.img.xml
Hair,Hair,38980,00038980,,0,0,1,0,False,False,False,True,missing_string_eqp|missing_handbook|outside_current_equip_pool,gms-server/wz/Character.wz/Hair/00038980.img.xml
Hair,Hair,38981,00038981,,0,0,1,0,False,False,False,True,missing_string_eqp|missing_handbook|outside_current_equip_pool,gms-server/wz/Character.wz/Hair/00038981.img.xml
Hair,Hair,38982,00038982,,0,0,1,0,False,False,False,True,missing_string_eqp|missing_handbook|outside_current_equip_pool,gms-server/wz/Character.wz/Hair/00038982.img.xml
Hair,Hair,38983,00038983,,0,0,1,0,False,False,False,True,missing_string_eqp|missing_handbook|outside_current_equip_pool,gms-server/wz/Character.wz/Hair/00038983.img.xml
Hair,Hair,38984,00038984,,0,0,1,0,False,False,False,True,missing_string_eqp|missing_handbook|outside_current_equip_pool,gms-server/wz/Character.wz/Hair/00038984.img.xml
Hair,Hair,38985,00038985,,0,0,1,0,False,False,False,True,missing_string_eqp|missing_handbook|outside_current_equip_pool,gms-server/wz/Character.wz/Hair/00038985.img.xml
Hair,Hair,38986,00038986,,0,0,1,0,False,False,False,True,missing_string_eqp|missing_handbook|outside_current_equip_pool,gms-server/wz/Character.wz/Hair/00038986.img.xml
Hair,Hair,38987,00038987,,0,0,1,0,False,False,False,True,missing_string_eqp|missing_handbook|outside_current_equip_pool,gms-server/wz/Character.wz/Hair/00038987.img.xml
Hair,Hair,38990,00038990,,0,0,1,0,False,False,False,True,missing_string_eqp|missing_handbook|outside_current_equip_pool,gms-server/wz/Character.wz/Hair/00038990.img.xml
Hair,Hair,38991,00038991,,0,0,1,0,False,False,False,True,missing_string_eqp|missing_handbook|outside_current_equip_pool,gms-server/wz/Character.wz/Hair/00038991.img.xml
Hair,Hair,38992,00038992,,0,0,1,0,False,False,False,True,missing_string_eqp|missing_handbook|outside_current_equip_pool,gms-server/wz/Character.wz/Hair/00038992.img.xml
Hair,Hair,38993,00038993,,0,0,1,0,False,False,False,True,missing_string_eqp|missing_handbook|outside_current_equip_pool,gms-server/wz/Character.wz/Hair/00038993.img.xml
Hair,Hair,38994,00038994,,0,0,1,0,False,False,False,True,missing_string_eqp|missing_handbook|outside_current_equip_pool,gms-server/wz/Character.wz/Hair/00038994.img.xml
Hair,Hair,38995,00038995,,0,0,1,0,False,False,False,True,missing_string_eqp|missing_handbook|outside_current_equip_pool,gms-server/wz/Character.wz/Hair/00038995.img.xml
Hair,Hair,38996,00038996,,0,0,1,0,False,False,False,True,missing_string_eqp|missing_handbook|outside_current_equip_pool,gms-server/wz/Character.wz/Hair/00038996.img.xml
Hair,Hair,38997,00038997,,0,0,1,0,False,False,False,True,missing_string_eqp|missing_handbook|outside_current_equip_pool,gms-server/wz/Character.wz/Hair/00038997.img.xml
Hair,Hair,39000,00039000,,0,0,1,0,False,False,False,True,missing_string_eqp|missing_handbook|outside_current_equip_pool,gms-server/wz/Character.wz/Hair/00039000.img.xml
Hair,Hair,39001,00039001,,0,0,1,0,False,False,False,True,missing_string_eqp|missing_handbook|outside_current_equip_pool,gms-server/wz/Character.wz/Hair/00039001.img.xml
Hair,Hair,39002,00039002,,0,0,1,0,False,False,False,True,missing_string_eqp|missing_handbook|outside_current_equip_pool,gms-server/wz/Character.wz/Hair/00039002.img.xml
Hair,Hair,39003,00039003,,0,0,1,0,False,False,False,True,missing_string_eqp|missing_handbook|outside_current_equip_pool,gms-server/wz/Character.wz/Hair/00039003.img.xml
Hair,Hair,39004,00039004,,0,0,1,0,False,False,False,True,missing_string_eqp|missing_handbook|outside_current_equip_pool,gms-server/wz/Character.wz/Hair/00039004.img.xml
Hair,Hair,39005,00039005,,0,0,1,0,False,False,False,True,missing_string_eqp|missing_handbook|outside_current_equip_pool,gms-server/wz/Character.wz/Hair/00039005.img.xml
Hair,Hair,39006,00039006,,0,0,1,0,False,False,False,True,missing_string_eqp|missing_handbook|outside_current_equip_pool,gms-server/wz/Character.wz/Hair/00039006.img.xml
Hair,Hair,39007,00039007,,0,0,1,0,False,False,False,True,missing_string_eqp|missing_handbook|outside_current_equip_pool,gms-server/wz/Character.wz/Hair/00039007.img.xml
Hair,Hair,39010,00039010,,0,0,1,0,False,False,False,True,missing_string_eqp|missing_handbook|outside_current_equip_pool,gms-server/wz/Character.wz/Hair/00039010.img.xml
Hair,Hair,39011,00039011,,0,0,1,0,False,False,False,True,missing_string_eqp|missing_handbook|outside_current_equip_pool,gms-server/wz/Character.wz/Hair/00039011.img.xml
Hair,Hair,39012,00039012,,0,0,1,0,False,False,False,True,missing_string_eqp|missing_handbook|outside_current_equip_pool,gms-server/wz/Character.wz/Hair/00039012.img.xml
Hair,Hair,39013,00039013,,0,0,1,0,False,False,False,True,missing_string_eqp|missing_handbook|outside_current_equip_pool,gms-server/wz/Character.wz/Hair/00039013.img.xml
Hair,Hair,39014,00039014,,0,0,1,0,False,False,False,True,missing_string_eqp|missing_handbook|outside_current_equip_pool,gms-server/wz/Character.wz/Hair/00039014.img.xml
Hair,Hair,39015,00039015,,0,0,1,0,False,False,False,True,missing_string_eqp|missing_handbook|outside_current_equip_pool,gms-server/wz/Character.wz/Hair/00039015.img.xml
Hair,Hair,39016,00039016,,0,0,1,0,False,False,False,True,missing_string_eqp|missing_handbook|outside_current_equip_pool,gms-server/wz/Character.wz/Hair/00039016.img.xml
Hair,Hair,39017,00039017,,0,0,1,0,False,False,False,True,missing_string_eqp|missing_handbook|outside_current_equip_pool,gms-server/wz/Character.wz/Hair/00039017.img.xml
Hair,Hair,39020,00039020,,0,0,1,0,False,False,False,True,missing_string_eqp|missing_handbook|outside_current_equip_pool,gms-server/wz/Character.wz/Hair/00039020.img.xml
Hair,Hair,39021,00039021,,0,0,1,0,False,False,False,True,missing_string_eqp|missing_handbook|outside_current_equip_pool,gms-server/wz/Character.wz/Hair/00039021.img.xml
Hair,Hair,39022,00039022,,0,0,1,0,False,False,False,True,missing_string_eqp|missing_handbook|outside_current_equip_pool,gms-server/wz/Character.wz/Hair/00039022.img.xml
Hair,Hair,39023,00039023,,0,0,1,0,False,False,False,True,missing_string_eqp|missing_handbook|outside_current_equip_pool,gms-server/wz/Character.wz/Hair/00039023.img.xml
Hair,Hair,39024,00039024,,0,0,1,0,False,False,False,True,missing_string_eqp|missing_handbook|outside_current_equip_pool,gms-server/wz/Character.wz/Hair/00039024.img.xml
Hair,Hair,39025,00039025,,0,0,1,0,False,False,False,True,missing_string_eqp|missing_handbook|outside_current_equip_pool,gms-server/wz/Character.wz/Hair/00039025.img.xml
Hair,Hair,39026,00039026,,0,0,1,0,False,False,False,True,missing_string_eqp|missing_handbook|outside_current_equip_pool,gms-server/wz/Character.wz/Hair/00039026.img.xml
Hair,Hair,39027,00039027,,0,0,1,0,False,False,False,True,missing_string_eqp|missing_handbook|outside_current_equip_pool,gms-server/wz/Character.wz/Hair/00039027.img.xml
Hair,Hair,39030,00039030,,0,0,1,0,False,False,False,True,missing_string_eqp|missing_handbook|outside_current_equip_pool,gms-server/wz/Character.wz/Hair/00039030.img.xml
Hair,Hair,39031,00039031,,0,0,1,0,False,False,False,True,missing_string_eqp|missing_handbook|outside_current_equip_pool,gms-server/wz/Character.wz/Hair/00039031.img.xml
Hair,Hair,39032,00039032,,0,0,1,0,False,False,False,True,missing_string_eqp|missing_handbook|outside_current_equip_pool,gms-server/wz/Character.wz/Hair/00039032.img.xml
Hair,Hair,39033,00039033,,0,0,1,0,False,False,False,True,missing_string_eqp|missing_handbook|outside_current_equip_pool,gms-server/wz/Character.wz/Hair/00039033.img.xml
Hair,Hair,39034,00039034,,0,0,1,0,False,False,False,True,missing_string_eqp|missing_handbook|outside_current_equip_pool,gms-server/wz/Character.wz/Hair/00039034.img.xml
Hair,Hair,39035,00039035,,0,0,1,0,False,False,False,True,missing_string_eqp|missing_handbook|outside_current_equip_pool,gms-server/wz/Character.wz/Hair/00039035.img.xml
Hair,Hair,39036,00039036,,0,0,1,0,False,False,False,True,missing_string_eqp|missing_handbook|outside_current_equip_pool,gms-server/wz/Character.wz/Hair/00039036.img.xml
Hair,Hair,39037,00039037,,0,0,1,0,False,False,False,True,missing_string_eqp|missing_handbook|outside_current_equip_pool,gms-server/wz/Character.wz/Hair/00039037.img.xml
Hair,Hair,39040,00039040,,0,0,1,0,False,False,False,True,missing_string_eqp|missing_handbook|outside_current_equip_pool,gms-server/wz/Character.wz/Hair/00039040.img.xml
Hair,Hair,39041,00039041,,0,0,1,0,False,False,False,True,missing_string_eqp|missing_handbook|outside_current_equip_pool,gms-server/wz/Character.wz/Hair/00039041.img.xml
Hair,Hair,39042,00039042,,0,0,1,0,False,False,False,True,missing_string_eqp|missing_handbook|outside_current_equip_pool,gms-server/wz/Character.wz/Hair/00039042.img.xml
Hair,Hair,39043,00039043,,0,0,1,0,False,False,False,True,missing_string_eqp|missing_handbook|outside_current_equip_pool,gms-server/wz/Character.wz/Hair/00039043.img.xml
Hair,Hair,39044,00039044,,0,0,1,0,False,False,False,True,missing_string_eqp|missing_handbook|outside_current_equip_pool,gms-server/wz/Character.wz/Hair/00039044.img.xml
Hair,Hair,39045,00039045,,0,0,1,0,False,False,False,True,missing_string_eqp|missing_handbook|outside_current_equip_pool,gms-server/wz/Character.wz/Hair/00039045.img.xml
Hair,Hair,39046,00039046,,0,0,1,0,False,False,False,True,missing_string_eqp|missing_handbook|outside_current_equip_pool,gms-server/wz/Character.wz/Hair/00039046.img.xml
Hair,Hair,39047,00039047,,0,0,1,0,False,False,False,True,missing_string_eqp|missing_handbook|outside_current_equip_pool,gms-server/wz/Character.wz/Hair/00039047.img.xml
Hair,Hair,39050,00039050,,0,0,1,0,False,False,False,True,missing_string_eqp|missing_handbook|outside_current_equip_pool,gms-server/wz/Character.wz/Hair/00039050.img.xml
Hair,Hair,39051,00039051,,0,0,1,0,False,False,False,True,missing_string_eqp|missing_handbook|outside_current_equip_pool,gms-server/wz/Character.wz/Hair/00039051.img.xml
Hair,Hair,39052,00039052,,0,0,1,0,False,False,False,True,missing_string_eqp|missing_handbook|outside_current_equip_pool,gms-server/wz/Character.wz/Hair/00039052.img.xml
Hair,Hair,39053,00039053,,0,0,1,0,False,False,False,True,missing_string_eqp|missing_handbook|outside_current_equip_pool,gms-server/wz/Character.wz/Hair/00039053.img.xml
Hair,Hair,39054,00039054,,0,0,1,0,False,False,False,True,missing_string_eqp|missing_handbook|outside_current_equip_pool,gms-server/wz/Character.wz/Hair/00039054.img.xml
Hair,Hair,39055,00039055,,0,0,1,0,False,False,False,True,missing_string_eqp|missing_handbook|outside_current_equip_pool,gms-server/wz/Character.wz/Hair/00039055.img.xml
Hair,Hair,39056,00039056,,0,0,1,0,False,False,False,True,missing_string_eqp|missing_handbook|outside_current_equip_pool,gms-server/wz/Character.wz/Hair/00039056.img.xml
Hair,Hair,39057,00039057,,0,0,1,0,False,False,False,True,missing_string_eqp|missing_handbook|outside_current_equip_pool,gms-server/wz/Character.wz/Hair/00039057.img.xml
Hair,Hair,39060,00039060,,0,0,1,0,False,False,False,True,missing_string_eqp|missing_handbook|outside_current_equip_pool,gms-server/wz/Character.wz/Hair/00039060.img.xml
Hair,Hair,39061,00039061,,0,0,1,0,False,False,False,True,missing_string_eqp|missing_handbook|outside_current_equip_pool,gms-server/wz/Character.wz/Hair/00039061.img.xml
Hair,Hair,39062,00039062,,0,0,1,0,False,False,False,True,missing_string_eqp|missing_handbook|outside_current_equip_pool,gms-server/wz/Character.wz/Hair/00039062.img.xml
Hair,Hair,39063,00039063,,0,0,1,0,False,False,False,True,missing_string_eqp|missing_handbook|outside_current_equip_pool,gms-server/wz/Character.wz/Hair/00039063.img.xml
Hair,Hair,39064,00039064,,0,0,1,0,False,False,False,True,missing_string_eqp|missing_handbook|outside_current_equip_pool,gms-server/wz/Character.wz/Hair/00039064.img.xml
Hair,Hair,39065,00039065,,0,0,1,0,False,False,False,True,missing_string_eqp|missing_handbook|outside_current_equip_pool,gms-server/wz/Character.wz/Hair/00039065.img.xml
Hair,Hair,39066,00039066,,0,0,1,0,False,False,False,True,missing_string_eqp|missing_handbook|outside_current_equip_pool,gms-server/wz/Character.wz/Hair/00039066.img.xml
Hair,Hair,39067,00039067,,0,0,1,0,False,False,False,True,missing_string_eqp|missing_handbook|outside_current_equip_pool,gms-server/wz/Character.wz/Hair/00039067.img.xml
Hair,Hair,39070,00039070,,0,0,1,0,False,False,False,True,missing_string_eqp|missing_handbook|outside_current_equip_pool,gms-server/wz/Character.wz/Hair/00039070.img.xml
Hair,Hair,39071,00039071,,0,0,1,0,False,False,False,True,missing_string_eqp|missing_handbook|outside_current_equip_pool,gms-server/wz/Character.wz/Hair/00039071.img.xml
Hair,Hair,39072,00039072,,0,0,1,0,False,False,False,True,missing_string_eqp|missing_handbook|outside_current_equip_pool,gms-server/wz/Character.wz/Hair/00039072.img.xml
Hair,Hair,39073,00039073,,0,0,1,0,False,False,False,True,missing_string_eqp|missing_handbook|outside_current_equip_pool,gms-server/wz/Character.wz/Hair/00039073.img.xml
Hair,Hair,39074,00039074,,0,0,1,0,False,False,False,True,missing_string_eqp|missing_handbook|outside_current_equip_pool,gms-server/wz/Character.wz/Hair/00039074.img.xml
Hair,Hair,39075,00039075,,0,0,1,0,False,False,False,True,missing_string_eqp|missing_handbook|outside_current_equip_pool,gms-server/wz/Character.wz/Hair/00039075.img.xml
Hair,Hair,39076,00039076,,0,0,1,0,False,False,False,True,missing_string_eqp|missing_handbook|outside_current_equip_pool,gms-server/wz/Character.wz/Hair/00039076.img.xml
Hair,Hair,39077,00039077,,0,0,1,0,False,False,False,True,missing_string_eqp|missing_handbook|outside_current_equip_pool,gms-server/wz/Character.wz/Hair/00039077.img.xml
Hair,Hair,39080,00039080,,0,0,1,0,False,False,False,True,missing_string_eqp|missing_handbook|outside_current_equip_pool,gms-server/wz/Character.wz/Hair/00039080.img.xml
Hair,Hair,39081,00039081,,0,0,1,0,False,False,False,True,missing_string_eqp|missing_handbook|outside_current_equip_pool,gms-server/wz/Character.wz/Hair/00039081.img.xml
Hair,Hair,39082,00039082,,0,0,1,0,False,False,False,True,missing_string_eqp|missing_handbook|outside_current_equip_pool,gms-server/wz/Character.wz/Hair/00039082.img.xml
Hair,Hair,39083,00039083,,0,0,1,0,False,False,False,True,missing_string_eqp|missing_handbook|outside_current_equip_pool,gms-server/wz/Character.wz/Hair/00039083.img.xml
Hair,Hair,39084,00039084,,0,0,1,0,False,False,False,True,missing_string_eqp|missing_handbook|outside_current_equip_pool,gms-server/wz/Character.wz/Hair/00039084.img.xml
Hair,Hair,39085,00039085,,0,0,1,0,False,False,False,True,missing_string_eqp|missing_handbook|outside_current_equip_pool,gms-server/wz/Character.wz/Hair/00039085.img.xml
Hair,Hair,39086,00039086,,0,0,1,0,False,False,False,True,missing_string_eqp|missing_handbook|outside_current_equip_pool,gms-server/wz/Character.wz/Hair/00039086.img.xml
Hair,Hair,39087,00039087,,0,0,1,0,False,False,False,True,missing_string_eqp|missing_handbook|outside_current_equip_pool,gms-server/wz/Character.wz/Hair/00039087.img.xml
Hair,Hair,39100,00039100,,0,0,1,0,False,False,False,True,missing_string_eqp|missing_handbook|outside_current_equip_pool,gms-server/wz/Character.wz/Hair/00039100.img.xml
Hair,Hair,39101,00039101,,0,0,1,0,False,False,False,True,missing_string_eqp|missing_handbook|outside_current_equip_pool,gms-server/wz/Character.wz/Hair/00039101.img.xml
Hair,Hair,39102,00039102,,0,0,1,0,False,False,False,True,missing_string_eqp|missing_handbook|outside_current_equip_pool,gms-server/wz/Character.wz/Hair/00039102.img.xml
Hair,Hair,39103,00039103,,0,0,1,0,False,False,False,True,missing_string_eqp|missing_handbook|outside_current_equip_pool,gms-server/wz/Character.wz/Hair/00039103.img.xml
Hair,Hair,39104,00039104,,0,0,1,0,False,False,False,True,missing_string_eqp|missing_handbook|outside_current_equip_pool,gms-server/wz/Character.wz/Hair/00039104.img.xml
Hair,Hair,39105,00039105,,0,0,1,0,False,False,False,True,missing_string_eqp|missing_handbook|outside_current_equip_pool,gms-server/wz/Character.wz/Hair/00039105.img.xml
Hair,Hair,39106,00039106,,0,0,1,0,False,False,False,True,missing_string_eqp|missing_handbook|outside_current_equip_pool,gms-server/wz/Character.wz/Hair/00039106.img.xml
Hair,Hair,39107,00039107,,0,0,1,0,False,False,False,True,missing_string_eqp|missing_handbook|outside_current_equip_pool,gms-server/wz/Character.wz/Hair/00039107.img.xml
Hair,Hair,39110,00039110,,0,0,1,0,False,False,False,True,missing_string_eqp|missing_handbook|outside_current_equip_pool,gms-server/wz/Character.wz/Hair/00039110.img.xml
Hair,Hair,39111,00039111,,0,0,1,0,False,False,False,True,missing_string_eqp|missing_handbook|outside_current_equip_pool,gms-server/wz/Character.wz/Hair/00039111.img.xml
Hair,Hair,39112,00039112,,0,0,1,0,False,False,False,True,missing_string_eqp|missing_handbook|outside_current_equip_pool,gms-server/wz/Character.wz/Hair/00039112.img.xml
Hair,Hair,39113,00039113,,0,0,1,0,False,False,False,True,missing_string_eqp|missing_handbook|outside_current_equip_pool,gms-server/wz/Character.wz/Hair/00039113.img.xml
Hair,Hair,39114,00039114,,0,0,1,0,False,False,False,True,missing_string_eqp|missing_handbook|outside_current_equip_pool,gms-server/wz/Character.wz/Hair/00039114.img.xml
Hair,Hair,39115,00039115,,0,0,1,0,False,False,False,True,missing_string_eqp|missing_handbook|outside_current_equip_pool,gms-server/wz/Character.wz/Hair/00039115.img.xml
Hair,Hair,39116,00039116,,0,0,1,0,False,False,False,True,missing_string_eqp|missing_handbook|outside_current_equip_pool,gms-server/wz/Character.wz/Hair/00039116.img.xml
Hair,Hair,39117,00039117,,0,0,1,0,False,False,False,True,missing_string_eqp|missing_handbook|outside_current_equip_pool,gms-server/wz/Character.wz/Hair/00039117.img.xml
Hair,Hair,39120,00039120,,0,0,1,0,False,False,False,True,missing_string_eqp|missing_handbook|outside_current_equip_pool,gms-server/wz/Character.wz/Hair/00039120.img.xml
Hair,Hair,39121,00039121,,0,0,1,0,False,False,False,True,missing_string_eqp|missing_handbook|outside_current_equip_pool,gms-server/wz/Character.wz/Hair/00039121.img.xml
Hair,Hair,39122,00039122,,0,0,1,0,False,False,False,True,missing_string_eqp|missing_handbook|outside_current_equip_pool,gms-server/wz/Character.wz/Hair/00039122.img.xml
Hair,Hair,39123,00039123,,0,0,1,0,False,False,False,True,missing_string_eqp|missing_handbook|outside_current_equip_pool,gms-server/wz/Character.wz/Hair/00039123.img.xml
Hair,Hair,39124,00039124,,0,0,1,0,False,False,False,True,missing_string_eqp|missing_handbook|outside_current_equip_pool,gms-server/wz/Character.wz/Hair/00039124.img.xml
Hair,Hair,39125,00039125,,0,0,1,0,False,False,False,True,missing_string_eqp|missing_handbook|outside_current_equip_pool,gms-server/wz/Character.wz/Hair/00039125.img.xml
Hair,Hair,39126,00039126,,0,0,1,0,False,False,False,True,missing_string_eqp|missing_handbook|outside_current_equip_pool,gms-server/wz/Character.wz/Hair/00039126.img.xml
Hair,Hair,39127,00039127,,0,0,1,0,False,False,False,True,missing_string_eqp|missing_handbook|outside_current_equip_pool,gms-server/wz/Character.wz/Hair/00039127.img.xml
Hair,Hair,39130,00039130,,0,0,1,0,False,False,False,True,missing_string_eqp|missing_handbook|outside_current_equip_pool,gms-server/wz/Character.wz/Hair/00039130.img.xml
Hair,Hair,39131,00039131,,0,0,1,0,False,False,False,True,missing_string_eqp|missing_handbook|outside_current_equip_pool,gms-server/wz/Character.wz/Hair/00039131.img.xml
Hair,Hair,39132,00039132,,0,0,1,0,False,False,False,True,missing_string_eqp|missing_handbook|outside_current_equip_pool,gms-server/wz/Character.wz/Hair/00039132.img.xml
Hair,Hair,39133,00039133,,0,0,1,0,False,False,False,True,missing_string_eqp|missing_handbook|outside_current_equip_pool,gms-server/wz/Character.wz/Hair/00039133.img.xml
Hair,Hair,39134,00039134,,0,0,1,0,False,False,False,True,missing_string_eqp|missing_handbook|outside_current_equip_pool,gms-server/wz/Character.wz/Hair/00039134.img.xml
Hair,Hair,39135,00039135,,0,0,1,0,False,False,False,True,missing_string_eqp|missing_handbook|outside_current_equip_pool,gms-server/wz/Character.wz/Hair/00039135.img.xml
Hair,Hair,39136,00039136,,0,0,1,0,False,False,False,True,missing_string_eqp|missing_handbook|outside_current_equip_pool,gms-server/wz/Character.wz/Hair/00039136.img.xml
Hair,Hair,39137,00039137,,0,0,1,0,False,False,False,True,missing_string_eqp|missing_handbook|outside_current_equip_pool,gms-server/wz/Character.wz/Hair/00039137.img.xml
Hair,Hair,39140,00039140,,0,0,1,0,False,False,False,True,missing_string_eqp|missing_handbook|outside_current_equip_pool,gms-server/wz/Character.wz/Hair/00039140.img.xml
Hair,Hair,39141,00039141,,0,0,1,0,False,False,False,True,missing_string_eqp|missing_handbook|outside_current_equip_pool,gms-server/wz/Character.wz/Hair/00039141.img.xml
Hair,Hair,39142,00039142,,0,0,1,0,False,False,False,True,missing_string_eqp|missing_handbook|outside_current_equip_pool,gms-server/wz/Character.wz/Hair/00039142.img.xml
Hair,Hair,39143,00039143,,0,0,1,0,False,False,False,True,missing_string_eqp|missing_handbook|outside_current_equip_pool,gms-server/wz/Character.wz/Hair/00039143.img.xml
Hair,Hair,39144,00039144,,0,0,1,0,False,False,False,True,missing_string_eqp|missing_handbook|outside_current_equip_pool,gms-server/wz/Character.wz/Hair/00039144.img.xml
Hair,Hair,39145,00039145,,0,0,1,0,False,False,False,True,missing_string_eqp|missing_handbook|outside_current_equip_pool,gms-server/wz/Character.wz/Hair/00039145.img.xml
Hair,Hair,39146,00039146,,0,0,1,0,False,False,False,True,missing_string_eqp|missing_handbook|outside_current_equip_pool,gms-server/wz/Character.wz/Hair/00039146.img.xml
Hair,Hair,39147,00039147,,0,0,1,0,False,False,False,True,missing_string_eqp|missing_handbook|outside_current_equip_pool,gms-server/wz/Character.wz/Hair/00039147.img.xml
Hair,Hair,39150,00039150,,0,0,1,0,False,False,False,True,missing_string_eqp|missing_handbook|outside_current_equip_pool,gms-server/wz/Character.wz/Hair/00039150.img.xml
Hair,Hair,39151,00039151,,0,0,1,0,False,False,False,True,missing_string_eqp|missing_handbook|outside_current_equip_pool,gms-server/wz/Character.wz/Hair/00039151.img.xml
Hair,Hair,39152,00039152,,0,0,1,0,False,False,False,True,missing_string_eqp|missing_handbook|outside_current_equip_pool,gms-server/wz/Character.wz/Hair/00039152.img.xml
Hair,Hair,39153,00039153,,0,0,1,0,False,False,False,True,missing_string_eqp|missing_handbook|outside_current_equip_pool,gms-server/wz/Character.wz/Hair/00039153.img.xml
Hair,Hair,39154,00039154,,0,0,1,0,False,False,False,True,missing_string_eqp|missing_handbook|outside_current_equip_pool,gms-server/wz/Character.wz/Hair/00039154.img.xml
Hair,Hair,39155,00039155,,0,0,1,0,False,False,False,True,missing_string_eqp|missing_handbook|outside_current_equip_pool,gms-server/wz/Character.wz/Hair/00039155.img.xml
Hair,Hair,39156,00039156,,0,0,1,0,False,False,False,True,missing_string_eqp|missing_handbook|outside_current_equip_pool,gms-server/wz/Character.wz/Hair/00039156.img.xml
Hair,Hair,39157,00039157,,0,0,1,0,False,False,False,True,missing_string_eqp|missing_handbook|outside_current_equip_pool,gms-server/wz/Character.wz/Hair/00039157.img.xml
Hair,Hair,39160,00039160,,0,0,1,0,False,False,False,True,missing_string_eqp|missing_handbook|outside_current_equip_pool,gms-server/wz/Character.wz/Hair/00039160.img.xml
Hair,Hair,39161,00039161,,0,0,1,0,False,False,False,True,missing_string_eqp|missing_handbook|outside_current_equip_pool,gms-server/wz/Character.wz/Hair/00039161.img.xml
Hair,Hair,39162,00039162,,0,0,1,0,False,False,False,True,missing_string_eqp|missing_handbook|outside_current_equip_pool,gms-server/wz/Character.wz/Hair/00039162.img.xml
Hair,Hair,39163,00039163,,0,0,1,0,False,False,False,True,missing_string_eqp|missing_handbook|outside_current_equip_pool,gms-server/wz/Character.wz/Hair/00039163.img.xml
Hair,Hair,39164,00039164,,0,0,1,0,False,False,False,True,missing_string_eqp|missing_handbook|outside_current_equip_pool,gms-server/wz/Character.wz/Hair/00039164.img.xml
Hair,Hair,39165,00039165,,0,0,1,0,False,False,False,True,missing_string_eqp|missing_handbook|outside_current_equip_pool,gms-server/wz/Character.wz/Hair/00039165.img.xml
Hair,Hair,39166,00039166,,0,0,1,0,False,False,False,True,missing_string_eqp|missing_handbook|outside_current_equip_pool,gms-server/wz/Character.wz/Hair/00039166.img.xml
Hair,Hair,39167,00039167,,0,0,1,0,False,False,False,True,missing_string_eqp|missing_handbook|outside_current_equip_pool,gms-server/wz/Character.wz/Hair/00039167.img.xml
Hair,Hair,39170,00039170,,0,0,1,0,False,False,False,True,missing_string_eqp|missing_handbook|outside_current_equip_pool,gms-server/wz/Character.wz/Hair/00039170.img.xml
Hair,Hair,39171,00039171,,0,0,1,0,False,False,False,True,missing_string_eqp|missing_handbook|outside_current_equip_pool,gms-server/wz/Character.wz/Hair/00039171.img.xml
Hair,Hair,39172,00039172,,0,0,1,0,False,False,False,True,missing_string_eqp|missing_handbook|outside_current_equip_pool,gms-server/wz/Character.wz/Hair/00039172.img.xml
Hair,Hair,39173,00039173,,0,0,1,0,False,False,False,True,missing_string_eqp|missing_handbook|outside_current_equip_pool,gms-server/wz/Character.wz/Hair/00039173.img.xml
Hair,Hair,39174,00039174,,0,0,1,0,False,False,False,True,missing_string_eqp|missing_handbook|outside_current_equip_pool,gms-server/wz/Character.wz/Hair/00039174.img.xml
Hair,Hair,39175,00039175,,0,0,1,0,False,False,False,True,missing_string_eqp|missing_handbook|outside_current_equip_pool,gms-server/wz/Character.wz/Hair/00039175.img.xml
Hair,Hair,39176,00039176,,0,0,1,0,False,False,False,True,missing_string_eqp|missing_handbook|outside_current_equip_pool,gms-server/wz/Character.wz/Hair/00039176.img.xml
Hair,Hair,39177,00039177,,0,0,1,0,False,False,False,True,missing_string_eqp|missing_handbook|outside_current_equip_pool,gms-server/wz/Character.wz/Hair/00039177.img.xml
Hair,Hair,39180,00039180,,0,0,1,0,False,False,False,True,missing_string_eqp|missing_handbook|outside_current_equip_pool,gms-server/wz/Character.wz/Hair/00039180.img.xml
Hair,Hair,39181,00039181,,0,0,1,0,False,False,False,True,missing_string_eqp|missing_handbook|outside_current_equip_pool,gms-server/wz/Character.wz/Hair/00039181.img.xml
Hair,Hair,39182,00039182,,0,0,1,0,False,False,False,True,missing_string_eqp|missing_handbook|outside_current_equip_pool,gms-server/wz/Character.wz/Hair/00039182.img.xml
Hair,Hair,39183,00039183,,0,0,1,0,False,False,False,True,missing_string_eqp|missing_handbook|outside_current_equip_pool,gms-server/wz/Character.wz/Hair/00039183.img.xml
Hair,Hair,39184,00039184,,0,0,1,0,False,False,False,True,missing_string_eqp|missing_handbook|outside_current_equip_pool,gms-server/wz/Character.wz/Hair/00039184.img.xml
Hair,Hair,39185,00039185,,0,0,1,0,False,False,False,True,missing_string_eqp|missing_handbook|outside_current_equip_pool,gms-server/wz/Character.wz/Hair/00039185.img.xml
Hair,Hair,39186,00039186,,0,0,1,0,False,False,False,True,missing_string_eqp|missing_handbook|outside_current_equip_pool,gms-server/wz/Character.wz/Hair/00039186.img.xml
Hair,Hair,39187,00039187,,0,0,1,0,False,False,False,True,missing_string_eqp|missing_handbook|outside_current_equip_pool,gms-server/wz/Character.wz/Hair/00039187.img.xml
Hair,Hair,39190,00039190,,0,0,1,0,False,False,False,True,missing_string_eqp|missing_handbook|outside_current_equip_pool,gms-server/wz/Character.wz/Hair/00039190.img.xml
Hair,Hair,39191,00039191,,0,0,1,0,False,False,False,True,missing_string_eqp|missing_handbook|outside_current_equip_pool,gms-server/wz/Character.wz/Hair/00039191.img.xml
Hair,Hair,39192,00039192,,0,0,1,0,False,False,False,True,missing_string_eqp|missing_handbook|outside_current_equip_pool,gms-server/wz/Character.wz/Hair/00039192.img.xml
Hair,Hair,39193,00039193,,0,0,1,0,False,False,False,True,missing_string_eqp|missing_handbook|outside_current_equip_pool,gms-server/wz/Character.wz/Hair/00039193.img.xml
Hair,Hair,39194,00039194,,0,0,1,0,False,False,False,True,missing_string_eqp|missing_handbook|outside_current_equip_pool,gms-server/wz/Character.wz/Hair/00039194.img.xml
Hair,Hair,39195,00039195,,0,0,1,0,False,False,False,True,missing_string_eqp|missing_handbook|outside_current_equip_pool,gms-server/wz/Character.wz/Hair/00039195.img.xml
Hair,Hair,39196,00039196,,0,0,1,0,False,False,False,True,missing_string_eqp|missing_handbook|outside_current_equip_pool,gms-server/wz/Character.wz/Hair/00039196.img.xml
Hair,Hair,39197,00039197,,0,0,1,0,False,False,False,True,missing_string_eqp|missing_handbook|outside_current_equip_pool,gms-server/wz/Character.wz/Hair/00039197.img.xml
Hair,Hair,39200,00039200,,0,0,1,0,False,False,False,True,missing_string_eqp|missing_handbook|outside_current_equip_pool,gms-server/wz/Character.wz/Hair/00039200.img.xml
Hair,Hair,39201,00039201,,0,0,1,0,False,False,False,True,missing_string_eqp|missing_handbook|outside_current_equip_pool,gms-server/wz/Character.wz/Hair/00039201.img.xml
Hair,Hair,39202,00039202,,0,0,1,0,False,False,False,True,missing_string_eqp|missing_handbook|outside_current_equip_pool,gms-server/wz/Character.wz/Hair/00039202.img.xml
Hair,Hair,39203,00039203,,0,0,1,0,False,False,False,True,missing_string_eqp|missing_handbook|outside_current_equip_pool,gms-server/wz/Character.wz/Hair/00039203.img.xml
Hair,Hair,39204,00039204,,0,0,1,0,False,False,False,True,missing_string_eqp|missing_handbook|outside_current_equip_pool,gms-server/wz/Character.wz/Hair/00039204.img.xml
Hair,Hair,39205,00039205,,0,0,1,0,False,False,False,True,missing_string_eqp|missing_handbook|outside_current_equip_pool,gms-server/wz/Character.wz/Hair/00039205.img.xml
Hair,Hair,39206,00039206,,0,0,1,0,False,False,False,True,missing_string_eqp|missing_handbook|outside_current_equip_pool,gms-server/wz/Character.wz/Hair/00039206.img.xml
Hair,Hair,39207,00039207,,0,0,1,0,False,False,False,True,missing_string_eqp|missing_handbook|outside_current_equip_pool,gms-server/wz/Character.wz/Hair/00039207.img.xml
Hair,Hair,39210,00039210,,0,0,1,0,False,False,False,True,missing_string_eqp|missing_handbook|outside_current_equip_pool,gms-server/wz/Character.wz/Hair/00039210.img.xml
Hair,Hair,39211,00039211,,0,0,1,0,False,False,False,True,missing_string_eqp|missing_handbook|outside_current_equip_pool,gms-server/wz/Character.wz/Hair/00039211.img.xml
Hair,Hair,39212,00039212,,0,0,1,0,False,False,False,True,missing_string_eqp|missing_handbook|outside_current_equip_pool,gms-server/wz/Character.wz/Hair/00039212.img.xml
Hair,Hair,39213,00039213,,0,0,1,0,False,False,False,True,missing_string_eqp|missing_handbook|outside_current_equip_pool,gms-server/wz/Character.wz/Hair/00039213.img.xml
Hair,Hair,39214,00039214,,0,0,1,0,False,False,False,True,missing_string_eqp|missing_handbook|outside_current_equip_pool,gms-server/wz/Character.wz/Hair/00039214.img.xml
Hair,Hair,39215,00039215,,0,0,1,0,False,False,False,True,missing_string_eqp|missing_handbook|outside_current_equip_pool,gms-server/wz/Character.wz/Hair/00039215.img.xml
Hair,Hair,39216,00039216,,0,0,1,0,False,False,False,True,missing_string_eqp|missing_handbook|outside_current_equip_pool,gms-server/wz/Character.wz/Hair/00039216.img.xml
Hair,Hair,39217,00039217,,0,0,1,0,False,False,False,True,missing_string_eqp|missing_handbook|outside_current_equip_pool,gms-server/wz/Character.wz/Hair/00039217.img.xml
Hair,Hair,39220,00039220,,0,0,1,0,False,False,False,True,missing_string_eqp|missing_handbook|outside_current_equip_pool,gms-server/wz/Character.wz/Hair/00039220.img.xml
Hair,Hair,39221,00039221,,0,0,1,0,False,False,False,True,missing_string_eqp|missing_handbook|outside_current_equip_pool,gms-server/wz/Character.wz/Hair/00039221.img.xml
Hair,Hair,39222,00039222,,0,0,1,0,False,False,False,True,missing_string_eqp|missing_handbook|outside_current_equip_pool,gms-server/wz/Character.wz/Hair/00039222.img.xml
Hair,Hair,39223,00039223,,0,0,1,0,False,False,False,True,missing_string_eqp|missing_handbook|outside_current_equip_pool,gms-server/wz/Character.wz/Hair/00039223.img.xml
Hair,Hair,39224,00039224,,0,0,1,0,False,False,False,True,missing_string_eqp|missing_handbook|outside_current_equip_pool,gms-server/wz/Character.wz/Hair/00039224.img.xml
Hair,Hair,39225,00039225,,0,0,1,0,False,False,False,True,missing_string_eqp|missing_handbook|outside_current_equip_pool,gms-server/wz/Character.wz/Hair/00039225.img.xml
Hair,Hair,39226,00039226,,0,0,1,0,False,False,False,True,missing_string_eqp|missing_handbook|outside_current_equip_pool,gms-server/wz/Character.wz/Hair/00039226.img.xml
Hair,Hair,39227,00039227,,0,0,1,0,False,False,False,True,missing_string_eqp|missing_handbook|outside_current_equip_pool,gms-server/wz/Character.wz/Hair/00039227.img.xml
Hair,Hair,39230,00039230,,0,0,1,0,False,False,False,True,missing_string_eqp|missing_handbook|outside_current_equip_pool,gms-server/wz/Character.wz/Hair/00039230.img.xml
Hair,Hair,39231,00039231,,0,0,1,0,False,False,False,True,missing_string_eqp|missing_handbook|outside_current_equip_pool,gms-server/wz/Character.wz/Hair/00039231.img.xml
Hair,Hair,39232,00039232,,0,0,1,0,False,False,False,True,missing_string_eqp|missing_handbook|outside_current_equip_pool,gms-server/wz/Character.wz/Hair/00039232.img.xml
Hair,Hair,39233,00039233,,0,0,1,0,False,False,False,True,missing_string_eqp|missing_handbook|outside_current_equip_pool,gms-server/wz/Character.wz/Hair/00039233.img.xml
Hair,Hair,39234,00039234,,0,0,1,0,False,False,False,True,missing_string_eqp|missing_handbook|outside_current_equip_pool,gms-server/wz/Character.wz/Hair/00039234.img.xml
Hair,Hair,39235,00039235,,0,0,1,0,False,False,False,True,missing_string_eqp|missing_handbook|outside_current_equip_pool,gms-server/wz/Character.wz/Hair/00039235.img.xml
Hair,Hair,39236,00039236,,0,0,1,0,False,False,False,True,missing_string_eqp|missing_handbook|outside_current_equip_pool,gms-server/wz/Character.wz/Hair/00039236.img.xml
Hair,Hair,39237,00039237,,0,0,1,0,False,False,False,True,missing_string_eqp|missing_handbook|outside_current_equip_pool,gms-server/wz/Character.wz/Hair/00039237.img.xml
Hair,Hair,39240,00039240,,0,0,1,0,False,False,False,True,missing_string_eqp|missing_handbook|outside_current_equip_pool,gms-server/wz/Character.wz/Hair/00039240.img.xml
Hair,Hair,39241,00039241,,0,0,1,0,False,False,False,True,missing_string_eqp|missing_handbook|outside_current_equip_pool,gms-server/wz/Character.wz/Hair/00039241.img.xml
Hair,Hair,39242,00039242,,0,0,1,0,False,False,False,True,missing_string_eqp|missing_handbook|outside_current_equip_pool,gms-server/wz/Character.wz/Hair/00039242.img.xml
Hair,Hair,39243,00039243,,0,0,1,0,False,False,False,True,missing_string_eqp|missing_handbook|outside_current_equip_pool,gms-server/wz/Character.wz/Hair/00039243.img.xml
Hair,Hair,39244,00039244,,0,0,1,0,False,False,False,True,missing_string_eqp|missing_handbook|outside_current_equip_pool,gms-server/wz/Character.wz/Hair/00039244.img.xml
Hair,Hair,39245,00039245,,0,0,1,0,False,False,False,True,missing_string_eqp|missing_handbook|outside_current_equip_pool,gms-server/wz/Character.wz/Hair/00039245.img.xml
Hair,Hair,39246,00039246,,0,0,1,0,False,False,False,True,missing_string_eqp|missing_handbook|outside_current_equip_pool,gms-server/wz/Character.wz/Hair/00039246.img.xml
Hair,Hair,39247,00039247,,0,0,1,0,False,False,False,True,missing_string_eqp|missing_handbook|outside_current_equip_pool,gms-server/wz/Character.wz/Hair/00039247.img.xml
Hair,Hair,39250,00039250,,0,0,1,0,False,False,False,True,missing_string_eqp|missing_handbook|outside_current_equip_pool,gms-server/wz/Character.wz/Hair/00039250.img.xml
Hair,Hair,39251,00039251,,0,0,1,0,False,False,False,True,missing_string_eqp|missing_handbook|outside_current_equip_pool,gms-server/wz/Character.wz/Hair/00039251.img.xml
Hair,Hair,39252,00039252,,0,0,1,0,False,False,False,True,missing_string_eqp|missing_handbook|outside_current_equip_pool,gms-server/wz/Character.wz/Hair/00039252.img.xml
Hair,Hair,39253,00039253,,0,0,1,0,False,False,False,True,missing_string_eqp|missing_handbook|outside_current_equip_pool,gms-server/wz/Character.wz/Hair/00039253.img.xml
Hair,Hair,39254,00039254,,0,0,1,0,False,False,False,True,missing_string_eqp|missing_handbook|outside_current_equip_pool,gms-server/wz/Character.wz/Hair/00039254.img.xml
Hair,Hair,39255,00039255,,0,0,1,0,False,False,False,True,missing_string_eqp|missing_handbook|outside_current_equip_pool,gms-server/wz/Character.wz/Hair/00039255.img.xml
Hair,Hair,39256,00039256,,0,0,1,0,False,False,False,True,missing_string_eqp|missing_handbook|outside_current_equip_pool,gms-server/wz/Character.wz/Hair/00039256.img.xml
Hair,Hair,39257,00039257,,0,0,1,0,False,False,False,True,missing_string_eqp|missing_handbook|outside_current_equip_pool,gms-server/wz/Character.wz/Hair/00039257.img.xml
Hair,Hair,39260,00039260,,0,0,1,0,False,False,False,True,missing_string_eqp|missing_handbook|outside_current_equip_pool,gms-server/wz/Character.wz/Hair/00039260.img.xml
Hair,Hair,39261,00039261,,0,0,1,0,False,False,False,True,missing_string_eqp|missing_handbook|outside_current_equip_pool,gms-server/wz/Character.wz/Hair/00039261.img.xml
Hair,Hair,39262,00039262,,0,0,1,0,False,False,False,True,missing_string_eqp|missing_handbook|outside_current_equip_pool,gms-server/wz/Character.wz/Hair/00039262.img.xml
Hair,Hair,39263,00039263,,0,0,1,0,False,False,False,True,missing_string_eqp|missing_handbook|outside_current_equip_pool,gms-server/wz/Character.wz/Hair/00039263.img.xml
Hair,Hair,39264,00039264,,0,0,1,0,False,False,False,True,missing_string_eqp|missing_handbook|outside_current_equip_pool,gms-server/wz/Character.wz/Hair/00039264.img.xml
Hair,Hair,39265,00039265,,0,0,1,0,False,False,False,True,missing_string_eqp|missing_handbook|outside_current_equip_pool,gms-server/wz/Character.wz/Hair/00039265.img.xml
Hair,Hair,39266,00039266,,0,0,1,0,False,False,False,True,missing_string_eqp|missing_handbook|outside_current_equip_pool,gms-server/wz/Character.wz/Hair/00039266.img.xml
Hair,Hair,39267,00039267,,0,0,1,0,False,False,False,True,missing_string_eqp|missing_handbook|outside_current_equip_pool,gms-server/wz/Character.wz/Hair/00039267.img.xml
Hair,Hair,39270,00039270,,0,0,1,0,False,False,False,True,missing_string_eqp|missing_handbook|outside_current_equip_pool,gms-server/wz/Character.wz/Hair/00039270.img.xml
Hair,Hair,39271,00039271,,0,0,1,0,False,False,False,True,missing_string_eqp|missing_handbook|outside_current_equip_pool,gms-server/wz/Character.wz/Hair/00039271.img.xml
Hair,Hair,39272,00039272,,0,0,1,0,False,False,False,True,missing_string_eqp|missing_handbook|outside_current_equip_pool,gms-server/wz/Character.wz/Hair/00039272.img.xml
Hair,Hair,39273,00039273,,0,0,1,0,False,False,False,True,missing_string_eqp|missing_handbook|outside_current_equip_pool,gms-server/wz/Character.wz/Hair/00039273.img.xml
Hair,Hair,39274,00039274,,0,0,1,0,False,False,False,True,missing_string_eqp|missing_handbook|outside_current_equip_pool,gms-server/wz/Character.wz/Hair/00039274.img.xml
Hair,Hair,39275,00039275,,0,0,1,0,False,False,False,True,missing_string_eqp|missing_handbook|outside_current_equip_pool,gms-server/wz/Character.wz/Hair/00039275.img.xml
Hair,Hair,39276,00039276,,0,0,1,0,False,False,False,True,missing_string_eqp|missing_handbook|outside_current_equip_pool,gms-server/wz/Character.wz/Hair/00039276.img.xml
Hair,Hair,39277,00039277,,0,0,1,0,False,False,False,True,missing_string_eqp|missing_handbook|outside_current_equip_pool,gms-server/wz/Character.wz/Hair/00039277.img.xml
Hair,Hair,39280,00039280,,0,0,1,0,False,False,False,True,missing_string_eqp|missing_handbook|outside_current_equip_pool,gms-server/wz/Character.wz/Hair/00039280.img.xml
Hair,Hair,39281,00039281,,0,0,1,0,False,False,False,True,missing_string_eqp|missing_handbook|outside_current_equip_pool,gms-server/wz/Character.wz/Hair/00039281.img.xml
Hair,Hair,39282,00039282,,0,0,1,0,False,False,False,True,missing_string_eqp|missing_handbook|outside_current_equip_pool,gms-server/wz/Character.wz/Hair/00039282.img.xml
Hair,Hair,39283,00039283,,0,0,1,0,False,False,False,True,missing_string_eqp|missing_handbook|outside_current_equip_pool,gms-server/wz/Character.wz/Hair/00039283.img.xml
Hair,Hair,39284,00039284,,0,0,1,0,False,False,False,True,missing_string_eqp|missing_handbook|outside_current_equip_pool,gms-server/wz/Character.wz/Hair/00039284.img.xml
Hair,Hair,39285,00039285,,0,0,1,0,False,False,False,True,missing_string_eqp|missing_handbook|outside_current_equip_pool,gms-server/wz/Character.wz/Hair/00039285.img.xml
Hair,Hair,39286,00039286,,0,0,1,0,False,False,False,True,missing_string_eqp|missing_handbook|outside_current_equip_pool,gms-server/wz/Character.wz/Hair/00039286.img.xml
Hair,Hair,39287,00039287,,0,0,1,0,False,False,False,True,missing_string_eqp|missing_handbook|outside_current_equip_pool,gms-server/wz/Character.wz/Hair/00039287.img.xml
Hair,Hair,39290,00039290,,0,0,1,0,False,False,False,True,missing_string_eqp|missing_handbook|outside_current_equip_pool,gms-server/wz/Character.wz/Hair/00039290.img.xml
Hair,Hair,39291,00039291,,0,0,1,0,False,False,False,True,missing_string_eqp|missing_handbook|outside_current_equip_pool,gms-server/wz/Character.wz/Hair/00039291.img.xml
Hair,Hair,39292,00039292,,0,0,1,0,False,False,False,True,missing_string_eqp|missing_handbook|outside_current_equip_pool,gms-server/wz/Character.wz/Hair/00039292.img.xml
Hair,Hair,39293,00039293,,0,0,1,0,False,False,False,True,missing_string_eqp|missing_handbook|outside_current_equip_pool,gms-server/wz/Character.wz/Hair/00039293.img.xml
Hair,Hair,39294,00039294,,0,0,1,0,False,False,False,True,missing_string_eqp|missing_handbook|outside_current_equip_pool,gms-server/wz/Character.wz/Hair/00039294.img.xml
Hair,Hair,39295,00039295,,0,0,1,0,False,False,False,True,missing_string_eqp|missing_handbook|outside_current_equip_pool,gms-server/wz/Character.wz/Hair/00039295.img.xml
Hair,Hair,39296,00039296,,0,0,1,0,False,False,False,True,missing_string_eqp|missing_handbook|outside_current_equip_pool,gms-server/wz/Character.wz/Hair/00039296.img.xml
Hair,Hair,39297,00039297,,0,0,1,0,False,False,False,True,missing_string_eqp|missing_handbook|outside_current_equip_pool,gms-server/wz/Character.wz/Hair/00039297.img.xml
Hair,Hair,39300,00039300,,0,0,1,0,False,False,False,True,missing_string_eqp|missing_handbook|outside_current_equip_pool,gms-server/wz/Character.wz/Hair/00039300.img.xml
Hair,Hair,39301,00039301,,0,0,1,0,False,False,False,True,missing_string_eqp|missing_handbook|outside_current_equip_pool,gms-server/wz/Character.wz/Hair/00039301.img.xml
Hair,Hair,39302,00039302,,0,0,1,0,False,False,False,True,missing_string_eqp|missing_handbook|outside_current_equip_pool,gms-server/wz/Character.wz/Hair/00039302.img.xml
Hair,Hair,39303,00039303,,0,0,1,0,False,False,False,True,missing_string_eqp|missing_handbook|outside_current_equip_pool,gms-server/wz/Character.wz/Hair/00039303.img.xml
Hair,Hair,39304,00039304,,0,0,1,0,False,False,False,True,missing_string_eqp|missing_handbook|outside_current_equip_pool,gms-server/wz/Character.wz/Hair/00039304.img.xml
Hair,Hair,39305,00039305,,0,0,1,0,False,False,False,True,missing_string_eqp|missing_handbook|outside_current_equip_pool,gms-server/wz/Character.wz/Hair/00039305.img.xml
Hair,Hair,39306,00039306,,0,0,1,0,False,False,False,True,missing_string_eqp|missing_handbook|outside_current_equip_pool,gms-server/wz/Character.wz/Hair/00039306.img.xml
Hair,Hair,39307,00039307,,0,0,1,0,False,False,False,True,missing_string_eqp|missing_handbook|outside_current_equip_pool,gms-server/wz/Character.wz/Hair/00039307.img.xml
Hair,Hair,39310,00039310,,0,0,1,0,False,False,False,True,missing_string_eqp|missing_handbook|outside_current_equip_pool,gms-server/wz/Character.wz/Hair/00039310.img.xml
Hair,Hair,39311,00039311,,0,0,1,0,False,False,False,True,missing_string_eqp|missing_handbook|outside_current_equip_pool,gms-server/wz/Character.wz/Hair/00039311.img.xml
Hair,Hair,39312,00039312,,0,0,1,0,False,False,False,True,missing_string_eqp|missing_handbook|outside_current_equip_pool,gms-server/wz/Character.wz/Hair/00039312.img.xml
Hair,Hair,39313,00039313,,0,0,1,0,False,False,False,True,missing_string_eqp|missing_handbook|outside_current_equip_pool,gms-server/wz/Character.wz/Hair/00039313.img.xml
Hair,Hair,39314,00039314,,0,0,1,0,False,False,False,True,missing_string_eqp|missing_handbook|outside_current_equip_pool,gms-server/wz/Character.wz/Hair/00039314.img.xml
Hair,Hair,39315,00039315,,0,0,1,0,False,False,False,True,missing_string_eqp|missing_handbook|outside_current_equip_pool,gms-server/wz/Character.wz/Hair/00039315.img.xml
Hair,Hair,39316,00039316,,0,0,1,0,False,False,False,True,missing_string_eqp|missing_handbook|outside_current_equip_pool,gms-server/wz/Character.wz/Hair/00039316.img.xml
Hair,Hair,39317,00039317,,0,0,1,0,False,False,False,True,missing_string_eqp|missing_handbook|outside_current_equip_pool,gms-server/wz/Character.wz/Hair/00039317.img.xml
Hair,Hair,39320,00039320,,0,0,1,0,False,False,False,True,missing_string_eqp|missing_handbook|outside_current_equip_pool,gms-server/wz/Character.wz/Hair/00039320.img.xml
Hair,Hair,39321,00039321,,0,0,1,0,False,False,False,True,missing_string_eqp|missing_handbook|outside_current_equip_pool,gms-server/wz/Character.wz/Hair/00039321.img.xml
Hair,Hair,39322,00039322,,0,0,1,0,False,False,False,True,missing_string_eqp|missing_handbook|outside_current_equip_pool,gms-server/wz/Character.wz/Hair/00039322.img.xml
Hair,Hair,39323,00039323,,0,0,1,0,False,False,False,True,missing_string_eqp|missing_handbook|outside_current_equip_pool,gms-server/wz/Character.wz/Hair/00039323.img.xml
Hair,Hair,39324,00039324,,0,0,1,0,False,False,False,True,missing_string_eqp|missing_handbook|outside_current_equip_pool,gms-server/wz/Character.wz/Hair/00039324.img.xml
Hair,Hair,39325,00039325,,0,0,1,0,False,False,False,True,missing_string_eqp|missing_handbook|outside_current_equip_pool,gms-server/wz/Character.wz/Hair/00039325.img.xml
Hair,Hair,39326,00039326,,0,0,1,0,False,False,False,True,missing_string_eqp|missing_handbook|outside_current_equip_pool,gms-server/wz/Character.wz/Hair/00039326.img.xml
Hair,Hair,39327,00039327,,0,0,1,0,False,False,False,True,missing_string_eqp|missing_handbook|outside_current_equip_pool,gms-server/wz/Character.wz/Hair/00039327.img.xml
Hair,Hair,39330,00039330,,0,0,1,0,False,False,False,True,missing_string_eqp|missing_handbook|outside_current_equip_pool,gms-server/wz/Character.wz/Hair/00039330.img.xml
Hair,Hair,39331,00039331,,0,0,1,0,False,False,False,True,missing_string_eqp|missing_handbook|outside_current_equip_pool,gms-server/wz/Character.wz/Hair/00039331.img.xml
Hair,Hair,39332,00039332,,0,0,1,0,False,False,False,True,missing_string_eqp|missing_handbook|outside_current_equip_pool,gms-server/wz/Character.wz/Hair/00039332.img.xml
Hair,Hair,39333,00039333,,0,0,1,0,False,False,False,True,missing_string_eqp|missing_handbook|outside_current_equip_pool,gms-server/wz/Character.wz/Hair/00039333.img.xml
Hair,Hair,39334,00039334,,0,0,1,0,False,False,False,True,missing_string_eqp|missing_handbook|outside_current_equip_pool,gms-server/wz/Character.wz/Hair/00039334.img.xml
Hair,Hair,39335,00039335,,0,0,1,0,False,False,False,True,missing_string_eqp|missing_handbook|outside_current_equip_pool,gms-server/wz/Character.wz/Hair/00039335.img.xml
Hair,Hair,39336,00039336,,0,0,1,0,False,False,False,True,missing_string_eqp|missing_handbook|outside_current_equip_pool,gms-server/wz/Character.wz/Hair/00039336.img.xml
Hair,Hair,39337,00039337,,0,0,1,0,False,False,False,True,missing_string_eqp|missing_handbook|outside_current_equip_pool,gms-server/wz/Character.wz/Hair/00039337.img.xml
Hair,Hair,39340,00039340,,0,0,1,0,False,False,False,True,missing_string_eqp|missing_handbook|outside_current_equip_pool,gms-server/wz/Character.wz/Hair/00039340.img.xml
Hair,Hair,39341,00039341,,0,0,1,0,False,False,False,True,missing_string_eqp|missing_handbook|outside_current_equip_pool,gms-server/wz/Character.wz/Hair/00039341.img.xml
Hair,Hair,39342,00039342,,0,0,1,0,False,False,False,True,missing_string_eqp|missing_handbook|outside_current_equip_pool,gms-server/wz/Character.wz/Hair/00039342.img.xml
Hair,Hair,39343,00039343,,0,0,1,0,False,False,False,True,missing_string_eqp|missing_handbook|outside_current_equip_pool,gms-server/wz/Character.wz/Hair/00039343.img.xml
Hair,Hair,39344,00039344,,0,0,1,0,False,False,False,True,missing_string_eqp|missing_handbook|outside_current_equip_pool,gms-server/wz/Character.wz/Hair/00039344.img.xml
Hair,Hair,39345,00039345,,0,0,1,0,False,False,False,True,missing_string_eqp|missing_handbook|outside_current_equip_pool,gms-server/wz/Character.wz/Hair/00039345.img.xml
Hair,Hair,39346,00039346,,0,0,1,0,False,False,False,True,missing_string_eqp|missing_handbook|outside_current_equip_pool,gms-server/wz/Character.wz/Hair/00039346.img.xml
Hair,Hair,39347,00039347,,0,0,1,0,False,False,False,True,missing_string_eqp|missing_handbook|outside_current_equip_pool,gms-server/wz/Character.wz/Hair/00039347.img.xml
Hair,Hair,39350,00039350,,0,0,1,0,False,False,False,True,missing_string_eqp|missing_handbook|outside_current_equip_pool,gms-server/wz/Character.wz/Hair/00039350.img.xml
Hair,Hair,39351,00039351,,0,0,1,0,False,False,False,True,missing_string_eqp|missing_handbook|outside_current_equip_pool,gms-server/wz/Character.wz/Hair/00039351.img.xml
Hair,Hair,39352,00039352,,0,0,1,0,False,False,False,True,missing_string_eqp|missing_handbook|outside_current_equip_pool,gms-server/wz/Character.wz/Hair/00039352.img.xml
Hair,Hair,39353,00039353,,0,0,1,0,False,False,False,True,missing_string_eqp|missing_handbook|outside_current_equip_pool,gms-server/wz/Character.wz/Hair/00039353.img.xml
Hair,Hair,39354,00039354,,0,0,1,0,False,False,False,True,missing_string_eqp|missing_handbook|outside_current_equip_pool,gms-server/wz/Character.wz/Hair/00039354.img.xml
Hair,Hair,39355,00039355,,0,0,1,0,False,False,False,True,missing_string_eqp|missing_handbook|outside_current_equip_pool,gms-server/wz/Character.wz/Hair/00039355.img.xml
Hair,Hair,39356,00039356,,0,0,1,0,False,False,False,True,missing_string_eqp|missing_handbook|outside_current_equip_pool,gms-server/wz/Character.wz/Hair/00039356.img.xml
Hair,Hair,39357,00039357,,0,0,1,0,False,False,False,True,missing_string_eqp|missing_handbook|outside_current_equip_pool,gms-server/wz/Character.wz/Hair/00039357.img.xml
Hair,Hair,39360,00039360,,0,0,1,0,False,False,False,True,missing_string_eqp|missing_handbook|outside_current_equip_pool,gms-server/wz/Character.wz/Hair/00039360.img.xml
Hair,Hair,39361,00039361,,0,0,1,0,False,False,False,True,missing_string_eqp|missing_handbook|outside_current_equip_pool,gms-server/wz/Character.wz/Hair/00039361.img.xml
Hair,Hair,39362,00039362,,0,0,1,0,False,False,False,True,missing_string_eqp|missing_handbook|outside_current_equip_pool,gms-server/wz/Character.wz/Hair/00039362.img.xml
Hair,Hair,39363,00039363,,0,0,1,0,False,False,False,True,missing_string_eqp|missing_handbook|outside_current_equip_pool,gms-server/wz/Character.wz/Hair/00039363.img.xml
Hair,Hair,39364,00039364,,0,0,1,0,False,False,False,True,missing_string_eqp|missing_handbook|outside_current_equip_pool,gms-server/wz/Character.wz/Hair/00039364.img.xml
Hair,Hair,39365,00039365,,0,0,1,0,False,False,False,True,missing_string_eqp|missing_handbook|outside_current_equip_pool,gms-server/wz/Character.wz/Hair/00039365.img.xml
Hair,Hair,39366,00039366,,0,0,1,0,False,False,False,True,missing_string_eqp|missing_handbook|outside_current_equip_pool,gms-server/wz/Character.wz/Hair/00039366.img.xml
Hair,Hair,39367,00039367,,0,0,1,0,False,False,False,True,missing_string_eqp|missing_handbook|outside_current_equip_pool,gms-server/wz/Character.wz/Hair/00039367.img.xml
Hair,Hair,39370,00039370,,0,0,1,0,False,False,False,True,missing_string_eqp|missing_handbook|outside_current_equip_pool,gms-server/wz/Character.wz/Hair/00039370.img.xml
Hair,Hair,39371,00039371,,0,0,1,0,False,False,False,True,missing_string_eqp|missing_handbook|outside_current_equip_pool,gms-server/wz/Character.wz/Hair/00039371.img.xml
Hair,Hair,39372,00039372,,0,0,1,0,False,False,False,True,missing_string_eqp|missing_handbook|outside_current_equip_pool,gms-server/wz/Character.wz/Hair/00039372.img.xml
Hair,Hair,39373,00039373,,0,0,1,0,False,False,False,True,missing_string_eqp|missing_handbook|outside_current_equip_pool,gms-server/wz/Character.wz/Hair/00039373.img.xml
Hair,Hair,39374,00039374,,0,0,1,0,False,False,False,True,missing_string_eqp|missing_handbook|outside_current_equip_pool,gms-server/wz/Character.wz/Hair/00039374.img.xml
Hair,Hair,39375,00039375,,0,0,1,0,False,False,False,True,missing_string_eqp|missing_handbook|outside_current_equip_pool,gms-server/wz/Character.wz/Hair/00039375.img.xml
Hair,Hair,39376,00039376,,0,0,1,0,False,False,False,True,missing_string_eqp|missing_handbook|outside_current_equip_pool,gms-server/wz/Character.wz/Hair/00039376.img.xml
Hair,Hair,39377,00039377,,0,0,1,0,False,False,False,True,missing_string_eqp|missing_handbook|outside_current_equip_pool,gms-server/wz/Character.wz/Hair/00039377.img.xml
Hair,Hair,39380,00039380,,0,0,1,0,False,False,False,True,missing_string_eqp|missing_handbook|outside_current_equip_pool,gms-server/wz/Character.wz/Hair/00039380.img.xml
Hair,Hair,39381,00039381,,0,0,1,0,False,False,False,True,missing_string_eqp|missing_handbook|outside_current_equip_pool,gms-server/wz/Character.wz/Hair/00039381.img.xml
Hair,Hair,39382,00039382,,0,0,1,0,False,False,False,True,missing_string_eqp|missing_handbook|outside_current_equip_pool,gms-server/wz/Character.wz/Hair/00039382.img.xml
Hair,Hair,39383,00039383,,0,0,1,0,False,False,False,True,missing_string_eqp|missing_handbook|outside_current_equip_pool,gms-server/wz/Character.wz/Hair/00039383.img.xml
Hair,Hair,39384,00039384,,0,0,1,0,False,False,False,True,missing_string_eqp|missing_handbook|outside_current_equip_pool,gms-server/wz/Character.wz/Hair/00039384.img.xml
Hair,Hair,39385,00039385,,0,0,1,0,False,False,False,True,missing_string_eqp|missing_handbook|outside_current_equip_pool,gms-server/wz/Character.wz/Hair/00039385.img.xml
Hair,Hair,39386,00039386,,0,0,1,0,False,False,False,True,missing_string_eqp|missing_handbook|outside_current_equip_pool,gms-server/wz/Character.wz/Hair/00039386.img.xml
Hair,Hair,39387,00039387,,0,0,1,0,False,False,False,True,missing_string_eqp|missing_handbook|outside_current_equip_pool,gms-server/wz/Character.wz/Hair/00039387.img.xml
Hair,Hair,39390,00039390,,0,0,1,0,False,False,False,True,missing_string_eqp|missing_handbook|outside_current_equip_pool,gms-server/wz/Character.wz/Hair/00039390.img.xml
Hair,Hair,39391,00039391,,0,0,1,0,False,False,False,True,missing_string_eqp|missing_handbook|outside_current_equip_pool,gms-server/wz/Character.wz/Hair/00039391.img.xml
Hair,Hair,39392,00039392,,0,0,1,0,False,False,False,True,missing_string_eqp|missing_handbook|outside_current_equip_pool,gms-server/wz/Character.wz/Hair/00039392.img.xml
Hair,Hair,39393,00039393,,0,0,1,0,False,False,False,True,missing_string_eqp|missing_handbook|outside_current_equip_pool,gms-server/wz/Character.wz/Hair/00039393.img.xml
Hair,Hair,39394,00039394,,0,0,1,0,False,False,False,True,missing_string_eqp|missing_handbook|outside_current_equip_pool,gms-server/wz/Character.wz/Hair/00039394.img.xml
Hair,Hair,39395,00039395,,0,0,1,0,False,False,False,True,missing_string_eqp|missing_handbook|outside_current_equip_pool,gms-server/wz/Character.wz/Hair/00039395.img.xml
Hair,Hair,39396,00039396,,0,0,1,0,False,False,False,True,missing_string_eqp|missing_handbook|outside_current_equip_pool,gms-server/wz/Character.wz/Hair/00039396.img.xml
Hair,Hair,39397,00039397,,0,0,1,0,False,False,False,True,missing_string_eqp|missing_handbook|outside_current_equip_pool,gms-server/wz/Character.wz/Hair/00039397.img.xml
Hair,Hair,39400,00039400,,0,0,1,0,False,False,False,True,missing_string_eqp|missing_handbook|outside_current_equip_pool,gms-server/wz/Character.wz/Hair/00039400.img.xml
Hair,Hair,39401,00039401,,0,0,1,0,False,False,False,True,missing_string_eqp|missing_handbook|outside_current_equip_pool,gms-server/wz/Character.wz/Hair/00039401.img.xml
Hair,Hair,39402,00039402,,0,0,1,0,False,False,False,True,missing_string_eqp|missing_handbook|outside_current_equip_pool,gms-server/wz/Character.wz/Hair/00039402.img.xml
Hair,Hair,39403,00039403,,0,0,1,0,False,False,False,True,missing_string_eqp|missing_handbook|outside_current_equip_pool,gms-server/wz/Character.wz/Hair/00039403.img.xml
Hair,Hair,39404,00039404,,0,0,1,0,False,False,False,True,missing_string_eqp|missing_handbook|outside_current_equip_pool,gms-server/wz/Character.wz/Hair/00039404.img.xml
Hair,Hair,39405,00039405,,0,0,1,0,False,False,False,True,missing_string_eqp|missing_handbook|outside_current_equip_pool,gms-server/wz/Character.wz/Hair/00039405.img.xml
Hair,Hair,39406,00039406,,0,0,1,0,False,False,False,True,missing_string_eqp|missing_handbook|outside_current_equip_pool,gms-server/wz/Character.wz/Hair/00039406.img.xml
Hair,Hair,39407,00039407,,0,0,1,0,False,False,False,True,missing_string_eqp|missing_handbook|outside_current_equip_pool,gms-server/wz/Character.wz/Hair/00039407.img.xml
Hair,Hair,39410,00039410,,0,0,1,0,False,False,False,True,missing_string_eqp|missing_handbook|outside_current_equip_pool,gms-server/wz/Character.wz/Hair/00039410.img.xml
Hair,Hair,39411,00039411,,0,0,1,0,False,False,False,True,missing_string_eqp|missing_handbook|outside_current_equip_pool,gms-server/wz/Character.wz/Hair/00039411.img.xml
Hair,Hair,39412,00039412,,0,0,1,0,False,False,False,True,missing_string_eqp|missing_handbook|outside_current_equip_pool,gms-server/wz/Character.wz/Hair/00039412.img.xml
Hair,Hair,39413,00039413,,0,0,1,0,False,False,False,True,missing_string_eqp|missing_handbook|outside_current_equip_pool,gms-server/wz/Character.wz/Hair/00039413.img.xml
Hair,Hair,39414,00039414,,0,0,1,0,False,False,False,True,missing_string_eqp|missing_handbook|outside_current_equip_pool,gms-server/wz/Character.wz/Hair/00039414.img.xml
Hair,Hair,39415,00039415,,0,0,1,0,False,False,False,True,missing_string_eqp|missing_handbook|outside_current_equip_pool,gms-server/wz/Character.wz/Hair/00039415.img.xml
Hair,Hair,39416,00039416,,0,0,1,0,False,False,False,True,missing_string_eqp|missing_handbook|outside_current_equip_pool,gms-server/wz/Character.wz/Hair/00039416.img.xml
Hair,Hair,39417,00039417,,0,0,1,0,False,False,False,True,missing_string_eqp|missing_handbook|outside_current_equip_pool,gms-server/wz/Character.wz/Hair/00039417.img.xml
Hair,Hair,39420,00039420,,0,0,1,0,False,False,False,True,missing_string_eqp|missing_handbook|outside_current_equip_pool,gms-server/wz/Character.wz/Hair/00039420.img.xml
Hair,Hair,39421,00039421,,0,0,1,0,False,False,False,True,missing_string_eqp|missing_handbook|outside_current_equip_pool,gms-server/wz/Character.wz/Hair/00039421.img.xml
Hair,Hair,39422,00039422,,0,0,1,0,False,False,False,True,missing_string_eqp|missing_handbook|outside_current_equip_pool,gms-server/wz/Character.wz/Hair/00039422.img.xml
Hair,Hair,39423,00039423,,0,0,1,0,False,False,False,True,missing_string_eqp|missing_handbook|outside_current_equip_pool,gms-server/wz/Character.wz/Hair/00039423.img.xml
Hair,Hair,39424,00039424,,0,0,1,0,False,False,False,True,missing_string_eqp|missing_handbook|outside_current_equip_pool,gms-server/wz/Character.wz/Hair/00039424.img.xml
Hair,Hair,39425,00039425,,0,0,1,0,False,False,False,True,missing_string_eqp|missing_handbook|outside_current_equip_pool,gms-server/wz/Character.wz/Hair/00039425.img.xml
Hair,Hair,39426,00039426,,0,0,1,0,False,False,False,True,missing_string_eqp|missing_handbook|outside_current_equip_pool,gms-server/wz/Character.wz/Hair/00039426.img.xml
Hair,Hair,39427,00039427,,0,0,1,0,False,False,False,True,missing_string_eqp|missing_handbook|outside_current_equip_pool,gms-server/wz/Character.wz/Hair/00039427.img.xml
Hair,Hair,39430,00039430,,0,0,1,0,False,False,False,True,missing_string_eqp|missing_handbook|outside_current_equip_pool,gms-server/wz/Character.wz/Hair/00039430.img.xml
Hair,Hair,39431,00039431,,0,0,1,0,False,False,False,True,missing_string_eqp|missing_handbook|outside_current_equip_pool,gms-server/wz/Character.wz/Hair/00039431.img.xml
Hair,Hair,39432,00039432,,0,0,1,0,False,False,False,True,missing_string_eqp|missing_handbook|outside_current_equip_pool,gms-server/wz/Character.wz/Hair/00039432.img.xml
Hair,Hair,39433,00039433,,0,0,1,0,False,False,False,True,missing_string_eqp|missing_handbook|outside_current_equip_pool,gms-server/wz/Character.wz/Hair/00039433.img.xml
Hair,Hair,39434,00039434,,0,0,1,0,False,False,False,True,missing_string_eqp|missing_handbook|outside_current_equip_pool,gms-server/wz/Character.wz/Hair/00039434.img.xml
Hair,Hair,39435,00039435,,0,0,1,0,False,False,False,True,missing_string_eqp|missing_handbook|outside_current_equip_pool,gms-server/wz/Character.wz/Hair/00039435.img.xml
Hair,Hair,39436,00039436,,0,0,1,0,False,False,False,True,missing_string_eqp|missing_handbook|outside_current_equip_pool,gms-server/wz/Character.wz/Hair/00039436.img.xml
Hair,Hair,39437,00039437,,0,0,1,0,False,False,False,True,missing_string_eqp|missing_handbook|outside_current_equip_pool,gms-server/wz/Character.wz/Hair/00039437.img.xml
Hair,Hair,39440,00039440,,0,0,1,0,False,False,False,True,missing_string_eqp|missing_handbook|outside_current_equip_pool,gms-server/wz/Character.wz/Hair/00039440.img.xml
Hair,Hair,39441,00039441,,0,0,1,0,False,False,False,True,missing_string_eqp|missing_handbook|outside_current_equip_pool,gms-server/wz/Character.wz/Hair/00039441.img.xml
Hair,Hair,39442,00039442,,0,0,1,0,False,False,False,True,missing_string_eqp|missing_handbook|outside_current_equip_pool,gms-server/wz/Character.wz/Hair/00039442.img.xml
Hair,Hair,39443,00039443,,0,0,1,0,False,False,False,True,missing_string_eqp|missing_handbook|outside_current_equip_pool,gms-server/wz/Character.wz/Hair/00039443.img.xml
Hair,Hair,39444,00039444,,0,0,1,0,False,False,False,True,missing_string_eqp|missing_handbook|outside_current_equip_pool,gms-server/wz/Character.wz/Hair/00039444.img.xml
Hair,Hair,39445,00039445,,0,0,1,0,False,False,False,True,missing_string_eqp|missing_handbook|outside_current_equip_pool,gms-server/wz/Character.wz/Hair/00039445.img.xml
Hair,Hair,39446,00039446,,0,0,1,0,False,False,False,True,missing_string_eqp|missing_handbook|outside_current_equip_pool,gms-server/wz/Character.wz/Hair/00039446.img.xml
Hair,Hair,39447,00039447,,0,0,1,0,False,False,False,True,missing_string_eqp|missing_handbook|outside_current_equip_pool,gms-server/wz/Character.wz/Hair/00039447.img.xml
Hair,Hair,39450,00039450,,0,0,1,0,False,False,False,True,missing_string_eqp|missing_handbook|outside_current_equip_pool,gms-server/wz/Character.wz/Hair/00039450.img.xml
Hair,Hair,39451,00039451,,0,0,1,0,False,False,False,True,missing_string_eqp|missing_handbook|outside_current_equip_pool,gms-server/wz/Character.wz/Hair/00039451.img.xml
Hair,Hair,39452,00039452,,0,0,1,0,False,False,False,True,missing_string_eqp|missing_handbook|outside_current_equip_pool,gms-server/wz/Character.wz/Hair/00039452.img.xml
Hair,Hair,39453,00039453,,0,0,1,0,False,False,False,True,missing_string_eqp|missing_handbook|outside_current_equip_pool,gms-server/wz/Character.wz/Hair/00039453.img.xml
Hair,Hair,39454,00039454,,0,0,1,0,False,False,False,True,missing_string_eqp|missing_handbook|outside_current_equip_pool,gms-server/wz/Character.wz/Hair/00039454.img.xml
Hair,Hair,39455,00039455,,0,0,1,0,False,False,False,True,missing_string_eqp|missing_handbook|outside_current_equip_pool,gms-server/wz/Character.wz/Hair/00039455.img.xml
Hair,Hair,39456,00039456,,0,0,1,0,False,False,False,True,missing_string_eqp|missing_handbook|outside_current_equip_pool,gms-server/wz/Character.wz/Hair/00039456.img.xml
Hair,Hair,39457,00039457,,0,0,1,0,False,False,False,True,missing_string_eqp|missing_handbook|outside_current_equip_pool,gms-server/wz/Character.wz/Hair/00039457.img.xml
Hair,Hair,39460,00039460,,0,0,1,0,False,False,False,True,missing_string_eqp|missing_handbook|outside_current_equip_pool,gms-server/wz/Character.wz/Hair/00039460.img.xml
Hair,Hair,39461,00039461,,0,0,1,0,False,False,False,True,missing_string_eqp|missing_handbook|outside_current_equip_pool,gms-server/wz/Character.wz/Hair/00039461.img.xml
Hair,Hair,39462,00039462,,0,0,1,0,False,False,False,True,missing_string_eqp|missing_handbook|outside_current_equip_pool,gms-server/wz/Character.wz/Hair/00039462.img.xml
Hair,Hair,39463,00039463,,0,0,1,0,False,False,False,True,missing_string_eqp|missing_handbook|outside_current_equip_pool,gms-server/wz/Character.wz/Hair/00039463.img.xml
Hair,Hair,39464,00039464,,0,0,1,0,False,False,False,True,missing_string_eqp|missing_handbook|outside_current_equip_pool,gms-server/wz/Character.wz/Hair/00039464.img.xml
Hair,Hair,39465,00039465,,0,0,1,0,False,False,False,True,missing_string_eqp|missing_handbook|outside_current_equip_pool,gms-server/wz/Character.wz/Hair/00039465.img.xml
Hair,Hair,39466,00039466,,0,0,1,0,False,False,False,True,missing_string_eqp|missing_handbook|outside_current_equip_pool,gms-server/wz/Character.wz/Hair/00039466.img.xml
Hair,Hair,39467,00039467,,0,0,1,0,False,False,False,True,missing_string_eqp|missing_handbook|outside_current_equip_pool,gms-server/wz/Character.wz/Hair/00039467.img.xml
Hair,Hair,39470,00039470,,0,0,1,0,False,False,False,True,missing_string_eqp|missing_handbook|outside_current_equip_pool,gms-server/wz/Character.wz/Hair/00039470.img.xml
Hair,Hair,39471,00039471,,0,0,1,0,False,False,False,True,missing_string_eqp|missing_handbook|outside_current_equip_pool,gms-server/wz/Character.wz/Hair/00039471.img.xml
Hair,Hair,39472,00039472,,0,0,1,0,False,False,False,True,missing_string_eqp|missing_handbook|outside_current_equip_pool,gms-server/wz/Character.wz/Hair/00039472.img.xml
Hair,Hair,39473,00039473,,0,0,1,0,False,False,False,True,missing_string_eqp|missing_handbook|outside_current_equip_pool,gms-server/wz/Character.wz/Hair/00039473.img.xml
Hair,Hair,39474,00039474,,0,0,1,0,False,False,False,True,missing_string_eqp|missing_handbook|outside_current_equip_pool,gms-server/wz/Character.wz/Hair/00039474.img.xml
Hair,Hair,39475,00039475,,0,0,1,0,False,False,False,True,missing_string_eqp|missing_handbook|outside_current_equip_pool,gms-server/wz/Character.wz/Hair/00039475.img.xml
Hair,Hair,39476,00039476,,0,0,1,0,False,False,False,True,missing_string_eqp|missing_handbook|outside_current_equip_pool,gms-server/wz/Character.wz/Hair/00039476.img.xml
Hair,Hair,39477,00039477,,0,0,1,0,False,False,False,True,missing_string_eqp|missing_handbook|outside_current_equip_pool,gms-server/wz/Character.wz/Hair/00039477.img.xml
Hair,Hair,39480,00039480,,0,0,1,0,False,False,False,True,missing_string_eqp|missing_handbook|outside_current_equip_pool,gms-server/wz/Character.wz/Hair/00039480.img.xml
Hair,Hair,39481,00039481,,0,0,1,0,False,False,False,True,missing_string_eqp|missing_handbook|outside_current_equip_pool,gms-server/wz/Character.wz/Hair/00039481.img.xml
Hair,Hair,39482,00039482,,0,0,1,0,False,False,False,True,missing_string_eqp|missing_handbook|outside_current_equip_pool,gms-server/wz/Character.wz/Hair/00039482.img.xml
Hair,Hair,39483,00039483,,0,0,1,0,False,False,False,True,missing_string_eqp|missing_handbook|outside_current_equip_pool,gms-server/wz/Character.wz/Hair/00039483.img.xml
Hair,Hair,39484,00039484,,0,0,1,0,False,False,False,True,missing_string_eqp|missing_handbook|outside_current_equip_pool,gms-server/wz/Character.wz/Hair/00039484.img.xml
Hair,Hair,39485,00039485,,0,0,1,0,False,False,False,True,missing_string_eqp|missing_handbook|outside_current_equip_pool,gms-server/wz/Character.wz/Hair/00039485.img.xml
Hair,Hair,39486,00039486,,0,0,1,0,False,False,False,True,missing_string_eqp|missing_handbook|outside_current_equip_pool,gms-server/wz/Character.wz/Hair/00039486.img.xml
Hair,Hair,39487,00039487,,0,0,1,0,False,False,False,True,missing_string_eqp|missing_handbook|outside_current_equip_pool,gms-server/wz/Character.wz/Hair/00039487.img.xml
Hair,Hair,39490,00039490,,0,0,1,0,False,False,False,True,missing_string_eqp|missing_handbook|outside_current_equip_pool,gms-server/wz/Character.wz/Hair/00039490.img.xml
Hair,Hair,39491,00039491,,0,0,1,0,False,False,False,True,missing_string_eqp|missing_handbook|outside_current_equip_pool,gms-server/wz/Character.wz/Hair/00039491.img.xml
Hair,Hair,39492,00039492,,0,0,1,0,False,False,False,True,missing_string_eqp|missing_handbook|outside_current_equip_pool,gms-server/wz/Character.wz/Hair/00039492.img.xml
Hair,Hair,39493,00039493,,0,0,1,0,False,False,False,True,missing_string_eqp|missing_handbook|outside_current_equip_pool,gms-server/wz/Character.wz/Hair/00039493.img.xml
Hair,Hair,39494,00039494,,0,0,1,0,False,False,False,True,missing_string_eqp|missing_handbook|outside_current_equip_pool,gms-server/wz/Character.wz/Hair/00039494.img.xml
Hair,Hair,39495,00039495,,0,0,1,0,False,False,False,True,missing_string_eqp|missing_handbook|outside_current_equip_pool,gms-server/wz/Character.wz/Hair/00039495.img.xml
Hair,Hair,39496,00039496,,0,0,1,0,False,False,False,True,missing_string_eqp|missing_handbook|outside_current_equip_pool,gms-server/wz/Character.wz/Hair/00039496.img.xml
Hair,Hair,39497,00039497,,0,0,1,0,False,False,False,True,missing_string_eqp|missing_handbook|outside_current_equip_pool,gms-server/wz/Character.wz/Hair/00039497.img.xml
Hair,Hair,39500,00039500,,0,0,1,0,False,False,False,True,missing_string_eqp|missing_handbook|outside_current_equip_pool,gms-server/wz/Character.wz/Hair/00039500.img.xml
Hair,Hair,39501,00039501,,0,0,1,0,False,False,False,True,missing_string_eqp|missing_handbook|outside_current_equip_pool,gms-server/wz/Character.wz/Hair/00039501.img.xml
Hair,Hair,39502,00039502,,0,0,1,0,False,False,False,True,missing_string_eqp|missing_handbook|outside_current_equip_pool,gms-server/wz/Character.wz/Hair/00039502.img.xml
Hair,Hair,39503,00039503,,0,0,1,0,False,False,False,True,missing_string_eqp|missing_handbook|outside_current_equip_pool,gms-server/wz/Character.wz/Hair/00039503.img.xml
Hair,Hair,39504,00039504,,0,0,1,0,False,False,False,True,missing_string_eqp|missing_handbook|outside_current_equip_pool,gms-server/wz/Character.wz/Hair/00039504.img.xml
Hair,Hair,39505,00039505,,0,0,1,0,False,False,False,True,missing_string_eqp|missing_handbook|outside_current_equip_pool,gms-server/wz/Character.wz/Hair/00039505.img.xml
Hair,Hair,39506,00039506,,0,0,1,0,False,False,False,True,missing_string_eqp|missing_handbook|outside_current_equip_pool,gms-server/wz/Character.wz/Hair/00039506.img.xml
Hair,Hair,39507,00039507,,0,0,1,0,False,False,False,True,missing_string_eqp|missing_handbook|outside_current_equip_pool,gms-server/wz/Character.wz/Hair/00039507.img.xml
Hair,Hair,39510,00039510,,0,0,1,0,False,False,False,True,missing_string_eqp|missing_handbook|outside_current_equip_pool,gms-server/wz/Character.wz/Hair/00039510.img.xml
Hair,Hair,39511,00039511,,0,0,1,0,False,False,False,True,missing_string_eqp|missing_handbook|outside_current_equip_pool,gms-server/wz/Character.wz/Hair/00039511.img.xml
Hair,Hair,39512,00039512,,0,0,1,0,False,False,False,True,missing_string_eqp|missing_handbook|outside_current_equip_pool,gms-server/wz/Character.wz/Hair/00039512.img.xml
Hair,Hair,39513,00039513,,0,0,1,0,False,False,False,True,missing_string_eqp|missing_handbook|outside_current_equip_pool,gms-server/wz/Character.wz/Hair/00039513.img.xml
Hair,Hair,39514,00039514,,0,0,1,0,False,False,False,True,missing_string_eqp|missing_handbook|outside_current_equip_pool,gms-server/wz/Character.wz/Hair/00039514.img.xml
Hair,Hair,39515,00039515,,0,0,1,0,False,False,False,True,missing_string_eqp|missing_handbook|outside_current_equip_pool,gms-server/wz/Character.wz/Hair/00039515.img.xml
Hair,Hair,39516,00039516,,0,0,1,0,False,False,False,True,missing_string_eqp|missing_handbook|outside_current_equip_pool,gms-server/wz/Character.wz/Hair/00039516.img.xml
Hair,Hair,39517,00039517,,0,0,1,0,False,False,False,True,missing_string_eqp|missing_handbook|outside_current_equip_pool,gms-server/wz/Character.wz/Hair/00039517.img.xml
Hair,Hair,39520,00039520,,0,0,1,0,False,False,False,True,missing_string_eqp|missing_handbook|outside_current_equip_pool,gms-server/wz/Character.wz/Hair/00039520.img.xml
Hair,Hair,39521,00039521,,0,0,1,0,False,False,False,True,missing_string_eqp|missing_handbook|outside_current_equip_pool,gms-server/wz/Character.wz/Hair/00039521.img.xml
Hair,Hair,39522,00039522,,0,0,1,0,False,False,False,True,missing_string_eqp|missing_handbook|outside_current_equip_pool,gms-server/wz/Character.wz/Hair/00039522.img.xml
Hair,Hair,39523,00039523,,0,0,1,0,False,False,False,True,missing_string_eqp|missing_handbook|outside_current_equip_pool,gms-server/wz/Character.wz/Hair/00039523.img.xml
Hair,Hair,39524,00039524,,0,0,1,0,False,False,False,True,missing_string_eqp|missing_handbook|outside_current_equip_pool,gms-server/wz/Character.wz/Hair/00039524.img.xml
Hair,Hair,39525,00039525,,0,0,1,0,False,False,False,True,missing_string_eqp|missing_handbook|outside_current_equip_pool,gms-server/wz/Character.wz/Hair/00039525.img.xml
Hair,Hair,39526,00039526,,0,0,1,0,False,False,False,True,missing_string_eqp|missing_handbook|outside_current_equip_pool,gms-server/wz/Character.wz/Hair/00039526.img.xml
Hair,Hair,39527,00039527,,0,0,1,0,False,False,False,True,missing_string_eqp|missing_handbook|outside_current_equip_pool,gms-server/wz/Character.wz/Hair/00039527.img.xml
Hair,Hair,39530,00039530,,0,0,1,0,False,False,False,True,missing_string_eqp|missing_handbook|outside_current_equip_pool,gms-server/wz/Character.wz/Hair/00039530.img.xml
Hair,Hair,39531,00039531,,0,0,1,0,False,False,False,True,missing_string_eqp|missing_handbook|outside_current_equip_pool,gms-server/wz/Character.wz/Hair/00039531.img.xml
Hair,Hair,39532,00039532,,0,0,1,0,False,False,False,True,missing_string_eqp|missing_handbook|outside_current_equip_pool,gms-server/wz/Character.wz/Hair/00039532.img.xml
Hair,Hair,39533,00039533,,0,0,1,0,False,False,False,True,missing_string_eqp|missing_handbook|outside_current_equip_pool,gms-server/wz/Character.wz/Hair/00039533.img.xml
Hair,Hair,39534,00039534,,0,0,1,0,False,False,False,True,missing_string_eqp|missing_handbook|outside_current_equip_pool,gms-server/wz/Character.wz/Hair/00039534.img.xml
Hair,Hair,39535,00039535,,0,0,1,0,False,False,False,True,missing_string_eqp|missing_handbook|outside_current_equip_pool,gms-server/wz/Character.wz/Hair/00039535.img.xml
Hair,Hair,39536,00039536,,0,0,1,0,False,False,False,True,missing_string_eqp|missing_handbook|outside_current_equip_pool,gms-server/wz/Character.wz/Hair/00039536.img.xml
Hair,Hair,39537,00039537,,0,0,1,0,False,False,False,True,missing_string_eqp|missing_handbook|outside_current_equip_pool,gms-server/wz/Character.wz/Hair/00039537.img.xml
Hair,Hair,39540,00039540,,0,0,1,0,False,False,False,True,missing_string_eqp|missing_handbook|outside_current_equip_pool,gms-server/wz/Character.wz/Hair/00039540.img.xml
Hair,Hair,39541,00039541,,0,0,1,0,False,False,False,True,missing_string_eqp|missing_handbook|outside_current_equip_pool,gms-server/wz/Character.wz/Hair/00039541.img.xml
Hair,Hair,39542,00039542,,0,0,1,0,False,False,False,True,missing_string_eqp|missing_handbook|outside_current_equip_pool,gms-server/wz/Character.wz/Hair/00039542.img.xml
Hair,Hair,39543,00039543,,0,0,1,0,False,False,False,True,missing_string_eqp|missing_handbook|outside_current_equip_pool,gms-server/wz/Character.wz/Hair/00039543.img.xml
Hair,Hair,39544,00039544,,0,0,1,0,False,False,False,True,missing_string_eqp|missing_handbook|outside_current_equip_pool,gms-server/wz/Character.wz/Hair/00039544.img.xml
Hair,Hair,39545,00039545,,0,0,1,0,False,False,False,True,missing_string_eqp|missing_handbook|outside_current_equip_pool,gms-server/wz/Character.wz/Hair/00039545.img.xml
Hair,Hair,39546,00039546,,0,0,1,0,False,False,False,True,missing_string_eqp|missing_handbook|outside_current_equip_pool,gms-server/wz/Character.wz/Hair/00039546.img.xml
Hair,Hair,39547,00039547,,0,0,1,0,False,False,False,True,missing_string_eqp|missing_handbook|outside_current_equip_pool,gms-server/wz/Character.wz/Hair/00039547.img.xml
Hair,Hair,39550,00039550,,0,0,1,0,False,False,False,True,missing_string_eqp|missing_handbook|outside_current_equip_pool,gms-server/wz/Character.wz/Hair/00039550.img.xml
Hair,Hair,39551,00039551,,0,0,1,0,False,False,False,True,missing_string_eqp|missing_handbook|outside_current_equip_pool,gms-server/wz/Character.wz/Hair/00039551.img.xml
Hair,Hair,39552,00039552,,0,0,1,0,False,False,False,True,missing_string_eqp|missing_handbook|outside_current_equip_pool,gms-server/wz/Character.wz/Hair/00039552.img.xml
Hair,Hair,39553,00039553,,0,0,1,0,False,False,False,True,missing_string_eqp|missing_handbook|outside_current_equip_pool,gms-server/wz/Character.wz/Hair/00039553.img.xml
Hair,Hair,39554,00039554,,0,0,1,0,False,False,False,True,missing_string_eqp|missing_handbook|outside_current_equip_pool,gms-server/wz/Character.wz/Hair/00039554.img.xml
Hair,Hair,39555,00039555,,0,0,1,0,False,False,False,True,missing_string_eqp|missing_handbook|outside_current_equip_pool,gms-server/wz/Character.wz/Hair/00039555.img.xml
Hair,Hair,39556,00039556,,0,0,1,0,False,False,False,True,missing_string_eqp|missing_handbook|outside_current_equip_pool,gms-server/wz/Character.wz/Hair/00039556.img.xml
Hair,Hair,39557,00039557,,0,0,1,0,False,False,False,True,missing_string_eqp|missing_handbook|outside_current_equip_pool,gms-server/wz/Character.wz/Hair/00039557.img.xml
Hair,Hair,39560,00039560,,0,0,1,0,False,False,False,True,missing_string_eqp|missing_handbook|outside_current_equip_pool,gms-server/wz/Character.wz/Hair/00039560.img.xml
Hair,Hair,39561,00039561,,0,0,1,0,False,False,False,True,missing_string_eqp|missing_handbook|outside_current_equip_pool,gms-server/wz/Character.wz/Hair/00039561.img.xml
Hair,Hair,39562,00039562,,0,0,1,0,False,False,False,True,missing_string_eqp|missing_handbook|outside_current_equip_pool,gms-server/wz/Character.wz/Hair/00039562.img.xml
Hair,Hair,39563,00039563,,0,0,1,0,False,False,False,True,missing_string_eqp|missing_handbook|outside_current_equip_pool,gms-server/wz/Character.wz/Hair/00039563.img.xml
Hair,Hair,39564,00039564,,0,0,1,0,False,False,False,True,missing_string_eqp|missing_handbook|outside_current_equip_pool,gms-server/wz/Character.wz/Hair/00039564.img.xml
Hair,Hair,39565,00039565,,0,0,1,0,False,False,False,True,missing_string_eqp|missing_handbook|outside_current_equip_pool,gms-server/wz/Character.wz/Hair/00039565.img.xml
Hair,Hair,39566,00039566,,0,0,1,0,False,False,False,True,missing_string_eqp|missing_handbook|outside_current_equip_pool,gms-server/wz/Character.wz/Hair/00039566.img.xml
Hair,Hair,39567,00039567,,0,0,1,0,False,False,False,True,missing_string_eqp|missing_handbook|outside_current_equip_pool,gms-server/wz/Character.wz/Hair/00039567.img.xml
Hair,Hair,39570,00039570,,0,0,1,0,False,False,False,True,missing_string_eqp|missing_handbook|outside_current_equip_pool,gms-server/wz/Character.wz/Hair/00039570.img.xml
Hair,Hair,39571,00039571,,0,0,1,0,False,False,False,True,missing_string_eqp|missing_handbook|outside_current_equip_pool,gms-server/wz/Character.wz/Hair/00039571.img.xml
Hair,Hair,39572,00039572,,0,0,1,0,False,False,False,True,missing_string_eqp|missing_handbook|outside_current_equip_pool,gms-server/wz/Character.wz/Hair/00039572.img.xml
Hair,Hair,39573,00039573,,0,0,1,0,False,False,False,True,missing_string_eqp|missing_handbook|outside_current_equip_pool,gms-server/wz/Character.wz/Hair/00039573.img.xml
Hair,Hair,39574,00039574,,0,0,1,0,False,False,False,True,missing_string_eqp|missing_handbook|outside_current_equip_pool,gms-server/wz/Character.wz/Hair/00039574.img.xml
Hair,Hair,39575,00039575,,0,0,1,0,False,False,False,True,missing_string_eqp|missing_handbook|outside_current_equip_pool,gms-server/wz/Character.wz/Hair/00039575.img.xml
Hair,Hair,39576,00039576,,0,0,1,0,False,False,False,True,missing_string_eqp|missing_handbook|outside_current_equip_pool,gms-server/wz/Character.wz/Hair/00039576.img.xml
Hair,Hair,39577,00039577,,0,0,1,0,False,False,False,True,missing_string_eqp|missing_handbook|outside_current_equip_pool,gms-server/wz/Character.wz/Hair/00039577.img.xml
Hair,Hair,39580,00039580,,0,0,1,0,False,False,False,True,missing_string_eqp|missing_handbook|outside_current_equip_pool,gms-server/wz/Character.wz/Hair/00039580.img.xml
Hair,Hair,39581,00039581,,0,0,1,0,False,False,False,True,missing_string_eqp|missing_handbook|outside_current_equip_pool,gms-server/wz/Character.wz/Hair/00039581.img.xml
Hair,Hair,39582,00039582,,0,0,1,0,False,False,False,True,missing_string_eqp|missing_handbook|outside_current_equip_pool,gms-server/wz/Character.wz/Hair/00039582.img.xml
Hair,Hair,39583,00039583,,0,0,1,0,False,False,False,True,missing_string_eqp|missing_handbook|outside_current_equip_pool,gms-server/wz/Character.wz/Hair/00039583.img.xml
Hair,Hair,39584,00039584,,0,0,1,0,False,False,False,True,missing_string_eqp|missing_handbook|outside_current_equip_pool,gms-server/wz/Character.wz/Hair/00039584.img.xml
Hair,Hair,39585,00039585,,0,0,1,0,False,False,False,True,missing_string_eqp|missing_handbook|outside_current_equip_pool,gms-server/wz/Character.wz/Hair/00039585.img.xml
Hair,Hair,39586,00039586,,0,0,1,0,False,False,False,True,missing_string_eqp|missing_handbook|outside_current_equip_pool,gms-server/wz/Character.wz/Hair/00039586.img.xml
Hair,Hair,39587,00039587,,0,0,1,0,False,False,False,True,missing_string_eqp|missing_handbook|outside_current_equip_pool,gms-server/wz/Character.wz/Hair/00039587.img.xml
Hair,Hair,39590,00039590,,0,0,1,0,False,False,False,True,missing_string_eqp|missing_handbook|outside_current_equip_pool,gms-server/wz/Character.wz/Hair/00039590.img.xml
Hair,Hair,39591,00039591,,0,0,1,0,False,False,False,True,missing_string_eqp|missing_handbook|outside_current_equip_pool,gms-server/wz/Character.wz/Hair/00039591.img.xml
Hair,Hair,39592,00039592,,0,0,1,0,False,False,False,True,missing_string_eqp|missing_handbook|outside_current_equip_pool,gms-server/wz/Character.wz/Hair/00039592.img.xml
Hair,Hair,39593,00039593,,0,0,1,0,False,False,False,True,missing_string_eqp|missing_handbook|outside_current_equip_pool,gms-server/wz/Character.wz/Hair/00039593.img.xml
Hair,Hair,39594,00039594,,0,0,1,0,False,False,False,True,missing_string_eqp|missing_handbook|outside_current_equip_pool,gms-server/wz/Character.wz/Hair/00039594.img.xml
Hair,Hair,39595,00039595,,0,0,1,0,False,False,False,True,missing_string_eqp|missing_handbook|outside_current_equip_pool,gms-server/wz/Character.wz/Hair/00039595.img.xml
Hair,Hair,39596,00039596,,0,0,1,0,False,False,False,True,missing_string_eqp|missing_handbook|outside_current_equip_pool,gms-server/wz/Character.wz/Hair/00039596.img.xml
Hair,Hair,39597,00039597,,0,0,1,0,False,False,False,True,missing_string_eqp|missing_handbook|outside_current_equip_pool,gms-server/wz/Character.wz/Hair/00039597.img.xml
Hair,Hair,39600,00039600,,0,0,1,0,False,False,False,True,missing_string_eqp|missing_handbook|outside_current_equip_pool,gms-server/wz/Character.wz/Hair/00039600.img.xml
Hair,Hair,39601,00039601,,0,0,1,0,False,False,False,True,missing_string_eqp|missing_handbook|outside_current_equip_pool,gms-server/wz/Character.wz/Hair/00039601.img.xml
Hair,Hair,39602,00039602,,0,0,1,0,False,False,False,True,missing_string_eqp|missing_handbook|outside_current_equip_pool,gms-server/wz/Character.wz/Hair/00039602.img.xml
Hair,Hair,39603,00039603,,0,0,1,0,False,False,False,True,missing_string_eqp|missing_handbook|outside_current_equip_pool,gms-server/wz/Character.wz/Hair/00039603.img.xml
Hair,Hair,39604,00039604,,0,0,1,0,False,False,False,True,missing_string_eqp|missing_handbook|outside_current_equip_pool,gms-server/wz/Character.wz/Hair/00039604.img.xml
Hair,Hair,39605,00039605,,0,0,1,0,False,False,False,True,missing_string_eqp|missing_handbook|outside_current_equip_pool,gms-server/wz/Character.wz/Hair/00039605.img.xml
Hair,Hair,39606,00039606,,0,0,1,0,False,False,False,True,missing_string_eqp|missing_handbook|outside_current_equip_pool,gms-server/wz/Character.wz/Hair/00039606.img.xml
Hair,Hair,39607,00039607,,0,0,1,0,False,False,False,True,missing_string_eqp|missing_handbook|outside_current_equip_pool,gms-server/wz/Character.wz/Hair/00039607.img.xml
Hair,Hair,39610,00039610,,0,0,1,0,False,False,False,True,missing_string_eqp|missing_handbook|outside_current_equip_pool,gms-server/wz/Character.wz/Hair/00039610.img.xml
Hair,Hair,39611,00039611,,0,0,1,0,False,False,False,True,missing_string_eqp|missing_handbook|outside_current_equip_pool,gms-server/wz/Character.wz/Hair/00039611.img.xml
Hair,Hair,39612,00039612,,0,0,1,0,False,False,False,True,missing_string_eqp|missing_handbook|outside_current_equip_pool,gms-server/wz/Character.wz/Hair/00039612.img.xml
Hair,Hair,39613,00039613,,0,0,1,0,False,False,False,True,missing_string_eqp|missing_handbook|outside_current_equip_pool,gms-server/wz/Character.wz/Hair/00039613.img.xml
Hair,Hair,39614,00039614,,0,0,1,0,False,False,False,True,missing_string_eqp|missing_handbook|outside_current_equip_pool,gms-server/wz/Character.wz/Hair/00039614.img.xml
Hair,Hair,39615,00039615,,0,0,1,0,False,False,False,True,missing_string_eqp|missing_handbook|outside_current_equip_pool,gms-server/wz/Character.wz/Hair/00039615.img.xml
Hair,Hair,39616,00039616,,0,0,1,0,False,False,False,True,missing_string_eqp|missing_handbook|outside_current_equip_pool,gms-server/wz/Character.wz/Hair/00039616.img.xml
Hair,Hair,39617,00039617,,0,0,1,0,False,False,False,True,missing_string_eqp|missing_handbook|outside_current_equip_pool,gms-server/wz/Character.wz/Hair/00039617.img.xml
Hair,Hair,39620,00039620,,0,0,1,0,False,False,False,True,missing_string_eqp|missing_handbook|outside_current_equip_pool,gms-server/wz/Character.wz/Hair/00039620.img.xml
Hair,Hair,39621,00039621,,0,0,1,0,False,False,False,True,missing_string_eqp|missing_handbook|outside_current_equip_pool,gms-server/wz/Character.wz/Hair/00039621.img.xml
Hair,Hair,39622,00039622,,0,0,1,0,False,False,False,True,missing_string_eqp|missing_handbook|outside_current_equip_pool,gms-server/wz/Character.wz/Hair/00039622.img.xml
Hair,Hair,39623,00039623,,0,0,1,0,False,False,False,True,missing_string_eqp|missing_handbook|outside_current_equip_pool,gms-server/wz/Character.wz/Hair/00039623.img.xml
Hair,Hair,39624,00039624,,0,0,1,0,False,False,False,True,missing_string_eqp|missing_handbook|outside_current_equip_pool,gms-server/wz/Character.wz/Hair/00039624.img.xml
Hair,Hair,39625,00039625,,0,0,1,0,False,False,False,True,missing_string_eqp|missing_handbook|outside_current_equip_pool,gms-server/wz/Character.wz/Hair/00039625.img.xml
Hair,Hair,39626,00039626,,0,0,1,0,False,False,False,True,missing_string_eqp|missing_handbook|outside_current_equip_pool,gms-server/wz/Character.wz/Hair/00039626.img.xml
Hair,Hair,39627,00039627,,0,0,1,0,False,False,False,True,missing_string_eqp|missing_handbook|outside_current_equip_pool,gms-server/wz/Character.wz/Hair/00039627.img.xml
Hair,Hair,39630,00039630,,0,0,1,0,False,False,False,True,missing_string_eqp|missing_handbook|outside_current_equip_pool,gms-server/wz/Character.wz/Hair/00039630.img.xml
Hair,Hair,39631,00039631,,0,0,1,0,False,False,False,True,missing_string_eqp|missing_handbook|outside_current_equip_pool,gms-server/wz/Character.wz/Hair/00039631.img.xml
Hair,Hair,39632,00039632,,0,0,1,0,False,False,False,True,missing_string_eqp|missing_handbook|outside_current_equip_pool,gms-server/wz/Character.wz/Hair/00039632.img.xml
Hair,Hair,39633,00039633,,0,0,1,0,False,False,False,True,missing_string_eqp|missing_handbook|outside_current_equip_pool,gms-server/wz/Character.wz/Hair/00039633.img.xml
Hair,Hair,39634,00039634,,0,0,1,0,False,False,False,True,missing_string_eqp|missing_handbook|outside_current_equip_pool,gms-server/wz/Character.wz/Hair/00039634.img.xml
Hair,Hair,39635,00039635,,0,0,1,0,False,False,False,True,missing_string_eqp|missing_handbook|outside_current_equip_pool,gms-server/wz/Character.wz/Hair/00039635.img.xml
Hair,Hair,39636,00039636,,0,0,1,0,False,False,False,True,missing_string_eqp|missing_handbook|outside_current_equip_pool,gms-server/wz/Character.wz/Hair/00039636.img.xml
Hair,Hair,39637,00039637,,0,0,1,0,False,False,False,True,missing_string_eqp|missing_handbook|outside_current_equip_pool,gms-server/wz/Character.wz/Hair/00039637.img.xml
Hair,Hair,39640,00039640,,0,0,0,0,False,False,False,True,missing_string_eqp|missing_handbook|outside_current_equip_pool,gms-server/wz/Character.wz/Hair/00039640.img.xml
Hair,Hair,39641,00039641,,0,0,0,0,False,False,False,True,missing_string_eqp|missing_handbook|outside_current_equip_pool,gms-server/wz/Character.wz/Hair/00039641.img.xml
Hair,Hair,39642,00039642,,0,0,0,0,False,False,False,True,missing_string_eqp|missing_handbook|outside_current_equip_pool,gms-server/wz/Character.wz/Hair/00039642.img.xml
Hair,Hair,39643,00039643,,0,0,0,0,False,False,False,True,missing_string_eqp|missing_handbook|outside_current_equip_pool,gms-server/wz/Character.wz/Hair/00039643.img.xml
Hair,Hair,39644,00039644,,0,0,0,0,False,False,False,True,missing_string_eqp|missing_handbook|outside_current_equip_pool,gms-server/wz/Character.wz/Hair/00039644.img.xml
Hair,Hair,39645,00039645,,0,0,0,0,False,False,False,True,missing_string_eqp|missing_handbook|outside_current_equip_pool,gms-server/wz/Character.wz/Hair/00039645.img.xml
Hair,Hair,39646,00039646,,0,0,0,0,False,False,False,True,missing_string_eqp|missing_handbook|outside_current_equip_pool,gms-server/wz/Character.wz/Hair/00039646.img.xml
Hair,Hair,39647,00039647,,0,0,0,0,False,False,False,True,missing_string_eqp|missing_handbook|outside_current_equip_pool,gms-server/wz/Character.wz/Hair/00039647.img.xml
Hair,Hair,39650,00039650,,0,0,1,0,False,False,False,True,missing_string_eqp|missing_handbook|outside_current_equip_pool,gms-server/wz/Character.wz/Hair/00039650.img.xml
Hair,Hair,39651,00039651,,0,0,1,0,False,False,False,True,missing_string_eqp|missing_handbook|outside_current_equip_pool,gms-server/wz/Character.wz/Hair/00039651.img.xml
Hair,Hair,39652,00039652,,0,0,1,0,False,False,False,True,missing_string_eqp|missing_handbook|outside_current_equip_pool,gms-server/wz/Character.wz/Hair/00039652.img.xml
Hair,Hair,39653,00039653,,0,0,1,0,False,False,False,True,missing_string_eqp|missing_handbook|outside_current_equip_pool,gms-server/wz/Character.wz/Hair/00039653.img.xml
Hair,Hair,39654,00039654,,0,0,1,0,False,False,False,True,missing_string_eqp|missing_handbook|outside_current_equip_pool,gms-server/wz/Character.wz/Hair/00039654.img.xml
Hair,Hair,39655,00039655,,0,0,1,0,False,False,False,True,missing_string_eqp|missing_handbook|outside_current_equip_pool,gms-server/wz/Character.wz/Hair/00039655.img.xml
Hair,Hair,39656,00039656,,0,0,1,0,False,False,False,True,missing_string_eqp|missing_handbook|outside_current_equip_pool,gms-server/wz/Character.wz/Hair/00039656.img.xml
Hair,Hair,39657,00039657,,0,0,1,0,False,False,False,True,missing_string_eqp|missing_handbook|outside_current_equip_pool,gms-server/wz/Character.wz/Hair/00039657.img.xml
Hair,Hair,39660,00039660,,0,0,1,0,False,False,False,True,missing_string_eqp|missing_handbook|outside_current_equip_pool,gms-server/wz/Character.wz/Hair/00039660.img.xml
Hair,Hair,39661,00039661,,0,0,1,0,False,False,False,True,missing_string_eqp|missing_handbook|outside_current_equip_pool,gms-server/wz/Character.wz/Hair/00039661.img.xml
Hair,Hair,39662,00039662,,0,0,1,0,False,False,False,True,missing_string_eqp|missing_handbook|outside_current_equip_pool,gms-server/wz/Character.wz/Hair/00039662.img.xml
Hair,Hair,39663,00039663,,0,0,1,0,False,False,False,True,missing_string_eqp|missing_handbook|outside_current_equip_pool,gms-server/wz/Character.wz/Hair/00039663.img.xml
Hair,Hair,39664,00039664,,0,0,1,0,False,False,False,True,missing_string_eqp|missing_handbook|outside_current_equip_pool,gms-server/wz/Character.wz/Hair/00039664.img.xml
Hair,Hair,39665,00039665,,0,0,1,0,False,False,False,True,missing_string_eqp|missing_handbook|outside_current_equip_pool,gms-server/wz/Character.wz/Hair/00039665.img.xml
Hair,Hair,39666,00039666,,0,0,1,0,False,False,False,True,missing_string_eqp|missing_handbook|outside_current_equip_pool,gms-server/wz/Character.wz/Hair/00039666.img.xml
Hair,Hair,39667,00039667,,0,0,1,0,False,False,False,True,missing_string_eqp|missing_handbook|outside_current_equip_pool,gms-server/wz/Character.wz/Hair/00039667.img.xml
Hair,Hair,39670,00039670,,0,0,1,0,False,False,False,True,missing_string_eqp|missing_handbook|outside_current_equip_pool,gms-server/wz/Character.wz/Hair/00039670.img.xml
Hair,Hair,39671,00039671,,0,0,1,0,False,False,False,True,missing_string_eqp|missing_handbook|outside_current_equip_pool,gms-server/wz/Character.wz/Hair/00039671.img.xml
Hair,Hair,39672,00039672,,0,0,1,0,False,False,False,True,missing_string_eqp|missing_handbook|outside_current_equip_pool,gms-server/wz/Character.wz/Hair/00039672.img.xml
Hair,Hair,39673,00039673,,0,0,1,0,False,False,False,True,missing_string_eqp|missing_handbook|outside_current_equip_pool,gms-server/wz/Character.wz/Hair/00039673.img.xml
Hair,Hair,39674,00039674,,0,0,1,0,False,False,False,True,missing_string_eqp|missing_handbook|outside_current_equip_pool,gms-server/wz/Character.wz/Hair/00039674.img.xml
Hair,Hair,39675,00039675,,0,0,1,0,False,False,False,True,missing_string_eqp|missing_handbook|outside_current_equip_pool,gms-server/wz/Character.wz/Hair/00039675.img.xml
Hair,Hair,39676,00039676,,0,0,1,0,False,False,False,True,missing_string_eqp|missing_handbook|outside_current_equip_pool,gms-server/wz/Character.wz/Hair/00039676.img.xml
Hair,Hair,39677,00039677,,0,0,1,0,False,False,False,True,missing_string_eqp|missing_handbook|outside_current_equip_pool,gms-server/wz/Character.wz/Hair/00039677.img.xml
Hair,Hair,39680,00039680,,0,0,1,0,False,False,False,True,missing_string_eqp|missing_handbook|outside_current_equip_pool,gms-server/wz/Character.wz/Hair/00039680.img.xml
Hair,Hair,39681,00039681,,0,0,1,0,False,False,False,True,missing_string_eqp|missing_handbook|outside_current_equip_pool,gms-server/wz/Character.wz/Hair/00039681.img.xml
Hair,Hair,39682,00039682,,0,0,1,0,False,False,False,True,missing_string_eqp|missing_handbook|outside_current_equip_pool,gms-server/wz/Character.wz/Hair/00039682.img.xml
Hair,Hair,39683,00039683,,0,0,1,0,False,False,False,True,missing_string_eqp|missing_handbook|outside_current_equip_pool,gms-server/wz/Character.wz/Hair/00039683.img.xml
Hair,Hair,39684,00039684,,0,0,1,0,False,False,False,True,missing_string_eqp|missing_handbook|outside_current_equip_pool,gms-server/wz/Character.wz/Hair/00039684.img.xml
Hair,Hair,39685,00039685,,0,0,1,0,False,False,False,True,missing_string_eqp|missing_handbook|outside_current_equip_pool,gms-server/wz/Character.wz/Hair/00039685.img.xml
Hair,Hair,39686,00039686,,0,0,1,0,False,False,False,True,missing_string_eqp|missing_handbook|outside_current_equip_pool,gms-server/wz/Character.wz/Hair/00039686.img.xml
Hair,Hair,39687,00039687,,0,0,1,0,False,False,False,True,missing_string_eqp|missing_handbook|outside_current_equip_pool,gms-server/wz/Character.wz/Hair/00039687.img.xml
Hair,Hair,39690,00039690,,0,0,1,0,False,False,False,True,missing_string_eqp|missing_handbook|outside_current_equip_pool,gms-server/wz/Character.wz/Hair/00039690.img.xml
Hair,Hair,39691,00039691,,0,0,1,0,False,False,False,True,missing_string_eqp|missing_handbook|outside_current_equip_pool,gms-server/wz/Character.wz/Hair/00039691.img.xml
Hair,Hair,39692,00039692,,0,0,1,0,False,False,False,True,missing_string_eqp|missing_handbook|outside_current_equip_pool,gms-server/wz/Character.wz/Hair/00039692.img.xml
Hair,Hair,39693,00039693,,0,0,1,0,False,False,False,True,missing_string_eqp|missing_handbook|outside_current_equip_pool,gms-server/wz/Character.wz/Hair/00039693.img.xml
Hair,Hair,39694,00039694,,0,0,1,0,False,False,False,True,missing_string_eqp|missing_handbook|outside_current_equip_pool,gms-server/wz/Character.wz/Hair/00039694.img.xml
Hair,Hair,39695,00039695,,0,0,1,0,False,False,False,True,missing_string_eqp|missing_handbook|outside_current_equip_pool,gms-server/wz/Character.wz/Hair/00039695.img.xml
Hair,Hair,39696,00039696,,0,0,1,0,False,False,False,True,missing_string_eqp|missing_handbook|outside_current_equip_pool,gms-server/wz/Character.wz/Hair/00039696.img.xml
Hair,Hair,39697,00039697,,0,0,1,0,False,False,False,True,missing_string_eqp|missing_handbook|outside_current_equip_pool,gms-server/wz/Character.wz/Hair/00039697.img.xml
Hair,Hair,39700,00039700,,0,0,1,0,False,False,False,True,missing_string_eqp|missing_handbook|outside_current_equip_pool,gms-server/wz/Character.wz/Hair/00039700.img.xml
Hair,Hair,39701,00039701,,0,0,1,0,False,False,False,True,missing_string_eqp|missing_handbook|outside_current_equip_pool,gms-server/wz/Character.wz/Hair/00039701.img.xml
Hair,Hair,39702,00039702,,0,0,1,0,False,False,False,True,missing_string_eqp|missing_handbook|outside_current_equip_pool,gms-server/wz/Character.wz/Hair/00039702.img.xml
Hair,Hair,39703,00039703,,0,0,1,0,False,False,False,True,missing_string_eqp|missing_handbook|outside_current_equip_pool,gms-server/wz/Character.wz/Hair/00039703.img.xml
Hair,Hair,39704,00039704,,0,0,1,0,False,False,False,True,missing_string_eqp|missing_handbook|outside_current_equip_pool,gms-server/wz/Character.wz/Hair/00039704.img.xml
Hair,Hair,39705,00039705,,0,0,1,0,False,False,False,True,missing_string_eqp|missing_handbook|outside_current_equip_pool,gms-server/wz/Character.wz/Hair/00039705.img.xml
Hair,Hair,39706,00039706,,0,0,1,0,False,False,False,True,missing_string_eqp|missing_handbook|outside_current_equip_pool,gms-server/wz/Character.wz/Hair/00039706.img.xml
Hair,Hair,39707,00039707,,0,0,1,0,False,False,False,True,missing_string_eqp|missing_handbook|outside_current_equip_pool,gms-server/wz/Character.wz/Hair/00039707.img.xml
Hair,Hair,39710,00039710,,0,0,1,0,False,False,False,True,missing_string_eqp|missing_handbook|outside_current_equip_pool,gms-server/wz/Character.wz/Hair/00039710.img.xml
Hair,Hair,39711,00039711,,0,0,1,0,False,False,False,True,missing_string_eqp|missing_handbook|outside_current_equip_pool,gms-server/wz/Character.wz/Hair/00039711.img.xml
Hair,Hair,39712,00039712,,0,0,1,0,False,False,False,True,missing_string_eqp|missing_handbook|outside_current_equip_pool,gms-server/wz/Character.wz/Hair/00039712.img.xml
Hair,Hair,39713,00039713,,0,0,1,0,False,False,False,True,missing_string_eqp|missing_handbook|outside_current_equip_pool,gms-server/wz/Character.wz/Hair/00039713.img.xml
Hair,Hair,39714,00039714,,0,0,1,0,False,False,False,True,missing_string_eqp|missing_handbook|outside_current_equip_pool,gms-server/wz/Character.wz/Hair/00039714.img.xml
Hair,Hair,39715,00039715,,0,0,1,0,False,False,False,True,missing_string_eqp|missing_handbook|outside_current_equip_pool,gms-server/wz/Character.wz/Hair/00039715.img.xml
Hair,Hair,39716,00039716,,0,0,1,0,False,False,False,True,missing_string_eqp|missing_handbook|outside_current_equip_pool,gms-server/wz/Character.wz/Hair/00039716.img.xml
Hair,Hair,39717,00039717,,0,0,1,0,False,False,False,True,missing_string_eqp|missing_handbook|outside_current_equip_pool,gms-server/wz/Character.wz/Hair/00039717.img.xml
Hair,Hair,39720,00039720,,0,0,1,0,False,False,False,True,missing_string_eqp|missing_handbook|outside_current_equip_pool,gms-server/wz/Character.wz/Hair/00039720.img.xml
Hair,Hair,39721,00039721,,0,0,1,0,False,False,False,True,missing_string_eqp|missing_handbook|outside_current_equip_pool,gms-server/wz/Character.wz/Hair/00039721.img.xml
Hair,Hair,39722,00039722,,0,0,1,0,False,False,False,True,missing_string_eqp|missing_handbook|outside_current_equip_pool,gms-server/wz/Character.wz/Hair/00039722.img.xml
Hair,Hair,39723,00039723,,0,0,1,0,False,False,False,True,missing_string_eqp|missing_handbook|outside_current_equip_pool,gms-server/wz/Character.wz/Hair/00039723.img.xml
Hair,Hair,39724,00039724,,0,0,1,0,False,False,False,True,missing_string_eqp|missing_handbook|outside_current_equip_pool,gms-server/wz/Character.wz/Hair/00039724.img.xml
Hair,Hair,39725,00039725,,0,0,1,0,False,False,False,True,missing_string_eqp|missing_handbook|outside_current_equip_pool,gms-server/wz/Character.wz/Hair/00039725.img.xml
Hair,Hair,39726,00039726,,0,0,1,0,False,False,False,True,missing_string_eqp|missing_handbook|outside_current_equip_pool,gms-server/wz/Character.wz/Hair/00039726.img.xml
Hair,Hair,39727,00039727,,0,0,1,0,False,False,False,True,missing_string_eqp|missing_handbook|outside_current_equip_pool,gms-server/wz/Character.wz/Hair/00039727.img.xml
Hair,Hair,39730,00039730,,0,0,1,0,False,False,False,True,missing_string_eqp|missing_handbook|outside_current_equip_pool,gms-server/wz/Character.wz/Hair/00039730.img.xml
Hair,Hair,39731,00039731,,0,0,1,0,False,False,False,True,missing_string_eqp|missing_handbook|outside_current_equip_pool,gms-server/wz/Character.wz/Hair/00039731.img.xml
Hair,Hair,39732,00039732,,0,0,1,0,False,False,False,True,missing_string_eqp|missing_handbook|outside_current_equip_pool,gms-server/wz/Character.wz/Hair/00039732.img.xml
Hair,Hair,39733,00039733,,0,0,1,0,False,False,False,True,missing_string_eqp|missing_handbook|outside_current_equip_pool,gms-server/wz/Character.wz/Hair/00039733.img.xml
Hair,Hair,39734,00039734,,0,0,1,0,False,False,False,True,missing_string_eqp|missing_handbook|outside_current_equip_pool,gms-server/wz/Character.wz/Hair/00039734.img.xml
Hair,Hair,39735,00039735,,0,0,1,0,False,False,False,True,missing_string_eqp|missing_handbook|outside_current_equip_pool,gms-server/wz/Character.wz/Hair/00039735.img.xml
Hair,Hair,39736,00039736,,0,0,1,0,False,False,False,True,missing_string_eqp|missing_handbook|outside_current_equip_pool,gms-server/wz/Character.wz/Hair/00039736.img.xml
Hair,Hair,39737,00039737,,0,0,1,0,False,False,False,True,missing_string_eqp|missing_handbook|outside_current_equip_pool,gms-server/wz/Character.wz/Hair/00039737.img.xml
Hair,Hair,39740,00039740,,0,0,1,0,False,False,False,True,missing_string_eqp|missing_handbook|outside_current_equip_pool,gms-server/wz/Character.wz/Hair/00039740.img.xml
Hair,Hair,39741,00039741,,0,0,1,0,False,False,False,True,missing_string_eqp|missing_handbook|outside_current_equip_pool,gms-server/wz/Character.wz/Hair/00039741.img.xml
Hair,Hair,39742,00039742,,0,0,1,0,False,False,False,True,missing_string_eqp|missing_handbook|outside_current_equip_pool,gms-server/wz/Character.wz/Hair/00039742.img.xml
Hair,Hair,39743,00039743,,0,0,1,0,False,False,False,True,missing_string_eqp|missing_handbook|outside_current_equip_pool,gms-server/wz/Character.wz/Hair/00039743.img.xml
Hair,Hair,39744,00039744,,0,0,1,0,False,False,False,True,missing_string_eqp|missing_handbook|outside_current_equip_pool,gms-server/wz/Character.wz/Hair/00039744.img.xml
Hair,Hair,39745,00039745,,0,0,1,0,False,False,False,True,missing_string_eqp|missing_handbook|outside_current_equip_pool,gms-server/wz/Character.wz/Hair/00039745.img.xml
Hair,Hair,39746,00039746,,0,0,1,0,False,False,False,True,missing_string_eqp|missing_handbook|outside_current_equip_pool,gms-server/wz/Character.wz/Hair/00039746.img.xml
Hair,Hair,39747,00039747,,0,0,1,0,False,False,False,True,missing_string_eqp|missing_handbook|outside_current_equip_pool,gms-server/wz/Character.wz/Hair/00039747.img.xml
Hair,Hair,39750,00039750,,0,0,1,0,False,False,False,True,missing_string_eqp|missing_handbook|outside_current_equip_pool,gms-server/wz/Character.wz/Hair/00039750.img.xml
Hair,Hair,39751,00039751,,0,0,1,0,False,False,False,True,missing_string_eqp|missing_handbook|outside_current_equip_pool,gms-server/wz/Character.wz/Hair/00039751.img.xml
Hair,Hair,39752,00039752,,0,0,1,0,False,False,False,True,missing_string_eqp|missing_handbook|outside_current_equip_pool,gms-server/wz/Character.wz/Hair/00039752.img.xml
Hair,Hair,39753,00039753,,0,0,1,0,False,False,False,True,missing_string_eqp|missing_handbook|outside_current_equip_pool,gms-server/wz/Character.wz/Hair/00039753.img.xml
Hair,Hair,39754,00039754,,0,0,1,0,False,False,False,True,missing_string_eqp|missing_handbook|outside_current_equip_pool,gms-server/wz/Character.wz/Hair/00039754.img.xml
Hair,Hair,39755,00039755,,0,0,1,0,False,False,False,True,missing_string_eqp|missing_handbook|outside_current_equip_pool,gms-server/wz/Character.wz/Hair/00039755.img.xml
Hair,Hair,39756,00039756,,0,0,1,0,False,False,False,True,missing_string_eqp|missing_handbook|outside_current_equip_pool,gms-server/wz/Character.wz/Hair/00039756.img.xml
Hair,Hair,39757,00039757,,0,0,1,0,False,False,False,True,missing_string_eqp|missing_handbook|outside_current_equip_pool,gms-server/wz/Character.wz/Hair/00039757.img.xml
Hair,Hair,39760,00039760,,0,0,1,0,False,False,False,True,missing_string_eqp|missing_handbook|outside_current_equip_pool,gms-server/wz/Character.wz/Hair/00039760.img.xml
Hair,Hair,39761,00039761,,0,0,1,0,False,False,False,True,missing_string_eqp|missing_handbook|outside_current_equip_pool,gms-server/wz/Character.wz/Hair/00039761.img.xml
Hair,Hair,39762,00039762,,0,0,1,0,False,False,False,True,missing_string_eqp|missing_handbook|outside_current_equip_pool,gms-server/wz/Character.wz/Hair/00039762.img.xml
Hair,Hair,39763,00039763,,0,0,1,0,False,False,False,True,missing_string_eqp|missing_handbook|outside_current_equip_pool,gms-server/wz/Character.wz/Hair/00039763.img.xml
Hair,Hair,39764,00039764,,0,0,1,0,False,False,False,True,missing_string_eqp|missing_handbook|outside_current_equip_pool,gms-server/wz/Character.wz/Hair/00039764.img.xml
Hair,Hair,39765,00039765,,0,0,1,0,False,False,False,True,missing_string_eqp|missing_handbook|outside_current_equip_pool,gms-server/wz/Character.wz/Hair/00039765.img.xml
Hair,Hair,39766,00039766,,0,0,1,0,False,False,False,True,missing_string_eqp|missing_handbook|outside_current_equip_pool,gms-server/wz/Character.wz/Hair/00039766.img.xml
Hair,Hair,39767,00039767,,0,0,1,0,False,False,False,True,missing_string_eqp|missing_handbook|outside_current_equip_pool,gms-server/wz/Character.wz/Hair/00039767.img.xml
Hair,Hair,39770,00039770,,0,0,0,0,False,False,False,True,missing_string_eqp|missing_handbook|outside_current_equip_pool,gms-server/wz/Character.wz/Hair/00039770.img.xml
Hair,Hair,39771,00039771,,0,0,0,0,False,False,False,True,missing_string_eqp|missing_handbook|outside_current_equip_pool,gms-server/wz/Character.wz/Hair/00039771.img.xml
Hair,Hair,39772,00039772,,0,0,0,0,False,False,False,True,missing_string_eqp|missing_handbook|outside_current_equip_pool,gms-server/wz/Character.wz/Hair/00039772.img.xml
Hair,Hair,39773,00039773,,0,0,0,0,False,False,False,True,missing_string_eqp|missing_handbook|outside_current_equip_pool,gms-server/wz/Character.wz/Hair/00039773.img.xml
Hair,Hair,39774,00039774,,0,0,0,0,False,False,False,True,missing_string_eqp|missing_handbook|outside_current_equip_pool,gms-server/wz/Character.wz/Hair/00039774.img.xml
Hair,Hair,39775,00039775,,0,0,0,0,False,False,False,True,missing_string_eqp|missing_handbook|outside_current_equip_pool,gms-server/wz/Character.wz/Hair/00039775.img.xml
Hair,Hair,39776,00039776,,0,0,0,0,False,False,False,True,missing_string_eqp|missing_handbook|outside_current_equip_pool,gms-server/wz/Character.wz/Hair/00039776.img.xml
Hair,Hair,39777,00039777,,0,0,0,0,False,False,False,True,missing_string_eqp|missing_handbook|outside_current_equip_pool,gms-server/wz/Character.wz/Hair/00039777.img.xml
Hair,Hair,39780,00039780,,0,0,1,0,False,False,False,True,missing_string_eqp|missing_handbook|outside_current_equip_pool,gms-server/wz/Character.wz/Hair/00039780.img.xml
Hair,Hair,39781,00039781,,0,0,1,0,False,False,False,True,missing_string_eqp|missing_handbook|outside_current_equip_pool,gms-server/wz/Character.wz/Hair/00039781.img.xml
Hair,Hair,39782,00039782,,0,0,1,0,False,False,False,True,missing_string_eqp|missing_handbook|outside_current_equip_pool,gms-server/wz/Character.wz/Hair/00039782.img.xml
Hair,Hair,39783,00039783,,0,0,1,0,False,False,False,True,missing_string_eqp|missing_handbook|outside_current_equip_pool,gms-server/wz/Character.wz/Hair/00039783.img.xml
Hair,Hair,39784,00039784,,0,0,1,0,False,False,False,True,missing_string_eqp|missing_handbook|outside_current_equip_pool,gms-server/wz/Character.wz/Hair/00039784.img.xml
Hair,Hair,39785,00039785,,0,0,1,0,False,False,False,True,missing_string_eqp|missing_handbook|outside_current_equip_pool,gms-server/wz/Character.wz/Hair/00039785.img.xml
Hair,Hair,39786,00039786,,0,0,1,0,False,False,False,True,missing_string_eqp|missing_handbook|outside_current_equip_pool,gms-server/wz/Character.wz/Hair/00039786.img.xml
Hair,Hair,39787,00039787,,0,0,1,0,False,False,False,True,missing_string_eqp|missing_handbook|outside_current_equip_pool,gms-server/wz/Character.wz/Hair/00039787.img.xml
Hair,Hair,39790,00039790,,0,0,1,0,False,False,False,True,missing_string_eqp|missing_handbook|outside_current_equip_pool,gms-server/wz/Character.wz/Hair/00039790.img.xml
Hair,Hair,39791,00039791,,0,0,1,0,False,False,False,True,missing_string_eqp|missing_handbook|outside_current_equip_pool,gms-server/wz/Character.wz/Hair/00039791.img.xml
Hair,Hair,39792,00039792,,0,0,1,0,False,False,False,True,missing_string_eqp|missing_handbook|outside_current_equip_pool,gms-server/wz/Character.wz/Hair/00039792.img.xml
Hair,Hair,39793,00039793,,0,0,1,0,False,False,False,True,missing_string_eqp|missing_handbook|outside_current_equip_pool,gms-server/wz/Character.wz/Hair/00039793.img.xml
Hair,Hair,39794,00039794,,0,0,1,0,False,False,False,True,missing_string_eqp|missing_handbook|outside_current_equip_pool,gms-server/wz/Character.wz/Hair/00039794.img.xml
Hair,Hair,39795,00039795,,0,0,1,0,False,False,False,True,missing_string_eqp|missing_handbook|outside_current_equip_pool,gms-server/wz/Character.wz/Hair/00039795.img.xml
Hair,Hair,39796,00039796,,0,0,1,0,False,False,False,True,missing_string_eqp|missing_handbook|outside_current_equip_pool,gms-server/wz/Character.wz/Hair/00039796.img.xml
Hair,Hair,39797,00039797,,0,0,1,0,False,False,False,True,missing_string_eqp|missing_handbook|outside_current_equip_pool,gms-server/wz/Character.wz/Hair/00039797.img.xml
Hair,Hair,39800,00039800,,0,0,1,0,False,False,False,True,missing_string_eqp|missing_handbook|outside_current_equip_pool,gms-server/wz/Character.wz/Hair/00039800.img.xml
Hair,Hair,39801,00039801,,0,0,1,0,False,False,False,True,missing_string_eqp|missing_handbook|outside_current_equip_pool,gms-server/wz/Character.wz/Hair/00039801.img.xml
Hair,Hair,39802,00039802,,0,0,1,0,False,False,False,True,missing_string_eqp|missing_handbook|outside_current_equip_pool,gms-server/wz/Character.wz/Hair/00039802.img.xml
Hair,Hair,39803,00039803,,0,0,1,0,False,False,False,True,missing_string_eqp|missing_handbook|outside_current_equip_pool,gms-server/wz/Character.wz/Hair/00039803.img.xml
Hair,Hair,39804,00039804,,0,0,1,0,False,False,False,True,missing_string_eqp|missing_handbook|outside_current_equip_pool,gms-server/wz/Character.wz/Hair/00039804.img.xml
Hair,Hair,39805,00039805,,0,0,1,0,False,False,False,True,missing_string_eqp|missing_handbook|outside_current_equip_pool,gms-server/wz/Character.wz/Hair/00039805.img.xml
Hair,Hair,39806,00039806,,0,0,1,0,False,False,False,True,missing_string_eqp|missing_handbook|outside_current_equip_pool,gms-server/wz/Character.wz/Hair/00039806.img.xml
Hair,Hair,39807,00039807,,0,0,1,0,False,False,False,True,missing_string_eqp|missing_handbook|outside_current_equip_pool,gms-server/wz/Character.wz/Hair/00039807.img.xml
Hair,Hair,39810,00039810,,0,0,1,0,False,False,False,True,missing_string_eqp|missing_handbook|outside_current_equip_pool,gms-server/wz/Character.wz/Hair/00039810.img.xml
Hair,Hair,39811,00039811,,0,0,1,0,False,False,False,True,missing_string_eqp|missing_handbook|outside_current_equip_pool,gms-server/wz/Character.wz/Hair/00039811.img.xml
Hair,Hair,39812,00039812,,0,0,1,0,False,False,False,True,missing_string_eqp|missing_handbook|outside_current_equip_pool,gms-server/wz/Character.wz/Hair/00039812.img.xml
Hair,Hair,39813,00039813,,0,0,1,0,False,False,False,True,missing_string_eqp|missing_handbook|outside_current_equip_pool,gms-server/wz/Character.wz/Hair/00039813.img.xml
Hair,Hair,39814,00039814,,0,0,1,0,False,False,False,True,missing_string_eqp|missing_handbook|outside_current_equip_pool,gms-server/wz/Character.wz/Hair/00039814.img.xml
Hair,Hair,39815,00039815,,0,0,1,0,False,False,False,True,missing_string_eqp|missing_handbook|outside_current_equip_pool,gms-server/wz/Character.wz/Hair/00039815.img.xml
Hair,Hair,39816,00039816,,0,0,1,0,False,False,False,True,missing_string_eqp|missing_handbook|outside_current_equip_pool,gms-server/wz/Character.wz/Hair/00039816.img.xml
Hair,Hair,39817,00039817,,0,0,1,0,False,False,False,True,missing_string_eqp|missing_handbook|outside_current_equip_pool,gms-server/wz/Character.wz/Hair/00039817.img.xml
Hair,Hair,39820,00039820,,0,0,1,0,False,False,False,True,missing_string_eqp|missing_handbook|outside_current_equip_pool,gms-server/wz/Character.wz/Hair/00039820.img.xml
Hair,Hair,39821,00039821,,0,0,1,0,False,False,False,True,missing_string_eqp|missing_handbook|outside_current_equip_pool,gms-server/wz/Character.wz/Hair/00039821.img.xml
Hair,Hair,39822,00039822,,0,0,1,0,False,False,False,True,missing_string_eqp|missing_handbook|outside_current_equip_pool,gms-server/wz/Character.wz/Hair/00039822.img.xml
Hair,Hair,39823,00039823,,0,0,1,0,False,False,False,True,missing_string_eqp|missing_handbook|outside_current_equip_pool,gms-server/wz/Character.wz/Hair/00039823.img.xml
Hair,Hair,39824,00039824,,0,0,1,0,False,False,False,True,missing_string_eqp|missing_handbook|outside_current_equip_pool,gms-server/wz/Character.wz/Hair/00039824.img.xml
Hair,Hair,39825,00039825,,0,0,1,0,False,False,False,True,missing_string_eqp|missing_handbook|outside_current_equip_pool,gms-server/wz/Character.wz/Hair/00039825.img.xml
Hair,Hair,39826,00039826,,0,0,1,0,False,False,False,True,missing_string_eqp|missing_handbook|outside_current_equip_pool,gms-server/wz/Character.wz/Hair/00039826.img.xml
Hair,Hair,39827,00039827,,0,0,1,0,False,False,False,True,missing_string_eqp|missing_handbook|outside_current_equip_pool,gms-server/wz/Character.wz/Hair/00039827.img.xml
Hair,Hair,39830,00039830,,0,0,1,0,False,False,False,True,missing_string_eqp|missing_handbook|outside_current_equip_pool,gms-server/wz/Character.wz/Hair/00039830.img.xml
Hair,Hair,39831,00039831,,0,0,1,0,False,False,False,True,missing_string_eqp|missing_handbook|outside_current_equip_pool,gms-server/wz/Character.wz/Hair/00039831.img.xml
Hair,Hair,39832,00039832,,0,0,1,0,False,False,False,True,missing_string_eqp|missing_handbook|outside_current_equip_pool,gms-server/wz/Character.wz/Hair/00039832.img.xml
Hair,Hair,39833,00039833,,0,0,1,0,False,False,False,True,missing_string_eqp|missing_handbook|outside_current_equip_pool,gms-server/wz/Character.wz/Hair/00039833.img.xml
Hair,Hair,39834,00039834,,0,0,1,0,False,False,False,True,missing_string_eqp|missing_handbook|outside_current_equip_pool,gms-server/wz/Character.wz/Hair/00039834.img.xml
Hair,Hair,39835,00039835,,0,0,1,0,False,False,False,True,missing_string_eqp|missing_handbook|outside_current_equip_pool,gms-server/wz/Character.wz/Hair/00039835.img.xml
Hair,Hair,39836,00039836,,0,0,1,0,False,False,False,True,missing_string_eqp|missing_handbook|outside_current_equip_pool,gms-server/wz/Character.wz/Hair/00039836.img.xml
Hair,Hair,39837,00039837,,0,0,1,0,False,False,False,True,missing_string_eqp|missing_handbook|outside_current_equip_pool,gms-server/wz/Character.wz/Hair/00039837.img.xml
Hair,Hair,39840,00039840,,0,0,0,0,False,False,False,True,missing_string_eqp|missing_handbook|outside_current_equip_pool,gms-server/wz/Character.wz/Hair/00039840.img.xml
Hair,Hair,39841,00039841,,0,0,0,0,False,False,False,True,missing_string_eqp|missing_handbook|outside_current_equip_pool,gms-server/wz/Character.wz/Hair/00039841.img.xml
Hair,Hair,39842,00039842,,0,0,0,0,False,False,False,True,missing_string_eqp|missing_handbook|outside_current_equip_pool,gms-server/wz/Character.wz/Hair/00039842.img.xml
Hair,Hair,39843,00039843,,0,0,0,0,False,False,False,True,missing_string_eqp|missing_handbook|outside_current_equip_pool,gms-server/wz/Character.wz/Hair/00039843.img.xml
Hair,Hair,39844,00039844,,0,0,0,0,False,False,False,True,missing_string_eqp|missing_handbook|outside_current_equip_pool,gms-server/wz/Character.wz/Hair/00039844.img.xml
Hair,Hair,39845,00039845,,0,0,0,0,False,False,False,True,missing_string_eqp|missing_handbook|outside_current_equip_pool,gms-server/wz/Character.wz/Hair/00039845.img.xml
Hair,Hair,39846,00039846,,0,0,0,0,False,False,False,True,missing_string_eqp|missing_handbook|outside_current_equip_pool,gms-server/wz/Character.wz/Hair/00039846.img.xml
Hair,Hair,39847,00039847,,0,0,0,0,False,False,False,True,missing_string_eqp|missing_handbook|outside_current_equip_pool,gms-server/wz/Character.wz/Hair/00039847.img.xml
Hair,Hair,39850,00039850,,0,0,1,0,False,False,False,True,missing_string_eqp|missing_handbook|outside_current_equip_pool,gms-server/wz/Character.wz/Hair/00039850.img.xml
Hair,Hair,39851,00039851,,0,0,1,0,False,False,False,True,missing_string_eqp|missing_handbook|outside_current_equip_pool,gms-server/wz/Character.wz/Hair/00039851.img.xml
Hair,Hair,39852,00039852,,0,0,1,0,False,False,False,True,missing_string_eqp|missing_handbook|outside_current_equip_pool,gms-server/wz/Character.wz/Hair/00039852.img.xml
Hair,Hair,39853,00039853,,0,0,1,0,False,False,False,True,missing_string_eqp|missing_handbook|outside_current_equip_pool,gms-server/wz/Character.wz/Hair/00039853.img.xml
Hair,Hair,39854,00039854,,0,0,1,0,False,False,False,True,missing_string_eqp|missing_handbook|outside_current_equip_pool,gms-server/wz/Character.wz/Hair/00039854.img.xml
Hair,Hair,39855,00039855,,0,0,1,0,False,False,False,True,missing_string_eqp|missing_handbook|outside_current_equip_pool,gms-server/wz/Character.wz/Hair/00039855.img.xml
Hair,Hair,39856,00039856,,0,0,1,0,False,False,False,True,missing_string_eqp|missing_handbook|outside_current_equip_pool,gms-server/wz/Character.wz/Hair/00039856.img.xml
Hair,Hair,39857,00039857,,0,0,1,0,False,False,False,True,missing_string_eqp|missing_handbook|outside_current_equip_pool,gms-server/wz/Character.wz/Hair/00039857.img.xml
Hair,Hair,39860,00039860,,0,0,1,0,False,False,False,True,missing_string_eqp|missing_handbook|outside_current_equip_pool,gms-server/wz/Character.wz/Hair/00039860.img.xml
Hair,Hair,39861,00039861,,0,0,1,0,False,False,False,True,missing_string_eqp|missing_handbook|outside_current_equip_pool,gms-server/wz/Character.wz/Hair/00039861.img.xml
Hair,Hair,39862,00039862,,0,0,1,0,False,False,False,True,missing_string_eqp|missing_handbook|outside_current_equip_pool,gms-server/wz/Character.wz/Hair/00039862.img.xml
Hair,Hair,39863,00039863,,0,0,1,0,False,False,False,True,missing_string_eqp|missing_handbook|outside_current_equip_pool,gms-server/wz/Character.wz/Hair/00039863.img.xml
Hair,Hair,39864,00039864,,0,0,1,0,False,False,False,True,missing_string_eqp|missing_handbook|outside_current_equip_pool,gms-server/wz/Character.wz/Hair/00039864.img.xml
Hair,Hair,39865,00039865,,0,0,1,0,False,False,False,True,missing_string_eqp|missing_handbook|outside_current_equip_pool,gms-server/wz/Character.wz/Hair/00039865.img.xml
Hair,Hair,39866,00039866,,0,0,1,0,False,False,False,True,missing_string_eqp|missing_handbook|outside_current_equip_pool,gms-server/wz/Character.wz/Hair/00039866.img.xml
Hair,Hair,39867,00039867,,0,0,1,0,False,False,False,True,missing_string_eqp|missing_handbook|outside_current_equip_pool,gms-server/wz/Character.wz/Hair/00039867.img.xml
Hair,Hair,39870,00039870,,0,0,0,0,False,False,False,True,missing_string_eqp|missing_handbook|outside_current_equip_pool,gms-server/wz/Character.wz/Hair/00039870.img.xml
Hair,Hair,39871,00039871,,0,0,0,0,False,False,False,True,missing_string_eqp|missing_handbook|outside_current_equip_pool,gms-server/wz/Character.wz/Hair/00039871.img.xml
Hair,Hair,39872,00039872,,0,0,0,0,False,False,False,True,missing_string_eqp|missing_handbook|outside_current_equip_pool,gms-server/wz/Character.wz/Hair/00039872.img.xml
Hair,Hair,39873,00039873,,0,0,0,0,False,False,False,True,missing_string_eqp|missing_handbook|outside_current_equip_pool,gms-server/wz/Character.wz/Hair/00039873.img.xml
Hair,Hair,39874,00039874,,0,0,0,0,False,False,False,True,missing_string_eqp|missing_handbook|outside_current_equip_pool,gms-server/wz/Character.wz/Hair/00039874.img.xml
Hair,Hair,39875,00039875,,0,0,0,0,False,False,False,True,missing_string_eqp|missing_handbook|outside_current_equip_pool,gms-server/wz/Character.wz/Hair/00039875.img.xml
Hair,Hair,39876,00039876,,0,0,0,0,False,False,False,True,missing_string_eqp|missing_handbook|outside_current_equip_pool,gms-server/wz/Character.wz/Hair/00039876.img.xml
Hair,Hair,39877,00039877,,0,0,0,0,False,False,False,True,missing_string_eqp|missing_handbook|outside_current_equip_pool,gms-server/wz/Character.wz/Hair/00039877.img.xml
Hair,Hair,39880,00039880,,0,0,1,0,False,False,False,True,missing_string_eqp|missing_handbook|outside_current_equip_pool,gms-server/wz/Character.wz/Hair/00039880.img.xml
Hair,Hair,39881,00039881,,0,0,1,0,False,False,False,True,missing_string_eqp|missing_handbook|outside_current_equip_pool,gms-server/wz/Character.wz/Hair/00039881.img.xml
Hair,Hair,39882,00039882,,0,0,1,0,False,False,False,True,missing_string_eqp|missing_handbook|outside_current_equip_pool,gms-server/wz/Character.wz/Hair/00039882.img.xml
Hair,Hair,39883,00039883,,0,0,1,0,False,False,False,True,missing_string_eqp|missing_handbook|outside_current_equip_pool,gms-server/wz/Character.wz/Hair/00039883.img.xml
Hair,Hair,39884,00039884,,0,0,1,0,False,False,False,True,missing_string_eqp|missing_handbook|outside_current_equip_pool,gms-server/wz/Character.wz/Hair/00039884.img.xml
Hair,Hair,39885,00039885,,0,0,1,0,False,False,False,True,missing_string_eqp|missing_handbook|outside_current_equip_pool,gms-server/wz/Character.wz/Hair/00039885.img.xml
Hair,Hair,39886,00039886,,0,0,1,0,False,False,False,True,missing_string_eqp|missing_handbook|outside_current_equip_pool,gms-server/wz/Character.wz/Hair/00039886.img.xml
Hair,Hair,39887,00039887,,0,0,1,0,False,False,False,True,missing_string_eqp|missing_handbook|outside_current_equip_pool,gms-server/wz/Character.wz/Hair/00039887.img.xml
Hair,Hair,39890,00039890,,0,0,1,0,False,False,False,True,missing_string_eqp|missing_handbook|outside_current_equip_pool,gms-server/wz/Character.wz/Hair/00039890.img.xml
Hair,Hair,39891,00039891,,0,0,1,0,False,False,False,True,missing_string_eqp|missing_handbook|outside_current_equip_pool,gms-server/wz/Character.wz/Hair/00039891.img.xml
Hair,Hair,39892,00039892,,0,0,1,0,False,False,False,True,missing_string_eqp|missing_handbook|outside_current_equip_pool,gms-server/wz/Character.wz/Hair/00039892.img.xml
Hair,Hair,39893,00039893,,0,0,1,0,False,False,False,True,missing_string_eqp|missing_handbook|outside_current_equip_pool,gms-server/wz/Character.wz/Hair/00039893.img.xml
Hair,Hair,39894,00039894,,0,0,1,0,False,False,False,True,missing_string_eqp|missing_handbook|outside_current_equip_pool,gms-server/wz/Character.wz/Hair/00039894.img.xml
Hair,Hair,39895,00039895,,0,0,1,0,False,False,False,True,missing_string_eqp|missing_handbook|outside_current_equip_pool,gms-server/wz/Character.wz/Hair/00039895.img.xml
Hair,Hair,39896,00039896,,0,0,1,0,False,False,False,True,missing_string_eqp|missing_handbook|outside_current_equip_pool,gms-server/wz/Character.wz/Hair/00039896.img.xml
Hair,Hair,39897,00039897,,0,0,1,0,False,False,False,True,missing_string_eqp|missing_handbook|outside_current_equip_pool,gms-server/wz/Character.wz/Hair/00039897.img.xml
Hair,Hair,39900,00039900,,0,0,1,0,False,False,False,True,missing_string_eqp|missing_handbook|outside_current_equip_pool,gms-server/wz/Character.wz/Hair/00039900.img.xml
Hair,Hair,39901,00039901,,0,0,1,0,False,False,False,True,missing_string_eqp|missing_handbook|outside_current_equip_pool,gms-server/wz/Character.wz/Hair/00039901.img.xml
Hair,Hair,39902,00039902,,0,0,1,0,False,False,False,True,missing_string_eqp|missing_handbook|outside_current_equip_pool,gms-server/wz/Character.wz/Hair/00039902.img.xml
Hair,Hair,39903,00039903,,0,0,1,0,False,False,False,True,missing_string_eqp|missing_handbook|outside_current_equip_pool,gms-server/wz/Character.wz/Hair/00039903.img.xml
Hair,Hair,39904,00039904,,0,0,1,0,False,False,False,True,missing_string_eqp|missing_handbook|outside_current_equip_pool,gms-server/wz/Character.wz/Hair/00039904.img.xml
Hair,Hair,39905,00039905,,0,0,1,0,False,False,False,True,missing_string_eqp|missing_handbook|outside_current_equip_pool,gms-server/wz/Character.wz/Hair/00039905.img.xml
Hair,Hair,39906,00039906,,0,0,1,0,False,False,False,True,missing_string_eqp|missing_handbook|outside_current_equip_pool,gms-server/wz/Character.wz/Hair/00039906.img.xml
Hair,Hair,39907,00039907,,0,0,1,0,False,False,False,True,missing_string_eqp|missing_handbook|outside_current_equip_pool,gms-server/wz/Character.wz/Hair/00039907.img.xml
Hair,Hair,39910,00039910,,0,0,1,0,False,False,False,True,missing_string_eqp|missing_handbook|outside_current_equip_pool,gms-server/wz/Character.wz/Hair/00039910.img.xml
Hair,Hair,39911,00039911,,0,0,1,0,False,False,False,True,missing_string_eqp|missing_handbook|outside_current_equip_pool,gms-server/wz/Character.wz/Hair/00039911.img.xml
Hair,Hair,39912,00039912,,0,0,1,0,False,False,False,True,missing_string_eqp|missing_handbook|outside_current_equip_pool,gms-server/wz/Character.wz/Hair/00039912.img.xml
Hair,Hair,39913,00039913,,0,0,1,0,False,False,False,True,missing_string_eqp|missing_handbook|outside_current_equip_pool,gms-server/wz/Character.wz/Hair/00039913.img.xml
Hair,Hair,39914,00039914,,0,0,1,0,False,False,False,True,missing_string_eqp|missing_handbook|outside_current_equip_pool,gms-server/wz/Character.wz/Hair/00039914.img.xml
Hair,Hair,39915,00039915,,0,0,1,0,False,False,False,True,missing_string_eqp|missing_handbook|outside_current_equip_pool,gms-server/wz/Character.wz/Hair/00039915.img.xml
Hair,Hair,39916,00039916,,0,0,1,0,False,False,False,True,missing_string_eqp|missing_handbook|outside_current_equip_pool,gms-server/wz/Character.wz/Hair/00039916.img.xml
Hair,Hair,39917,00039917,,0,0,1,0,False,False,False,True,missing_string_eqp|missing_handbook|outside_current_equip_pool,gms-server/wz/Character.wz/Hair/00039917.img.xml
Hair,Hair,39920,00039920,,0,0,1,0,False,False,False,True,missing_string_eqp|missing_handbook|outside_current_equip_pool,gms-server/wz/Character.wz/Hair/00039920.img.xml
Hair,Hair,39921,00039921,,0,0,1,0,False,False,False,True,missing_string_eqp|missing_handbook|outside_current_equip_pool,gms-server/wz/Character.wz/Hair/00039921.img.xml
Hair,Hair,39922,00039922,,0,0,1,0,False,False,False,True,missing_string_eqp|missing_handbook|outside_current_equip_pool,gms-server/wz/Character.wz/Hair/00039922.img.xml
Hair,Hair,39923,00039923,,0,0,1,0,False,False,False,True,missing_string_eqp|missing_handbook|outside_current_equip_pool,gms-server/wz/Character.wz/Hair/00039923.img.xml
Hair,Hair,39924,00039924,,0,0,1,0,False,False,False,True,missing_string_eqp|missing_handbook|outside_current_equip_pool,gms-server/wz/Character.wz/Hair/00039924.img.xml
Hair,Hair,39925,00039925,,0,0,1,0,False,False,False,True,missing_string_eqp|missing_handbook|outside_current_equip_pool,gms-server/wz/Character.wz/Hair/00039925.img.xml
Hair,Hair,39926,00039926,,0,0,1,0,False,False,False,True,missing_string_eqp|missing_handbook|outside_current_equip_pool,gms-server/wz/Character.wz/Hair/00039926.img.xml
Hair,Hair,39927,00039927,,0,0,1,0,False,False,False,True,missing_string_eqp|missing_handbook|outside_current_equip_pool,gms-server/wz/Character.wz/Hair/00039927.img.xml
Hair,Hair,39930,00039930,,0,0,1,0,False,False,False,True,missing_string_eqp|missing_handbook|outside_current_equip_pool,gms-server/wz/Character.wz/Hair/00039930.img.xml
Hair,Hair,39931,00039931,,0,0,1,0,False,False,False,True,missing_string_eqp|missing_handbook|outside_current_equip_pool,gms-server/wz/Character.wz/Hair/00039931.img.xml
Hair,Hair,39932,00039932,,0,0,1,0,False,False,False,True,missing_string_eqp|missing_handbook|outside_current_equip_pool,gms-server/wz/Character.wz/Hair/00039932.img.xml
Hair,Hair,39933,00039933,,0,0,1,0,False,False,False,True,missing_string_eqp|missing_handbook|outside_current_equip_pool,gms-server/wz/Character.wz/Hair/00039933.img.xml
Hair,Hair,39934,00039934,,0,0,1,0,False,False,False,True,missing_string_eqp|missing_handbook|outside_current_equip_pool,gms-server/wz/Character.wz/Hair/00039934.img.xml
Hair,Hair,39935,00039935,,0,0,1,0,False,False,False,True,missing_string_eqp|missing_handbook|outside_current_equip_pool,gms-server/wz/Character.wz/Hair/00039935.img.xml
Hair,Hair,39936,00039936,,0,0,1,0,False,False,False,True,missing_string_eqp|missing_handbook|outside_current_equip_pool,gms-server/wz/Character.wz/Hair/00039936.img.xml
Hair,Hair,39937,00039937,,0,0,1,0,False,False,False,True,missing_string_eqp|missing_handbook|outside_current_equip_pool,gms-server/wz/Character.wz/Hair/00039937.img.xml
Hair,Hair,39940,00039940,,0,0,1,0,False,False,False,True,missing_string_eqp|missing_handbook|outside_current_equip_pool,gms-server/wz/Character.wz/Hair/00039940.img.xml
Hair,Hair,39941,00039941,,0,0,1,0,False,False,False,True,missing_string_eqp|missing_handbook|outside_current_equip_pool,gms-server/wz/Character.wz/Hair/00039941.img.xml
Hair,Hair,39942,00039942,,0,0,1,0,False,False,False,True,missing_string_eqp|missing_handbook|outside_current_equip_pool,gms-server/wz/Character.wz/Hair/00039942.img.xml
Hair,Hair,39943,00039943,,0,0,1,0,False,False,False,True,missing_string_eqp|missing_handbook|outside_current_equip_pool,gms-server/wz/Character.wz/Hair/00039943.img.xml
Hair,Hair,39944,00039944,,0,0,1,0,False,False,False,True,missing_string_eqp|missing_handbook|outside_current_equip_pool,gms-server/wz/Character.wz/Hair/00039944.img.xml
Hair,Hair,39945,00039945,,0,0,1,0,False,False,False,True,missing_string_eqp|missing_handbook|outside_current_equip_pool,gms-server/wz/Character.wz/Hair/00039945.img.xml
Hair,Hair,39946,00039946,,0,0,1,0,False,False,False,True,missing_string_eqp|missing_handbook|outside_current_equip_pool,gms-server/wz/Character.wz/Hair/00039946.img.xml
Hair,Hair,39947,00039947,,0,0,1,0,False,False,False,True,missing_string_eqp|missing_handbook|outside_current_equip_pool,gms-server/wz/Character.wz/Hair/00039947.img.xml
Hair,Hair,39950,00039950,,0,0,1,0,False,False,False,True,missing_string_eqp|missing_handbook|outside_current_equip_pool,gms-server/wz/Character.wz/Hair/00039950.img.xml
Hair,Hair,39951,00039951,,0,0,1,0,False,False,False,True,missing_string_eqp|missing_handbook|outside_current_equip_pool,gms-server/wz/Character.wz/Hair/00039951.img.xml
Hair,Hair,39952,00039952,,0,0,1,0,False,False,False,True,missing_string_eqp|missing_handbook|outside_current_equip_pool,gms-server/wz/Character.wz/Hair/00039952.img.xml
Hair,Hair,39953,00039953,,0,0,1,0,False,False,False,True,missing_string_eqp|missing_handbook|outside_current_equip_pool,gms-server/wz/Character.wz/Hair/00039953.img.xml
Hair,Hair,39954,00039954,,0,0,1,0,False,False,False,True,missing_string_eqp|missing_handbook|outside_current_equip_pool,gms-server/wz/Character.wz/Hair/00039954.img.xml
Hair,Hair,39955,00039955,,0,0,1,0,False,False,False,True,missing_string_eqp|missing_handbook|outside_current_equip_pool,gms-server/wz/Character.wz/Hair/00039955.img.xml
Hair,Hair,39956,00039956,,0,0,1,0,False,False,False,True,missing_string_eqp|missing_handbook|outside_current_equip_pool,gms-server/wz/Character.wz/Hair/00039956.img.xml
Hair,Hair,39957,00039957,,0,0,1,0,False,False,False,True,missing_string_eqp|missing_handbook|outside_current_equip_pool,gms-server/wz/Character.wz/Hair/00039957.img.xml
Hair,Hair,39960,00039960,,0,0,0,0,False,False,False,True,missing_string_eqp|missing_handbook|outside_current_equip_pool,gms-server/wz/Character.wz/Hair/00039960.img.xml
Hair,Hair,39961,00039961,,0,0,0,0,False,False,False,True,missing_string_eqp|missing_handbook|outside_current_equip_pool,gms-server/wz/Character.wz/Hair/00039961.img.xml
Hair,Hair,39962,00039962,,0,0,0,0,False,False,False,True,missing_string_eqp|missing_handbook|outside_current_equip_pool,gms-server/wz/Character.wz/Hair/00039962.img.xml
Hair,Hair,39963,00039963,,0,0,0,0,False,False,False,True,missing_string_eqp|missing_handbook|outside_current_equip_pool,gms-server/wz/Character.wz/Hair/00039963.img.xml
Hair,Hair,39964,00039964,,0,0,0,0,False,False,False,True,missing_string_eqp|missing_handbook|outside_current_equip_pool,gms-server/wz/Character.wz/Hair/00039964.img.xml
Hair,Hair,39965,00039965,,0,0,0,0,False,False,False,True,missing_string_eqp|missing_handbook|outside_current_equip_pool,gms-server/wz/Character.wz/Hair/00039965.img.xml
Hair,Hair,39966,00039966,,0,0,0,0,False,False,False,True,missing_string_eqp|missing_handbook|outside_current_equip_pool,gms-server/wz/Character.wz/Hair/00039966.img.xml
Hair,Hair,39967,00039967,,0,0,0,0,False,False,False,True,missing_string_eqp|missing_handbook|outside_current_equip_pool,gms-server/wz/Character.wz/Hair/00039967.img.xml
Hair,Hair,39970,00039970,,0,0,0,0,False,False,False,True,missing_string_eqp|missing_handbook|outside_current_equip_pool,gms-server/wz/Character.wz/Hair/00039970.img.xml
Hair,Hair,39971,00039971,,0,0,0,0,False,False,False,True,missing_string_eqp|missing_handbook|outside_current_equip_pool,gms-server/wz/Character.wz/Hair/00039971.img.xml
Hair,Hair,39972,00039972,,0,0,0,0,False,False,False,True,missing_string_eqp|missing_handbook|outside_current_equip_pool,gms-server/wz/Character.wz/Hair/00039972.img.xml
Hair,Hair,39973,00039973,,0,0,0,0,False,False,False,True,missing_string_eqp|missing_handbook|outside_current_equip_pool,gms-server/wz/Character.wz/Hair/00039973.img.xml
Hair,Hair,39974,00039974,,0,0,0,0,False,False,False,True,missing_string_eqp|missing_handbook|outside_current_equip_pool,gms-server/wz/Character.wz/Hair/00039974.img.xml
Hair,Hair,39975,00039975,,0,0,0,0,False,False,False,True,missing_string_eqp|missing_handbook|outside_current_equip_pool,gms-server/wz/Character.wz/Hair/00039975.img.xml
Hair,Hair,39976,00039976,,0,0,0,0,False,False,False,True,missing_string_eqp|missing_handbook|outside_current_equip_pool,gms-server/wz/Character.wz/Hair/00039976.img.xml
Hair,Hair,39977,00039977,,0,0,0,0,False,False,False,True,missing_string_eqp|missing_handbook|outside_current_equip_pool,gms-server/wz/Character.wz/Hair/00039977.img.xml
Hair,Hair,39980,00039980,,0,0,1,0,False,False,False,True,missing_string_eqp|missing_handbook|outside_current_equip_pool,gms-server/wz/Character.wz/Hair/00039980.img.xml
Hair,Hair,39981,00039981,,0,0,1,0,False,False,False,True,missing_string_eqp|missing_handbook|outside_current_equip_pool,gms-server/wz/Character.wz/Hair/00039981.img.xml
Hair,Hair,39982,00039982,,0,0,1,0,False,False,False,True,missing_string_eqp|missing_handbook|outside_current_equip_pool,gms-server/wz/Character.wz/Hair/00039982.img.xml
Hair,Hair,39983,00039983,,0,0,1,0,False,False,False,True,missing_string_eqp|missing_handbook|outside_current_equip_pool,gms-server/wz/Character.wz/Hair/00039983.img.xml
Hair,Hair,39984,00039984,,0,0,1,0,False,False,False,True,missing_string_eqp|missing_handbook|outside_current_equip_pool,gms-server/wz/Character.wz/Hair/00039984.img.xml
Hair,Hair,39985,00039985,,0,0,1,0,False,False,False,True,missing_string_eqp|missing_handbook|outside_current_equip_pool,gms-server/wz/Character.wz/Hair/00039985.img.xml
Hair,Hair,39986,00039986,,0,0,1,0,False,False,False,True,missing_string_eqp|missing_handbook|outside_current_equip_pool,gms-server/wz/Character.wz/Hair/00039986.img.xml
Hair,Hair,39987,00039987,,0,0,1,0,False,False,False,True,missing_string_eqp|missing_handbook|outside_current_equip_pool,gms-server/wz/Character.wz/Hair/00039987.img.xml
Hair,Hair,39990,00039990,,0,0,1,0,False,False,False,True,missing_string_eqp|missing_handbook|outside_current_equip_pool,gms-server/wz/Character.wz/Hair/00039990.img.xml
Hair,Hair,39991,00039991,,0,0,1,0,False,False,False,True,missing_string_eqp|missing_handbook|outside_current_equip_pool,gms-server/wz/Character.wz/Hair/00039991.img.xml
Hair,Hair,39992,00039992,,0,0,1,0,False,False,False,True,missing_string_eqp|missing_handbook|outside_current_equip_pool,gms-server/wz/Character.wz/Hair/00039992.img.xml
Hair,Hair,39993,00039993,,0,0,1,0,False,False,False,True,missing_string_eqp|missing_handbook|outside_current_equip_pool,gms-server/wz/Character.wz/Hair/00039993.img.xml
Hair,Hair,39994,00039994,,0,0,1,0,False,False,False,True,missing_string_eqp|missing_handbook|outside_current_equip_pool,gms-server/wz/Character.wz/Hair/00039994.img.xml
Hair,Hair,39995,00039995,,0,0,1,0,False,False,False,True,missing_string_eqp|missing_handbook|outside_current_equip_pool,gms-server/wz/Character.wz/Hair/00039995.img.xml
Hair,Hair,39996,00039996,,0,0,1,0,False,False,False,True,missing_string_eqp|missing_handbook|outside_current_equip_pool,gms-server/wz/Character.wz/Hair/00039996.img.xml
Hair,Hair,39997,00039997,,0,0,1,0,False,False,False,True,missing_string_eqp|missing_handbook|outside_current_equip_pool,gms-server/wz/Character.wz/Hair/00039997.img.xml
Hair,Hair,40070,00040070,,0,0,1,0,False,False,False,True,missing_string_eqp|missing_handbook|outside_current_equip_pool,gms-server/wz/Character.wz/Hair/00040070.img.xml
Hair,Hair,40071,00040071,,0,0,1,0,False,False,False,True,missing_string_eqp|missing_handbook|outside_current_equip_pool,gms-server/wz/Character.wz/Hair/00040071.img.xml
Hair,Hair,40072,00040072,,0,0,1,0,False,False,False,True,missing_string_eqp|missing_handbook|outside_current_equip_pool,gms-server/wz/Character.wz/Hair/00040072.img.xml
Hair,Hair,40073,00040073,,0,0,1,0,False,False,False,True,missing_string_eqp|missing_handbook|outside_current_equip_pool,gms-server/wz/Character.wz/Hair/00040073.img.xml
Hair,Hair,40074,00040074,,0,0,1,0,False,False,False,True,missing_string_eqp|missing_handbook|outside_current_equip_pool,gms-server/wz/Character.wz/Hair/00040074.img.xml
Hair,Hair,40075,00040075,,0,0,1,0,False,False,False,True,missing_string_eqp|missing_handbook|outside_current_equip_pool,gms-server/wz/Character.wz/Hair/00040075.img.xml
Hair,Hair,40076,00040076,,0,0,1,0,False,False,False,True,missing_string_eqp|missing_handbook|outside_current_equip_pool,gms-server/wz/Character.wz/Hair/00040076.img.xml
Hair,Hair,40077,00040077,,0,0,1,0,False,False,False,True,missing_string_eqp|missing_handbook|outside_current_equip_pool,gms-server/wz/Character.wz/Hair/00040077.img.xml
Hair,Hair,40080,00040080,,0,0,1,0,False,False,False,True,missing_string_eqp|missing_handbook|outside_current_equip_pool,gms-server/wz/Character.wz/Hair/00040080.img.xml
Hair,Hair,40081,00040081,,0,0,1,0,False,False,False,True,missing_string_eqp|missing_handbook|outside_current_equip_pool,gms-server/wz/Character.wz/Hair/00040081.img.xml
Hair,Hair,40082,00040082,,0,0,1,0,False,False,False,True,missing_string_eqp|missing_handbook|outside_current_equip_pool,gms-server/wz/Character.wz/Hair/00040082.img.xml
Hair,Hair,40083,00040083,,0,0,1,0,False,False,False,True,missing_string_eqp|missing_handbook|outside_current_equip_pool,gms-server/wz/Character.wz/Hair/00040083.img.xml
Hair,Hair,40084,00040084,,0,0,1,0,False,False,False,True,missing_string_eqp|missing_handbook|outside_current_equip_pool,gms-server/wz/Character.wz/Hair/00040084.img.xml
Hair,Hair,40085,00040085,,0,0,1,0,False,False,False,True,missing_string_eqp|missing_handbook|outside_current_equip_pool,gms-server/wz/Character.wz/Hair/00040085.img.xml
Hair,Hair,40086,00040086,,0,0,1,0,False,False,False,True,missing_string_eqp|missing_handbook|outside_current_equip_pool,gms-server/wz/Character.wz/Hair/00040086.img.xml
Hair,Hair,40087,00040087,,0,0,1,0,False,False,False,True,missing_string_eqp|missing_handbook|outside_current_equip_pool,gms-server/wz/Character.wz/Hair/00040087.img.xml
Hair,Hair,42100,00042100,,0,0,1,0,False,False,False,True,missing_string_eqp|missing_handbook|outside_current_equip_pool,gms-server/wz/Character.wz/Hair/00042100.img.xml
Hair,Hair,42101,00042101,,0,0,1,0,False,False,False,True,missing_string_eqp|missing_handbook|outside_current_equip_pool,gms-server/wz/Character.wz/Hair/00042101.img.xml
Hair,Hair,42102,00042102,,0,0,1,0,False,False,False,True,missing_string_eqp|missing_handbook|outside_current_equip_pool,gms-server/wz/Character.wz/Hair/00042102.img.xml
Hair,Hair,42103,00042103,,0,0,1,0,False,False,False,True,missing_string_eqp|missing_handbook|outside_current_equip_pool,gms-server/wz/Character.wz/Hair/00042103.img.xml
Hair,Hair,42104,00042104,,0,0,1,0,False,False,False,True,missing_string_eqp|missing_handbook|outside_current_equip_pool,gms-server/wz/Character.wz/Hair/00042104.img.xml
Hair,Hair,42105,00042105,,0,0,1,0,False,False,False,True,missing_string_eqp|missing_handbook|outside_current_equip_pool,gms-server/wz/Character.wz/Hair/00042105.img.xml
Hair,Hair,42106,00042106,,0,0,1,0,False,False,False,True,missing_string_eqp|missing_handbook|outside_current_equip_pool,gms-server/wz/Character.wz/Hair/00042106.img.xml
Hair,Hair,42107,00042107,,0,0,1,0,False,False,False,True,missing_string_eqp|missing_handbook|outside_current_equip_pool,gms-server/wz/Character.wz/Hair/00042107.img.xml
Hair,Hair,43270,00043270,,0,0,1,0,False,False,False,True,missing_string_eqp|missing_handbook|outside_current_equip_pool,gms-server/wz/Character.wz/Hair/00043270.img.xml
Hair,Hair,43271,00043271,,0,0,1,0,False,False,False,True,missing_string_eqp|missing_handbook|outside_current_equip_pool,gms-server/wz/Character.wz/Hair/00043271.img.xml
Hair,Hair,43272,00043272,,0,0,1,0,False,False,False,True,missing_string_eqp|missing_handbook|outside_current_equip_pool,gms-server/wz/Character.wz/Hair/00043272.img.xml
Hair,Hair,43273,00043273,,0,0,1,0,False,False,False,True,missing_string_eqp|missing_handbook|outside_current_equip_pool,gms-server/wz/Character.wz/Hair/00043273.img.xml
Hair,Hair,43274,00043274,,0,0,1,0,False,False,False,True,missing_string_eqp|missing_handbook|outside_current_equip_pool,gms-server/wz/Character.wz/Hair/00043274.img.xml
Hair,Hair,43275,00043275,,0,0,1,0,False,False,False,True,missing_string_eqp|missing_handbook|outside_current_equip_pool,gms-server/wz/Character.wz/Hair/00043275.img.xml
Hair,Hair,43276,00043276,,0,0,1,0,False,False,False,True,missing_string_eqp|missing_handbook|outside_current_equip_pool,gms-server/wz/Character.wz/Hair/00043276.img.xml
Hair,Hair,43277,00043277,,0,0,1,0,False,False,False,True,missing_string_eqp|missing_handbook|outside_current_equip_pool,gms-server/wz/Character.wz/Hair/00043277.img.xml
Hair,Hair,44440,00044440,,0,0,1,0,False,False,False,True,missing_string_eqp|missing_handbook|outside_current_equip_pool,gms-server/wz/Character.wz/Hair/00044440.img.xml
Hair,Hair,44441,00044441,,0,0,1,0,False,False,False,True,missing_string_eqp|missing_handbook|outside_current_equip_pool,gms-server/wz/Character.wz/Hair/00044441.img.xml
Hair,Hair,44442,00044442,,0,0,1,0,False,False,False,True,missing_string_eqp|missing_handbook|outside_current_equip_pool,gms-server/wz/Character.wz/Hair/00044442.img.xml
Hair,Hair,44443,00044443,,0,0,1,0,False,False,False,True,missing_string_eqp|missing_handbook|outside_current_equip_pool,gms-server/wz/Character.wz/Hair/00044443.img.xml
Hair,Hair,44444,00044444,,0,0,1,0,False,False,False,True,missing_string_eqp|missing_handbook|outside_current_equip_pool,gms-server/wz/Character.wz/Hair/00044444.img.xml
Hair,Hair,44445,00044445,,0,0,1,0,False,False,False,True,missing_string_eqp|missing_handbook|outside_current_equip_pool,gms-server/wz/Character.wz/Hair/00044445.img.xml
Hair,Hair,44446,00044446,,0,0,1,0,False,False,False,True,missing_string_eqp|missing_handbook|outside_current_equip_pool,gms-server/wz/Character.wz/Hair/00044446.img.xml
Hair,Hair,44447,00044447,,0,0,1,0,False,False,False,True,missing_string_eqp|missing_handbook|outside_current_equip_pool,gms-server/wz/Character.wz/Hair/00044447.img.xml
Hair,Hair,44450,00044450,,0,0,1,0,False,False,False,True,missing_string_eqp|missing_handbook|outside_current_equip_pool,gms-server/wz/Character.wz/Hair/00044450.img.xml
Hair,Hair,44451,00044451,,0,0,1,0,False,False,False,True,missing_string_eqp|missing_handbook|outside_current_equip_pool,gms-server/wz/Character.wz/Hair/00044451.img.xml
Hair,Hair,44452,00044452,,0,0,1,0,False,False,False,True,missing_string_eqp|missing_handbook|outside_current_equip_pool,gms-server/wz/Character.wz/Hair/00044452.img.xml
Hair,Hair,44453,00044453,,0,0,1,0,False,False,False,True,missing_string_eqp|missing_handbook|outside_current_equip_pool,gms-server/wz/Character.wz/Hair/00044453.img.xml
Hair,Hair,44454,00044454,,0,0,1,0,False,False,False,True,missing_string_eqp|missing_handbook|outside_current_equip_pool,gms-server/wz/Character.wz/Hair/00044454.img.xml
Hair,Hair,44455,00044455,,0,0,1,0,False,False,False,True,missing_string_eqp|missing_handbook|outside_current_equip_pool,gms-server/wz/Character.wz/Hair/00044455.img.xml
Hair,Hair,44456,00044456,,0,0,1,0,False,False,False,True,missing_string_eqp|missing_handbook|outside_current_equip_pool,gms-server/wz/Character.wz/Hair/00044456.img.xml
Hair,Hair,44457,00044457,,0,0,1,0,False,False,False,True,missing_string_eqp|missing_handbook|outside_current_equip_pool,gms-server/wz/Character.wz/Hair/00044457.img.xml
Hair,Hair,46540,00046540,,0,0,1,0,False,False,False,True,missing_string_eqp|missing_handbook|outside_current_equip_pool,gms-server/wz/Character.wz/Hair/00046540.img.xml
Hair,Hair,46541,00046541,,0,0,1,0,False,False,False,True,missing_string_eqp|missing_handbook|outside_current_equip_pool,gms-server/wz/Character.wz/Hair/00046541.img.xml
Hair,Hair,46542,00046542,,0,0,1,0,False,False,False,True,missing_string_eqp|missing_handbook|outside_current_equip_pool,gms-server/wz/Character.wz/Hair/00046542.img.xml
Hair,Hair,46543,00046543,,0,0,1,0,False,False,False,True,missing_string_eqp|missing_handbook|outside_current_equip_pool,gms-server/wz/Character.wz/Hair/00046543.img.xml
Hair,Hair,46544,00046544,,0,0,1,0,False,False,False,True,missing_string_eqp|missing_handbook|outside_current_equip_pool,gms-server/wz/Character.wz/Hair/00046544.img.xml
Hair,Hair,46545,00046545,,0,0,1,0,False,False,False,True,missing_string_eqp|missing_handbook|outside_current_equip_pool,gms-server/wz/Character.wz/Hair/00046545.img.xml
Hair,Hair,46546,00046546,,0,0,1,0,False,False,False,True,missing_string_eqp|missing_handbook|outside_current_equip_pool,gms-server/wz/Character.wz/Hair/00046546.img.xml
Hair,Hair,46547,00046547,,0,0,1,0,False,False,False,True,missing_string_eqp|missing_handbook|outside_current_equip_pool,gms-server/wz/Character.wz/Hair/00046547.img.xml
Hair,Hair,46550,00046550,,0,0,1,0,False,False,False,True,missing_string_eqp|missing_handbook|outside_current_equip_pool,gms-server/wz/Character.wz/Hair/00046550.img.xml
Hair,Hair,46551,00046551,,0,0,1,0,False,False,False,True,missing_string_eqp|missing_handbook|outside_current_equip_pool,gms-server/wz/Character.wz/Hair/00046551.img.xml
Hair,Hair,46552,00046552,,0,0,1,0,False,False,False,True,missing_string_eqp|missing_handbook|outside_current_equip_pool,gms-server/wz/Character.wz/Hair/00046552.img.xml
Hair,Hair,46553,00046553,,0,0,1,0,False,False,False,True,missing_string_eqp|missing_handbook|outside_current_equip_pool,gms-server/wz/Character.wz/Hair/00046553.img.xml
Hair,Hair,46554,00046554,,0,0,1,0,False,False,False,True,missing_string_eqp|missing_handbook|outside_current_equip_pool,gms-server/wz/Character.wz/Hair/00046554.img.xml
Hair,Hair,46555,00046555,,0,0,1,0,False,False,False,True,missing_string_eqp|missing_handbook|outside_current_equip_pool,gms-server/wz/Character.wz/Hair/00046555.img.xml
Hair,Hair,46556,00046556,,0,0,1,0,False,False,False,True,missing_string_eqp|missing_handbook|outside_current_equip_pool,gms-server/wz/Character.wz/Hair/00046556.img.xml
Hair,Hair,46557,00046557,,0,0,1,0,False,False,False,True,missing_string_eqp|missing_handbook|outside_current_equip_pool,gms-server/wz/Character.wz/Hair/00046557.img.xml
Hair,Hair,47140,00047140,,0,0,1,0,False,False,False,True,missing_string_eqp|missing_handbook|outside_current_equip_pool,gms-server/wz/Character.wz/Hair/00047140.img.xml
Hair,Hair,47141,00047141,,0,0,1,0,False,False,False,True,missing_string_eqp|missing_handbook|outside_current_equip_pool,gms-server/wz/Character.wz/Hair/00047141.img.xml
Hair,Hair,47142,00047142,,0,0,1,0,False,False,False,True,missing_string_eqp|missing_handbook|outside_current_equip_pool,gms-server/wz/Character.wz/Hair/00047142.img.xml
Hair,Hair,47143,00047143,,0,0,1,0,False,False,False,True,missing_string_eqp|missing_handbook|outside_current_equip_pool,gms-server/wz/Character.wz/Hair/00047143.img.xml
Hair,Hair,47144,00047144,,0,0,1,0,False,False,False,True,missing_string_eqp|missing_handbook|outside_current_equip_pool,gms-server/wz/Character.wz/Hair/00047144.img.xml
Hair,Hair,47145,00047145,,0,0,1,0,False,False,False,True,missing_string_eqp|missing_handbook|outside_current_equip_pool,gms-server/wz/Character.wz/Hair/00047145.img.xml
Hair,Hair,47146,00047146,,0,0,1,0,False,False,False,True,missing_string_eqp|missing_handbook|outside_current_equip_pool,gms-server/wz/Character.wz/Hair/00047146.img.xml
Hair,Hair,47147,00047147,,0,0,1,0,False,False,False,True,missing_string_eqp|missing_handbook|outside_current_equip_pool,gms-server/wz/Character.wz/Hair/00047147.img.xml
Hair,Hair,48670,00048670,,0,0,1,0,False,False,False,True,missing_string_eqp|missing_handbook|outside_current_equip_pool,gms-server/wz/Character.wz/Hair/00048670.img.xml
Hair,Hair,48671,00048671,,0,0,1,0,False,False,False,True,missing_string_eqp|missing_handbook|outside_current_equip_pool,gms-server/wz/Character.wz/Hair/00048671.img.xml
Hair,Hair,48672,00048672,,0,0,1,0,False,False,False,True,missing_string_eqp|missing_handbook|outside_current_equip_pool,gms-server/wz/Character.wz/Hair/00048672.img.xml
Hair,Hair,48673,00048673,,0,0,1,0,False,False,False,True,missing_string_eqp|missing_handbook|outside_current_equip_pool,gms-server/wz/Character.wz/Hair/00048673.img.xml
Hair,Hair,48674,00048674,,0,0,1,0,False,False,False,True,missing_string_eqp|missing_handbook|outside_current_equip_pool,gms-server/wz/Character.wz/Hair/00048674.img.xml
Hair,Hair,48675,00048675,,0,0,1,0,False,False,False,True,missing_string_eqp|missing_handbook|outside_current_equip_pool,gms-server/wz/Character.wz/Hair/00048675.img.xml
Hair,Hair,48676,00048676,,0,0,1,0,False,False,False,True,missing_string_eqp|missing_handbook|outside_current_equip_pool,gms-server/wz/Character.wz/Hair/00048676.img.xml
Hair,Hair,48677,00048677,,0,0,1,0,False,False,False,True,missing_string_eqp|missing_handbook|outside_current_equip_pool,gms-server/wz/Character.wz/Hair/00048677.img.xml
Hair,Hair,48680,00048680,,0,0,1,0,False,False,False,True,missing_string_eqp|missing_handbook|outside_current_equip_pool,gms-server/wz/Character.wz/Hair/00048680.img.xml
Hair,Hair,48681,00048681,,0,0,1,0,False,False,False,True,missing_string_eqp|missing_handbook|outside_current_equip_pool,gms-server/wz/Character.wz/Hair/00048681.img.xml
Hair,Hair,48682,00048682,,0,0,1,0,False,False,False,True,missing_string_eqp|missing_handbook|outside_current_equip_pool,gms-server/wz/Character.wz/Hair/00048682.img.xml
Hair,Hair,48683,00048683,,0,0,1,0,False,False,False,True,missing_string_eqp|missing_handbook|outside_current_equip_pool,gms-server/wz/Character.wz/Hair/00048683.img.xml
Hair,Hair,48684,00048684,,0,0,1,0,False,False,False,True,missing_string_eqp|missing_handbook|outside_current_equip_pool,gms-server/wz/Character.wz/Hair/00048684.img.xml
Hair,Hair,48685,00048685,,0,0,1,0,False,False,False,True,missing_string_eqp|missing_handbook|outside_current_equip_pool,gms-server/wz/Character.wz/Hair/00048685.img.xml
Hair,Hair,48686,00048686,,0,0,1,0,False,False,False,True,missing_string_eqp|missing_handbook|outside_current_equip_pool,gms-server/wz/Character.wz/Hair/00048686.img.xml
Hair,Hair,48687,00048687,,0,0,1,0,False,False,False,True,missing_string_eqp|missing_handbook|outside_current_equip_pool,gms-server/wz/Character.wz/Hair/00048687.img.xml
Hair,Hair,48690,00048690,,0,0,1,0,False,False,False,True,missing_string_eqp|missing_handbook|outside_current_equip_pool,gms-server/wz/Character.wz/Hair/00048690.img.xml
Hair,Hair,48691,00048691,,0,0,1,0,False,False,False,True,missing_string_eqp|missing_handbook|outside_current_equip_pool,gms-server/wz/Character.wz/Hair/00048691.img.xml
Hair,Hair,48692,00048692,,0,0,1,0,False,False,False,True,missing_string_eqp|missing_handbook|outside_current_equip_pool,gms-server/wz/Character.wz/Hair/00048692.img.xml
Hair,Hair,48693,00048693,,0,0,1,0,False,False,False,True,missing_string_eqp|missing_handbook|outside_current_equip_pool,gms-server/wz/Character.wz/Hair/00048693.img.xml
Hair,Hair,48694,00048694,,0,0,1,0,False,False,False,True,missing_string_eqp|missing_handbook|outside_current_equip_pool,gms-server/wz/Character.wz/Hair/00048694.img.xml
Hair,Hair,48695,00048695,,0,0,1,0,False,False,False,True,missing_string_eqp|missing_handbook|outside_current_equip_pool,gms-server/wz/Character.wz/Hair/00048695.img.xml
Hair,Hair,48696,00048696,,0,0,1,0,False,False,False,True,missing_string_eqp|missing_handbook|outside_current_equip_pool,gms-server/wz/Character.wz/Hair/00048696.img.xml
Hair,Hair,48697,00048697,,0,0,1,0,False,False,False,True,missing_string_eqp|missing_handbook|outside_current_equip_pool,gms-server/wz/Character.wz/Hair/00048697.img.xml
Hair,Hair,63110,00063110,,0,0,1,0,False,False,False,True,missing_string_eqp|missing_handbook|outside_current_equip_pool,gms-server/wz/Character.wz/Hair/00063110.img.xml
Hair,Hair,63111,00063111,,0,0,1,0,False,False,False,True,missing_string_eqp|missing_handbook|outside_current_equip_pool,gms-server/wz/Character.wz/Hair/00063111.img.xml
Hair,Hair,63112,00063112,,0,0,1,0,False,False,False,True,missing_string_eqp|missing_handbook|outside_current_equip_pool,gms-server/wz/Character.wz/Hair/00063112.img.xml
Hair,Hair,63113,00063113,,0,0,1,0,False,False,False,True,missing_string_eqp|missing_handbook|outside_current_equip_pool,gms-server/wz/Character.wz/Hair/00063113.img.xml
Hair,Hair,63114,00063114,,0,0,1,0,False,False,False,True,missing_string_eqp|missing_handbook|outside_current_equip_pool,gms-server/wz/Character.wz/Hair/00063114.img.xml
Hair,Hair,63115,00063115,,0,0,1,0,False,False,False,True,missing_string_eqp|missing_handbook|outside_current_equip_pool,gms-server/wz/Character.wz/Hair/00063115.img.xml
Hair,Hair,63116,00063116,,0,0,1,0,False,False,False,True,missing_string_eqp|missing_handbook|outside_current_equip_pool,gms-server/wz/Character.wz/Hair/00063116.img.xml
Hair,Hair,63117,00063117,,0,0,1,0,False,False,False,True,missing_string_eqp|missing_handbook|outside_current_equip_pool,gms-server/wz/Character.wz/Hair/00063117.img.xml
Hair,Hair,63120,00063120,,0,0,1,0,False,False,False,True,missing_string_eqp|missing_handbook|outside_current_equip_pool,gms-server/wz/Character.wz/Hair/00063120.img.xml
Hair,Hair,63121,00063121,,0,0,1,0,False,False,False,True,missing_string_eqp|missing_handbook|outside_current_equip_pool,gms-server/wz/Character.wz/Hair/00063121.img.xml
Hair,Hair,63122,00063122,,0,0,1,0,False,False,False,True,missing_string_eqp|missing_handbook|outside_current_equip_pool,gms-server/wz/Character.wz/Hair/00063122.img.xml
Hair,Hair,63123,00063123,,0,0,1,0,False,False,False,True,missing_string_eqp|missing_handbook|outside_current_equip_pool,gms-server/wz/Character.wz/Hair/00063123.img.xml
Hair,Hair,63124,00063124,,0,0,1,0,False,False,False,True,missing_string_eqp|missing_handbook|outside_current_equip_pool,gms-server/wz/Character.wz/Hair/00063124.img.xml
Hair,Hair,63125,00063125,,0,0,1,0,False,False,False,True,missing_string_eqp|missing_handbook|outside_current_equip_pool,gms-server/wz/Character.wz/Hair/00063125.img.xml
Hair,Hair,63126,00063126,,0,0,1,0,False,False,False,True,missing_string_eqp|missing_handbook|outside_current_equip_pool,gms-server/wz/Character.wz/Hair/00063126.img.xml
Hair,Hair,63127,00063127,,0,0,1,0,False,False,False,True,missing_string_eqp|missing_handbook|outside_current_equip_pool,gms-server/wz/Character.wz/Hair/00063127.img.xml
Hair,Hair,63130,00063130,,0,0,1,0,False,False,False,True,missing_string_eqp|missing_handbook|outside_current_equip_pool,gms-server/wz/Character.wz/Hair/00063130.img.xml
Hair,Hair,63131,00063131,,0,0,1,0,False,False,False,True,missing_string_eqp|missing_handbook|outside_current_equip_pool,gms-server/wz/Character.wz/Hair/00063131.img.xml
Hair,Hair,63132,00063132,,0,0,1,0,False,False,False,True,missing_string_eqp|missing_handbook|outside_current_equip_pool,gms-server/wz/Character.wz/Hair/00063132.img.xml
Hair,Hair,63133,00063133,,0,0,1,0,False,False,False,True,missing_string_eqp|missing_handbook|outside_current_equip_pool,gms-server/wz/Character.wz/Hair/00063133.img.xml
Hair,Hair,63134,00063134,,0,0,1,0,False,False,False,True,missing_string_eqp|missing_handbook|outside_current_equip_pool,gms-server/wz/Character.wz/Hair/00063134.img.xml
Hair,Hair,63135,00063135,,0,0,1,0,False,False,False,True,missing_string_eqp|missing_handbook|outside_current_equip_pool,gms-server/wz/Character.wz/Hair/00063135.img.xml
Hair,Hair,63136,00063136,,0,0,1,0,False,False,False,True,missing_string_eqp|missing_handbook|outside_current_equip_pool,gms-server/wz/Character.wz/Hair/00063136.img.xml
Hair,Hair,63137,00063137,,0,0,1,0,False,False,False,True,missing_string_eqp|missing_handbook|outside_current_equip_pool,gms-server/wz/Character.wz/Hair/00063137.img.xml
Hair,Hair,63140,00063140,,0,0,1,0,False,False,False,True,missing_string_eqp|missing_handbook|outside_current_equip_pool,gms-server/wz/Character.wz/Hair/00063140.img.xml
Hair,Hair,63141,00063141,,0,0,1,0,False,False,False,True,missing_string_eqp|missing_handbook|outside_current_equip_pool,gms-server/wz/Character.wz/Hair/00063141.img.xml
Hair,Hair,63142,00063142,,0,0,1,0,False,False,False,True,missing_string_eqp|missing_handbook|outside_current_equip_pool,gms-server/wz/Character.wz/Hair/00063142.img.xml
Hair,Hair,63143,00063143,,0,0,1,0,False,False,False,True,missing_string_eqp|missing_handbook|outside_current_equip_pool,gms-server/wz/Character.wz/Hair/00063143.img.xml
Hair,Hair,63144,00063144,,0,0,1,0,False,False,False,True,missing_string_eqp|missing_handbook|outside_current_equip_pool,gms-server/wz/Character.wz/Hair/00063144.img.xml
Hair,Hair,63145,00063145,,0,0,1,0,False,False,False,True,missing_string_eqp|missing_handbook|outside_current_equip_pool,gms-server/wz/Character.wz/Hair/00063145.img.xml
Hair,Hair,63146,00063146,,0,0,1,0,False,False,False,True,missing_string_eqp|missing_handbook|outside_current_equip_pool,gms-server/wz/Character.wz/Hair/00063146.img.xml
Hair,Hair,63147,00063147,,0,0,1,0,False,False,False,True,missing_string_eqp|missing_handbook|outside_current_equip_pool,gms-server/wz/Character.wz/Hair/00063147.img.xml
Hair,Hair,63150,00063150,,0,0,1,0,False,False,False,True,missing_string_eqp|missing_handbook|outside_current_equip_pool,gms-server/wz/Character.wz/Hair/00063150.img.xml
Hair,Hair,63151,00063151,,0,0,1,0,False,False,False,True,missing_string_eqp|missing_handbook|outside_current_equip_pool,gms-server/wz/Character.wz/Hair/00063151.img.xml
Hair,Hair,63152,00063152,,0,0,1,0,False,False,False,True,missing_string_eqp|missing_handbook|outside_current_equip_pool,gms-server/wz/Character.wz/Hair/00063152.img.xml
Hair,Hair,63153,00063153,,0,0,1,0,False,False,False,True,missing_string_eqp|missing_handbook|outside_current_equip_pool,gms-server/wz/Character.wz/Hair/00063153.img.xml
Hair,Hair,63154,00063154,,0,0,1,0,False,False,False,True,missing_string_eqp|missing_handbook|outside_current_equip_pool,gms-server/wz/Character.wz/Hair/00063154.img.xml
Hair,Hair,63155,00063155,,0,0,1,0,False,False,False,True,missing_string_eqp|missing_handbook|outside_current_equip_pool,gms-server/wz/Character.wz/Hair/00063155.img.xml
Hair,Hair,63156,00063156,,0,0,1,0,False,False,False,True,missing_string_eqp|missing_handbook|outside_current_equip_pool,gms-server/wz/Character.wz/Hair/00063156.img.xml
Hair,Hair,63157,00063157,,0,0,1,0,False,False,False,True,missing_string_eqp|missing_handbook|outside_current_equip_pool,gms-server/wz/Character.wz/Hair/00063157.img.xml
Hair,Hair,63160,00063160,,0,0,1,0,False,False,False,True,missing_string_eqp|missing_handbook|outside_current_equip_pool,gms-server/wz/Character.wz/Hair/00063160.img.xml
Hair,Hair,63161,00063161,,0,0,1,0,False,False,False,True,missing_string_eqp|missing_handbook|outside_current_equip_pool,gms-server/wz/Character.wz/Hair/00063161.img.xml
Hair,Hair,63162,00063162,,0,0,1,0,False,False,False,True,missing_string_eqp|missing_handbook|outside_current_equip_pool,gms-server/wz/Character.wz/Hair/00063162.img.xml
Hair,Hair,63163,00063163,,0,0,1,0,False,False,False,True,missing_string_eqp|missing_handbook|outside_current_equip_pool,gms-server/wz/Character.wz/Hair/00063163.img.xml
Hair,Hair,63164,00063164,,0,0,1,0,False,False,False,True,missing_string_eqp|missing_handbook|outside_current_equip_pool,gms-server/wz/Character.wz/Hair/00063164.img.xml
Hair,Hair,63165,00063165,,0,0,1,0,False,False,False,True,missing_string_eqp|missing_handbook|outside_current_equip_pool,gms-server/wz/Character.wz/Hair/00063165.img.xml
Hair,Hair,63166,00063166,,0,0,1,0,False,False,False,True,missing_string_eqp|missing_handbook|outside_current_equip_pool,gms-server/wz/Character.wz/Hair/00063166.img.xml
Hair,Hair,63167,00063167,,0,0,1,0,False,False,False,True,missing_string_eqp|missing_handbook|outside_current_equip_pool,gms-server/wz/Character.wz/Hair/00063167.img.xml
Hair,Hair,63480,00063480,,0,0,1,0,False,False,False,True,missing_string_eqp|missing_handbook|outside_current_equip_pool,gms-server/wz/Character.wz/Hair/00063480.img.xml
Hair,Hair,63481,00063481,,0,0,1,0,False,False,False,True,missing_string_eqp|missing_handbook|outside_current_equip_pool,gms-server/wz/Character.wz/Hair/00063481.img.xml
Hair,Hair,63482,00063482,,0,0,1,0,False,False,False,True,missing_string_eqp|missing_handbook|outside_current_equip_pool,gms-server/wz/Character.wz/Hair/00063482.img.xml
Hair,Hair,63483,00063483,,0,0,1,0,False,False,False,True,missing_string_eqp|missing_handbook|outside_current_equip_pool,gms-server/wz/Character.wz/Hair/00063483.img.xml
Hair,Hair,63484,00063484,,0,0,1,0,False,False,False,True,missing_string_eqp|missing_handbook|outside_current_equip_pool,gms-server/wz/Character.wz/Hair/00063484.img.xml
Hair,Hair,63485,00063485,,0,0,1,0,False,False,False,True,missing_string_eqp|missing_handbook|outside_current_equip_pool,gms-server/wz/Character.wz/Hair/00063485.img.xml
Hair,Hair,63486,00063486,,0,0,1,0,False,False,False,True,missing_string_eqp|missing_handbook|outside_current_equip_pool,gms-server/wz/Character.wz/Hair/00063486.img.xml
Hair,Hair,63487,00063487,,0,0,1,0,False,False,False,True,missing_string_eqp|missing_handbook|outside_current_equip_pool,gms-server/wz/Character.wz/Hair/00063487.img.xml
Hair,Hair,63490,00063490,,0,0,1,0,False,False,False,True,missing_string_eqp|missing_handbook|outside_current_equip_pool,gms-server/wz/Character.wz/Hair/00063490.img.xml
Hair,Hair,63491,00063491,,0,0,1,0,False,False,False,True,missing_string_eqp|missing_handbook|outside_current_equip_pool,gms-server/wz/Character.wz/Hair/00063491.img.xml
Hair,Hair,63492,00063492,,0,0,1,0,False,False,False,True,missing_string_eqp|missing_handbook|outside_current_equip_pool,gms-server/wz/Character.wz/Hair/00063492.img.xml
Hair,Hair,63493,00063493,,0,0,1,0,False,False,False,True,missing_string_eqp|missing_handbook|outside_current_equip_pool,gms-server/wz/Character.wz/Hair/00063493.img.xml
Hair,Hair,63494,00063494,,0,0,1,0,False,False,False,True,missing_string_eqp|missing_handbook|outside_current_equip_pool,gms-server/wz/Character.wz/Hair/00063494.img.xml
Hair,Hair,63495,00063495,,0,0,1,0,False,False,False,True,missing_string_eqp|missing_handbook|outside_current_equip_pool,gms-server/wz/Character.wz/Hair/00063495.img.xml
Hair,Hair,63496,00063496,,0,0,1,0,False,False,False,True,missing_string_eqp|missing_handbook|outside_current_equip_pool,gms-server/wz/Character.wz/Hair/00063496.img.xml
Hair,Hair,63497,00063497,,0,0,1,0,False,False,False,True,missing_string_eqp|missing_handbook|outside_current_equip_pool,gms-server/wz/Character.wz/Hair/00063497.img.xml
Hair,Hair,64610,00064610,,0,0,1,0,False,False,False,True,missing_string_eqp|missing_handbook|outside_current_equip_pool,gms-server/wz/Character.wz/Hair/00064610.img.xml
Hair,Hair,64611,00064611,,0,0,1,0,False,False,False,True,missing_string_eqp|missing_handbook|outside_current_equip_pool,gms-server/wz/Character.wz/Hair/00064611.img.xml
Hair,Hair,64612,00064612,,0,0,1,0,False,False,False,True,missing_string_eqp|missing_handbook|outside_current_equip_pool,gms-server/wz/Character.wz/Hair/00064612.img.xml
Hair,Hair,64613,00064613,,0,0,1,0,False,False,False,True,missing_string_eqp|missing_handbook|outside_current_equip_pool,gms-server/wz/Character.wz/Hair/00064613.img.xml
Hair,Hair,64614,00064614,,0,0,1,0,False,False,False,True,missing_string_eqp|missing_handbook|outside_current_equip_pool,gms-server/wz/Character.wz/Hair/00064614.img.xml
Hair,Hair,64615,00064615,,0,0,1,0,False,False,False,True,missing_string_eqp|missing_handbook|outside_current_equip_pool,gms-server/wz/Character.wz/Hair/00064615.img.xml
Hair,Hair,64616,00064616,,0,0,1,0,False,False,False,True,missing_string_eqp|missing_handbook|outside_current_equip_pool,gms-server/wz/Character.wz/Hair/00064616.img.xml
Hair,Hair,64617,00064617,,0,0,1,0,False,False,False,True,missing_string_eqp|missing_handbook|outside_current_equip_pool,gms-server/wz/Character.wz/Hair/00064617.img.xml
Hair,Hair,64620,00064620,,0,0,1,0,False,False,False,True,missing_string_eqp|missing_handbook|outside_current_equip_pool,gms-server/wz/Character.wz/Hair/00064620.img.xml
Hair,Hair,64621,00064621,,0,0,1,0,False,False,False,True,missing_string_eqp|missing_handbook|outside_current_equip_pool,gms-server/wz/Character.wz/Hair/00064621.img.xml
Hair,Hair,64622,00064622,,0,0,1,0,False,False,False,True,missing_string_eqp|missing_handbook|outside_current_equip_pool,gms-server/wz/Character.wz/Hair/00064622.img.xml
Hair,Hair,64623,00064623,,0,0,1,0,False,False,False,True,missing_string_eqp|missing_handbook|outside_current_equip_pool,gms-server/wz/Character.wz/Hair/00064623.img.xml
Hair,Hair,64624,00064624,,0,0,1,0,False,False,False,True,missing_string_eqp|missing_handbook|outside_current_equip_pool,gms-server/wz/Character.wz/Hair/00064624.img.xml
Hair,Hair,64625,00064625,,0,0,1,0,False,False,False,True,missing_string_eqp|missing_handbook|outside_current_equip_pool,gms-server/wz/Character.wz/Hair/00064625.img.xml
Hair,Hair,64626,00064626,,0,0,1,0,False,False,False,True,missing_string_eqp|missing_handbook|outside_current_equip_pool,gms-server/wz/Character.wz/Hair/00064626.img.xml
Hair,Hair,64627,00064627,,0,0,1,0,False,False,False,True,missing_string_eqp|missing_handbook|outside_current_equip_pool,gms-server/wz/Character.wz/Hair/00064627.img.xml
Hair,Hair,64630,00064630,,0,0,1,0,False,False,False,True,missing_string_eqp|missing_handbook|outside_current_equip_pool,gms-server/wz/Character.wz/Hair/00064630.img.xml
Hair,Hair,64631,00064631,,0,0,1,0,False,False,False,True,missing_string_eqp|missing_handbook|outside_current_equip_pool,gms-server/wz/Character.wz/Hair/00064631.img.xml
Hair,Hair,64632,00064632,,0,0,1,0,False,False,False,True,missing_string_eqp|missing_handbook|outside_current_equip_pool,gms-server/wz/Character.wz/Hair/00064632.img.xml
Hair,Hair,64633,00064633,,0,0,1,0,False,False,False,True,missing_string_eqp|missing_handbook|outside_current_equip_pool,gms-server/wz/Character.wz/Hair/00064633.img.xml
Hair,Hair,64634,00064634,,0,0,1,0,False,False,False,True,missing_string_eqp|missing_handbook|outside_current_equip_pool,gms-server/wz/Character.wz/Hair/00064634.img.xml
Hair,Hair,64635,00064635,,0,0,1,0,False,False,False,True,missing_string_eqp|missing_handbook|outside_current_equip_pool,gms-server/wz/Character.wz/Hair/00064635.img.xml
Hair,Hair,64636,00064636,,0,0,1,0,False,False,False,True,missing_string_eqp|missing_handbook|outside_current_equip_pool,gms-server/wz/Character.wz/Hair/00064636.img.xml
Hair,Hair,64637,00064637,,0,0,1,0,False,False,False,True,missing_string_eqp|missing_handbook|outside_current_equip_pool,gms-server/wz/Character.wz/Hair/00064637.img.xml
Hair,Hair,64640,00064640,,0,0,1,0,False,False,False,True,missing_string_eqp|missing_handbook|outside_current_equip_pool,gms-server/wz/Character.wz/Hair/00064640.img.xml
Hair,Hair,64641,00064641,,0,0,1,0,False,False,False,True,missing_string_eqp|missing_handbook|outside_current_equip_pool,gms-server/wz/Character.wz/Hair/00064641.img.xml
Hair,Hair,64642,00064642,,0,0,1,0,False,False,False,True,missing_string_eqp|missing_handbook|outside_current_equip_pool,gms-server/wz/Character.wz/Hair/00064642.img.xml
Hair,Hair,64643,00064643,,0,0,1,0,False,False,False,True,missing_string_eqp|missing_handbook|outside_current_equip_pool,gms-server/wz/Character.wz/Hair/00064643.img.xml
Hair,Hair,64644,00064644,,0,0,1,0,False,False,False,True,missing_string_eqp|missing_handbook|outside_current_equip_pool,gms-server/wz/Character.wz/Hair/00064644.img.xml
Hair,Hair,64645,00064645,,0,0,1,0,False,False,False,True,missing_string_eqp|missing_handbook|outside_current_equip_pool,gms-server/wz/Character.wz/Hair/00064645.img.xml
Hair,Hair,64646,00064646,,0,0,1,0,False,False,False,True,missing_string_eqp|missing_handbook|outside_current_equip_pool,gms-server/wz/Character.wz/Hair/00064646.img.xml
Hair,Hair,64647,00064647,,0,0,1,0,False,False,False,True,missing_string_eqp|missing_handbook|outside_current_equip_pool,gms-server/wz/Character.wz/Hair/00064647.img.xml
Hair,Hair,64650,00064650,,0,0,1,0,False,False,False,True,missing_string_eqp|missing_handbook|outside_current_equip_pool,gms-server/wz/Character.wz/Hair/00064650.img.xml
Hair,Hair,64651,00064651,,0,0,1,0,False,False,False,True,missing_string_eqp|missing_handbook|outside_current_equip_pool,gms-server/wz/Character.wz/Hair/00064651.img.xml
Hair,Hair,64652,00064652,,0,0,1,0,False,False,False,True,missing_string_eqp|missing_handbook|outside_current_equip_pool,gms-server/wz/Character.wz/Hair/00064652.img.xml
Hair,Hair,64653,00064653,,0,0,1,0,False,False,False,True,missing_string_eqp|missing_handbook|outside_current_equip_pool,gms-server/wz/Character.wz/Hair/00064653.img.xml
Hair,Hair,64654,00064654,,0,0,1,0,False,False,False,True,missing_string_eqp|missing_handbook|outside_current_equip_pool,gms-server/wz/Character.wz/Hair/00064654.img.xml
Hair,Hair,64655,00064655,,0,0,1,0,False,False,False,True,missing_string_eqp|missing_handbook|outside_current_equip_pool,gms-server/wz/Character.wz/Hair/00064655.img.xml
Hair,Hair,64656,00064656,,0,0,1,0,False,False,False,True,missing_string_eqp|missing_handbook|outside_current_equip_pool,gms-server/wz/Character.wz/Hair/00064656.img.xml
Hair,Hair,64657,00064657,,0,0,1,0,False,False,False,True,missing_string_eqp|missing_handbook|outside_current_equip_pool,gms-server/wz/Character.wz/Hair/00064657.img.xml
Hair,Hair,64660,00064660,,0,0,1,0,False,False,False,True,missing_string_eqp|missing_handbook|outside_current_equip_pool,gms-server/wz/Character.wz/Hair/00064660.img.xml
Hair,Hair,64661,00064661,,0,0,1,0,False,False,False,True,missing_string_eqp|missing_handbook|outside_current_equip_pool,gms-server/wz/Character.wz/Hair/00064661.img.xml
Hair,Hair,64662,00064662,,0,0,1,0,False,False,False,True,missing_string_eqp|missing_handbook|outside_current_equip_pool,gms-server/wz/Character.wz/Hair/00064662.img.xml
Hair,Hair,64663,00064663,,0,0,1,0,False,False,False,True,missing_string_eqp|missing_handbook|outside_current_equip_pool,gms-server/wz/Character.wz/Hair/00064663.img.xml
Hair,Hair,64664,00064664,,0,0,1,0,False,False,False,True,missing_string_eqp|missing_handbook|outside_current_equip_pool,gms-server/wz/Character.wz/Hair/00064664.img.xml
Hair,Hair,64665,00064665,,0,0,1,0,False,False,False,True,missing_string_eqp|missing_handbook|outside_current_equip_pool,gms-server/wz/Character.wz/Hair/00064665.img.xml
Hair,Hair,64666,00064666,,0,0,1,0,False,False,False,True,missing_string_eqp|missing_handbook|outside_current_equip_pool,gms-server/wz/Character.wz/Hair/00064666.img.xml
Hair,Hair,64667,00064667,,0,0,1,0,False,False,False,True,missing_string_eqp|missing_handbook|outside_current_equip_pool,gms-server/wz/Character.wz/Hair/00064667.img.xml
Hair,Hair,64910,00064910,,0,0,1,0,False,False,False,True,missing_string_eqp|missing_handbook|outside_current_equip_pool,gms-server/wz/Character.wz/Hair/00064910.img.xml
Hair,Hair,64911,00064911,,0,0,1,0,False,False,False,True,missing_string_eqp|missing_handbook|outside_current_equip_pool,gms-server/wz/Character.wz/Hair/00064911.img.xml
Hair,Hair,64912,00064912,,0,0,1,0,False,False,False,True,missing_string_eqp|missing_handbook|outside_current_equip_pool,gms-server/wz/Character.wz/Hair/00064912.img.xml
Hair,Hair,64913,00064913,,0,0,1,0,False,False,False,True,missing_string_eqp|missing_handbook|outside_current_equip_pool,gms-server/wz/Character.wz/Hair/00064913.img.xml
Hair,Hair,64914,00064914,,0,0,1,0,False,False,False,True,missing_string_eqp|missing_handbook|outside_current_equip_pool,gms-server/wz/Character.wz/Hair/00064914.img.xml
Hair,Hair,64915,00064915,,0,0,1,0,False,False,False,True,missing_string_eqp|missing_handbook|outside_current_equip_pool,gms-server/wz/Character.wz/Hair/00064915.img.xml
Hair,Hair,64916,00064916,,0,0,1,0,False,False,False,True,missing_string_eqp|missing_handbook|outside_current_equip_pool,gms-server/wz/Character.wz/Hair/00064916.img.xml
Hair,Hair,64917,00064917,,0,0,1,0,False,False,False,True,missing_string_eqp|missing_handbook|outside_current_equip_pool,gms-server/wz/Character.wz/Hair/00064917.img.xml
Hair,Hair,64920,00064920,,0,0,1,0,False,False,False,True,missing_string_eqp|missing_handbook|outside_current_equip_pool,gms-server/wz/Character.wz/Hair/00064920.img.xml
Hair,Hair,64921,00064921,,0,0,1,0,False,False,False,True,missing_string_eqp|missing_handbook|outside_current_equip_pool,gms-server/wz/Character.wz/Hair/00064921.img.xml
Hair,Hair,64922,00064922,,0,0,1,0,False,False,False,True,missing_string_eqp|missing_handbook|outside_current_equip_pool,gms-server/wz/Character.wz/Hair/00064922.img.xml
Hair,Hair,64923,00064923,,0,0,1,0,False,False,False,True,missing_string_eqp|missing_handbook|outside_current_equip_pool,gms-server/wz/Character.wz/Hair/00064923.img.xml
Hair,Hair,64924,00064924,,0,0,1,0,False,False,False,True,missing_string_eqp|missing_handbook|outside_current_equip_pool,gms-server/wz/Character.wz/Hair/00064924.img.xml
Hair,Hair,64925,00064925,,0,0,1,0,False,False,False,True,missing_string_eqp|missing_handbook|outside_current_equip_pool,gms-server/wz/Character.wz/Hair/00064925.img.xml
Hair,Hair,64926,00064926,,0,0,1,0,False,False,False,True,missing_string_eqp|missing_handbook|outside_current_equip_pool,gms-server/wz/Character.wz/Hair/00064926.img.xml
Hair,Hair,64927,00064927,,0,0,1,0,False,False,False,True,missing_string_eqp|missing_handbook|outside_current_equip_pool,gms-server/wz/Character.wz/Hair/00064927.img.xml
Face,Face,20079,00020079,,0,0,1,0,False,False,False,True,missing_string_eqp|missing_handbook|outside_current_equip_pool,gms-server/wz/Character.wz/Face/00020079.img.xml
Face,Face,20858,00020858,,0,0,1,0,False,False,False,True,missing_string_eqp|missing_handbook|outside_current_equip_pool,gms-server/wz/Character.wz/Face/00020858.img.xml
Face,Face,20859,00020859,,0,0,1,0,False,False,False,True,missing_string_eqp|missing_handbook|outside_current_equip_pool,gms-server/wz/Character.wz/Face/00020859.img.xml
Face,Face,20861,00020861,,0,0,1,0,False,False,False,True,missing_string_eqp|missing_handbook|outside_current_equip_pool,gms-server/wz/Character.wz/Face/00020861.img.xml
Face,Face,20863,00020863,,0,0,1,0,False,False,False,True,missing_string_eqp|missing_handbook|outside_current_equip_pool,gms-server/wz/Character.wz/Face/00020863.img.xml
Face,Face,20865,00020865,,0,0,1,0,False,False,False,True,missing_string_eqp|missing_handbook|outside_current_equip_pool,gms-server/wz/Character.wz/Face/00020865.img.xml
Face,Face,20868,00020868,,0,0,1,0,False,False,False,True,missing_string_eqp|missing_handbook|outside_current_equip_pool,gms-server/wz/Character.wz/Face/00020868.img.xml
Face,Face,20869,00020869,,0,0,1,0,False,False,False,True,missing_string_eqp|missing_handbook|outside_current_equip_pool,gms-server/wz/Character.wz/Face/00020869.img.xml
Face,Face,20871,00020871,,0,0,1,0,False,False,False,True,missing_string_eqp|missing_handbook|outside_current_equip_pool,gms-server/wz/Character.wz/Face/00020871.img.xml
Face,Face,20874,00020874,,0,0,1,0,False,False,False,True,missing_string_eqp|missing_handbook|outside_current_equip_pool,gms-server/wz/Character.wz/Face/00020874.img.xml
Face,Face,20875,00020875,,0,0,1,0,False,False,False,True,missing_string_eqp|missing_handbook|outside_current_equip_pool,gms-server/wz/Character.wz/Face/00020875.img.xml
Face,Face,20876,00020876,,0,0,1,0,False,False,False,True,missing_string_eqp|missing_handbook|outside_current_equip_pool,gms-server/wz/Character.wz/Face/00020876.img.xml
Face,Face,20877,00020877,,0,0,1,0,False,False,False,True,missing_string_eqp|missing_handbook|outside_current_equip_pool,gms-server/wz/Character.wz/Face/00020877.img.xml
Face,Face,20894,00020894,,0,0,1,0,False,False,False,True,missing_string_eqp|missing_handbook|outside_current_equip_pool,gms-server/wz/Character.wz/Face/00020894.img.xml
Face,Face,20899,00020899,,0,0,1,0,False,False,False,True,missing_string_eqp|missing_handbook|outside_current_equip_pool,gms-server/wz/Character.wz/Face/00020899.img.xml
Face,Face,21037,00021037,,0,0,1,0,False,False,False,True,missing_string_eqp|missing_handbook|outside_current_equip_pool,gms-server/wz/Character.wz/Face/00021037.img.xml
Face,Face,21137,00021137,,0,0,1,0,False,False,False,True,missing_string_eqp|missing_handbook|outside_current_equip_pool,gms-server/wz/Character.wz/Face/00021137.img.xml
Face,Face,21237,00021237,,0,0,1,0,False,False,False,True,missing_string_eqp|missing_handbook|outside_current_equip_pool,gms-server/wz/Character.wz/Face/00021237.img.xml
Face,Face,21337,00021337,,0,0,1,0,False,False,False,True,missing_string_eqp|missing_handbook|outside_current_equip_pool,gms-server/wz/Character.wz/Face/00021337.img.xml
Face,Face,21437,00021437,,0,0,1,0,False,False,False,True,missing_string_eqp|missing_handbook|outside_current_equip_pool,gms-server/wz/Character.wz/Face/00021437.img.xml
Face,Face,21537,00021537,,0,0,1,0,False,False,False,True,missing_string_eqp|missing_handbook|outside_current_equip_pool,gms-server/wz/Character.wz/Face/00021537.img.xml
Face,Face,21637,00021637,,0,0,1,0,False,False,False,True,missing_string_eqp|missing_handbook|outside_current_equip_pool,gms-server/wz/Character.wz/Face/00021637.img.xml
Face,Face,21737,00021737,,0,0,1,0,False,False,False,True,missing_string_eqp|missing_handbook|outside_current_equip_pool,gms-server/wz/Character.wz/Face/00021737.img.xml
Face,Face,21837,00021837,,0,0,1,0,False,False,False,True,missing_string_eqp|missing_handbook|outside_current_equip_pool,gms-server/wz/Character.wz/Face/00021837.img.xml
Face,Face,21856,00021856,,0,0,1,0,False,False,False,True,missing_string_eqp|missing_handbook|outside_current_equip_pool,gms-server/wz/Character.wz/Face/00021856.img.xml
Face,Face,21857,00021857,,0,0,1,0,False,False,False,True,missing_string_eqp|missing_handbook|outside_current_equip_pool,gms-server/wz/Character.wz/Face/00021857.img.xml
Face,Face,21861,00021861,,0,0,1,0,False,False,False,True,missing_string_eqp|missing_handbook|outside_current_equip_pool,gms-server/wz/Character.wz/Face/00021861.img.xml
Face,Face,21864,00021864,,0,0,1,0,False,False,False,True,missing_string_eqp|missing_handbook|outside_current_equip_pool,gms-server/wz/Character.wz/Face/00021864.img.xml
Face,Face,21869,00021869,,0,0,1,0,False,False,False,True,missing_string_eqp|missing_handbook|outside_current_equip_pool,gms-server/wz/Character.wz/Face/00021869.img.xml
Face,Face,21870,00021870,,0,0,1,0,False,False,False,True,missing_string_eqp|missing_handbook|outside_current_equip_pool,gms-server/wz/Character.wz/Face/00021870.img.xml
Face,Face,21871,00021871,,0,0,1,0,False,False,False,True,missing_string_eqp|missing_handbook|outside_current_equip_pool,gms-server/wz/Character.wz/Face/00021871.img.xml
Face,Face,21872,00021872,,0,0,1,0,False,False,False,True,missing_string_eqp|missing_handbook|outside_current_equip_pool,gms-server/wz/Character.wz/Face/00021872.img.xml
Face,Face,21873,00021873,,0,0,1,0,False,False,False,True,missing_string_eqp|missing_handbook|outside_current_equip_pool,gms-server/wz/Character.wz/Face/00021873.img.xml
Face,Face,21874,00021874,,0,0,1,0,False,False,False,True,missing_string_eqp|missing_handbook|outside_current_equip_pool,gms-server/wz/Character.wz/Face/00021874.img.xml
Face,Face,21875,00021875,,0,0,1,0,False,False,False,True,missing_string_eqp|missing_handbook|outside_current_equip_pool,gms-server/wz/Character.wz/Face/00021875.img.xml
Face,Face,21877,00021877,,0,0,1,0,False,False,False,True,missing_string_eqp|missing_handbook|outside_current_equip_pool,gms-server/wz/Character.wz/Face/00021877.img.xml
Face,Face,21879,00021879,,0,0,1,0,False,False,False,True,missing_string_eqp|missing_handbook|outside_current_equip_pool,gms-server/wz/Character.wz/Face/00021879.img.xml
Face,Face,21894,00021894,,0,0,1,0,False,False,False,True,missing_string_eqp|missing_handbook|outside_current_equip_pool,gms-server/wz/Character.wz/Face/00021894.img.xml
Face,Face,21895,00021895,,0,0,1,0,False,False,False,True,missing_string_eqp|missing_handbook|outside_current_equip_pool,gms-server/wz/Character.wz/Face/00021895.img.xml
Face,Face,21897,00021897,,0,0,1,0,False,False,False,True,missing_string_eqp|missing_handbook|outside_current_equip_pool,gms-server/wz/Character.wz/Face/00021897.img.xml
Face,Face,21898,00021898,,0,0,1,0,False,False,False,True,missing_string_eqp|missing_handbook|outside_current_equip_pool,gms-server/wz/Character.wz/Face/00021898.img.xml
Face,Face,22222,00022222,,0,0,1,0,False,False,False,True,missing_string_eqp|missing_handbook|outside_current_equip_pool,gms-server/wz/Character.wz/Face/00022222.img.xml
Face,Face,23009,00023009,,0,0,0,0,False,False,False,True,missing_string_eqp|missing_handbook|outside_current_equip_pool,gms-server/wz/Character.wz/Face/00023009.img.xml
Face,Face,23109,00023109,,0,0,0,0,False,False,False,True,missing_string_eqp|missing_handbook|outside_current_equip_pool,gms-server/wz/Character.wz/Face/00023109.img.xml
Face,Face,23209,00023209,,0,0,0,0,False,False,False,True,missing_string_eqp|missing_handbook|outside_current_equip_pool,gms-server/wz/Character.wz/Face/00023209.img.xml
Face,Face,23309,00023309,,0,0,0,0,False,False,False,True,missing_string_eqp|missing_handbook|outside_current_equip_pool,gms-server/wz/Character.wz/Face/00023309.img.xml
Face,Face,23409,00023409,,0,0,0,0,False,False,False,True,missing_string_eqp|missing_handbook|outside_current_equip_pool,gms-server/wz/Character.wz/Face/00023409.img.xml
Face,Face,23509,00023509,,0,0,0,0,False,False,False,True,missing_string_eqp|missing_handbook|outside_current_equip_pool,gms-server/wz/Character.wz/Face/00023509.img.xml
Face,Face,23609,00023609,,0,0,0,0,False,False,False,True,missing_string_eqp|missing_handbook|outside_current_equip_pool,gms-server/wz/Character.wz/Face/00023609.img.xml
Face,Face,23709,00023709,,0,0,0,0,False,False,False,True,missing_string_eqp|missing_handbook|outside_current_equip_pool,gms-server/wz/Character.wz/Face/00023709.img.xml
Face,Face,23800,00023800,,0,0,1,0,False,False,False,True,missing_string_eqp|missing_handbook|outside_current_equip_pool,gms-server/wz/Character.wz/Face/00023800.img.xml
Face,Face,23801,00023801,,0,0,1,0,False,False,False,True,missing_string_eqp|missing_handbook|outside_current_equip_pool,gms-server/wz/Character.wz/Face/00023801.img.xml
Face,Face,23809,00023809,,0,0,0,0,False,False,False,True,missing_string_eqp|missing_handbook|outside_current_equip_pool,gms-server/wz/Character.wz/Face/00023809.img.xml
Face,Face,23812,00023812,,0,0,0,0,False,False,False,True,missing_string_eqp|missing_handbook|outside_current_equip_pool,gms-server/wz/Character.wz/Face/00023812.img.xml
Face,Face,23826,00023826,,0,0,1,0,False,False,False,True,missing_string_eqp|missing_handbook|outside_current_equip_pool,gms-server/wz/Character.wz/Face/00023826.img.xml
Face,Face,23853,00023853,,0,0,1,0,False,False,False,True,missing_string_eqp|missing_handbook|outside_current_equip_pool,gms-server/wz/Character.wz/Face/00023853.img.xml
Face,Face,23873,00023873,,0,0,1,0,False,False,False,True,missing_string_eqp|missing_handbook|outside_current_equip_pool,gms-server/wz/Character.wz/Face/00023873.img.xml
Face,Face,23895,00023895,,0,0,1,0,False,False,False,True,missing_string_eqp|missing_handbook|outside_current_equip_pool,gms-server/wz/Character.wz/Face/00023895.img.xml
Face,Face,24017,00024017,,0,0,1,0,False,False,False,True,missing_string_eqp|missing_handbook|outside_current_equip_pool,gms-server/wz/Character.wz/Face/00024017.img.xml
Face,Face,24033,00024033,,0,0,1,0,False,False,False,True,missing_string_eqp|missing_handbook|outside_current_equip_pool,gms-server/wz/Character.wz/Face/00024033.img.xml
Face,Face,24065,00024065,,0,0,1,0,False,False,False,True,missing_string_eqp|missing_handbook|outside_current_equip_pool,gms-server/wz/Character.wz/Face/00024065.img.xml
Face,Face,24076,00024076,,0,0,1,0,False,False,False,True,missing_string_eqp|missing_handbook|outside_current_equip_pool,gms-server/wz/Character.wz/Face/00024076.img.xml
Face,Face,24117,00024117,,0,0,1,0,False,False,False,True,missing_string_eqp|missing_handbook|outside_current_equip_pool,gms-server/wz/Character.wz/Face/00024117.img.xml
Face,Face,24133,00024133,,0,0,1,0,False,False,False,True,missing_string_eqp|missing_handbook|outside_current_equip_pool,gms-server/wz/Character.wz/Face/00024133.img.xml
Face,Face,24217,00024217,,0,0,1,0,False,False,False,True,missing_string_eqp|missing_handbook|outside_current_equip_pool,gms-server/wz/Character.wz/Face/00024217.img.xml
Face,Face,24233,00024233,,0,0,1,0,False,False,False,True,missing_string_eqp|missing_handbook|outside_current_equip_pool,gms-server/wz/Character.wz/Face/00024233.img.xml
Face,Face,24317,00024317,,0,0,1,0,False,False,False,True,missing_string_eqp|missing_handbook|outside_current_equip_pool,gms-server/wz/Character.wz/Face/00024317.img.xml
Face,Face,24333,00024333,,0,0,1,0,False,False,False,True,missing_string_eqp|missing_handbook|outside_current_equip_pool,gms-server/wz/Character.wz/Face/00024333.img.xml
Face,Face,24417,00024417,,0,0,1,0,False,False,False,True,missing_string_eqp|missing_handbook|outside_current_equip_pool,gms-server/wz/Character.wz/Face/00024417.img.xml
Face,Face,24433,00024433,,0,0,1,0,False,False,False,True,missing_string_eqp|missing_handbook|outside_current_equip_pool,gms-server/wz/Character.wz/Face/00024433.img.xml
Face,Face,24517,00024517,,0,0,1,0,False,False,False,True,missing_string_eqp|missing_handbook|outside_current_equip_pool,gms-server/wz/Character.wz/Face/00024517.img.xml
Face,Face,24533,00024533,,0,0,1,0,False,False,False,True,missing_string_eqp|missing_handbook|outside_current_equip_pool,gms-server/wz/Character.wz/Face/00024533.img.xml
Face,Face,24617,00024617,,0,0,1,0,False,False,False,True,missing_string_eqp|missing_handbook|outside_current_equip_pool,gms-server/wz/Character.wz/Face/00024617.img.xml
Face,Face,24633,00024633,,0,0,1,0,False,False,False,True,missing_string_eqp|missing_handbook|outside_current_equip_pool,gms-server/wz/Character.wz/Face/00024633.img.xml
Face,Face,24717,00024717,,0,0,1,0,False,False,False,True,missing_string_eqp|missing_handbook|outside_current_equip_pool,gms-server/wz/Character.wz/Face/00024717.img.xml
Face,Face,24733,00024733,,0,0,1,0,False,False,False,True,missing_string_eqp|missing_handbook|outside_current_equip_pool,gms-server/wz/Character.wz/Face/00024733.img.xml
Face,Face,24803,00024803,,0,0,1,0,False,False,False,True,missing_string_eqp|missing_handbook|outside_current_equip_pool,gms-server/wz/Character.wz/Face/00024803.img.xml
Face,Face,24817,00024817,,0,0,1,0,False,False,False,True,missing_string_eqp|missing_handbook|outside_current_equip_pool,gms-server/wz/Character.wz/Face/00024817.img.xml
Face,Face,24832,00024832,,0,0,1,0,False,False,False,True,missing_string_eqp|missing_handbook|outside_current_equip_pool,gms-server/wz/Character.wz/Face/00024832.img.xml
Face,Face,24833,00024833,,0,0,1,0,False,False,False,True,missing_string_eqp|missing_handbook|outside_current_equip_pool,gms-server/wz/Character.wz/Face/00024833.img.xml
Face,Face,24837,00024837,,0,0,1,0,False,False,False,True,missing_string_eqp|missing_handbook|outside_current_equip_pool,gms-server/wz/Character.wz/Face/00024837.img.xml
Face,Face,24873,00024873,,0,0,1,0,False,False,False,True,missing_string_eqp|missing_handbook|outside_current_equip_pool,gms-server/wz/Character.wz/Face/00024873.img.xml
Face,Face,24891,00024891,,0,0,1,0,False,False,False,True,missing_string_eqp|missing_handbook|outside_current_equip_pool,gms-server/wz/Character.wz/Face/00024891.img.xml
Face,Face,25102,00025102,,0,0,1,0,False,False,False,True,missing_string_eqp|missing_handbook|outside_current_equip_pool,gms-server/wz/Character.wz/Face/00025102.img.xml
Face,Face,25202,00025202,,0,0,1,0,False,False,False,True,missing_string_eqp|missing_handbook|outside_current_equip_pool,gms-server/wz/Character.wz/Face/00025202.img.xml
Face,Face,25302,00025302,,0,0,1,0,False,False,False,True,missing_string_eqp|missing_handbook|outside_current_equip_pool,gms-server/wz/Character.wz/Face/00025302.img.xml
Face,Face,25402,00025402,,0,0,1,0,False,False,False,True,missing_string_eqp|missing_handbook|outside_current_equip_pool,gms-server/wz/Character.wz/Face/00025402.img.xml
Face,Face,25502,00025502,,0,0,1,0,False,False,False,True,missing_string_eqp|missing_handbook|outside_current_equip_pool,gms-server/wz/Character.wz/Face/00025502.img.xml
Face,Face,25602,00025602,,0,0,1,0,False,False,False,True,missing_string_eqp|missing_handbook|outside_current_equip_pool,gms-server/wz/Character.wz/Face/00025602.img.xml
Face,Face,25702,00025702,,0,0,1,0,False,False,False,True,missing_string_eqp|missing_handbook|outside_current_equip_pool,gms-server/wz/Character.wz/Face/00025702.img.xml
Face,Face,25802,00025802,,0,0,1,0,False,False,False,True,missing_string_eqp|missing_handbook|outside_current_equip_pool,gms-server/wz/Character.wz/Face/00025802.img.xml
Face,Face,25804,00025804,,0,0,1,0,False,False,False,True,missing_string_eqp|missing_handbook|outside_current_equip_pool,gms-server/wz/Character.wz/Face/00025804.img.xml
Face,Face,25822,00025822,,0,0,1,0,False,False,False,True,missing_string_eqp|missing_handbook|outside_current_equip_pool,gms-server/wz/Character.wz/Face/00025822.img.xml
Face,Face,25825,00025825,,0,0,1,0,False,False,False,True,missing_string_eqp|missing_handbook|outside_current_equip_pool,gms-server/wz/Character.wz/Face/00025825.img.xml
Face,Face,25851,00025851,,0,0,1,0,False,False,False,True,missing_string_eqp|missing_handbook|outside_current_equip_pool,gms-server/wz/Character.wz/Face/00025851.img.xml
Face,Face,25879,00025879,,0,0,1,0,False,False,False,True,missing_string_eqp|missing_handbook|outside_current_equip_pool,gms-server/wz/Character.wz/Face/00025879.img.xml
Face,Face,25885,00025885,,0,0,1,0,False,False,False,True,missing_string_eqp|missing_handbook|outside_current_equip_pool,gms-server/wz/Character.wz/Face/00025885.img.xml
Face,Face,25889,00025889,,0,0,1,0,False,False,False,True,missing_string_eqp|missing_handbook|outside_current_equip_pool,gms-server/wz/Character.wz/Face/00025889.img.xml
Face,Face,26401,00026401,,0,0,1,0,False,False,False,True,missing_string_eqp|missing_handbook|outside_current_equip_pool,gms-server/wz/Character.wz/Face/00026401.img.xml
Face,Face,26828,00026828,,0,0,1,0,False,False,False,True,missing_string_eqp|missing_handbook|outside_current_equip_pool,gms-server/wz/Character.wz/Face/00026828.img.xml
Face,Face,26831,00026831,,0,0,1,0,False,False,False,True,missing_string_eqp|missing_handbook|outside_current_equip_pool,gms-server/wz/Character.wz/Face/00026831.img.xml
Face,Face,26885,00026885,,0,0,1,0,False,False,False,True,missing_string_eqp|missing_handbook|outside_current_equip_pool,gms-server/wz/Character.wz/Face/00026885.img.xml
Face,Face,26891,00026891,,0,0,1,0,False,False,False,True,missing_string_eqp|missing_handbook|outside_current_equip_pool,gms-server/wz/Character.wz/Face/00026891.img.xml
Face,Face,26895,00026895,,0,0,1,0,False,False,False,True,missing_string_eqp|missing_handbook|outside_current_equip_pool,gms-server/wz/Character.wz/Face/00026895.img.xml
Face,Face,27093,00027093,,0,0,1,0,False,False,False,True,missing_string_eqp|missing_handbook|outside_current_equip_pool,gms-server/wz/Character.wz/Face/00027093.img.xml
Face,Face,27094,00027094,,0,0,1,0,False,False,False,True,missing_string_eqp|missing_handbook|outside_current_equip_pool,gms-server/wz/Character.wz/Face/00027094.img.xml
Face,Face,27193,00027193,,0,0,1,0,False,False,False,True,missing_string_eqp|missing_handbook|outside_current_equip_pool,gms-server/wz/Character.wz/Face/00027193.img.xml
Face,Face,27194,00027194,,0,0,1,0,False,False,False,True,missing_string_eqp|missing_handbook|outside_current_equip_pool,gms-server/wz/Character.wz/Face/00027194.img.xml
Face,Face,27293,00027293,,0,0,1,0,False,False,False,True,missing_string_eqp|missing_handbook|outside_current_equip_pool,gms-server/wz/Character.wz/Face/00027293.img.xml
Face,Face,27294,00027294,,0,0,1,0,False,False,False,True,missing_string_eqp|missing_handbook|outside_current_equip_pool,gms-server/wz/Character.wz/Face/00027294.img.xml
Face,Face,27393,00027393,,0,0,1,0,False,False,False,True,missing_string_eqp|missing_handbook|outside_current_equip_pool,gms-server/wz/Character.wz/Face/00027393.img.xml
Face,Face,27394,00027394,,0,0,1,0,False,False,False,True,missing_string_eqp|missing_handbook|outside_current_equip_pool,gms-server/wz/Character.wz/Face/00027394.img.xml
Face,Face,27493,00027493,,0,0,1,0,False,False,False,True,missing_string_eqp|missing_handbook|outside_current_equip_pool,gms-server/wz/Character.wz/Face/00027493.img.xml
Face,Face,27494,00027494,,0,0,1,0,False,False,False,True,missing_string_eqp|missing_handbook|outside_current_equip_pool,gms-server/wz/Character.wz/Face/00027494.img.xml
Face,Face,27593,00027593,,0,0,1,0,False,False,False,True,missing_string_eqp|missing_handbook|outside_current_equip_pool,gms-server/wz/Character.wz/Face/00027593.img.xml
Face,Face,27594,00027594,,0,0,1,0,False,False,False,True,missing_string_eqp|missing_handbook|outside_current_equip_pool,gms-server/wz/Character.wz/Face/00027594.img.xml
Face,Face,27693,00027693,,0,0,1,0,False,False,False,True,missing_string_eqp|missing_handbook|outside_current_equip_pool,gms-server/wz/Character.wz/Face/00027693.img.xml
Face,Face,27694,00027694,,0,0,1,0,False,False,False,True,missing_string_eqp|missing_handbook|outside_current_equip_pool,gms-server/wz/Character.wz/Face/00027694.img.xml
Face,Face,27793,00027793,,0,0,1,0,False,False,False,True,missing_string_eqp|missing_handbook|outside_current_equip_pool,gms-server/wz/Character.wz/Face/00027793.img.xml
Face,Face,27794,00027794,,0,0,1,0,False,False,False,True,missing_string_eqp|missing_handbook|outside_current_equip_pool,gms-server/wz/Character.wz/Face/00027794.img.xml
Face,Face,27819,00027819,,0,0,1,0,False,False,False,True,missing_string_eqp|missing_handbook|outside_current_equip_pool,gms-server/wz/Character.wz/Face/00027819.img.xml
Face,Face,27848,00027848,,0,0,1,0,False,False,False,True,missing_string_eqp|missing_handbook|outside_current_equip_pool,gms-server/wz/Character.wz/Face/00027848.img.xml
Face,Face,27849,00027849,,0,0,1,0,False,False,False,True,missing_string_eqp|missing_handbook|outside_current_equip_pool,gms-server/wz/Character.wz/Face/00027849.img.xml
Face,Face,27869,00027869,,0,0,1,0,False,False,False,True,missing_string_eqp|missing_handbook|outside_current_equip_pool,gms-server/wz/Character.wz/Face/00027869.img.xml
Face,Face,27880,00027880,,0,0,1,0,False,False,False,True,missing_string_eqp|missing_handbook|outside_current_equip_pool,gms-server/wz/Character.wz/Face/00027880.img.xml
Face,Face,27890,00027890,,0,0,1,0,False,False,False,True,missing_string_eqp|missing_handbook|outside_current_equip_pool,gms-server/wz/Character.wz/Face/00027890.img.xml
Face,Face,27891,00027891,,0,0,1,0,False,False,False,True,missing_string_eqp|missing_handbook|outside_current_equip_pool,gms-server/wz/Character.wz/Face/00027891.img.xml
Face,Face,27893,00027893,,0,0,1,0,False,False,False,True,missing_string_eqp|missing_handbook|outside_current_equip_pool,gms-server/wz/Character.wz/Face/00027893.img.xml
Face,Face,27894,00027894,,0,0,1,0,False,False,False,True,missing_string_eqp|missing_handbook|outside_current_equip_pool,gms-server/wz/Character.wz/Face/00027894.img.xml
Face,Face,28811,00028811,,0,0,1,0,False,False,False,True,missing_string_eqp|missing_handbook|outside_current_equip_pool,gms-server/wz/Character.wz/Face/00028811.img.xml
Face,Face,28850,00028850,,0,0,1,0,False,False,False,True,missing_string_eqp|missing_handbook|outside_current_equip_pool,gms-server/wz/Character.wz/Face/00028850.img.xml
Face,Face,28853,00028853,,0,0,1,0,False,False,False,True,missing_string_eqp|missing_handbook|outside_current_equip_pool,gms-server/wz/Character.wz/Face/00028853.img.xml
Face,Face,28854,00028854,,0,0,1,0,False,False,False,True,missing_string_eqp|missing_handbook|outside_current_equip_pool,gms-server/wz/Character.wz/Face/00028854.img.xml
Face,Face,28876,00028876,,0,0,1,0,False,False,False,True,missing_string_eqp|missing_handbook|outside_current_equip_pool,gms-server/wz/Character.wz/Face/00028876.img.xml
Face,Face,28889,00028889,,0,0,1,0,False,False,False,True,missing_string_eqp|missing_handbook|outside_current_equip_pool,gms-server/wz/Character.wz/Face/00028889.img.xml
Face,Face,28896,00028896,,0,0,1,0,False,False,False,True,missing_string_eqp|missing_handbook|outside_current_equip_pool,gms-server/wz/Character.wz/Face/00028896.img.xml
Face,Face,50807,00050807,,0,0,1,0,False,False,False,True,missing_string_eqp|missing_handbook|outside_current_equip_pool,gms-server/wz/Character.wz/Face/00050807.img.xml
Cap,Cap,1000034,01000034,,0,0,1,0,False,False,True,True,missing_string_eqp|missing_handbook,gms-server/wz/Character.wz/Cap/01000034.img.xml
Cap,Cap,1000073,01000073,,0,0,1,0,False,False,True,True,missing_string_eqp|missing_handbook,gms-server/wz/Character.wz/Cap/01000073.img.xml
Cap,Cap,1000075,01000075,,0,0,1,0,False,False,True,True,missing_string_eqp|missing_handbook,gms-server/wz/Character.wz/Cap/01000075.img.xml
Cap,Cap,1000078,01000078,,0,0,1,0,False,False,True,True,missing_string_eqp|missing_handbook,gms-server/wz/Character.wz/Cap/01000078.img.xml
Cap,Cap,1000101,01000101,,0,0,1,0,False,False,True,True,missing_string_eqp|missing_handbook,gms-server/wz/Character.wz/Cap/01000101.img.xml
Cap,Cap,1000102,01000102,,0,0,1,0,False,False,True,True,missing_string_eqp|missing_handbook,gms-server/wz/Character.wz/Cap/01000102.img.xml
Cap,Cap,1000103,01000103,,0,0,1,0,False,False,True,True,missing_string_eqp|missing_handbook,gms-server/wz/Character.wz/Cap/01000103.img.xml
Cap,Cap,1000104,01000104,,0,0,1,0,False,False,True,True,missing_string_eqp|missing_handbook,gms-server/wz/Character.wz/Cap/01000104.img.xml
Cap,Cap,1000105,01000105,,0,0,1,0,False,False,True,True,missing_string_eqp|missing_handbook,gms-server/wz/Character.wz/Cap/01000105.img.xml
Cap,Cap,1000106,01000106,,0,0,1,0,False,False,True,True,missing_string_eqp|missing_handbook,gms-server/wz/Character.wz/Cap/01000106.img.xml
Cap,Cap,1000107,01000107,,0,0,1,0,False,False,True,True,missing_string_eqp|missing_handbook,gms-server/wz/Character.wz/Cap/01000107.img.xml
Cap,Cap,1000108,01000108,,0,70,0,0,False,False,True,True,missing_string_eqp|missing_handbook,gms-server/wz/Character.wz/Cap/01000108.img.xml
Cap,Cap,1000109,01000109,,0,0,1,0,False,False,True,True,missing_string_eqp|missing_handbook,gms-server/wz/Character.wz/Cap/01000109.img.xml
Cap,Cap,1000110,01000110,,0,0,1,0,False,False,True,True,missing_string_eqp|missing_handbook,gms-server/wz/Character.wz/Cap/01000110.img.xml
Cap,Cap,1000111,01000111,,0,0,1,0,False,False,True,True,missing_string_eqp|missing_handbook,gms-server/wz/Character.wz/Cap/01000111.img.xml
Cap,Cap,1000112,01000112,,0,13,0,0,False,False,True,True,missing_string_eqp|missing_handbook,gms-server/wz/Character.wz/Cap/01000112.img.xml
Cap,Cap,1000113,01000113,,0,0,1,0,False,False,True,True,missing_string_eqp|missing_handbook,gms-server/wz/Character.wz/Cap/01000113.img.xml
Cap,Cap,1000114,01000114,,0,3,0,0,False,False,True,True,missing_string_eqp|missing_handbook,gms-server/wz/Character.wz/Cap/01000114.img.xml
Cap,Cap,1000115,01000115,,0,0,1,0,False,False,True,True,missing_string_eqp|missing_handbook,gms-server/wz/Character.wz/Cap/01000115.img.xml
Cap,Cap,1000116,01000116,,0,0,1,0,False,False,True,True,missing_string_eqp|missing_handbook,gms-server/wz/Character.wz/Cap/01000116.img.xml
Cap,Cap,1000117,01000117,,0,0,1,0,False,False,True,True,missing_string_eqp|missing_handbook,gms-server/wz/Character.wz/Cap/01000117.img.xml
Cap,Cap,1000118,01000118,,0,0,1,0,False,False,True,True,missing_string_eqp|missing_handbook,gms-server/wz/Character.wz/Cap/01000118.img.xml
Cap,Cap,1000119,01000119,,0,0,1,0,False,False,True,True,missing_string_eqp|missing_handbook,gms-server/wz/Character.wz/Cap/01000119.img.xml
Cap,Cap,1000120,01000120,,0,0,1,0,False,False,True,True,missing_string_eqp|missing_handbook,gms-server/wz/Character.wz/Cap/01000120.img.xml
Cap,Cap,1000121,01000121,,0,0,1,0,False,False,True,True,missing_string_eqp|missing_handbook,gms-server/wz/Character.wz/Cap/01000121.img.xml
Cap,Cap,1000122,01000122,,0,0,1,0,False,False,True,True,missing_string_eqp|missing_handbook,gms-server/wz/Character.wz/Cap/01000122.img.xml
Cap,Cap,1000123,01000123,,0,20,0,0,False,False,True,True,missing_string_eqp|missing_handbook,gms-server/wz/Character.wz/Cap/01000123.img.xml
Cap,Cap,1000124,01000124,,0,0,1,0,False,False,True,True,missing_string_eqp|missing_handbook,gms-server/wz/Character.wz/Cap/01000124.img.xml
Cap,Cap,1000125,01000125,,0,0,1,0,False,False,True,True,missing_string_eqp|missing_handbook,gms-server/wz/Character.wz/Cap/01000125.img.xml
Cap,Cap,1000126,01000126,,0,0,1,0,False,False,True,True,missing_string_eqp|missing_handbook,gms-server/wz/Character.wz/Cap/01000126.img.xml
Cap,Cap,1000127,01000127,,0,0,0,0,False,False,True,True,missing_string_eqp|missing_handbook,gms-server/wz/Character.wz/Cap/01000127.img.xml
Cap,Cap,1000128,01000128,,0,70,0,0,False,False,True,True,missing_string_eqp|missing_handbook,gms-server/wz/Character.wz/Cap/01000128.img.xml
Cap,Cap,1000129,01000129,,0,0,1,0,False,False,True,True,missing_string_eqp|missing_handbook,gms-server/wz/Character.wz/Cap/01000129.img.xml
Cap,Cap,1000130,01000130,,0,13,0,0,False,False,True,True,missing_string_eqp|missing_handbook,gms-server/wz/Character.wz/Cap/01000130.img.xml
Cap,Cap,1000131,01000131,,0,30,0,0,False,False,True,True,missing_string_eqp|missing_handbook,gms-server/wz/Character.wz/Cap/01000131.img.xml
Cap,Cap,1000132,01000132,,0,100,0,0,False,False,True,True,missing_string_eqp|missing_handbook,gms-server/wz/Character.wz/Cap/01000132.img.xml
Cap,Cap,1000133,01000133,,0,0,0,0,False,False,True,True,missing_string_eqp|missing_handbook,gms-server/wz/Character.wz/Cap/01000133.img.xml
Cap,Cap,1000134,01000134,,0,0,0,0,False,False,True,True,missing_string_eqp|missing_handbook,gms-server/wz/Character.wz/Cap/01000134.img.xml
Cap,Cap,1000135,01000135,,0,0,0,0,False,False,True,True,missing_string_eqp|missing_handbook,gms-server/wz/Character.wz/Cap/01000135.img.xml
Cap,Cap,1000136,01000136,,0,0,0,0,False,False,True,True,missing_string_eqp|missing_handbook,gms-server/wz/Character.wz/Cap/01000136.img.xml
Cap,Cap,1000137,01000137,,0,0,0,0,False,False,True,True,missing_string_eqp|missing_handbook,gms-server/wz/Character.wz/Cap/01000137.img.xml
Cap,Cap,1000138,01000138,,0,0,1,0,False,False,True,True,missing_string_eqp|missing_handbook,gms-server/wz/Character.wz/Cap/01000138.img.xml
Cap,Cap,1000139,01000139,,0,0,1,0,False,False,True,True,missing_string_eqp|missing_handbook,gms-server/wz/Character.wz/Cap/01000139.img.xml
Cap,Cap,1000140,01000140,,0,0,1,0,False,False,True,True,missing_string_eqp|missing_handbook,gms-server/wz/Character.wz/Cap/01000140.img.xml
Cap,Cap,1000141,01000141,,0,0,1,0,False,False,True,True,missing_string_eqp|missing_handbook,gms-server/wz/Character.wz/Cap/01000141.img.xml
Cap,Cap,1000142,01000142,,0,0,1,0,False,False,True,True,missing_string_eqp|missing_handbook,gms-server/wz/Character.wz/Cap/01000142.img.xml
Cap,Cap,1000143,01000143,,0,0,0,0,False,False,True,True,missing_string_eqp|missing_handbook,gms-server/wz/Character.wz/Cap/01000143.img.xml
Cap,Cap,1000144,01000144,,0,0,1,0,False,False,True,True,missing_string_eqp|missing_handbook,gms-server/wz/Character.wz/Cap/01000144.img.xml
Cap,Cap,1000145,01000145,,0,0,1,0,False,False,True,True,missing_string_eqp|missing_handbook,gms-server/wz/Character.wz/Cap/01000145.img.xml
Cap,Cap,1000146,01000146,,0,70,0,0,False,False,True,True,missing_string_eqp|missing_handbook,gms-server/wz/Character.wz/Cap/01000146.img.xml
Cap,Cap,1000147,01000147,,0,70,0,0,False,False,True,True,missing_string_eqp|missing_handbook,gms-server/wz/Character.wz/Cap/01000147.img.xml
Cap,Cap,1000148,01000148,,0,105,0,0,False,False,True,True,missing_string_eqp|missing_handbook,gms-server/wz/Character.wz/Cap/01000148.img.xml
Cap,Cap,1000149,01000149,,0,70,0,0,False,False,True,True,missing_string_eqp|missing_handbook,gms-server/wz/Character.wz/Cap/01000149.img.xml
Cap,Cap,1000150,01000150,,0,0,1,0,False,False,True,True,missing_string_eqp|missing_handbook,gms-server/wz/Character.wz/Cap/01000150.img.xml
Cap,Cap,1000151,01000151,,0,0,0,0,False,False,True,True,missing_string_eqp|missing_handbook,gms-server/wz/Character.wz/Cap/01000151.img.xml
Cap,Cap,1000152,01000152,,0,70,0,0,False,False,True,True,missing_string_eqp|missing_handbook,gms-server/wz/Character.wz/Cap/01000152.img.xml
Cap,Cap,1000153,01000153,,0,0,1,0,False,False,True,True,missing_string_eqp|missing_handbook,gms-server/wz/Character.wz/Cap/01000153.img.xml
Cap,Cap,1000154,01000154,,0,0,1,0,False,False,True,True,missing_string_eqp|missing_handbook,gms-server/wz/Character.wz/Cap/01000154.img.xml
Cap,Cap,1000155,01000155,,0,0,1,0,False,False,True,True,missing_string_eqp|missing_handbook,gms-server/wz/Character.wz/Cap/01000155.img.xml
Cap,Cap,1000156,01000156,,0,0,1,0,False,False,True,True,missing_string_eqp|missing_handbook,gms-server/wz/Character.wz/Cap/01000156.img.xml
Cap,Cap,1000157,01000157,,0,0,1,0,False,False,True,True,missing_string_eqp|missing_handbook,gms-server/wz/Character.wz/Cap/01000157.img.xml
Cap,Cap,1000158,01000158,,0,0,1,0,False,False,True,True,missing_string_eqp|missing_handbook,gms-server/wz/Character.wz/Cap/01000158.img.xml
Cap,Cap,1000159,01000159,,0,40,0,0,False,False,True,True,missing_string_eqp|missing_handbook,gms-server/wz/Character.wz/Cap/01000159.img.xml
Cap,Cap,1000160,01000160,,1,120,0,0,False,False,True,True,missing_string_eqp|missing_handbook,gms-server/wz/Character.wz/Cap/01000160.img.xml
Cap,Cap,1000161,01000161,,2,120,0,0,False,False,True,True,missing_string_eqp|missing_handbook,gms-server/wz/Character.wz/Cap/01000161.img.xml
Cap,Cap,1000162,01000162,,4,120,0,0,False,False,True,True,missing_string_eqp|missing_handbook,gms-server/wz/Character.wz/Cap/01000162.img.xml
Cap,Cap,1000163,01000163,,8,120,0,0,False,False,True,True,missing_string_eqp|missing_handbook,gms-server/wz/Character.wz/Cap/01000163.img.xml
Cap,Cap,1000164,01000164,,16,120,0,0,False,False,True,True,missing_string_eqp|missing_handbook,gms-server/wz/Character.wz/Cap/01000164.img.xml
Cap,Cap,1000165,01000165,,0,60,0,0,False,False,True,True,missing_string_eqp|missing_handbook,gms-server/wz/Character.wz/Cap/01000165.img.xml
Cap,Cap,1000166,01000166,,0,80,0,0,False,False,True,True,missing_string_eqp|missing_handbook,gms-server/wz/Character.wz/Cap/01000166.img.xml
Cap,Cap,1000167,01000167,,0,0,1,0,False,False,True,True,missing_string_eqp|missing_handbook,gms-server/wz/Character.wz/Cap/01000167.img.xml
Cap,Cap,1000168,01000168,,0,0,1,0,False,False,True,True,missing_string_eqp|missing_handbook,gms-server/wz/Character.wz/Cap/01000168.img.xml
Cap,Cap,1000169,01000169,,0,30,0,0,False,False,True,True,missing_string_eqp|missing_handbook,gms-server/wz/Character.wz/Cap/01000169.img.xml
Cap,Cap,1000170,01000170,,0,0,1,0,False,False,True,True,missing_string_eqp|missing_handbook,gms-server/wz/Character.wz/Cap/01000170.img.xml
Cap,Cap,1000171,01000171,,0,0,1,0,False,False,True,True,missing_string_eqp|missing_handbook,gms-server/wz/Character.wz/Cap/01000171.img.xml
Cap,Cap,1000172,01000172,,1,140,0,0,False,False,True,True,missing_string_eqp|missing_handbook,gms-server/wz/Character.wz/Cap/01000172.img.xml
Cap,Cap,1000173,01000173,,2,140,0,0,False,False,True,True,missing_string_eqp|missing_handbook,gms-server/wz/Character.wz/Cap/01000173.img.xml
Cap,Cap,1000174,01000174,,4,140,0,0,False,False,True,True,missing_string_eqp|missing_handbook,gms-server/wz/Character.wz/Cap/01000174.img.xml
Cap,Cap,1000175,01000175,,8,140,0,0,False,False,True,True,missing_string_eqp|missing_handbook,gms-server/wz/Character.wz/Cap/01000175.img.xml
Cap,Cap,1000176,01000176,,16,140,0,0,False,False,True,True,missing_string_eqp|missing_handbook,gms-server/wz/Character.wz/Cap/01000176.img.xml
Cap,Cap,1000177,01000177,,1,130,0,0,False,False,True,True,missing_string_eqp|missing_handbook,gms-server/wz/Character.wz/Cap/01000177.img.xml
Cap,Cap,1000178,01000178,,2,130,0,0,False,False,True,True,missing_string_eqp|missing_handbook,gms-server/wz/Character.wz/Cap/01000178.img.xml
Cap,Cap,1000179,01000179,,4,130,0,0,False,False,True,True,missing_string_eqp|missing_handbook,gms-server/wz/Character.wz/Cap/01000179.img.xml
Cap,Cap,1000180,01000180,,8,130,0,0,False,False,True,True,missing_string_eqp|missing_handbook,gms-server/wz/Character.wz/Cap/01000180.img.xml
Cap,Cap,1000181,01000181,,16,130,0,0,False,False,True,True,missing_string_eqp|missing_handbook,gms-server/wz/Character.wz/Cap/01000181.img.xml
Cap,Cap,1000182,01000182,,0,0,1,0,False,False,True,True,missing_string_eqp|missing_handbook,gms-server/wz/Character.wz/Cap/01000182.img.xml
Cap,Cap,1000183,01000183,,0,0,1,0,False,False,True,True,missing_string_eqp|missing_handbook,gms-server/wz/Character.wz/Cap/01000183.img.xml
Cap,Cap,1000184,01000184,,0,70,0,0,False,False,True,True,missing_string_eqp|missing_handbook,gms-server/wz/Character.wz/Cap/01000184.img.xml
Cap,Cap,1000185,01000185,,0,70,0,0,False,False,True,True,missing_string_eqp|missing_handbook,gms-server/wz/Character.wz/Cap/01000185.img.xml
Cap,Cap,1000186,01000186,,0,70,0,0,False,False,True,True,missing_string_eqp|missing_handbook,gms-server/wz/Character.wz/Cap/01000186.img.xml
Cap,Cap,1000187,01000187,,0,70,0,0,False,False,True,True,missing_string_eqp|missing_handbook,gms-server/wz/Character.wz/Cap/01000187.img.xml
Cap,Cap,1000188,01000188,,0,0,1,0,False,False,True,True,missing_string_eqp|missing_handbook,gms-server/wz/Character.wz/Cap/01000188.img.xml
Cap,Cap,1000189,01000189,,0,0,1,0,False,False,True,True,missing_string_eqp|missing_handbook,gms-server/wz/Character.wz/Cap/01000189.img.xml
Cap,Cap,1000190,01000190,,0,0,1,0,False,False,True,True,missing_string_eqp|missing_handbook,gms-server/wz/Character.wz/Cap/01000190.img.xml
Cap,Cap,1000191,01000191,,0,70,0,0,False,False,True,True,missing_string_eqp|missing_handbook,gms-server/wz/Character.wz/Cap/01000191.img.xml
Cap,Cap,1000192,01000192,,0,0,1,0,False,False,True,True,missing_string_eqp|missing_handbook,gms-server/wz/Character.wz/Cap/01000192.img.xml
Cap,Cap,1000193,01000193,,1,70,0,0,False,False,True,True,missing_string_eqp|missing_handbook,gms-server/wz/Character.wz/Cap/01000193.img.xml
Cap,Cap,1000194,01000194,,2,70,0,0,False,False,True,True,missing_string_eqp|missing_handbook,gms-server/wz/Character.wz/Cap/01000194.img.xml
Cap,Cap,1000195,01000195,,4,70,0,0,False,False,True,True,missing_string_eqp|missing_handbook,gms-server/wz/Character.wz/Cap/01000195.img.xml
Cap,Cap,1000196,01000196,,8,70,0,0,False,False,True,True,missing_string_eqp|missing_handbook,gms-server/wz/Character.wz/Cap/01000196.img.xml
Cap,Cap,1000197,01000197,,16,70,0,0,False,False,True,True,missing_string_eqp|missing_handbook,gms-server/wz/Character.wz/Cap/01000197.img.xml
Cap,Cap,1000198,01000198,,0,0,1,0,False,False,True,True,missing_string_eqp|missing_handbook,gms-server/wz/Character.wz/Cap/01000198.img.xml
Cap,Cap,1000199,01000199,,0,0,1,0,False,False,True,True,missing_string_eqp|missing_handbook,gms-server/wz/Character.wz/Cap/01000199.img.xml
Cap,Cap,1000200,01000200,,0,70,0,0,False,False,True,True,missing_string_eqp|missing_handbook,gms-server/wz/Character.wz/Cap/01000200.img.xml
Cap,Cap,1001054,01001054,,0,10,1,0,False,False,True,True,missing_string_eqp|missing_handbook,gms-server/wz/Character.wz/Cap/01001054.img.xml
Cap,Cap,1001124,01001124,,0,0,1,0,False,False,True,True,missing_string_eqp|missing_handbook,gms-server/wz/Character.wz/Cap/01001124.img.xml
Cap,Cap,1001125,01001125,,0,0,1,0,False,False,True,True,missing_string_eqp|missing_handbook,gms-server/wz/Character.wz/Cap/01001125.img.xml
Cap,Cap,1001126,01001126,,0,0,1,0,False,False,True,True,missing_string_eqp|missing_handbook,gms-server/wz/Character.wz/Cap/01001126.img.xml
Cap,Cap,1001127,01001127,,0,0,1,0,False,False,True,True,missing_string_eqp|missing_handbook,gms-server/wz/Character.wz/Cap/01001127.img.xml
Cap,Cap,1001128,01001128,,0,0,1,0,False,False,True,True,missing_string_eqp|missing_handbook,gms-server/wz/Character.wz/Cap/01001128.img.xml
Cap,Cap,1001129,01001129,,0,0,1,0,False,False,True,True,missing_string_eqp|missing_handbook,gms-server/wz/Character.wz/Cap/01001129.img.xml
Cap,Cap,1002570,01002570,,0,0,1,0,False,False,True,True,missing_string_eqp|missing_handbook,gms-server/wz/Character.wz/Cap/01002570.img.xml
Cap,Cap,1002729,01002729,,0,0,1,0,False,False,True,True,missing_string_eqp|missing_handbook,gms-server/wz/Character.wz/Cap/01002729.img.xml
Cap,Cap,1002730,01002730,,0,0,1,0,False,False,True,True,missing_string_eqp|missing_handbook,gms-server/wz/Character.wz/Cap/01002730.img.xml
Cap,Cap,1002731,01002731,,0,0,1,0,False,False,True,True,missing_string_eqp|missing_handbook,gms-server/wz/Character.wz/Cap/01002731.img.xml
Cap,Cap,1002744,01002744,,0,0,0,0,False,False,True,True,missing_string_eqp|missing_handbook,gms-server/wz/Character.wz/Cap/01002744.img.xml
Cap,Cap,1002751,01002751,,0,30,0,0,False,False,True,True,missing_string_eqp|missing_handbook,gms-server/wz/Character.wz/Cap/01002751.img.xml
Cap,Cap,1002805,01002805,,0,0,1,0,False,False,True,True,missing_string_eqp|missing_handbook,gms-server/wz/Character.wz/Cap/01002805.img.xml
Cap,Cap,1002806,01002806,,0,0,1,0,False,False,True,True,missing_string_eqp|missing_handbook,gms-server/wz/Character.wz/Cap/01002806.img.xml
Cap,Cap,1002809,01002809,,0,0,1,0,False,False,True,True,missing_string_eqp|missing_handbook,gms-server/wz/Character.wz/Cap/01002809.img.xml
Cap,Cap,1002810,01002810,,0,0,1,0,False,False,True,True,missing_string_eqp|missing_handbook,gms-server/wz/Character.wz/Cap/01002810.img.xml
Cap,Cap,1002811,01002811,,0,0,1,0,False,False,True,True,missing_string_eqp|missing_handbook,gms-server/wz/Character.wz/Cap/01002811.img.xml
Cap,Cap,1002815,01002815,,0,0,1,0,False,False,True,True,missing_string_eqp|missing_handbook,gms-server/wz/Character.wz/Cap/01002815.img.xml
Cap,Cap,1002816,01002816,,0,0,1,0,False,False,True,True,missing_string_eqp|missing_handbook,gms-server/wz/Character.wz/Cap/01002816.img.xml
Cap,Cap,1002818,01002818,,0,0,1,0,False,False,True,True,missing_string_eqp|missing_handbook,gms-server/wz/Character.wz/Cap/01002818.img.xml
Cap,Cap,1002819,01002819,,0,0,1,0,False,False,True,True,missing_string_eqp|missing_handbook,gms-server/wz/Character.wz/Cap/01002819.img.xml
Cap,Cap,1002883,01002883,,0,40,0,0,False,False,True,True,missing_string_eqp|missing_handbook,gms-server/wz/Character.wz/Cap/01002883.img.xml
Cap,Cap,1002946,01002946,,0,70,0,0,False,False,True,True,missing_string_eqp|missing_handbook,gms-server/wz/Character.wz/Cap/01002946.img.xml
Cap,Cap,1002958,01002958,,0,70,0,0,False,False,True,True,missing_string_eqp|missing_handbook,gms-server/wz/Character.wz/Cap/01002958.img.xml
Cap,Cap,1002963,01002963,,0,0,1,0,False,False,True,True,missing_string_eqp|missing_handbook,gms-server/wz/Character.wz/Cap/01002963.img.xml
Cap,Cap,1003056,01003056,,4,150,0,0,False,False,True,True,missing_string_eqp|missing_handbook,gms-server/wz/Character.wz/Cap/01003056.img.xml
Cap,Cap,1003061,01003061,,2,130,0,0,False,False,True,True,missing_string_eqp|missing_handbook,gms-server/wz/Character.wz/Cap/01003061.img.xml
Cap,Cap,1003062,01003062,,4,130,0,0,False,False,True,True,missing_string_eqp|missing_handbook,gms-server/wz/Character.wz/Cap/01003062.img.xml
Cap,Cap,1003063,01003063,,8,130,0,0,False,False,True,True,missing_string_eqp|missing_handbook,gms-server/wz/Character.wz/Cap/01003063.img.xml
Cap,Cap,1003064,01003064,,16,130,0,0,False,False,True,True,missing_string_eqp|missing_handbook,gms-server/wz/Character.wz/Cap/01003064.img.xml
Cap,Cap,1003065,01003065,,0,135,0,0,False,False,True,True,missing_string_eqp|missing_handbook,gms-server/wz/Character.wz/Cap/01003065.img.xml
Cap,Cap,1003101,01003101,,0,0,1,0,False,False,False,True,missing_string_eqp|missing_handbook|outside_current_equip_pool,gms-server/wz/Character.wz/Cap/01003101.img.xml
Cap,Cap,1003108,01003108,,0,70,0,0,False,False,False,True,missing_string_eqp|missing_handbook|outside_current_equip_pool,gms-server/wz/Character.wz/Cap/01003108.img.xml
Cap,Cap,1003145,01003145,,0,0,1,0,False,False,False,True,missing_string_eqp|missing_handbook|outside_current_equip_pool,gms-server/wz/Character.wz/Cap/01003145.img.xml
Cap,Cap,1003212,01003212,,0,0,0,0,False,False,False,True,missing_string_eqp|missing_handbook|outside_current_equip_pool,gms-server/wz/Character.wz/Cap/01003212.img.xml
Cap,Cap,1003213,01003213,,0,0,0,0,False,False,False,True,missing_string_eqp|missing_handbook|outside_current_equip_pool,gms-server/wz/Character.wz/Cap/01003213.img.xml
Cap,Cap,1003432,01003432,,0,0,1,0,False,False,False,True,missing_string_eqp|missing_handbook|outside_current_equip_pool,gms-server/wz/Character.wz/Cap/01003432.img.xml
Cap,Cap,1003433,01003433,,0,0,1,0,False,False,False,True,missing_string_eqp|missing_handbook|outside_current_equip_pool,gms-server/wz/Character.wz/Cap/01003433.img.xml
Cap,Cap,1003435,01003435,,0,0,1,0,False,False,False,True,missing_string_eqp|missing_handbook|outside_current_equip_pool,gms-server/wz/Character.wz/Cap/01003435.img.xml
Cap,Cap,1003670,01003670,,0,0,1,0,False,False,False,True,missing_string_eqp|missing_handbook|outside_current_equip_pool,gms-server/wz/Character.wz/Cap/01003670.img.xml
Cap,Cap,1003671,01003671,,0,0,1,0,False,False,False,True,missing_string_eqp|missing_handbook|outside_current_equip_pool,gms-server/wz/Character.wz/Cap/01003671.img.xml
Cap,Cap,1003672,01003672,,0,0,1,0,False,False,False,True,missing_string_eqp|missing_handbook|outside_current_equip_pool,gms-server/wz/Character.wz/Cap/01003672.img.xml
Cap,Cap,1003673,01003673,,0,0,1,0,False,False,False,True,missing_string_eqp|missing_handbook|outside_current_equip_pool,gms-server/wz/Character.wz/Cap/01003673.img.xml
Cap,Cap,1003725,01003725,,0,0,0,0,False,False,False,True,missing_string_eqp|missing_handbook|outside_current_equip_pool,gms-server/wz/Character.wz/Cap/01003725.img.xml
Cap,Cap,1003726,01003726,,0,0,0,0,False,False,False,True,missing_string_eqp|missing_handbook|outside_current_equip_pool,gms-server/wz/Character.wz/Cap/01003726.img.xml
Cap,Cap,1003804,01003804,,0,0,1,0,False,False,False,True,missing_string_eqp|missing_handbook|outside_current_equip_pool,gms-server/wz/Character.wz/Cap/01003804.img.xml
Cap,Cap,1003948,01003948,,0,0,1,0,False,False,False,True,missing_string_eqp|missing_handbook|outside_current_equip_pool,gms-server/wz/Character.wz/Cap/01003948.img.xml
Cap,Cap,1003949,01003949,,0,0,1,0,False,False,False,True,missing_string_eqp|missing_handbook|outside_current_equip_pool,gms-server/wz/Character.wz/Cap/01003949.img.xml
Cap,Cap,1004015,01004015,,0,0,1,0,False,False,False,True,missing_string_eqp|missing_handbook|outside_current_equip_pool,gms-server/wz/Character.wz/Cap/01004015.img.xml
Cap,Cap,1004016,01004016,,0,0,1,0,False,False,False,True,missing_string_eqp|missing_handbook|outside_current_equip_pool,gms-server/wz/Character.wz/Cap/01004016.img.xml
Cap,Cap,1004017,01004017,,0,0,1,0,False,False,False,True,missing_string_eqp|missing_handbook|outside_current_equip_pool,gms-server/wz/Character.wz/Cap/01004017.img.xml
Cap,Cap,1004018,01004018,,0,0,1,0,False,False,False,True,missing_string_eqp|missing_handbook|outside_current_equip_pool,gms-server/wz/Character.wz/Cap/01004018.img.xml
Cap,Cap,1004059,01004059,,0,0,1,0,False,False,False,True,missing_string_eqp|missing_handbook|outside_current_equip_pool,gms-server/wz/Character.wz/Cap/01004059.img.xml
Cap,Cap,1004088,01004088,,0,0,1,0,False,False,False,True,missing_string_eqp|missing_handbook|outside_current_equip_pool,gms-server/wz/Character.wz/Cap/01004088.img.xml
Cap,Cap,1004089,01004089,,0,0,1,0,False,False,False,True,missing_string_eqp|missing_handbook|outside_current_equip_pool,gms-server/wz/Character.wz/Cap/01004089.img.xml
Cap,Cap,1004091,01004091,,0,0,1,0,False,False,False,True,missing_string_eqp|missing_handbook|outside_current_equip_pool,gms-server/wz/Character.wz/Cap/01004091.img.xml
Cap,Cap,1004474,01004474,,0,0,1,0,False,False,False,True,missing_string_eqp|missing_handbook|outside_current_equip_pool,gms-server/wz/Character.wz/Cap/01004474.img.xml
Cap,Cap,1004479,01004479,,0,0,1,0,False,False,False,True,missing_string_eqp|missing_handbook|outside_current_equip_pool,gms-server/wz/Character.wz/Cap/01004479.img.xml
Cap,Cap,1004627,01004627,,0,0,1,0,False,False,False,True,missing_string_eqp|missing_handbook|outside_current_equip_pool,gms-server/wz/Character.wz/Cap/01004627.img.xml
Cap,Cap,1004644,01004644,,0,60,0,0,False,False,False,True,missing_string_eqp|missing_handbook|outside_current_equip_pool,gms-server/wz/Character.wz/Cap/01004644.img.xml
Cap,Cap,1004646,01004646,,0,0,1,0,False,False,False,True,missing_string_eqp|missing_handbook|outside_current_equip_pool,gms-server/wz/Character.wz/Cap/01004646.img.xml
Cap,Cap,1004647,01004647,,0,60,0,0,False,False,False,True,missing_string_eqp|missing_handbook|outside_current_equip_pool,gms-server/wz/Character.wz/Cap/01004647.img.xml
Cap,Cap,1004648,01004648,,0,0,1,0,False,False,False,True,missing_string_eqp|missing_handbook|outside_current_equip_pool,gms-server/wz/Character.wz/Cap/01004648.img.xml
Cap,Cap,1004660,01004660,,0,0,1,0,False,False,False,True,missing_string_eqp|missing_handbook|outside_current_equip_pool,gms-server/wz/Character.wz/Cap/01004660.img.xml
Cap,Cap,1004661,01004661,,0,0,1,0,False,False,False,True,missing_string_eqp|missing_handbook|outside_current_equip_pool,gms-server/wz/Character.wz/Cap/01004661.img.xml
Cap,Cap,1004749,01004749,,0,0,1,0,False,False,False,True,missing_string_eqp|missing_handbook|outside_current_equip_pool,gms-server/wz/Character.wz/Cap/01004749.img.xml
Cap,Cap,1004888,01004888,,0,0,1,0,False,False,False,True,missing_string_eqp|missing_handbook|outside_current_equip_pool,gms-server/wz/Character.wz/Cap/01004888.img.xml
Cap,Cap,1004892,01004892,,0,0,1,0,False,False,False,True,missing_string_eqp|missing_handbook|outside_current_equip_pool,gms-server/wz/Character.wz/Cap/01004892.img.xml
Cap,Cap,1004980,01004980,,0,0,1,0,False,False,False,True,missing_string_eqp|missing_handbook|outside_current_equip_pool,gms-server/wz/Character.wz/Cap/01004980.img.xml
Cap,Cap,1004987,01004987,,0,0,1,0,False,False,False,True,missing_string_eqp|missing_handbook|outside_current_equip_pool,gms-server/wz/Character.wz/Cap/01004987.img.xml
Cap,Cap,1004991,01004991,,0,0,1,0,False,False,False,True,missing_string_eqp|missing_handbook|outside_current_equip_pool,gms-server/wz/Character.wz/Cap/01004991.img.xml
Cap,Cap,1005081,01005081,,0,0,1,0,False,False,False,True,missing_string_eqp|missing_handbook|outside_current_equip_pool,gms-server/wz/Character.wz/Cap/01005081.img.xml
Cap,Cap,1005134,01005134,,0,0,1,0,False,False,False,True,missing_string_eqp|missing_handbook|outside_current_equip_pool,gms-server/wz/Character.wz/Cap/01005134.img.xml
Cap,Cap,1005182,01005182,,0,0,1,0,False,False,False,True,missing_string_eqp|missing_handbook|outside_current_equip_pool,gms-server/wz/Character.wz/Cap/01005182.img.xml
Cap,Cap,1005183,01005183,,0,0,1,0,False,False,False,True,missing_string_eqp|missing_handbook|outside_current_equip_pool,gms-server/wz/Character.wz/Cap/01005183.img.xml
Cap,Cap,1005187,01005187,,0,0,1,0,False,False,False,True,missing_string_eqp|missing_handbook|outside_current_equip_pool,gms-server/wz/Character.wz/Cap/01005187.img.xml
Cap,Cap,1005243,01005243,,0,0,1,0,False,False,False,True,missing_string_eqp|missing_handbook|outside_current_equip_pool,gms-server/wz/Character.wz/Cap/01005243.img.xml
Cap,Cap,1005244,01005244,,0,0,1,0,False,False,False,True,missing_string_eqp|missing_handbook|outside_current_equip_pool,gms-server/wz/Character.wz/Cap/01005244.img.xml
Cap,Cap,1005245,01005245,,0,0,1,0,False,False,False,True,missing_string_eqp|missing_handbook|outside_current_equip_pool,gms-server/wz/Character.wz/Cap/01005245.img.xml
Cap,Cap,1005246,01005246,,0,0,1,0,False,False,False,True,missing_string_eqp|missing_handbook|outside_current_equip_pool,gms-server/wz/Character.wz/Cap/01005246.img.xml
Cap,Cap,1005247,01005247,,0,0,1,0,False,False,False,True,missing_string_eqp|missing_handbook|outside_current_equip_pool,gms-server/wz/Character.wz/Cap/01005247.img.xml
Cap,Cap,1005258,01005258,,0,0,1,0,False,False,False,True,missing_string_eqp|missing_handbook|outside_current_equip_pool,gms-server/wz/Character.wz/Cap/01005258.img.xml
Cap,Cap,1005261,01005261,,0,0,1,0,False,False,False,True,missing_string_eqp|missing_handbook|outside_current_equip_pool,gms-server/wz/Character.wz/Cap/01005261.img.xml
Cap,Cap,1005281,01005281,,0,0,1,0,False,False,False,True,missing_string_eqp|missing_handbook|outside_current_equip_pool,gms-server/wz/Character.wz/Cap/01005281.img.xml
Cap,Cap,1005283,01005283,,0,0,1,0,False,False,False,True,missing_string_eqp|missing_handbook|outside_current_equip_pool,gms-server/wz/Character.wz/Cap/01005283.img.xml
Cap,Cap,1005284,01005284,,0,0,1,0,False,False,False,True,missing_string_eqp|missing_handbook|outside_current_equip_pool,gms-server/wz/Character.wz/Cap/01005284.img.xml
Cap,Cap,1005285,01005285,,0,0,1,0,False,False,False,True,missing_string_eqp|missing_handbook|outside_current_equip_pool,gms-server/wz/Character.wz/Cap/01005285.img.xml
Cap,Cap,1005286,01005286,,0,0,1,0,False,False,False,True,missing_string_eqp|missing_handbook|outside_current_equip_pool,gms-server/wz/Character.wz/Cap/01005286.img.xml
Cap,Cap,1005287,01005287,,0,0,1,0,False,False,False,True,missing_string_eqp|missing_handbook|outside_current_equip_pool,gms-server/wz/Character.wz/Cap/01005287.img.xml
Cap,Cap,1005288,01005288,,0,0,1,0,False,False,False,True,missing_string_eqp|missing_handbook|outside_current_equip_pool,gms-server/wz/Character.wz/Cap/01005288.img.xml
Cap,Cap,1005292,01005292,,0,0,1,0,False,False,False,True,missing_string_eqp|missing_handbook|outside_current_equip_pool,gms-server/wz/Character.wz/Cap/01005292.img.xml
Cap,Cap,1005293,01005293,,0,0,1,0,False,False,False,True,missing_string_eqp|missing_handbook|outside_current_equip_pool,gms-server/wz/Character.wz/Cap/01005293.img.xml
Cap,Cap,1005294,01005294,,0,0,1,0,False,False,False,True,missing_string_eqp|missing_handbook|outside_current_equip_pool,gms-server/wz/Character.wz/Cap/01005294.img.xml
Cap,Cap,1005295,01005295,,0,0,1,0,False,False,False,True,missing_string_eqp|missing_handbook|outside_current_equip_pool,gms-server/wz/Character.wz/Cap/01005295.img.xml
Cap,Cap,1005296,01005296,,0,0,1,0,False,False,False,True,missing_string_eqp|missing_handbook|outside_current_equip_pool,gms-server/wz/Character.wz/Cap/01005296.img.xml
Cap,Cap,1005297,01005297,,0,0,1,0,False,False,False,True,missing_string_eqp|missing_handbook|outside_current_equip_pool,gms-server/wz/Character.wz/Cap/01005297.img.xml
Cap,Cap,1005298,01005298,,0,0,1,0,False,False,False,True,missing_string_eqp|missing_handbook|outside_current_equip_pool,gms-server/wz/Character.wz/Cap/01005298.img.xml
Cap,Cap,1005299,01005299,,0,0,1,0,False,False,False,True,missing_string_eqp|missing_handbook|outside_current_equip_pool,gms-server/wz/Character.wz/Cap/01005299.img.xml
Cap,Cap,1005300,01005300,,0,0,1,0,False,False,False,True,missing_string_eqp|missing_handbook|outside_current_equip_pool,gms-server/wz/Character.wz/Cap/01005300.img.xml
Cap,Cap,1005301,01005301,,0,0,1,0,False,False,False,True,missing_string_eqp|missing_handbook|outside_current_equip_pool,gms-server/wz/Character.wz/Cap/01005301.img.xml
Cap,Cap,1005302,01005302,,1,150,0,0,False,False,False,True,missing_string_eqp|missing_handbook|outside_current_equip_pool,gms-server/wz/Character.wz/Cap/01005302.img.xml
Cap,Cap,1005303,01005303,,2,150,0,0,False,False,False,True,missing_string_eqp|missing_handbook|outside_current_equip_pool,gms-server/wz/Character.wz/Cap/01005303.img.xml
Cap,Cap,1005304,01005304,,4,150,0,0,False,False,False,True,missing_string_eqp|missing_handbook|outside_current_equip_pool,gms-server/wz/Character.wz/Cap/01005304.img.xml
Cap,Cap,1005305,01005305,,8,150,0,0,False,False,False,True,missing_string_eqp|missing_handbook|outside_current_equip_pool,gms-server/wz/Character.wz/Cap/01005305.img.xml
Cap,Cap,1005306,01005306,,16,150,0,0,False,False,False,True,missing_string_eqp|missing_handbook|outside_current_equip_pool,gms-server/wz/Character.wz/Cap/01005306.img.xml
Cap,Cap,1005312,01005312,,0,0,1,0,False,False,False,True,missing_string_eqp|missing_handbook|outside_current_equip_pool,gms-server/wz/Character.wz/Cap/01005312.img.xml
Cap,Cap,1005313,01005313,,0,0,0,0,False,False,False,True,missing_string_eqp|missing_handbook|outside_current_equip_pool,gms-server/wz/Character.wz/Cap/01005313.img.xml
Cap,Cap,1005314,01005314,,0,0,1,0,False,False,False,True,missing_string_eqp|missing_handbook|outside_current_equip_pool,gms-server/wz/Character.wz/Cap/01005314.img.xml
Cap,Cap,1005316,01005316,,0,0,1,0,False,False,False,True,missing_string_eqp|missing_handbook|outside_current_equip_pool,gms-server/wz/Character.wz/Cap/01005316.img.xml
Cap,Cap,1005317,01005317,,0,0,1,0,False,False,False,True,missing_string_eqp|missing_handbook|outside_current_equip_pool,gms-server/wz/Character.wz/Cap/01005317.img.xml
Cap,Cap,1005318,01005318,,0,0,1,0,False,False,False,True,missing_string_eqp|missing_handbook|outside_current_equip_pool,gms-server/wz/Character.wz/Cap/01005318.img.xml
Cap,Cap,1005320,01005320,,0,0,1,0,False,False,False,True,missing_string_eqp|missing_handbook|outside_current_equip_pool,gms-server/wz/Character.wz/Cap/01005320.img.xml
Cap,Cap,1005322,01005322,,0,0,1,0,False,False,False,True,missing_string_eqp|missing_handbook|outside_current_equip_pool,gms-server/wz/Character.wz/Cap/01005322.img.xml
Cap,Cap,1005324,01005324,,0,0,1,0,False,False,False,True,missing_string_eqp|missing_handbook|outside_current_equip_pool,gms-server/wz/Character.wz/Cap/01005324.img.xml
Cap,Cap,1005326,01005326,,0,0,1,0,False,False,False,True,missing_string_eqp|missing_handbook|outside_current_equip_pool,gms-server/wz/Character.wz/Cap/01005326.img.xml
Cap,Cap,1005327,01005327,,0,0,1,0,False,False,False,True,missing_string_eqp|missing_handbook|outside_current_equip_pool,gms-server/wz/Character.wz/Cap/01005327.img.xml
Cap,Cap,1005328,01005328,,0,0,1,0,False,False,False,True,missing_string_eqp|missing_handbook|outside_current_equip_pool,gms-server/wz/Character.wz/Cap/01005328.img.xml
Cap,Cap,1005329,01005329,,0,0,1,0,False,False,False,True,missing_string_eqp|missing_handbook|outside_current_equip_pool,gms-server/wz/Character.wz/Cap/01005329.img.xml
Cap,Cap,1005330,01005330,,0,0,1,0,False,False,False,True,missing_string_eqp|missing_handbook|outside_current_equip_pool,gms-server/wz/Character.wz/Cap/01005330.img.xml
Cap,Cap,1005336,01005336,,0,0,1,0,False,False,False,True,missing_string_eqp|missing_handbook|outside_current_equip_pool,gms-server/wz/Character.wz/Cap/01005336.img.xml
Cap,Cap,1005337,01005337,,0,0,1,0,False,False,False,True,missing_string_eqp|missing_handbook|outside_current_equip_pool,gms-server/wz/Character.wz/Cap/01005337.img.xml
Cap,Cap,1005342,01005342,,0,0,1,0,False,False,False,True,missing_string_eqp|missing_handbook|outside_current_equip_pool,gms-server/wz/Character.wz/Cap/01005342.img.xml
Cap,Cap,1005353,01005353,,0,0,1,0,False,False,False,True,missing_string_eqp|missing_handbook|outside_current_equip_pool,gms-server/wz/Character.wz/Cap/01005353.img.xml
Cap,Cap,1005354,01005354,,0,0,1,0,False,False,False,True,missing_string_eqp|missing_handbook|outside_current_equip_pool,gms-server/wz/Character.wz/Cap/01005354.img.xml
Cap,Cap,1005355,01005355,,0,0,1,0,False,False,False,True,missing_string_eqp|missing_handbook|outside_current_equip_pool,gms-server/wz/Character.wz/Cap/01005355.img.xml
Cap,Cap,1005356,01005356,,0,0,1,0,False,False,False,True,missing_string_eqp|missing_handbook|outside_current_equip_pool,gms-server/wz/Character.wz/Cap/01005356.img.xml
Cap,Cap,1005358,01005358,,0,0,1,0,False,False,False,True,missing_string_eqp|missing_handbook|outside_current_equip_pool,gms-server/wz/Character.wz/Cap/01005358.img.xml
Cap,Cap,1005361,01005361,,0,0,1,0,False,False,False,True,missing_string_eqp|missing_handbook|outside_current_equip_pool,gms-server/wz/Character.wz/Cap/01005361.img.xml
Cap,Cap,1005362,01005362,,0,0,1,0,False,False,False,True,missing_string_eqp|missing_handbook|outside_current_equip_pool,gms-server/wz/Character.wz/Cap/01005362.img.xml
Cap,Cap,1005364,01005364,,0,0,1,0,False,False,False,True,missing_string_eqp|missing_handbook|outside_current_equip_pool,gms-server/wz/Character.wz/Cap/01005364.img.xml
Cap,Cap,1005365,01005365,,0,0,1,0,False,False,False,True,missing_string_eqp|missing_handbook|outside_current_equip_pool,gms-server/wz/Character.wz/Cap/01005365.img.xml
Cap,Cap,1005366,01005366,,0,0,1,0,False,False,False,True,missing_string_eqp|missing_handbook|outside_current_equip_pool,gms-server/wz/Character.wz/Cap/01005366.img.xml
Cap,Cap,1005367,01005367,,0,0,1,0,False,False,False,True,missing_string_eqp|missing_handbook|outside_current_equip_pool,gms-server/wz/Character.wz/Cap/01005367.img.xml
Cap,Cap,1005368,01005368,,0,0,1,0,False,False,False,True,missing_string_eqp|missing_handbook|outside_current_equip_pool,gms-server/wz/Character.wz/Cap/01005368.img.xml
Cap,Cap,1005369,01005369,,0,0,1,0,False,False,False,True,missing_string_eqp|missing_handbook|outside_current_equip_pool,gms-server/wz/Character.wz/Cap/01005369.img.xml
Cap,Cap,1005370,01005370,,0,0,1,0,False,False,False,True,missing_string_eqp|missing_handbook|outside_current_equip_pool,gms-server/wz/Character.wz/Cap/01005370.img.xml
Cap,Cap,1005371,01005371,,0,0,1,0,False,False,False,True,missing_string_eqp|missing_handbook|outside_current_equip_pool,gms-server/wz/Character.wz/Cap/01005371.img.xml
Cap,Cap,1005372,01005372,,0,0,1,0,False,False,False,True,missing_string_eqp|missing_handbook|outside_current_equip_pool,gms-server/wz/Character.wz/Cap/01005372.img.xml
Cap,Cap,1005373,01005373,,0,0,1,0,False,False,False,True,missing_string_eqp|missing_handbook|outside_current_equip_pool,gms-server/wz/Character.wz/Cap/01005373.img.xml
Cap,Cap,1005374,01005374,,0,0,1,0,False,False,False,True,missing_string_eqp|missing_handbook|outside_current_equip_pool,gms-server/wz/Character.wz/Cap/01005374.img.xml
Cap,Cap,1005379,01005379,,0,0,1,0,False,False,False,True,missing_string_eqp|missing_handbook|outside_current_equip_pool,gms-server/wz/Character.wz/Cap/01005379.img.xml
Cap,Cap,1005380,01005380,,0,0,1,0,False,False,False,True,missing_string_eqp|missing_handbook|outside_current_equip_pool,gms-server/wz/Character.wz/Cap/01005380.img.xml
Cap,Cap,1005381,01005381,,0,0,1,0,False,False,False,True,missing_string_eqp|missing_handbook|outside_current_equip_pool,gms-server/wz/Character.wz/Cap/01005381.img.xml
Cap,Cap,1005386,01005386,,0,0,1,0,False,False,False,True,missing_string_eqp|missing_handbook|outside_current_equip_pool,gms-server/wz/Character.wz/Cap/01005386.img.xml
Cap,Cap,1005387,01005387,,0,0,1,0,False,False,False,True,missing_string_eqp|missing_handbook|outside_current_equip_pool,gms-server/wz/Character.wz/Cap/01005387.img.xml
Cap,Cap,1005388,01005388,,0,0,1,0,False,False,False,True,missing_string_eqp|missing_handbook|outside_current_equip_pool,gms-server/wz/Character.wz/Cap/01005388.img.xml
Cap,Cap,1005392,01005392,,0,0,1,0,False,False,False,True,missing_string_eqp|missing_handbook|outside_current_equip_pool,gms-server/wz/Character.wz/Cap/01005392.img.xml
Cap,Cap,1005393,01005393,,0,0,1,0,False,False,False,True,missing_string_eqp|missing_handbook|outside_current_equip_pool,gms-server/wz/Character.wz/Cap/01005393.img.xml
Cap,Cap,1005394,01005394,,0,0,1,0,False,False,False,True,missing_string_eqp|missing_handbook|outside_current_equip_pool,gms-server/wz/Character.wz/Cap/01005394.img.xml
Cap,Cap,1005397,01005397,,0,0,1,0,False,False,False,True,missing_string_eqp|missing_handbook|outside_current_equip_pool,gms-server/wz/Character.wz/Cap/01005397.img.xml
Cap,Cap,1005398,01005398,,0,0,1,0,False,False,False,True,missing_string_eqp|missing_handbook|outside_current_equip_pool,gms-server/wz/Character.wz/Cap/01005398.img.xml
Cap,Cap,1005400,01005400,,0,0,1,0,False,False,False,True,missing_string_eqp|missing_handbook|outside_current_equip_pool,gms-server/wz/Character.wz/Cap/01005400.img.xml
Cap,Cap,1005401,01005401,,0,0,1,0,False,False,False,True,missing_string_eqp|missing_handbook|outside_current_equip_pool,gms-server/wz/Character.wz/Cap/01005401.img.xml
Cap,Cap,1005402,01005402,,0,0,1,0,False,False,False,True,missing_string_eqp|missing_handbook|outside_current_equip_pool,gms-server/wz/Character.wz/Cap/01005402.img.xml
Cap,Cap,1005403,01005403,,0,0,1,0,False,False,False,True,missing_string_eqp|missing_handbook|outside_current_equip_pool,gms-server/wz/Character.wz/Cap/01005403.img.xml
Cap,Cap,1005404,01005404,,0,0,1,0,False,False,False,True,missing_string_eqp|missing_handbook|outside_current_equip_pool,gms-server/wz/Character.wz/Cap/01005404.img.xml
Cap,Cap,1005405,01005405,,0,0,1,0,False,False,False,True,missing_string_eqp|missing_handbook|outside_current_equip_pool,gms-server/wz/Character.wz/Cap/01005405.img.xml
Cap,Cap,1005406,01005406,,0,0,1,0,False,False,False,True,missing_string_eqp|missing_handbook|outside_current_equip_pool,gms-server/wz/Character.wz/Cap/01005406.img.xml
Cap,Cap,1005407,01005407,,0,0,1,0,False,False,False,True,missing_string_eqp|missing_handbook|outside_current_equip_pool,gms-server/wz/Character.wz/Cap/01005407.img.xml
Cap,Cap,1005408,01005408,,0,0,1,0,False,False,False,True,missing_string_eqp|missing_handbook|outside_current_equip_pool,gms-server/wz/Character.wz/Cap/01005408.img.xml
Cap,Cap,1005409,01005409,,0,0,1,0,False,False,False,True,missing_string_eqp|missing_handbook|outside_current_equip_pool,gms-server/wz/Character.wz/Cap/01005409.img.xml
Cap,Cap,1005410,01005410,,0,0,1,0,False,False,False,True,missing_string_eqp|missing_handbook|outside_current_equip_pool,gms-server/wz/Character.wz/Cap/01005410.img.xml
Cap,Cap,1005411,01005411,,0,0,1,0,False,False,False,True,missing_string_eqp|missing_handbook|outside_current_equip_pool,gms-server/wz/Character.wz/Cap/01005411.img.xml
Cap,Cap,1005412,01005412,,0,0,1,0,False,False,False,True,missing_string_eqp|missing_handbook|outside_current_equip_pool,gms-server/wz/Character.wz/Cap/01005412.img.xml
Cap,Cap,1005413,01005413,,0,0,1,0,False,False,False,True,missing_string_eqp|missing_handbook|outside_current_equip_pool,gms-server/wz/Character.wz/Cap/01005413.img.xml
Cap,Cap,1005414,01005414,,0,0,1,0,False,False,False,True,missing_string_eqp|missing_handbook|outside_current_equip_pool,gms-server/wz/Character.wz/Cap/01005414.img.xml
Cap,Cap,1005415,01005415,,0,0,1,0,False,False,False,True,missing_string_eqp|missing_handbook|outside_current_equip_pool,gms-server/wz/Character.wz/Cap/01005415.img.xml
Cap,Cap,1005416,01005416,,0,0,1,0,False,False,False,True,missing_string_eqp|missing_handbook|outside_current_equip_pool,gms-server/wz/Character.wz/Cap/01005416.img.xml
Cap,Cap,1005417,01005417,,0,0,1,0,False,False,False,True,missing_string_eqp|missing_handbook|outside_current_equip_pool,gms-server/wz/Character.wz/Cap/01005417.img.xml
Cap,Cap,1005418,01005418,,0,0,1,0,False,False,False,True,missing_string_eqp|missing_handbook|outside_current_equip_pool,gms-server/wz/Character.wz/Cap/01005418.img.xml
Cap,Cap,1005419,01005419,,0,0,1,0,False,False,False,True,missing_string_eqp|missing_handbook|outside_current_equip_pool,gms-server/wz/Character.wz/Cap/01005419.img.xml
Cap,Cap,1005420,01005420,,0,0,1,0,False,False,False,True,missing_string_eqp|missing_handbook|outside_current_equip_pool,gms-server/wz/Character.wz/Cap/01005420.img.xml
Cap,Cap,1005421,01005421,,0,0,1,0,False,False,False,True,missing_string_eqp|missing_handbook|outside_current_equip_pool,gms-server/wz/Character.wz/Cap/01005421.img.xml
Cap,Cap,1005422,01005422,,0,0,1,0,False,False,False,True,missing_string_eqp|missing_handbook|outside_current_equip_pool,gms-server/wz/Character.wz/Cap/01005422.img.xml
Cap,Cap,1005423,01005423,,0,0,1,0,False,False,False,True,missing_string_eqp|missing_handbook|outside_current_equip_pool,gms-server/wz/Character.wz/Cap/01005423.img.xml
Cap,Cap,1005424,01005424,,0,0,1,0,False,False,False,True,missing_string_eqp|missing_handbook|outside_current_equip_pool,gms-server/wz/Character.wz/Cap/01005424.img.xml
Cap,Cap,1005425,01005425,,0,0,1,0,False,False,False,True,missing_string_eqp|missing_handbook|outside_current_equip_pool,gms-server/wz/Character.wz/Cap/01005425.img.xml
Cap,Cap,1005426,01005426,,0,0,1,0,False,False,False,True,missing_string_eqp|missing_handbook|outside_current_equip_pool,gms-server/wz/Character.wz/Cap/01005426.img.xml
Cap,Cap,1005427,01005427,,0,0,1,0,False,False,False,True,missing_string_eqp|missing_handbook|outside_current_equip_pool,gms-server/wz/Character.wz/Cap/01005427.img.xml
Cap,Cap,1005428,01005428,,0,0,1,0,False,False,False,True,missing_string_eqp|missing_handbook|outside_current_equip_pool,gms-server/wz/Character.wz/Cap/01005428.img.xml
Cap,Cap,1005429,01005429,,0,0,1,0,False,False,False,True,missing_string_eqp|missing_handbook|outside_current_equip_pool,gms-server/wz/Character.wz/Cap/01005429.img.xml
Cap,Cap,1005430,01005430,,0,0,1,0,False,False,False,True,missing_string_eqp|missing_handbook|outside_current_equip_pool,gms-server/wz/Character.wz/Cap/01005430.img.xml
Cap,Cap,1005431,01005431,,0,0,1,0,False,False,False,True,missing_string_eqp|missing_handbook|outside_current_equip_pool,gms-server/wz/Character.wz/Cap/01005431.img.xml
Cap,Cap,1005432,01005432,,0,0,1,0,False,False,False,True,missing_string_eqp|missing_handbook|outside_current_equip_pool,gms-server/wz/Character.wz/Cap/01005432.img.xml
Cap,Cap,1005433,01005433,,0,0,1,0,False,False,False,True,missing_string_eqp|missing_handbook|outside_current_equip_pool,gms-server/wz/Character.wz/Cap/01005433.img.xml
Cap,Cap,1005434,01005434,,0,0,1,0,False,False,False,True,missing_string_eqp|missing_handbook|outside_current_equip_pool,gms-server/wz/Character.wz/Cap/01005434.img.xml
Cap,Cap,1005435,01005435,,0,0,1,0,False,False,False,True,missing_string_eqp|missing_handbook|outside_current_equip_pool,gms-server/wz/Character.wz/Cap/01005435.img.xml
Cap,Cap,1005436,01005436,,0,0,1,0,False,False,False,True,missing_string_eqp|missing_handbook|outside_current_equip_pool,gms-server/wz/Character.wz/Cap/01005436.img.xml
Cap,Cap,1005437,01005437,,0,0,1,0,False,False,False,True,missing_string_eqp|missing_handbook|outside_current_equip_pool,gms-server/wz/Character.wz/Cap/01005437.img.xml
Cap,Cap,1005438,01005438,,0,0,1,0,False,False,False,True,missing_string_eqp|missing_handbook|outside_current_equip_pool,gms-server/wz/Character.wz/Cap/01005438.img.xml
Cap,Cap,1005439,01005439,,0,0,1,0,False,False,False,True,missing_string_eqp|missing_handbook|outside_current_equip_pool,gms-server/wz/Character.wz/Cap/01005439.img.xml
Cap,Cap,1005440,01005440,,0,0,1,0,False,False,False,True,missing_string_eqp|missing_handbook|outside_current_equip_pool,gms-server/wz/Character.wz/Cap/01005440.img.xml
Cap,Cap,1005441,01005441,,0,0,1,0,False,False,False,True,missing_string_eqp|missing_handbook|outside_current_equip_pool,gms-server/wz/Character.wz/Cap/01005441.img.xml
Cap,Cap,1005442,01005442,,0,0,1,0,False,False,False,True,missing_string_eqp|missing_handbook|outside_current_equip_pool,gms-server/wz/Character.wz/Cap/01005442.img.xml
Cap,Cap,1005443,01005443,,0,0,1,0,False,False,False,True,missing_string_eqp|missing_handbook|outside_current_equip_pool,gms-server/wz/Character.wz/Cap/01005443.img.xml
Cap,Cap,1005444,01005444,,0,0,1,0,False,False,False,True,missing_string_eqp|missing_handbook|outside_current_equip_pool,gms-server/wz/Character.wz/Cap/01005444.img.xml
Cap,Cap,1005445,01005445,,0,0,1,0,False,False,False,True,missing_string_eqp|missing_handbook|outside_current_equip_pool,gms-server/wz/Character.wz/Cap/01005445.img.xml
Cap,Cap,1005446,01005446,,0,0,1,0,False,False,False,True,missing_string_eqp|missing_handbook|outside_current_equip_pool,gms-server/wz/Character.wz/Cap/01005446.img.xml
Cap,Cap,1005449,01005449,,0,0,1,0,False,False,False,True,missing_string_eqp|missing_handbook|outside_current_equip_pool,gms-server/wz/Character.wz/Cap/01005449.img.xml
Cap,Cap,1005450,01005450,,0,0,1,0,False,False,False,True,missing_string_eqp|missing_handbook|outside_current_equip_pool,gms-server/wz/Character.wz/Cap/01005450.img.xml
Cap,Cap,1005451,01005451,,0,0,1,0,False,False,False,True,missing_string_eqp|missing_handbook|outside_current_equip_pool,gms-server/wz/Character.wz/Cap/01005451.img.xml
Cap,Cap,1005452,01005452,,0,0,1,0,False,False,False,True,missing_string_eqp|missing_handbook|outside_current_equip_pool,gms-server/wz/Character.wz/Cap/01005452.img.xml
Cap,Cap,1005453,01005453,,0,0,1,0,False,False,False,True,missing_string_eqp|missing_handbook|outside_current_equip_pool,gms-server/wz/Character.wz/Cap/01005453.img.xml
Cap,Cap,1005454,01005454,,0,0,1,0,False,False,False,True,missing_string_eqp|missing_handbook|outside_current_equip_pool,gms-server/wz/Character.wz/Cap/01005454.img.xml
Cap,Cap,1005455,01005455,,0,0,1,0,False,False,False,True,missing_string_eqp|missing_handbook|outside_current_equip_pool,gms-server/wz/Character.wz/Cap/01005455.img.xml
Cap,Cap,1005457,01005457,,0,0,1,0,False,False,False,True,missing_string_eqp|missing_handbook|outside_current_equip_pool,gms-server/wz/Character.wz/Cap/01005457.img.xml
Cap,Cap,1005458,01005458,,0,0,1,0,False,False,False,True,missing_string_eqp|missing_handbook|outside_current_equip_pool,gms-server/wz/Character.wz/Cap/01005458.img.xml
Cap,Cap,1005459,01005459,,0,0,1,0,False,False,False,True,missing_string_eqp|missing_handbook|outside_current_equip_pool,gms-server/wz/Character.wz/Cap/01005459.img.xml
Cap,Cap,1005460,01005460,,0,0,1,0,False,False,False,True,missing_string_eqp|missing_handbook|outside_current_equip_pool,gms-server/wz/Character.wz/Cap/01005460.img.xml
Cap,Cap,1005461,01005461,,0,0,1,0,False,False,False,True,missing_string_eqp|missing_handbook|outside_current_equip_pool,gms-server/wz/Character.wz/Cap/01005461.img.xml
Cap,Cap,1005462,01005462,,0,0,1,0,False,False,False,True,missing_string_eqp|missing_handbook|outside_current_equip_pool,gms-server/wz/Character.wz/Cap/01005462.img.xml
Cap,Cap,1005463,01005463,,0,0,1,0,False,False,False,True,missing_string_eqp|missing_handbook|outside_current_equip_pool,gms-server/wz/Character.wz/Cap/01005463.img.xml
Cap,Cap,1005464,01005464,,0,0,1,0,False,False,False,True,missing_string_eqp|missing_handbook|outside_current_equip_pool,gms-server/wz/Character.wz/Cap/01005464.img.xml
Cap,Cap,1005465,01005465,,0,0,1,0,False,False,False,True,missing_string_eqp|missing_handbook|outside_current_equip_pool,gms-server/wz/Character.wz/Cap/01005465.img.xml
Cap,Cap,1005466,01005466,,0,0,1,0,False,False,False,True,missing_string_eqp|missing_handbook|outside_current_equip_pool,gms-server/wz/Character.wz/Cap/01005466.img.xml
Cap,Cap,1005467,01005467,,0,0,1,0,False,False,False,True,missing_string_eqp|missing_handbook|outside_current_equip_pool,gms-server/wz/Character.wz/Cap/01005467.img.xml
Cap,Cap,1005468,01005468,,0,0,1,0,False,False,False,True,missing_string_eqp|missing_handbook|outside_current_equip_pool,gms-server/wz/Character.wz/Cap/01005468.img.xml
Cap,Cap,1005469,01005469,,0,0,1,0,False,False,False,True,missing_string_eqp|missing_handbook|outside_current_equip_pool,gms-server/wz/Character.wz/Cap/01005469.img.xml
Cap,Cap,1005470,01005470,,0,0,1,0,False,False,False,True,missing_string_eqp|missing_handbook|outside_current_equip_pool,gms-server/wz/Character.wz/Cap/01005470.img.xml
Cap,Cap,1005471,01005471,,0,0,1,0,False,False,False,True,missing_string_eqp|missing_handbook|outside_current_equip_pool,gms-server/wz/Character.wz/Cap/01005471.img.xml
Cap,Cap,1005472,01005472,,0,0,1,0,False,False,False,True,missing_string_eqp|missing_handbook|outside_current_equip_pool,gms-server/wz/Character.wz/Cap/01005472.img.xml
Cap,Cap,1005473,01005473,,0,0,1,0,False,False,False,True,missing_string_eqp|missing_handbook|outside_current_equip_pool,gms-server/wz/Character.wz/Cap/01005473.img.xml
Cap,Cap,1005474,01005474,,0,0,1,0,False,False,False,True,missing_string_eqp|missing_handbook|outside_current_equip_pool,gms-server/wz/Character.wz/Cap/01005474.img.xml
Cap,Cap,1005475,01005475,,0,0,1,0,False,False,False,True,missing_string_eqp|missing_handbook|outside_current_equip_pool,gms-server/wz/Character.wz/Cap/01005475.img.xml
Cap,Cap,1005476,01005476,,0,0,1,0,False,False,False,True,missing_string_eqp|missing_handbook|outside_current_equip_pool,gms-server/wz/Character.wz/Cap/01005476.img.xml
Cap,Cap,1005486,01005486,,0,0,1,0,False,False,False,True,missing_string_eqp|missing_handbook|outside_current_equip_pool,gms-server/wz/Character.wz/Cap/01005486.img.xml
Cap,Cap,1005487,01005487,,0,0,1,0,False,False,False,True,missing_string_eqp|missing_handbook|outside_current_equip_pool,gms-server/wz/Character.wz/Cap/01005487.img.xml
Cap,Cap,1005488,01005488,,0,0,1,0,False,False,False,True,missing_string_eqp|missing_handbook|outside_current_equip_pool,gms-server/wz/Character.wz/Cap/01005488.img.xml
Cap,Cap,1005489,01005489,,0,0,1,0,False,False,False,True,missing_string_eqp|missing_handbook|outside_current_equip_pool,gms-server/wz/Character.wz/Cap/01005489.img.xml
Cap,Cap,1005490,01005490,,0,0,1,0,False,False,False,True,missing_string_eqp|missing_handbook|outside_current_equip_pool,gms-server/wz/Character.wz/Cap/01005490.img.xml
Cap,Cap,1005491,01005491,,0,0,0,0,False,False,False,True,missing_string_eqp|missing_handbook|outside_current_equip_pool,gms-server/wz/Character.wz/Cap/01005491.img.xml
Cap,Cap,1005493,01005493,,0,0,1,0,False,False,False,True,missing_string_eqp|missing_handbook|outside_current_equip_pool,gms-server/wz/Character.wz/Cap/01005493.img.xml
Cap,Cap,1005494,01005494,,0,0,1,0,False,False,False,True,missing_string_eqp|missing_handbook|outside_current_equip_pool,gms-server/wz/Character.wz/Cap/01005494.img.xml
Cap,Cap,1005499,01005499,,0,0,1,0,False,False,False,True,missing_string_eqp|missing_handbook|outside_current_equip_pool,gms-server/wz/Character.wz/Cap/01005499.img.xml
Cap,Cap,1005500,01005500,,0,0,1,0,False,False,False,True,missing_string_eqp|missing_handbook|outside_current_equip_pool,gms-server/wz/Character.wz/Cap/01005500.img.xml
Cap,Cap,1005501,01005501,,0,0,1,0,False,False,False,True,missing_string_eqp|missing_handbook|outside_current_equip_pool,gms-server/wz/Character.wz/Cap/01005501.img.xml
Cap,Cap,1005504,01005504,,0,0,1,0,False,False,False,True,missing_string_eqp|missing_handbook|outside_current_equip_pool,gms-server/wz/Character.wz/Cap/01005504.img.xml
Cap,Cap,1005508,01005508,,0,0,1,0,False,False,False,True,missing_string_eqp|missing_handbook|outside_current_equip_pool,gms-server/wz/Character.wz/Cap/01005508.img.xml
Cap,Cap,1005509,01005509,,0,0,1,0,False,False,False,True,missing_string_eqp|missing_handbook|outside_current_equip_pool,gms-server/wz/Character.wz/Cap/01005509.img.xml
Cap,Cap,1005510,01005510,,0,0,1,0,False,False,False,True,missing_string_eqp|missing_handbook|outside_current_equip_pool,gms-server/wz/Character.wz/Cap/01005510.img.xml
Cap,Cap,1005511,01005511,,0,0,1,0,False,False,False,True,missing_string_eqp|missing_handbook|outside_current_equip_pool,gms-server/wz/Character.wz/Cap/01005511.img.xml
Cap,Cap,1005514,01005514,,0,0,1,0,False,False,False,True,missing_string_eqp|missing_handbook|outside_current_equip_pool,gms-server/wz/Character.wz/Cap/01005514.img.xml
Cap,Cap,1005521,01005521,,0,0,1,0,False,False,False,True,missing_string_eqp|missing_handbook|outside_current_equip_pool,gms-server/wz/Character.wz/Cap/01005521.img.xml
Cap,Cap,1005522,01005522,,0,0,1,0,False,False,False,True,missing_string_eqp|missing_handbook|outside_current_equip_pool,gms-server/wz/Character.wz/Cap/01005522.img.xml
Cap,Cap,1005523,01005523,,0,0,1,0,False,False,False,True,missing_string_eqp|missing_handbook|outside_current_equip_pool,gms-server/wz/Character.wz/Cap/01005523.img.xml
Cap,Cap,1005524,01005524,,0,0,1,0,False,False,False,True,missing_string_eqp|missing_handbook|outside_current_equip_pool,gms-server/wz/Character.wz/Cap/01005524.img.xml
Cap,Cap,1005525,01005525,,0,0,1,0,False,False,False,True,missing_string_eqp|missing_handbook|outside_current_equip_pool,gms-server/wz/Character.wz/Cap/01005525.img.xml
Cap,Cap,1005526,01005526,,0,0,1,0,False,False,False,True,missing_string_eqp|missing_handbook|outside_current_equip_pool,gms-server/wz/Character.wz/Cap/01005526.img.xml
Cap,Cap,1005529,01005529,,0,0,1,0,False,False,False,True,missing_string_eqp|missing_handbook|outside_current_equip_pool,gms-server/wz/Character.wz/Cap/01005529.img.xml
Cap,Cap,1005533,01005533,,0,0,1,0,False,False,False,True,missing_string_eqp|missing_handbook|outside_current_equip_pool,gms-server/wz/Character.wz/Cap/01005533.img.xml
Cap,Cap,1005534,01005534,,0,0,1,0,False,False,False,True,missing_string_eqp|missing_handbook|outside_current_equip_pool,gms-server/wz/Character.wz/Cap/01005534.img.xml
Cap,Cap,1005535,01005535,,0,0,1,0,False,False,False,True,missing_string_eqp|missing_handbook|outside_current_equip_pool,gms-server/wz/Character.wz/Cap/01005535.img.xml
Cap,Cap,1005536,01005536,,0,0,1,0,False,False,False,True,missing_string_eqp|missing_handbook|outside_current_equip_pool,gms-server/wz/Character.wz/Cap/01005536.img.xml
Cap,Cap,1005560,01005560,,0,0,1,0,False,False,False,True,missing_string_eqp|missing_handbook|outside_current_equip_pool,gms-server/wz/Character.wz/Cap/01005560.img.xml
Cap,Cap,1005562,01005562,,0,0,1,0,False,False,False,True,missing_string_eqp|missing_handbook|outside_current_equip_pool,gms-server/wz/Character.wz/Cap/01005562.img.xml
Cap,Cap,1005566,01005566,,0,0,1,0,False,False,False,True,missing_string_eqp|missing_handbook|outside_current_equip_pool,gms-server/wz/Character.wz/Cap/01005566.img.xml
Cap,Cap,1005576,01005576,,0,0,1,0,False,False,False,True,missing_string_eqp|missing_handbook|outside_current_equip_pool,gms-server/wz/Character.wz/Cap/01005576.img.xml
Cap,Cap,1005577,01005577,,0,0,1,0,False,False,False,True,missing_string_eqp|missing_handbook|outside_current_equip_pool,gms-server/wz/Character.wz/Cap/01005577.img.xml
Cap,Cap,1005578,01005578,,0,0,1,0,False,False,False,True,missing_string_eqp|missing_handbook|outside_current_equip_pool,gms-server/wz/Character.wz/Cap/01005578.img.xml
Cap,Cap,1005581,01005581,,0,0,1,0,False,False,False,True,missing_string_eqp|missing_handbook|outside_current_equip_pool,gms-server/wz/Character.wz/Cap/01005581.img.xml
Cap,Cap,1005593,01005593,,0,0,1,0,False,False,False,True,missing_string_eqp|missing_handbook|outside_current_equip_pool,gms-server/wz/Character.wz/Cap/01005593.img.xml
Cap,Cap,1005594,01005594,,0,0,1,0,False,False,False,True,missing_string_eqp|missing_handbook|outside_current_equip_pool,gms-server/wz/Character.wz/Cap/01005594.img.xml
Cap,Cap,1005595,01005595,,0,0,1,0,False,False,False,True,missing_string_eqp|missing_handbook|outside_current_equip_pool,gms-server/wz/Character.wz/Cap/01005595.img.xml
Cap,Cap,1005611,01005611,,0,0,1,0,False,False,False,True,missing_string_eqp|missing_handbook|outside_current_equip_pool,gms-server/wz/Character.wz/Cap/01005611.img.xml
Cap,Cap,1005616,01005616,,0,0,1,0,False,False,False,True,missing_string_eqp|missing_handbook|outside_current_equip_pool,gms-server/wz/Character.wz/Cap/01005616.img.xml
Cap,Cap,1005617,01005617,,0,0,1,0,False,False,False,True,missing_string_eqp|missing_handbook|outside_current_equip_pool,gms-server/wz/Character.wz/Cap/01005617.img.xml
Cap,Cap,1005634,01005634,,0,0,1,0,False,False,False,True,missing_string_eqp|missing_handbook|outside_current_equip_pool,gms-server/wz/Character.wz/Cap/01005634.img.xml
Cap,Cap,1005639,01005639,,0,0,1,0,False,False,False,True,missing_string_eqp|missing_handbook|outside_current_equip_pool,gms-server/wz/Character.wz/Cap/01005639.img.xml
Cap,Cap,1005640,01005640,,0,0,1,0,False,False,False,True,missing_string_eqp|missing_handbook|outside_current_equip_pool,gms-server/wz/Character.wz/Cap/01005640.img.xml
Cap,Cap,1005656,01005656,,0,0,1,0,False,False,False,True,missing_string_eqp|missing_handbook|outside_current_equip_pool,gms-server/wz/Character.wz/Cap/01005656.img.xml
Cap,Cap,1005658,01005658,,0,0,1,0,False,False,False,True,missing_string_eqp|missing_handbook|outside_current_equip_pool,gms-server/wz/Character.wz/Cap/01005658.img.xml
Cap,Cap,1005673,01005673,,0,0,1,0,False,False,False,True,missing_string_eqp|missing_handbook|outside_current_equip_pool,gms-server/wz/Character.wz/Cap/01005673.img.xml
Cap,Cap,1005674,01005674,,0,0,1,0,False,False,False,True,missing_string_eqp|missing_handbook|outside_current_equip_pool,gms-server/wz/Character.wz/Cap/01005674.img.xml
Cap,Cap,1005678,01005678,,0,0,1,0,False,False,False,True,missing_string_eqp|missing_handbook|outside_current_equip_pool,gms-server/wz/Character.wz/Cap/01005678.img.xml
Cap,Cap,1005679,01005679,,0,0,1,0,False,False,False,True,missing_string_eqp|missing_handbook|outside_current_equip_pool,gms-server/wz/Character.wz/Cap/01005679.img.xml
Cap,Cap,1005681,01005681,,0,0,1,0,False,False,False,True,missing_string_eqp|missing_handbook|outside_current_equip_pool,gms-server/wz/Character.wz/Cap/01005681.img.xml
Cap,Cap,1005682,01005682,,0,0,1,0,False,False,False,True,missing_string_eqp|missing_handbook|outside_current_equip_pool,gms-server/wz/Character.wz/Cap/01005682.img.xml
Cap,Cap,1005683,01005683,,0,0,1,0,False,False,False,True,missing_string_eqp|missing_handbook|outside_current_equip_pool,gms-server/wz/Character.wz/Cap/01005683.img.xml
Cap,Cap,1005684,01005684,,0,0,1,0,False,False,False,True,missing_string_eqp|missing_handbook|outside_current_equip_pool,gms-server/wz/Character.wz/Cap/01005684.img.xml
Cap,Cap,1005685,01005685,,0,0,1,0,False,False,False,True,missing_string_eqp|missing_handbook|outside_current_equip_pool,gms-server/wz/Character.wz/Cap/01005685.img.xml
Cap,Cap,1005686,01005686,,0,0,1,0,False,False,False,True,missing_string_eqp|missing_handbook|outside_current_equip_pool,gms-server/wz/Character.wz/Cap/01005686.img.xml
Cap,Cap,1005688,01005688,,0,0,1,0,False,False,False,True,missing_string_eqp|missing_handbook|outside_current_equip_pool,gms-server/wz/Character.wz/Cap/01005688.img.xml
Cap,Cap,1005689,01005689,,0,0,1,0,False,False,False,True,missing_string_eqp|missing_handbook|outside_current_equip_pool,gms-server/wz/Character.wz/Cap/01005689.img.xml
Cap,Cap,1005690,01005690,,0,0,1,0,False,False,False,True,missing_string_eqp|missing_handbook|outside_current_equip_pool,gms-server/wz/Character.wz/Cap/01005690.img.xml
Cap,Cap,1005691,01005691,,0,0,1,0,False,False,False,True,missing_string_eqp|missing_handbook|outside_current_equip_pool,gms-server/wz/Character.wz/Cap/01005691.img.xml
Cap,Cap,1005692,01005692,,0,0,1,0,False,False,False,True,missing_string_eqp|missing_handbook|outside_current_equip_pool,gms-server/wz/Character.wz/Cap/01005692.img.xml
Cap,Cap,1005693,01005693,,0,0,1,0,False,False,False,True,missing_string_eqp|missing_handbook|outside_current_equip_pool,gms-server/wz/Character.wz/Cap/01005693.img.xml
Cap,Cap,1005694,01005694,,0,0,1,0,False,False,False,True,missing_string_eqp|missing_handbook|outside_current_equip_pool,gms-server/wz/Character.wz/Cap/01005694.img.xml
Cap,Cap,1005695,01005695,,0,0,1,0,False,False,False,True,missing_string_eqp|missing_handbook|outside_current_equip_pool,gms-server/wz/Character.wz/Cap/01005695.img.xml
Cap,Cap,1005696,01005696,,0,0,1,0,False,False,False,True,missing_string_eqp|missing_handbook|outside_current_equip_pool,gms-server/wz/Character.wz/Cap/01005696.img.xml
Cap,Cap,1005697,01005697,,0,0,1,0,False,False,False,True,missing_string_eqp|missing_handbook|outside_current_equip_pool,gms-server/wz/Character.wz/Cap/01005697.img.xml
Cap,Cap,1005701,01005701,,0,0,1,0,False,False,False,True,missing_string_eqp|missing_handbook|outside_current_equip_pool,gms-server/wz/Character.wz/Cap/01005701.img.xml
Cap,Cap,1005702,01005702,,0,0,1,0,False,False,False,True,missing_string_eqp|missing_handbook|outside_current_equip_pool,gms-server/wz/Character.wz/Cap/01005702.img.xml
Cap,Cap,1005703,01005703,,0,0,1,0,False,False,False,True,missing_string_eqp|missing_handbook|outside_current_equip_pool,gms-server/wz/Character.wz/Cap/01005703.img.xml
Cap,Cap,1005716,01005716,,0,0,1,0,False,False,False,True,missing_string_eqp|missing_handbook|outside_current_equip_pool,gms-server/wz/Character.wz/Cap/01005716.img.xml
Cap,Cap,1005747,01005747,,0,0,1,0,False,False,False,True,missing_string_eqp|missing_handbook|outside_current_equip_pool,gms-server/wz/Character.wz/Cap/01005747.img.xml
Cap,Cap,1005748,01005748,,0,0,1,0,False,False,False,True,missing_string_eqp|missing_handbook|outside_current_equip_pool,gms-server/wz/Character.wz/Cap/01005748.img.xml
Cap,Cap,1005786,01005786,,0,0,1,0,False,False,False,True,missing_string_eqp|missing_handbook|outside_current_equip_pool,gms-server/wz/Character.wz/Cap/01005786.img.xml
Cap,Cap,1005793,01005793,,0,0,1,0,False,False,False,True,missing_string_eqp|missing_handbook|outside_current_equip_pool,gms-server/wz/Character.wz/Cap/01005793.img.xml
Cap,Cap,1005794,01005794,,0,0,1,0,False,False,False,True,missing_string_eqp|missing_handbook|outside_current_equip_pool,gms-server/wz/Character.wz/Cap/01005794.img.xml
Cap,Cap,1005796,01005796,,0,0,1,0,False,False,False,True,missing_string_eqp|missing_handbook|outside_current_equip_pool,gms-server/wz/Character.wz/Cap/01005796.img.xml
Cap,Cap,1005797,01005797,,0,0,1,0,False,False,False,True,missing_string_eqp|missing_handbook|outside_current_equip_pool,gms-server/wz/Character.wz/Cap/01005797.img.xml
Cap,Cap,1005799,01005799,,0,0,1,0,False,False,False,True,missing_string_eqp|missing_handbook|outside_current_equip_pool,gms-server/wz/Character.wz/Cap/01005799.img.xml
Cap,Cap,1005800,01005800,,0,0,1,0,False,False,False,True,missing_string_eqp|missing_handbook|outside_current_equip_pool,gms-server/wz/Character.wz/Cap/01005800.img.xml
Cap,Cap,1005838,01005838,,0,0,1,0,False,False,False,True,missing_string_eqp|missing_handbook|outside_current_equip_pool,gms-server/wz/Character.wz/Cap/01005838.img.xml
Cap,Cap,1005839,01005839,,0,0,1,0,False,False,False,True,missing_string_eqp|missing_handbook|outside_current_equip_pool,gms-server/wz/Character.wz/Cap/01005839.img.xml
Cap,Cap,1005840,01005840,,0,0,1,0,False,False,False,True,missing_string_eqp|missing_handbook|outside_current_equip_pool,gms-server/wz/Character.wz/Cap/01005840.img.xml
Cap,Cap,1005863,01005863,,0,0,1,0,False,False,False,True,missing_string_eqp|missing_handbook|outside_current_equip_pool,gms-server/wz/Character.wz/Cap/01005863.img.xml
Cap,Cap,1005865,01005865,,0,0,1,0,False,False,False,True,missing_string_eqp|missing_handbook|outside_current_equip_pool,gms-server/wz/Character.wz/Cap/01005865.img.xml
Cap,Cap,1005867,01005867,,0,0,1,0,False,False,False,True,missing_string_eqp|missing_handbook|outside_current_equip_pool,gms-server/wz/Character.wz/Cap/01005867.img.xml
Cap,Cap,1005868,01005868,,0,0,1,0,False,False,False,True,missing_string_eqp|missing_handbook|outside_current_equip_pool,gms-server/wz/Character.wz/Cap/01005868.img.xml
Cap,Cap,1005895,01005895,,0,0,1,0,False,False,False,True,missing_string_eqp|missing_handbook|outside_current_equip_pool,gms-server/wz/Character.wz/Cap/01005895.img.xml
Cap,Cap,1005897,01005897,,0,0,1,0,False,False,False,True,missing_string_eqp|missing_handbook|outside_current_equip_pool,gms-server/wz/Character.wz/Cap/01005897.img.xml
Cap,Cap,1005898,01005898,,0,0,1,0,False,False,False,True,missing_string_eqp|missing_handbook|outside_current_equip_pool,gms-server/wz/Character.wz/Cap/01005898.img.xml
Cap,Cap,1005899,01005899,,0,0,1,0,False,False,False,True,missing_string_eqp|missing_handbook|outside_current_equip_pool,gms-server/wz/Character.wz/Cap/01005899.img.xml
Cap,Cap,1005900,01005900,,0,0,1,0,False,False,False,True,missing_string_eqp|missing_handbook|outside_current_equip_pool,gms-server/wz/Character.wz/Cap/01005900.img.xml
Cap,Cap,1005901,01005901,,0,0,1,0,False,False,False,True,missing_string_eqp|missing_handbook|outside_current_equip_pool,gms-server/wz/Character.wz/Cap/01005901.img.xml
Cap,Cap,1005902,01005902,,0,0,1,0,False,False,False,True,missing_string_eqp|missing_handbook|outside_current_equip_pool,gms-server/wz/Character.wz/Cap/01005902.img.xml
Cap,Cap,1005903,01005903,,0,0,1,0,False,False,False,True,missing_string_eqp|missing_handbook|outside_current_equip_pool,gms-server/wz/Character.wz/Cap/01005903.img.xml
Cap,Cap,1005904,01005904,,0,0,1,0,False,False,False,True,missing_string_eqp|missing_handbook|outside_current_equip_pool,gms-server/wz/Character.wz/Cap/01005904.img.xml
Cap,Cap,1005911,01005911,,0,0,1,0,False,False,False,True,missing_string_eqp|missing_handbook|outside_current_equip_pool,gms-server/wz/Character.wz/Cap/01005911.img.xml
Cap,Cap,1005912,01005912,,0,0,1,0,False,False,False,True,missing_string_eqp|missing_handbook|outside_current_equip_pool,gms-server/wz/Character.wz/Cap/01005912.img.xml
Cap,Cap,1005915,01005915,,0,0,1,0,False,False,False,True,missing_string_eqp|missing_handbook|outside_current_equip_pool,gms-server/wz/Character.wz/Cap/01005915.img.xml
Cap,Cap,1005916,01005916,,0,0,1,0,False,False,False,True,missing_string_eqp|missing_handbook|outside_current_equip_pool,gms-server/wz/Character.wz/Cap/01005916.img.xml
Cap,Cap,1005928,01005928,,0,0,1,0,False,False,False,True,missing_string_eqp|missing_handbook|outside_current_equip_pool,gms-server/wz/Character.wz/Cap/01005928.img.xml
Cap,Cap,1005929,01005929,,0,0,1,0,False,False,False,True,missing_string_eqp|missing_handbook|outside_current_equip_pool,gms-server/wz/Character.wz/Cap/01005929.img.xml
Cap,Cap,1005943,01005943,,0,0,1,0,False,False,False,True,missing_string_eqp|missing_handbook|outside_current_equip_pool,gms-server/wz/Character.wz/Cap/01005943.img.xml
Cap,Cap,1005945,01005945,,0,0,1,0,False,False,False,True,missing_string_eqp|missing_handbook|outside_current_equip_pool,gms-server/wz/Character.wz/Cap/01005945.img.xml
Cap,Cap,1005948,01005948,,0,0,1,0,False,False,False,True,missing_string_eqp|missing_handbook|outside_current_equip_pool,gms-server/wz/Character.wz/Cap/01005948.img.xml
Cap,Cap,1005965,01005965,,0,0,1,0,False,False,False,True,missing_string_eqp|missing_handbook|outside_current_equip_pool,gms-server/wz/Character.wz/Cap/01005965.img.xml
Cap,Cap,1005966,01005966,,0,0,1,0,False,False,False,True,missing_string_eqp|missing_handbook|outside_current_equip_pool,gms-server/wz/Character.wz/Cap/01005966.img.xml
Cap,Cap,1005967,01005967,,0,0,1,0,False,False,False,True,missing_string_eqp|missing_handbook|outside_current_equip_pool,gms-server/wz/Character.wz/Cap/01005967.img.xml
Cap,Cap,1005968,01005968,,0,0,1,0,False,False,False,True,missing_string_eqp|missing_handbook|outside_current_equip_pool,gms-server/wz/Character.wz/Cap/01005968.img.xml
Cap,Cap,1005973,01005973,,0,0,1,0,False,False,False,True,missing_string_eqp|missing_handbook|outside_current_equip_pool,gms-server/wz/Character.wz/Cap/01005973.img.xml
Cap,Cap,1005977,01005977,,0,0,1,0,False,False,False,True,missing_string_eqp|missing_handbook|outside_current_equip_pool,gms-server/wz/Character.wz/Cap/01005977.img.xml
Cap,Cap,1005978,01005978,,0,0,1,0,False,False,False,True,missing_string_eqp|missing_handbook|outside_current_equip_pool,gms-server/wz/Character.wz/Cap/01005978.img.xml
Cap,Cap,1005979,01005979,,0,0,1,0,False,False,False,True,missing_string_eqp|missing_handbook|outside_current_equip_pool,gms-server/wz/Character.wz/Cap/01005979.img.xml
Cap,Cap,1005987,01005987,,0,0,1,0,False,False,False,True,missing_string_eqp|missing_handbook|outside_current_equip_pool,gms-server/wz/Character.wz/Cap/01005987.img.xml
Cap,Cap,1005990,01005990,,0,0,1,0,False,False,False,True,missing_string_eqp|missing_handbook|outside_current_equip_pool,gms-server/wz/Character.wz/Cap/01005990.img.xml
Cap,Cap,1005991,01005991,,0,0,1,0,False,False,False,True,missing_string_eqp|missing_handbook|outside_current_equip_pool,gms-server/wz/Character.wz/Cap/01005991.img.xml
Cap,Cap,1006009,01006009,,0,0,1,0,False,False,False,True,missing_string_eqp|missing_handbook|outside_current_equip_pool,gms-server/wz/Character.wz/Cap/01006009.img.xml
Cap,Cap,1006010,01006010,,0,0,1,0,False,False,False,True,missing_string_eqp|missing_handbook|outside_current_equip_pool,gms-server/wz/Character.wz/Cap/01006010.img.xml
Cap,Cap,1006022,01006022,,0,0,1,0,False,False,False,True,missing_string_eqp|missing_handbook|outside_current_equip_pool,gms-server/wz/Character.wz/Cap/01006022.img.xml
Cap,Cap,1006023,01006023,,0,0,1,0,False,False,False,True,missing_string_eqp|missing_handbook|outside_current_equip_pool,gms-server/wz/Character.wz/Cap/01006023.img.xml
Cap,Cap,1006024,01006024,,0,0,1,0,False,False,False,True,missing_string_eqp|missing_handbook|outside_current_equip_pool,gms-server/wz/Character.wz/Cap/01006024.img.xml
Cap,Cap,1006033,01006033,,0,0,1,0,False,False,False,True,missing_string_eqp|missing_handbook|outside_current_equip_pool,gms-server/wz/Character.wz/Cap/01006033.img.xml
Cap,Cap,1006034,01006034,,0,0,1,0,False,False,False,True,missing_string_eqp|missing_handbook|outside_current_equip_pool,gms-server/wz/Character.wz/Cap/01006034.img.xml
Cap,Cap,1006064,01006064,,0,0,1,0,False,False,False,True,missing_string_eqp|missing_handbook|outside_current_equip_pool,gms-server/wz/Character.wz/Cap/01006064.img.xml
Cap,Cap,1006081,01006081,,0,0,1,0,False,False,False,True,missing_string_eqp|missing_handbook|outside_current_equip_pool,gms-server/wz/Character.wz/Cap/01006081.img.xml
Cap,Cap,1006102,01006102,,0,0,1,0,False,False,False,True,missing_string_eqp|missing_handbook|outside_current_equip_pool,gms-server/wz/Character.wz/Cap/01006102.img.xml
Cap,Cap,1006110,01006110,,0,0,1,0,False,False,False,True,missing_string_eqp|missing_handbook|outside_current_equip_pool,gms-server/wz/Character.wz/Cap/01006110.img.xml
Cap,Cap,1006111,01006111,,0,0,1,0,False,False,False,True,missing_string_eqp|missing_handbook|outside_current_equip_pool,gms-server/wz/Character.wz/Cap/01006111.img.xml
Cap,Cap,1006112,01006112,,0,0,1,0,False,False,False,True,missing_string_eqp|missing_handbook|outside_current_equip_pool,gms-server/wz/Character.wz/Cap/01006112.img.xml
Cap,Cap,1006113,01006113,,0,0,1,0,False,False,False,True,missing_string_eqp|missing_handbook|outside_current_equip_pool,gms-server/wz/Character.wz/Cap/01006113.img.xml
Cap,Cap,1006114,01006114,,0,0,1,0,False,False,False,True,missing_string_eqp|missing_handbook|outside_current_equip_pool,gms-server/wz/Character.wz/Cap/01006114.img.xml
Cap,Cap,1006115,01006115,,0,0,1,0,False,False,False,True,missing_string_eqp|missing_handbook|outside_current_equip_pool,gms-server/wz/Character.wz/Cap/01006115.img.xml
Cap,Cap,1006116,01006116,,0,0,1,0,False,False,False,True,missing_string_eqp|missing_handbook|outside_current_equip_pool,gms-server/wz/Character.wz/Cap/01006116.img.xml
Cap,Cap,1006117,01006117,,0,0,1,0,False,False,False,True,missing_string_eqp|missing_handbook|outside_current_equip_pool,gms-server/wz/Character.wz/Cap/01006117.img.xml
Cap,Cap,1006145,01006145,,0,0,1,0,False,False,False,True,missing_string_eqp|missing_handbook|outside_current_equip_pool,gms-server/wz/Character.wz/Cap/01006145.img.xml
Cap,Cap,1006146,01006146,,0,0,1,0,False,False,False,True,missing_string_eqp|missing_handbook|outside_current_equip_pool,gms-server/wz/Character.wz/Cap/01006146.img.xml
Cap,Cap,1006164,01006164,,0,0,1,0,False,False,False,True,missing_string_eqp|missing_handbook|outside_current_equip_pool,gms-server/wz/Character.wz/Cap/01006164.img.xml
Cap,Cap,1006165,01006165,,0,0,1,0,False,False,False,True,missing_string_eqp|missing_handbook|outside_current_equip_pool,gms-server/wz/Character.wz/Cap/01006165.img.xml
Cap,Cap,1006185,01006185,,0,0,1,0,False,False,False,True,missing_string_eqp|missing_handbook|outside_current_equip_pool,gms-server/wz/Character.wz/Cap/01006185.img.xml
Cap,Cap,1006186,01006186,,0,0,1,0,False,False,False,True,missing_string_eqp|missing_handbook|outside_current_equip_pool,gms-server/wz/Character.wz/Cap/01006186.img.xml
Cap,Cap,1006187,01006187,,0,0,1,0,False,False,False,True,missing_string_eqp|missing_handbook|outside_current_equip_pool,gms-server/wz/Character.wz/Cap/01006187.img.xml
Cap,Cap,1006194,01006194,,0,0,1,0,False,False,False,True,missing_string_eqp|missing_handbook|outside_current_equip_pool,gms-server/wz/Character.wz/Cap/01006194.img.xml
Cap,Cap,1006196,01006196,,0,0,1,0,False,False,False,True,missing_string_eqp|missing_handbook|outside_current_equip_pool,gms-server/wz/Character.wz/Cap/01006196.img.xml
Cap,Cap,1006197,01006197,,0,0,1,0,False,False,False,True,missing_string_eqp|missing_handbook|outside_current_equip_pool,gms-server/wz/Character.wz/Cap/01006197.img.xml
Cap,Cap,1006198,01006198,,0,0,1,0,False,False,False,True,missing_string_eqp|missing_handbook|outside_current_equip_pool,gms-server/wz/Character.wz/Cap/01006198.img.xml
Cap,Cap,1006199,01006199,,0,0,1,0,False,False,False,True,missing_string_eqp|missing_handbook|outside_current_equip_pool,gms-server/wz/Character.wz/Cap/01006199.img.xml
Cap,Cap,1006200,01006200,,0,0,1,0,False,False,False,True,missing_string_eqp|missing_handbook|outside_current_equip_pool,gms-server/wz/Character.wz/Cap/01006200.img.xml
Coat,Coat,1042228,01042228,,0,0,1,0,False,False,True,True,missing_string_eqp|missing_handbook,gms-server/wz/Character.wz/Coat/01042228.img.xml
Coat,Coat,1042229,01042229,,0,0,1,0,False,False,True,True,missing_string_eqp|missing_handbook,gms-server/wz/Character.wz/Coat/01042229.img.xml
Coat,Coat,1042399,01042399,,0,0,0,0,False,False,True,True,missing_string_eqp|missing_handbook,gms-server/wz/Character.wz/Coat/01042399.img.xml
Coat,Coat,1042401,01042401,,0,0,1,0,False,False,True,True,missing_string_eqp|missing_handbook,gms-server/wz/Character.wz/Coat/01042401.img.xml
Coat,Coat,1042402,01042402,,0,0,1,0,False,False,True,True,missing_string_eqp|missing_handbook,gms-server/wz/Character.wz/Coat/01042402.img.xml
Coat,Coat,1042403,01042403,,0,0,1,0,False,False,True,True,missing_string_eqp|missing_handbook,gms-server/wz/Character.wz/Coat/01042403.img.xml
Longcoat,Longcoat,1050320,01050320,,0,33,0,0,False,False,True,True,missing_string_eqp|missing_handbook,gms-server/wz/Character.wz/Longcoat/01050320.img.xml
Longcoat,Longcoat,1050367,01050367,,0,0,1,0,False,False,True,True,missing_string_eqp|missing_handbook,gms-server/wz/Character.wz/Longcoat/01050367.img.xml
Longcoat,Longcoat,1050391,01050391,,0,0,1,0,False,False,True,True,missing_string_eqp|missing_handbook,gms-server/wz/Character.wz/Longcoat/01050391.img.xml
Longcoat,Longcoat,1050396,01050396,,0,0,1,0,False,False,True,True,missing_string_eqp|missing_handbook,gms-server/wz/Character.wz/Longcoat/01050396.img.xml
Longcoat,Longcoat,1050397,01050397,,0,0,1,0,False,False,True,True,missing_string_eqp|missing_handbook,gms-server/wz/Character.wz/Longcoat/01050397.img.xml
Longcoat,Longcoat,1050421,01050421,,0,0,1,0,False,False,True,True,missing_string_eqp|missing_handbook,gms-server/wz/Character.wz/Longcoat/01050421.img.xml
Longcoat,Longcoat,1050455,01050455,,0,0,1,0,False,False,True,True,missing_string_eqp|missing_handbook,gms-server/wz/Character.wz/Longcoat/01050455.img.xml
Longcoat,Longcoat,1050503,01050503,,0,0,1,0,False,False,True,True,missing_string_eqp|missing_handbook,gms-server/wz/Character.wz/Longcoat/01050503.img.xml
Longcoat,Longcoat,1050504,01050504,,0,0,1,0,False,False,True,True,missing_string_eqp|missing_handbook,gms-server/wz/Character.wz/Longcoat/01050504.img.xml
Longcoat,Longcoat,1050505,01050505,,0,0,1,0,False,False,True,True,missing_string_eqp|missing_handbook,gms-server/wz/Character.wz/Longcoat/01050505.img.xml
Longcoat,Longcoat,1050506,01050506,,0,0,1,0,False,False,True,True,missing_string_eqp|missing_handbook,gms-server/wz/Character.wz/Longcoat/01050506.img.xml
Longcoat,Longcoat,1050507,01050507,,0,0,1,0,False,False,True,True,missing_string_eqp|missing_handbook,gms-server/wz/Character.wz/Longcoat/01050507.img.xml
Longcoat,Longcoat,1050509,01050509,,0,0,1,0,False,False,True,True,missing_string_eqp|missing_handbook,gms-server/wz/Character.wz/Longcoat/01050509.img.xml
Longcoat,Longcoat,1050510,01050510,,0,0,1,0,False,False,True,True,missing_string_eqp|missing_handbook,gms-server/wz/Character.wz/Longcoat/01050510.img.xml
Longcoat,Longcoat,1050511,01050511,,0,0,1,0,False,False,True,True,missing_string_eqp|missing_handbook,gms-server/wz/Character.wz/Longcoat/01050511.img.xml
Longcoat,Longcoat,1050512,01050512,,0,0,1,0,False,False,True,True,missing_string_eqp|missing_handbook,gms-server/wz/Character.wz/Longcoat/01050512.img.xml
Longcoat,Longcoat,1050513,01050513,,0,0,1,0,False,False,True,True,missing_string_eqp|missing_handbook,gms-server/wz/Character.wz/Longcoat/01050513.img.xml
Longcoat,Longcoat,1050514,01050514,,0,0,1,0,False,False,True,True,missing_string_eqp|missing_handbook,gms-server/wz/Character.wz/Longcoat/01050514.img.xml
Longcoat,Longcoat,1050515,01050515,,0,0,1,0,False,False,True,True,missing_string_eqp|missing_handbook,gms-server/wz/Character.wz/Longcoat/01050515.img.xml
Longcoat,Longcoat,1050516,01050516,,0,0,1,0,False,False,True,True,missing_string_eqp|missing_handbook,gms-server/wz/Character.wz/Longcoat/01050516.img.xml
Longcoat,Longcoat,1050517,01050517,,0,0,1,0,False,False,True,True,missing_string_eqp|missing_handbook,gms-server/wz/Character.wz/Longcoat/01050517.img.xml
Longcoat,Longcoat,1050518,01050518,,0,0,1,0,False,False,True,True,missing_string_eqp|missing_handbook,gms-server/wz/Character.wz/Longcoat/01050518.img.xml
Longcoat,Longcoat,1050519,01050519,,0,0,1,0,False,False,True,True,missing_string_eqp|missing_handbook,gms-server/wz/Character.wz/Longcoat/01050519.img.xml
Longcoat,Longcoat,1050520,01050520,,0,0,1,0,False,False,True,True,missing_string_eqp|missing_handbook,gms-server/wz/Character.wz/Longcoat/01050520.img.xml
Longcoat,Longcoat,1050522,01050522,,0,0,1,0,False,False,True,True,missing_string_eqp|missing_handbook,gms-server/wz/Character.wz/Longcoat/01050522.img.xml
Longcoat,Longcoat,1050523,01050523,,0,0,1,0,False,False,True,True,missing_string_eqp|missing_handbook,gms-server/wz/Character.wz/Longcoat/01050523.img.xml
Longcoat,Longcoat,1050524,01050524,,0,0,1,0,False,False,True,True,missing_string_eqp|missing_handbook,gms-server/wz/Character.wz/Longcoat/01050524.img.xml
Longcoat,Longcoat,1050525,01050525,,0,0,1,0,False,False,True,True,missing_string_eqp|missing_handbook,gms-server/wz/Character.wz/Longcoat/01050525.img.xml
Longcoat,Longcoat,1050526,01050526,,0,0,1,0,False,False,True,True,missing_string_eqp|missing_handbook,gms-server/wz/Character.wz/Longcoat/01050526.img.xml
Longcoat,Longcoat,1050527,01050527,,0,0,0,0,False,False,True,True,missing_string_eqp|missing_handbook,gms-server/wz/Character.wz/Longcoat/01050527.img.xml
Longcoat,Longcoat,1050528,01050528,,0,0,1,0,False,False,True,True,missing_string_eqp|missing_handbook,gms-server/wz/Character.wz/Longcoat/01050528.img.xml
Longcoat,Longcoat,1050531,01050531,,0,0,1,0,False,False,True,True,missing_string_eqp|missing_handbook,gms-server/wz/Character.wz/Longcoat/01050531.img.xml
Longcoat,Longcoat,1050532,01050532,,0,0,1,0,False,False,True,True,missing_string_eqp|missing_handbook,gms-server/wz/Character.wz/Longcoat/01050532.img.xml
Longcoat,Longcoat,1050533,01050533,,0,0,1,0,False,False,True,True,missing_string_eqp|missing_handbook,gms-server/wz/Character.wz/Longcoat/01050533.img.xml
Longcoat,Longcoat,1050534,01050534,,0,0,1,0,False,False,True,True,missing_string_eqp|missing_handbook,gms-server/wz/Character.wz/Longcoat/01050534.img.xml
Longcoat,Longcoat,1050535,01050535,,0,0,1,0,False,False,True,True,missing_string_eqp|missing_handbook,gms-server/wz/Character.wz/Longcoat/01050535.img.xml
Longcoat,Longcoat,1050536,01050536,,0,0,1,0,False,False,True,True,missing_string_eqp|missing_handbook,gms-server/wz/Character.wz/Longcoat/01050536.img.xml
Longcoat,Longcoat,1050537,01050537,,0,0,1,0,False,False,True,True,missing_string_eqp|missing_handbook,gms-server/wz/Character.wz/Longcoat/01050537.img.xml
Longcoat,Longcoat,1051238,01051238,,0,0,1,0,False,False,True,True,missing_string_eqp|missing_handbook,gms-server/wz/Character.wz/Longcoat/01051238.img.xml
Longcoat,Longcoat,1051300,01051300,,0,0,0,0,False,False,True,True,missing_string_eqp|missing_handbook,gms-server/wz/Character.wz/Longcoat/01051300.img.xml
Longcoat,Longcoat,1051379,01051379,,0,30,0,0,False,False,True,True,missing_string_eqp|missing_handbook,gms-server/wz/Character.wz/Longcoat/01051379.img.xml
Longcoat,Longcoat,1051467,01051467,,0,0,1,0,False,False,True,True,missing_string_eqp|missing_handbook,gms-server/wz/Character.wz/Longcoat/01051467.img.xml
Longcoat,Longcoat,1051468,01051468,,0,0,1,0,False,False,True,True,missing_string_eqp|missing_handbook,gms-server/wz/Character.wz/Longcoat/01051468.img.xml
Longcoat,Longcoat,1051522,01051522,,0,0,1,0,False,False,True,True,missing_string_eqp|missing_handbook,gms-server/wz/Character.wz/Longcoat/01051522.img.xml
Longcoat,Longcoat,1051573,01051573,,0,0,1,0,False,False,True,True,missing_string_eqp|missing_handbook,gms-server/wz/Character.wz/Longcoat/01051573.img.xml
Longcoat,Longcoat,1051574,01051574,,0,0,1,0,False,False,True,True,missing_string_eqp|missing_handbook,gms-server/wz/Character.wz/Longcoat/01051574.img.xml
Longcoat,Longcoat,1051575,01051575,,0,0,1,0,False,False,True,True,missing_string_eqp|missing_handbook,gms-server/wz/Character.wz/Longcoat/01051575.img.xml
Longcoat,Longcoat,1051576,01051576,,0,0,1,0,False,False,True,True,missing_string_eqp|missing_handbook,gms-server/wz/Character.wz/Longcoat/01051576.img.xml
Longcoat,Longcoat,1051577,01051577,,0,0,1,0,False,False,True,True,missing_string_eqp|missing_handbook,gms-server/wz/Character.wz/Longcoat/01051577.img.xml
Longcoat,Longcoat,1051579,01051579,,0,0,1,0,False,False,True,True,missing_string_eqp|missing_handbook,gms-server/wz/Character.wz/Longcoat/01051579.img.xml
Longcoat,Longcoat,1051580,01051580,,0,0,1,0,False,False,True,True,missing_string_eqp|missing_handbook,gms-server/wz/Character.wz/Longcoat/01051580.img.xml
Longcoat,Longcoat,1051581,01051581,,0,0,1,0,False,False,True,True,missing_string_eqp|missing_handbook,gms-server/wz/Character.wz/Longcoat/01051581.img.xml
Longcoat,Longcoat,1051582,01051582,,0,0,1,0,False,False,True,True,missing_string_eqp|missing_handbook,gms-server/wz/Character.wz/Longcoat/01051582.img.xml
Longcoat,Longcoat,1051583,01051583,,0,0,1,0,False,False,True,True,missing_string_eqp|missing_handbook,gms-server/wz/Character.wz/Longcoat/01051583.img.xml
Longcoat,Longcoat,1051584,01051584,,0,0,1,0,False,False,True,True,missing_string_eqp|missing_handbook,gms-server/wz/Character.wz/Longcoat/01051584.img.xml
Longcoat,Longcoat,1051585,01051585,,0,0,1,0,False,False,True,True,missing_string_eqp|missing_handbook,gms-server/wz/Character.wz/Longcoat/01051585.img.xml
Longcoat,Longcoat,1051586,01051586,,0,0,1,0,False,False,True,True,missing_string_eqp|missing_handbook,gms-server/wz/Character.wz/Longcoat/01051586.img.xml
Longcoat,Longcoat,1051587,01051587,,0,0,1,0,False,False,True,True,missing_string_eqp|missing_handbook,gms-server/wz/Character.wz/Longcoat/01051587.img.xml
Longcoat,Longcoat,1051588,01051588,,0,0,1,0,False,False,True,True,missing_string_eqp|missing_handbook,gms-server/wz/Character.wz/Longcoat/01051588.img.xml
Longcoat,Longcoat,1051590,01051590,,0,0,1,0,False,False,True,True,missing_string_eqp|missing_handbook,gms-server/wz/Character.wz/Longcoat/01051590.img.xml
Longcoat,Longcoat,1051591,01051591,,0,0,1,0,False,False,True,True,missing_string_eqp|missing_handbook,gms-server/wz/Character.wz/Longcoat/01051591.img.xml
Longcoat,Longcoat,1051592,01051592,,0,0,1,0,False,False,True,True,missing_string_eqp|missing_handbook,gms-server/wz/Character.wz/Longcoat/01051592.img.xml
Longcoat,Longcoat,1051593,01051593,,0,0,1,0,False,False,True,True,missing_string_eqp|missing_handbook,gms-server/wz/Character.wz/Longcoat/01051593.img.xml
Longcoat,Longcoat,1051594,01051594,,0,0,1,0,False,False,True,True,missing_string_eqp|missing_handbook,gms-server/wz/Character.wz/Longcoat/01051594.img.xml
Longcoat,Longcoat,1051595,01051595,,0,0,1,0,False,False,True,True,missing_string_eqp|missing_handbook,gms-server/wz/Character.wz/Longcoat/01051595.img.xml
Longcoat,Longcoat,1051596,01051596,,0,0,1,0,False,False,True,True,missing_string_eqp|missing_handbook,gms-server/wz/Character.wz/Longcoat/01051596.img.xml
Longcoat,Longcoat,1051597,01051597,,0,0,0,0,False,False,True,True,missing_string_eqp|missing_handbook,gms-server/wz/Character.wz/Longcoat/01051597.img.xml
Longcoat,Longcoat,1051598,01051598,,0,0,1,0,False,False,True,True,missing_string_eqp|missing_handbook,gms-server/wz/Character.wz/Longcoat/01051598.img.xml
Longcoat,Longcoat,1051600,01051600,,0,0,1,0,False,False,True,True,missing_string_eqp|missing_handbook,gms-server/wz/Character.wz/Longcoat/01051600.img.xml
Longcoat,Longcoat,1051602,01051602,,0,0,1,0,False,False,True,True,missing_string_eqp|missing_handbook,gms-server/wz/Character.wz/Longcoat/01051602.img.xml
Longcoat,Longcoat,1051603,01051603,,0,0,1,0,False,False,True,True,missing_string_eqp|missing_handbook,gms-server/wz/Character.wz/Longcoat/01051603.img.xml
Longcoat,Longcoat,1051604,01051604,,0,0,1,0,False,False,True,True,missing_string_eqp|missing_handbook,gms-server/wz/Character.wz/Longcoat/01051604.img.xml
Longcoat,Longcoat,1051605,01051605,,0,0,1,0,False,False,True,True,missing_string_eqp|missing_handbook,gms-server/wz/Character.wz/Longcoat/01051605.img.xml
Longcoat,Longcoat,1051606,01051606,,0,0,1,0,False,False,True,True,missing_string_eqp|missing_handbook,gms-server/wz/Character.wz/Longcoat/01051606.img.xml
Longcoat,Longcoat,1051607,01051607,,0,0,1,0,False,False,True,True,missing_string_eqp|missing_handbook,gms-server/wz/Character.wz/Longcoat/01051607.img.xml
Longcoat,Longcoat,1051608,01051608,,0,0,1,0,False,False,True,True,missing_string_eqp|missing_handbook,gms-server/wz/Character.wz/Longcoat/01051608.img.xml
Longcoat,Longcoat,1052341,01052341,,0,0,0,0,False,False,False,True,missing_string_eqp|missing_handbook|outside_current_equip_pool,gms-server/wz/Character.wz/Longcoat/01052341.img.xml
Longcoat,Longcoat,1052342,01052342,,0,0,0,0,False,False,False,True,missing_string_eqp|missing_handbook|outside_current_equip_pool,gms-server/wz/Character.wz/Longcoat/01052342.img.xml
Longcoat,Longcoat,1052446,01052446,,0,0,1,0,False,False,False,True,missing_string_eqp|missing_handbook|outside_current_equip_pool,gms-server/wz/Character.wz/Longcoat/01052446.img.xml
Longcoat,Longcoat,1052447,01052447,,0,0,1,0,False,False,False,True,missing_string_eqp|missing_handbook|outside_current_equip_pool,gms-server/wz/Character.wz/Longcoat/01052447.img.xml
Longcoat,Longcoat,1052471,01052471,,0,0,0,0,False,False,False,True,missing_string_eqp|missing_handbook|outside_current_equip_pool,gms-server/wz/Character.wz/Longcoat/01052471.img.xml
Longcoat,Longcoat,1052475,01052475,,0,0,0,0,False,False,False,True,missing_string_eqp|missing_handbook|outside_current_equip_pool,gms-server/wz/Character.wz/Longcoat/01052475.img.xml
Longcoat,Longcoat,1052551,01052551,,0,0,1,0,False,False,False,True,missing_string_eqp|missing_handbook|outside_current_equip_pool,gms-server/wz/Character.wz/Longcoat/01052551.img.xml
Longcoat,Longcoat,1052552,01052552,,0,0,1,0,False,False,False,True,missing_string_eqp|missing_handbook|outside_current_equip_pool,gms-server/wz/Character.wz/Longcoat/01052552.img.xml
Longcoat,Longcoat,1052610,01052610,,0,0,1,0,False,False,False,True,missing_string_eqp|missing_handbook|outside_current_equip_pool,gms-server/wz/Character.wz/Longcoat/01052610.img.xml
Longcoat,Longcoat,1052653,01052653,,0,13,0,0,False,False,False,True,missing_string_eqp|missing_handbook|outside_current_equip_pool,gms-server/wz/Character.wz/Longcoat/01052653.img.xml
Longcoat,Longcoat,1052654,01052654,,0,0,1,0,False,False,False,True,missing_string_eqp|missing_handbook|outside_current_equip_pool,gms-server/wz/Character.wz/Longcoat/01052654.img.xml
Longcoat,Longcoat,1052662,01052662,,0,0,1,0,False,False,False,True,missing_string_eqp|missing_handbook|outside_current_equip_pool,gms-server/wz/Character.wz/Longcoat/01052662.img.xml
Longcoat,Longcoat,1052663,01052663,,0,0,1,0,False,False,False,True,missing_string_eqp|missing_handbook|outside_current_equip_pool,gms-server/wz/Character.wz/Longcoat/01052663.img.xml
Longcoat,Longcoat,1052676,01052676,,0,0,1,0,False,False,False,True,missing_string_eqp|missing_handbook|outside_current_equip_pool,gms-server/wz/Character.wz/Longcoat/01052676.img.xml
Longcoat,Longcoat,1052677,01052677,,0,0,1,0,False,False,False,True,missing_string_eqp|missing_handbook|outside_current_equip_pool,gms-server/wz/Character.wz/Longcoat/01052677.img.xml
Longcoat,Longcoat,1052678,01052678,,0,0,1,0,False,False,False,True,missing_string_eqp|missing_handbook|outside_current_equip_pool,gms-server/wz/Character.wz/Longcoat/01052678.img.xml
Longcoat,Longcoat,1052679,01052679,,0,0,1,0,False,False,False,True,missing_string_eqp|missing_handbook|outside_current_equip_pool,gms-server/wz/Character.wz/Longcoat/01052679.img.xml
Longcoat,Longcoat,1052680,01052680,,0,0,1,0,False,False,False,True,missing_string_eqp|missing_handbook|outside_current_equip_pool,gms-server/wz/Character.wz/Longcoat/01052680.img.xml
Longcoat,Longcoat,1052681,01052681,,0,0,1,0,False,False,False,True,missing_string_eqp|missing_handbook|outside_current_equip_pool,gms-server/wz/Character.wz/Longcoat/01052681.img.xml
Longcoat,Longcoat,1052682,01052682,,0,0,1,0,False,False,False,True,missing_string_eqp|missing_handbook|outside_current_equip_pool,gms-server/wz/Character.wz/Longcoat/01052682.img.xml
Longcoat,Longcoat,1052684,01052684,,0,0,1,0,False,False,False,True,missing_string_eqp|missing_handbook|outside_current_equip_pool,gms-server/wz/Character.wz/Longcoat/01052684.img.xml
Longcoat,Longcoat,1052685,01052685,,0,0,1,0,False,False,False,True,missing_string_eqp|missing_handbook|outside_current_equip_pool,gms-server/wz/Character.wz/Longcoat/01052685.img.xml
Longcoat,Longcoat,1052698,01052698,,0,0,1,0,False,False,False,True,missing_string_eqp|missing_handbook|outside_current_equip_pool,gms-server/wz/Character.wz/Longcoat/01052698.img.xml
Longcoat,Longcoat,1052707,01052707,,0,0,1,0,False,False,False,True,missing_string_eqp|missing_handbook|outside_current_equip_pool,gms-server/wz/Character.wz/Longcoat/01052707.img.xml
Longcoat,Longcoat,1052708,01052708,,0,0,1,0,False,False,False,True,missing_string_eqp|missing_handbook|outside_current_equip_pool,gms-server/wz/Character.wz/Longcoat/01052708.img.xml
Longcoat,Longcoat,1052780,01052780,,0,0,1,0,False,False,False,True,missing_string_eqp|missing_handbook|outside_current_equip_pool,gms-server/wz/Character.wz/Longcoat/01052780.img.xml
Longcoat,Longcoat,1052783,01052783,,0,0,0,0,False,False,False,True,missing_string_eqp|missing_handbook|outside_current_equip_pool,gms-server/wz/Character.wz/Longcoat/01052783.img.xml
Longcoat,Longcoat,1052811,01052811,,0,0,1,0,False,False,False,True,missing_string_eqp|missing_handbook|outside_current_equip_pool,gms-server/wz/Character.wz/Longcoat/01052811.img.xml
Longcoat,Longcoat,1052837,01052837,,0,0,1,0,False,False,False,True,missing_string_eqp|missing_handbook|outside_current_equip_pool,gms-server/wz/Character.wz/Longcoat/01052837.img.xml
Longcoat,Longcoat,1052838,01052838,,0,0,1,0,False,False,False,True,missing_string_eqp|missing_handbook|outside_current_equip_pool,gms-server/wz/Character.wz/Longcoat/01052838.img.xml
Longcoat,Longcoat,1052902,01052902,,0,0,1,0,False,False,False,True,missing_string_eqp|missing_handbook|outside_current_equip_pool,gms-server/wz/Character.wz/Longcoat/01052902.img.xml
Longcoat,Longcoat,1052904,01052904,,0,0,1,0,False,False,False,True,missing_string_eqp|missing_handbook|outside_current_equip_pool,gms-server/wz/Character.wz/Longcoat/01052904.img.xml
Longcoat,Longcoat,1052947,01052947,,0,0,1,0,False,False,False,True,missing_string_eqp|missing_handbook|outside_current_equip_pool,gms-server/wz/Character.wz/Longcoat/01052947.img.xml
Longcoat,Longcoat,1052949,01052949,,0,0,1,0,False,False,False,True,missing_string_eqp|missing_handbook|outside_current_equip_pool,gms-server/wz/Character.wz/Longcoat/01052949.img.xml
Longcoat,Longcoat,1052966,01052966,,0,0,1,0,False,False,False,True,missing_string_eqp|missing_handbook|outside_current_equip_pool,gms-server/wz/Character.wz/Longcoat/01052966.img.xml
Longcoat,Longcoat,1052967,01052967,,0,0,1,0,False,False,False,True,missing_string_eqp|missing_handbook|outside_current_equip_pool,gms-server/wz/Character.wz/Longcoat/01052967.img.xml
Longcoat,Longcoat,1052968,01052968,,0,0,1,0,False,False,False,True,missing_string_eqp|missing_handbook|outside_current_equip_pool,gms-server/wz/Character.wz/Longcoat/01052968.img.xml
Longcoat,Longcoat,1052969,01052969,,0,0,1,0,False,False,False,True,missing_string_eqp|missing_handbook|outside_current_equip_pool,gms-server/wz/Character.wz/Longcoat/01052969.img.xml
Longcoat,Longcoat,1053031,01053031,,0,0,1,0,False,False,False,True,missing_string_eqp|missing_handbook|outside_current_equip_pool,gms-server/wz/Character.wz/Longcoat/01053031.img.xml
Longcoat,Longcoat,1053032,01053032,,0,0,1,0,False,False,False,True,missing_string_eqp|missing_handbook|outside_current_equip_pool,gms-server/wz/Character.wz/Longcoat/01053032.img.xml
Longcoat,Longcoat,1053062,01053062,,0,0,1,0,False,False,False,True,missing_string_eqp|missing_handbook|outside_current_equip_pool,gms-server/wz/Character.wz/Longcoat/01053062.img.xml
Longcoat,Longcoat,1053363,01053363,,0,0,1,0,False,False,False,True,missing_string_eqp|missing_handbook|outside_current_equip_pool,gms-server/wz/Character.wz/Longcoat/01053363.img.xml
Longcoat,Longcoat,1053376,01053376,,0,0,1,0,False,False,False,True,missing_string_eqp|missing_handbook|outside_current_equip_pool,gms-server/wz/Character.wz/Longcoat/01053376.img.xml
Longcoat,Longcoat,1053385,01053385,,0,0,1,0,False,False,False,True,missing_string_eqp|missing_handbook|outside_current_equip_pool,gms-server/wz/Character.wz/Longcoat/01053385.img.xml
Longcoat,Longcoat,1053386,01053386,,0,0,1,0,False,False,False,True,missing_string_eqp|missing_handbook|outside_current_equip_pool,gms-server/wz/Character.wz/Longcoat/01053386.img.xml
Longcoat,Longcoat,1053390,01053390,,0,0,1,0,False,False,False,True,missing_string_eqp|missing_handbook|outside_current_equip_pool,gms-server/wz/Character.wz/Longcoat/01053390.img.xml
Longcoat,Longcoat,1053391,01053391,,0,0,1,0,False,False,False,True,missing_string_eqp|missing_handbook|outside_current_equip_pool,gms-server/wz/Character.wz/Longcoat/01053391.img.xml
Longcoat,Longcoat,1053393,01053393,,0,0,1,0,False,False,False,True,missing_string_eqp|missing_handbook|outside_current_equip_pool,gms-server/wz/Character.wz/Longcoat/01053393.img.xml
Longcoat,Longcoat,1053402,01053402,,0,0,0,0,False,False,False,True,missing_string_eqp|missing_handbook|outside_current_equip_pool,gms-server/wz/Character.wz/Longcoat/01053402.img.xml
Longcoat,Longcoat,1053403,01053403,,0,0,1,0,False,False,False,True,missing_string_eqp|missing_handbook|outside_current_equip_pool,gms-server/wz/Character.wz/Longcoat/01053403.img.xml
Longcoat,Longcoat,1053404,01053404,,0,0,1,0,False,False,False,True,missing_string_eqp|missing_handbook|outside_current_equip_pool,gms-server/wz/Character.wz/Longcoat/01053404.img.xml
Longcoat,Longcoat,1053405,01053405,,0,0,1,0,False,False,False,True,missing_string_eqp|missing_handbook|outside_current_equip_pool,gms-server/wz/Character.wz/Longcoat/01053405.img.xml
Longcoat,Longcoat,1053406,01053406,,0,0,1,0,False,False,False,True,missing_string_eqp|missing_handbook|outside_current_equip_pool,gms-server/wz/Character.wz/Longcoat/01053406.img.xml
Longcoat,Longcoat,1053412,01053412,,0,0,1,0,False,False,False,True,missing_string_eqp|missing_handbook|outside_current_equip_pool,gms-server/wz/Character.wz/Longcoat/01053412.img.xml
Longcoat,Longcoat,1053413,01053413,,0,0,1,0,False,False,False,True,missing_string_eqp|missing_handbook|outside_current_equip_pool,gms-server/wz/Character.wz/Longcoat/01053413.img.xml
Longcoat,Longcoat,1053416,01053416,,0,0,1,0,False,False,False,True,missing_string_eqp|missing_handbook|outside_current_equip_pool,gms-server/wz/Character.wz/Longcoat/01053416.img.xml
Longcoat,Longcoat,1053419,01053419,,0,0,0,0,False,False,False,True,missing_string_eqp|missing_handbook|outside_current_equip_pool,gms-server/wz/Character.wz/Longcoat/01053419.img.xml
Longcoat,Longcoat,1053420,01053420,,0,0,1,0,False,False,False,True,missing_string_eqp|missing_handbook|outside_current_equip_pool,gms-server/wz/Character.wz/Longcoat/01053420.img.xml
Longcoat,Longcoat,1053423,01053423,,0,0,1,0,False,False,False,True,missing_string_eqp|missing_handbook|outside_current_equip_pool,gms-server/wz/Character.wz/Longcoat/01053423.img.xml
Longcoat,Longcoat,1053435,01053435,,0,0,1,0,False,False,False,True,missing_string_eqp|missing_handbook|outside_current_equip_pool,gms-server/wz/Character.wz/Longcoat/01053435.img.xml
Longcoat,Longcoat,1053436,01053436,,0,0,1,0,False,False,False,True,missing_string_eqp|missing_handbook|outside_current_equip_pool,gms-server/wz/Character.wz/Longcoat/01053436.img.xml
Longcoat,Longcoat,1053437,01053437,,0,0,1,0,False,False,False,True,missing_string_eqp|missing_handbook|outside_current_equip_pool,gms-server/wz/Character.wz/Longcoat/01053437.img.xml
Longcoat,Longcoat,1053440,01053440,,0,0,1,0,False,False,False,True,missing_string_eqp|missing_handbook|outside_current_equip_pool,gms-server/wz/Character.wz/Longcoat/01053440.img.xml
Longcoat,Longcoat,1053441,01053441,,0,0,1,0,False,False,False,True,missing_string_eqp|missing_handbook|outside_current_equip_pool,gms-server/wz/Character.wz/Longcoat/01053441.img.xml
Longcoat,Longcoat,1053442,01053442,,0,0,1,0,False,False,False,True,missing_string_eqp|missing_handbook|outside_current_equip_pool,gms-server/wz/Character.wz/Longcoat/01053442.img.xml
Longcoat,Longcoat,1053443,01053443,,0,0,1,0,False,False,False,True,missing_string_eqp|missing_handbook|outside_current_equip_pool,gms-server/wz/Character.wz/Longcoat/01053443.img.xml
Longcoat,Longcoat,1053444,01053444,,0,0,1,0,False,False,False,True,missing_string_eqp|missing_handbook|outside_current_equip_pool,gms-server/wz/Character.wz/Longcoat/01053444.img.xml
Longcoat,Longcoat,1053445,01053445,,0,0,1,0,False,False,False,True,missing_string_eqp|missing_handbook|outside_current_equip_pool,gms-server/wz/Character.wz/Longcoat/01053445.img.xml
Longcoat,Longcoat,1053447,01053447,,0,0,1,0,False,False,False,True,missing_string_eqp|missing_handbook|outside_current_equip_pool,gms-server/wz/Character.wz/Longcoat/01053447.img.xml
Longcoat,Longcoat,1053448,01053448,,0,0,0,0,False,False,False,True,missing_string_eqp|missing_handbook|outside_current_equip_pool,gms-server/wz/Character.wz/Longcoat/01053448.img.xml
Longcoat,Longcoat,1053454,01053454,,0,0,1,0,False,False,False,True,missing_string_eqp|missing_handbook|outside_current_equip_pool,gms-server/wz/Character.wz/Longcoat/01053454.img.xml
Longcoat,Longcoat,1053457,01053457,,0,0,1,0,False,False,False,True,missing_string_eqp|missing_handbook|outside_current_equip_pool,gms-server/wz/Character.wz/Longcoat/01053457.img.xml
Longcoat,Longcoat,1053458,01053458,,0,0,1,0,False,False,False,True,missing_string_eqp|missing_handbook|outside_current_equip_pool,gms-server/wz/Character.wz/Longcoat/01053458.img.xml
Longcoat,Longcoat,1053463,01053463,,0,0,1,0,False,False,False,True,missing_string_eqp|missing_handbook|outside_current_equip_pool,gms-server/wz/Character.wz/Longcoat/01053463.img.xml
Longcoat,Longcoat,1053464,01053464,,0,0,1,0,False,False,False,True,missing_string_eqp|missing_handbook|outside_current_equip_pool,gms-server/wz/Character.wz/Longcoat/01053464.img.xml
Longcoat,Longcoat,1053470,01053470,,0,0,1,0,False,False,False,True,missing_string_eqp|missing_handbook|outside_current_equip_pool,gms-server/wz/Character.wz/Longcoat/01053470.img.xml
Longcoat,Longcoat,1053472,01053472,,0,0,1,0,False,False,False,True,missing_string_eqp|missing_handbook|outside_current_equip_pool,gms-server/wz/Character.wz/Longcoat/01053472.img.xml
Longcoat,Longcoat,1053473,01053473,,0,0,1,0,False,False,False,True,missing_string_eqp|missing_handbook|outside_current_equip_pool,gms-server/wz/Character.wz/Longcoat/01053473.img.xml
Longcoat,Longcoat,1053474,01053474,,0,0,1,0,False,False,False,True,missing_string_eqp|missing_handbook|outside_current_equip_pool,gms-server/wz/Character.wz/Longcoat/01053474.img.xml
Longcoat,Longcoat,1053475,01053475,,0,0,1,0,False,False,False,True,missing_string_eqp|missing_handbook|outside_current_equip_pool,gms-server/wz/Character.wz/Longcoat/01053475.img.xml
Longcoat,Longcoat,1053477,01053477,,0,0,1,0,False,False,False,True,missing_string_eqp|missing_handbook|outside_current_equip_pool,gms-server/wz/Character.wz/Longcoat/01053477.img.xml
Longcoat,Longcoat,1053479,01053479,,0,0,1,0,False,False,False,True,missing_string_eqp|missing_handbook|outside_current_equip_pool,gms-server/wz/Character.wz/Longcoat/01053479.img.xml
Longcoat,Longcoat,1053480,01053480,,0,0,1,0,False,False,False,True,missing_string_eqp|missing_handbook|outside_current_equip_pool,gms-server/wz/Character.wz/Longcoat/01053480.img.xml
Longcoat,Longcoat,1053489,01053489,,0,0,1,0,False,False,False,True,missing_string_eqp|missing_handbook|outside_current_equip_pool,gms-server/wz/Character.wz/Longcoat/01053489.img.xml
Longcoat,Longcoat,1053491,01053491,,0,0,1,0,False,False,False,True,missing_string_eqp|missing_handbook|outside_current_equip_pool,gms-server/wz/Character.wz/Longcoat/01053491.img.xml
Longcoat,Longcoat,1053492,01053492,,0,0,1,0,False,False,False,True,missing_string_eqp|missing_handbook|outside_current_equip_pool,gms-server/wz/Character.wz/Longcoat/01053492.img.xml
Longcoat,Longcoat,1053499,01053499,,0,0,1,0,False,False,False,True,missing_string_eqp|missing_handbook|outside_current_equip_pool,gms-server/wz/Character.wz/Longcoat/01053499.img.xml
Longcoat,Longcoat,1053500,01053500,,0,0,1,0,False,False,False,True,missing_string_eqp|missing_handbook|outside_current_equip_pool,gms-server/wz/Character.wz/Longcoat/01053500.img.xml
Longcoat,Longcoat,1053511,01053511,,0,0,1,0,False,False,False,True,missing_string_eqp|missing_handbook|outside_current_equip_pool,gms-server/wz/Character.wz/Longcoat/01053511.img.xml
Longcoat,Longcoat,1053518,01053518,,0,0,1,0,False,False,False,True,missing_string_eqp|missing_handbook|outside_current_equip_pool,gms-server/wz/Character.wz/Longcoat/01053518.img.xml
Longcoat,Longcoat,1053519,01053519,,0,0,1,0,False,False,False,True,missing_string_eqp|missing_handbook|outside_current_equip_pool,gms-server/wz/Character.wz/Longcoat/01053519.img.xml
Longcoat,Longcoat,1053530,01053530,,0,0,1,0,False,False,False,True,missing_string_eqp|missing_handbook|outside_current_equip_pool,gms-server/wz/Character.wz/Longcoat/01053530.img.xml
Longcoat,Longcoat,1053538,01053538,,0,0,1,0,False,False,False,True,missing_string_eqp|missing_handbook|outside_current_equip_pool,gms-server/wz/Character.wz/Longcoat/01053538.img.xml
Longcoat,Longcoat,1053539,01053539,,0,0,1,0,False,False,False,True,missing_string_eqp|missing_handbook|outside_current_equip_pool,gms-server/wz/Character.wz/Longcoat/01053539.img.xml
Longcoat,Longcoat,1053543,01053543,,0,0,1,0,False,False,False,True,missing_string_eqp|missing_handbook|outside_current_equip_pool,gms-server/wz/Character.wz/Longcoat/01053543.img.xml
Longcoat,Longcoat,1053545,01053545,,0,0,1,0,False,False,False,True,missing_string_eqp|missing_handbook|outside_current_equip_pool,gms-server/wz/Character.wz/Longcoat/01053545.img.xml
Longcoat,Longcoat,1053563,01053563,,0,0,1,0,False,False,False,True,missing_string_eqp|missing_handbook|outside_current_equip_pool,gms-server/wz/Character.wz/Longcoat/01053563.img.xml
Longcoat,Longcoat,1053572,01053572,,0,0,1,0,False,False,False,True,missing_string_eqp|missing_handbook|outside_current_equip_pool,gms-server/wz/Character.wz/Longcoat/01053572.img.xml
Longcoat,Longcoat,1053574,01053574,,0,0,1,0,False,False,False,True,missing_string_eqp|missing_handbook|outside_current_equip_pool,gms-server/wz/Character.wz/Longcoat/01053574.img.xml
Longcoat,Longcoat,1053575,01053575,,0,0,1,0,False,False,False,True,missing_string_eqp|missing_handbook|outside_current_equip_pool,gms-server/wz/Character.wz/Longcoat/01053575.img.xml
Longcoat,Longcoat,1053576,01053576,,0,0,1,0,False,False,False,True,missing_string_eqp|missing_handbook|outside_current_equip_pool,gms-server/wz/Character.wz/Longcoat/01053576.img.xml
Longcoat,Longcoat,1053577,01053577,,0,0,1,0,False,False,False,True,missing_string_eqp|missing_handbook|outside_current_equip_pool,gms-server/wz/Character.wz/Longcoat/01053577.img.xml
Longcoat,Longcoat,1053593,01053593,,0,0,1,0,False,False,False,True,missing_string_eqp|missing_handbook|outside_current_equip_pool,gms-server/wz/Character.wz/Longcoat/01053593.img.xml
Longcoat,Longcoat,1053597,01053597,,0,0,1,0,False,False,False,True,missing_string_eqp|missing_handbook|outside_current_equip_pool,gms-server/wz/Character.wz/Longcoat/01053597.img.xml
Longcoat,Longcoat,1053598,01053598,,0,0,1,0,False,False,False,True,missing_string_eqp|missing_handbook|outside_current_equip_pool,gms-server/wz/Character.wz/Longcoat/01053598.img.xml
Longcoat,Longcoat,1053605,01053605,,0,0,1,0,False,False,False,True,missing_string_eqp|missing_handbook|outside_current_equip_pool,gms-server/wz/Character.wz/Longcoat/01053605.img.xml
Longcoat,Longcoat,1053610,01053610,,0,0,1,0,False,False,False,True,missing_string_eqp|missing_handbook|outside_current_equip_pool,gms-server/wz/Character.wz/Longcoat/01053610.img.xml
Longcoat,Longcoat,1053611,01053611,,0,0,1,0,False,False,False,True,missing_string_eqp|missing_handbook|outside_current_equip_pool,gms-server/wz/Character.wz/Longcoat/01053611.img.xml
Longcoat,Longcoat,1053612,01053612,,0,0,1,0,False,False,False,True,missing_string_eqp|missing_handbook|outside_current_equip_pool,gms-server/wz/Character.wz/Longcoat/01053612.img.xml
Longcoat,Longcoat,1053613,01053613,,0,0,1,0,False,False,False,True,missing_string_eqp|missing_handbook|outside_current_equip_pool,gms-server/wz/Character.wz/Longcoat/01053613.img.xml
Longcoat,Longcoat,1053614,01053614,,0,0,1,0,False,False,False,True,missing_string_eqp|missing_handbook|outside_current_equip_pool,gms-server/wz/Character.wz/Longcoat/01053614.img.xml
Longcoat,Longcoat,1053622,01053622,,0,0,1,0,False,False,False,True,missing_string_eqp|missing_handbook|outside_current_equip_pool,gms-server/wz/Character.wz/Longcoat/01053622.img.xml
Longcoat,Longcoat,1053625,01053625,,0,0,1,0,False,False,False,True,missing_string_eqp|missing_handbook|outside_current_equip_pool,gms-server/wz/Character.wz/Longcoat/01053625.img.xml
Longcoat,Longcoat,1053626,01053626,,0,0,1,0,False,False,False,True,missing_string_eqp|missing_handbook|outside_current_equip_pool,gms-server/wz/Character.wz/Longcoat/01053626.img.xml
Longcoat,Longcoat,1053629,01053629,,0,0,1,0,False,False,False,True,missing_string_eqp|missing_handbook|outside_current_equip_pool,gms-server/wz/Character.wz/Longcoat/01053629.img.xml
Longcoat,Longcoat,1053631,01053631,,0,0,1,0,False,False,False,True,missing_string_eqp|missing_handbook|outside_current_equip_pool,gms-server/wz/Character.wz/Longcoat/01053631.img.xml
Longcoat,Longcoat,1053632,01053632,,0,0,1,0,False,False,False,True,missing_string_eqp|missing_handbook|outside_current_equip_pool,gms-server/wz/Character.wz/Longcoat/01053632.img.xml
Longcoat,Longcoat,1053633,01053633,,0,0,1,0,False,False,False,True,missing_string_eqp|missing_handbook|outside_current_equip_pool,gms-server/wz/Character.wz/Longcoat/01053633.img.xml
Longcoat,Longcoat,1053634,01053634,,0,0,1,0,False,False,False,True,missing_string_eqp|missing_handbook|outside_current_equip_pool,gms-server/wz/Character.wz/Longcoat/01053634.img.xml
Longcoat,Longcoat,1053640,01053640,,0,0,1,0,False,False,False,True,missing_string_eqp|missing_handbook|outside_current_equip_pool,gms-server/wz/Character.wz/Longcoat/01053640.img.xml
Longcoat,Longcoat,1053642,01053642,,0,0,1,0,False,False,False,True,missing_string_eqp|missing_handbook|outside_current_equip_pool,gms-server/wz/Character.wz/Longcoat/01053642.img.xml
Longcoat,Longcoat,1053643,01053643,,0,0,1,0,False,False,False,True,missing_string_eqp|missing_handbook|outside_current_equip_pool,gms-server/wz/Character.wz/Longcoat/01053643.img.xml
Longcoat,Longcoat,1053650,01053650,,0,0,1,0,False,False,False,True,missing_string_eqp|missing_handbook|outside_current_equip_pool,gms-server/wz/Character.wz/Longcoat/01053650.img.xml
Longcoat,Longcoat,1053651,01053651,,0,0,1,0,False,False,False,True,missing_string_eqp|missing_handbook|outside_current_equip_pool,gms-server/wz/Character.wz/Longcoat/01053651.img.xml
Longcoat,Longcoat,1053654,01053654,,0,0,1,0,False,False,False,True,missing_string_eqp|missing_handbook|outside_current_equip_pool,gms-server/wz/Character.wz/Longcoat/01053654.img.xml
Longcoat,Longcoat,1053656,01053656,,0,0,1,0,False,False,False,True,missing_string_eqp|missing_handbook|outside_current_equip_pool,gms-server/wz/Character.wz/Longcoat/01053656.img.xml
Longcoat,Longcoat,1053657,01053657,,0,0,1,0,False,False,False,True,missing_string_eqp|missing_handbook|outside_current_equip_pool,gms-server/wz/Character.wz/Longcoat/01053657.img.xml
Longcoat,Longcoat,1053658,01053658,,0,0,1,0,False,False,False,True,missing_string_eqp|missing_handbook|outside_current_equip_pool,gms-server/wz/Character.wz/Longcoat/01053658.img.xml
Longcoat,Longcoat,1053659,01053659,,0,0,1,0,False,False,False,True,missing_string_eqp|missing_handbook|outside_current_equip_pool,gms-server/wz/Character.wz/Longcoat/01053659.img.xml
Longcoat,Longcoat,1053660,01053660,,0,0,1,0,False,False,False,True,missing_string_eqp|missing_handbook|outside_current_equip_pool,gms-server/wz/Character.wz/Longcoat/01053660.img.xml
Longcoat,Longcoat,1053661,01053661,,0,0,1,0,False,False,False,True,missing_string_eqp|missing_handbook|outside_current_equip_pool,gms-server/wz/Character.wz/Longcoat/01053661.img.xml
Longcoat,Longcoat,1053665,01053665,,0,0,1,0,False,False,False,True,missing_string_eqp|missing_handbook|outside_current_equip_pool,gms-server/wz/Character.wz/Longcoat/01053665.img.xml
Longcoat,Longcoat,1053676,01053676,,0,0,1,0,False,False,False,True,missing_string_eqp|missing_handbook|outside_current_equip_pool,gms-server/wz/Character.wz/Longcoat/01053676.img.xml
Longcoat,Longcoat,1053677,01053677,,0,0,1,0,False,False,False,True,missing_string_eqp|missing_handbook|outside_current_equip_pool,gms-server/wz/Character.wz/Longcoat/01053677.img.xml
Longcoat,Longcoat,1053709,01053709,,0,0,1,0,False,False,False,True,missing_string_eqp|missing_handbook|outside_current_equip_pool,gms-server/wz/Character.wz/Longcoat/01053709.img.xml
Longcoat,Longcoat,1053714,01053714,,0,0,1,0,False,False,False,True,missing_string_eqp|missing_handbook|outside_current_equip_pool,gms-server/wz/Character.wz/Longcoat/01053714.img.xml
Longcoat,Longcoat,1053715,01053715,,0,0,1,0,False,False,False,True,missing_string_eqp|missing_handbook|outside_current_equip_pool,gms-server/wz/Character.wz/Longcoat/01053715.img.xml
Longcoat,Longcoat,1053718,01053718,,0,0,1,0,False,False,False,True,missing_string_eqp|missing_handbook|outside_current_equip_pool,gms-server/wz/Character.wz/Longcoat/01053718.img.xml
Longcoat,Longcoat,1053719,01053719,,0,0,1,0,False,False,False,True,missing_string_eqp|missing_handbook|outside_current_equip_pool,gms-server/wz/Character.wz/Longcoat/01053719.img.xml
Longcoat,Longcoat,1053722,01053722,,0,0,1,0,False,False,False,True,missing_string_eqp|missing_handbook|outside_current_equip_pool,gms-server/wz/Character.wz/Longcoat/01053722.img.xml
Longcoat,Longcoat,1053723,01053723,,0,0,1,0,False,False,False,True,missing_string_eqp|missing_handbook|outside_current_equip_pool,gms-server/wz/Character.wz/Longcoat/01053723.img.xml
Longcoat,Longcoat,1053746,01053746,,0,0,1,0,False,False,False,True,missing_string_eqp|missing_handbook|outside_current_equip_pool,gms-server/wz/Character.wz/Longcoat/01053746.img.xml
Longcoat,Longcoat,1053747,01053747,,0,0,1,0,False,False,False,True,missing_string_eqp|missing_handbook|outside_current_equip_pool,gms-server/wz/Character.wz/Longcoat/01053747.img.xml
Longcoat,Longcoat,1053750,01053750,,0,0,1,0,False,False,False,True,missing_string_eqp|missing_handbook|outside_current_equip_pool,gms-server/wz/Character.wz/Longcoat/01053750.img.xml
Longcoat,Longcoat,1053757,01053757,,0,0,1,0,False,False,False,True,missing_string_eqp|missing_handbook|outside_current_equip_pool,gms-server/wz/Character.wz/Longcoat/01053757.img.xml
Longcoat,Longcoat,1053758,01053758,,0,0,1,0,False,False,False,True,missing_string_eqp|missing_handbook|outside_current_equip_pool,gms-server/wz/Character.wz/Longcoat/01053758.img.xml
Longcoat,Longcoat,1053764,01053764,,0,0,1,0,False,False,False,True,missing_string_eqp|missing_handbook|outside_current_equip_pool,gms-server/wz/Character.wz/Longcoat/01053764.img.xml
Longcoat,Longcoat,1053765,01053765,,0,0,1,0,False,False,False,True,missing_string_eqp|missing_handbook|outside_current_equip_pool,gms-server/wz/Character.wz/Longcoat/01053765.img.xml
Longcoat,Longcoat,1053794,01053794,,0,0,1,0,False,False,False,True,missing_string_eqp|missing_handbook|outside_current_equip_pool,gms-server/wz/Character.wz/Longcoat/01053794.img.xml
Longcoat,Longcoat,1053795,01053795,,0,0,1,0,False,False,False,True,missing_string_eqp|missing_handbook|outside_current_equip_pool,gms-server/wz/Character.wz/Longcoat/01053795.img.xml
Longcoat,Longcoat,1053815,01053815,,0,0,1,0,False,False,False,True,missing_string_eqp|missing_handbook|outside_current_equip_pool,gms-server/wz/Character.wz/Longcoat/01053815.img.xml
Longcoat,Longcoat,1053820,01053820,,0,0,1,0,False,False,False,True,missing_string_eqp|missing_handbook|outside_current_equip_pool,gms-server/wz/Character.wz/Longcoat/01053820.img.xml
Longcoat,Longcoat,1053821,01053821,,0,0,1,0,False,False,False,True,missing_string_eqp|missing_handbook|outside_current_equip_pool,gms-server/wz/Character.wz/Longcoat/01053821.img.xml
Longcoat,Longcoat,1053822,01053822,,0,0,1,0,False,False,False,True,missing_string_eqp|missing_handbook|outside_current_equip_pool,gms-server/wz/Character.wz/Longcoat/01053822.img.xml
Longcoat,Longcoat,1053824,01053824,,0,0,1,0,False,False,False,True,missing_string_eqp|missing_handbook|outside_current_equip_pool,gms-server/wz/Character.wz/Longcoat/01053824.img.xml
Longcoat,Longcoat,1053825,01053825,,0,0,1,0,False,False,False,True,missing_string_eqp|missing_handbook|outside_current_equip_pool,gms-server/wz/Character.wz/Longcoat/01053825.img.xml
Longcoat,Longcoat,1053826,01053826,,0,0,1,0,False,False,False,True,missing_string_eqp|missing_handbook|outside_current_equip_pool,gms-server/wz/Character.wz/Longcoat/01053826.img.xml
Longcoat,Longcoat,1053827,01053827,,0,0,1,0,False,False,False,True,missing_string_eqp|missing_handbook|outside_current_equip_pool,gms-server/wz/Character.wz/Longcoat/01053827.img.xml
Longcoat,Longcoat,1053828,01053828,,0,0,1,0,False,False,False,True,missing_string_eqp|missing_handbook|outside_current_equip_pool,gms-server/wz/Character.wz/Longcoat/01053828.img.xml
Longcoat,Longcoat,1053836,01053836,,0,0,1,0,False,False,False,True,missing_string_eqp|missing_handbook|outside_current_equip_pool,gms-server/wz/Character.wz/Longcoat/01053836.img.xml
Longcoat,Longcoat,1053837,01053837,,0,0,1,0,False,False,False,True,missing_string_eqp|missing_handbook|outside_current_equip_pool,gms-server/wz/Character.wz/Longcoat/01053837.img.xml
Longcoat,Longcoat,1053838,01053838,,0,0,1,0,False,False,False,True,missing_string_eqp|missing_handbook|outside_current_equip_pool,gms-server/wz/Character.wz/Longcoat/01053838.img.xml
Longcoat,Longcoat,1053839,01053839,,0,0,1,0,False,False,False,True,missing_string_eqp|missing_handbook|outside_current_equip_pool,gms-server/wz/Character.wz/Longcoat/01053839.img.xml
Longcoat,Longcoat,1053841,01053841,,0,0,1,0,False,False,False,True,missing_string_eqp|missing_handbook|outside_current_equip_pool,gms-server/wz/Character.wz/Longcoat/01053841.img.xml
Longcoat,Longcoat,1053842,01053842,,0,0,1,0,False,False,False,True,missing_string_eqp|missing_handbook|outside_current_equip_pool,gms-server/wz/Character.wz/Longcoat/01053842.img.xml
Longcoat,Longcoat,1053851,01053851,,0,0,1,0,False,False,False,True,missing_string_eqp|missing_handbook|outside_current_equip_pool,gms-server/wz/Character.wz/Longcoat/01053851.img.xml
Longcoat,Longcoat,1053852,01053852,,0,0,1,0,False,False,False,True,missing_string_eqp|missing_handbook|outside_current_equip_pool,gms-server/wz/Character.wz/Longcoat/01053852.img.xml
Longcoat,Longcoat,1053855,01053855,,0,0,1,0,False,False,False,True,missing_string_eqp|missing_handbook|outside_current_equip_pool,gms-server/wz/Character.wz/Longcoat/01053855.img.xml
Longcoat,Longcoat,1053856,01053856,,0,0,1,0,False,False,False,True,missing_string_eqp|missing_handbook|outside_current_equip_pool,gms-server/wz/Character.wz/Longcoat/01053856.img.xml
Longcoat,Longcoat,1053857,01053857,,0,0,1,0,False,False,False,True,missing_string_eqp|missing_handbook|outside_current_equip_pool,gms-server/wz/Character.wz/Longcoat/01053857.img.xml
Longcoat,Longcoat,1053858,01053858,,0,0,1,0,False,False,False,True,missing_string_eqp|missing_handbook|outside_current_equip_pool,gms-server/wz/Character.wz/Longcoat/01053858.img.xml
Longcoat,Longcoat,1053859,01053859,,0,0,1,0,False,False,False,True,missing_string_eqp|missing_handbook|outside_current_equip_pool,gms-server/wz/Character.wz/Longcoat/01053859.img.xml
Longcoat,Longcoat,1053860,01053860,,0,0,1,0,False,False,False,True,missing_string_eqp|missing_handbook|outside_current_equip_pool,gms-server/wz/Character.wz/Longcoat/01053860.img.xml
Longcoat,Longcoat,1053865,01053865,,0,0,1,0,False,False,False,True,missing_string_eqp|missing_handbook|outside_current_equip_pool,gms-server/wz/Character.wz/Longcoat/01053865.img.xml
Longcoat,Longcoat,1053866,01053866,,0,0,1,0,False,False,False,True,missing_string_eqp|missing_handbook|outside_current_equip_pool,gms-server/wz/Character.wz/Longcoat/01053866.img.xml
Longcoat,Longcoat,1053886,01053886,,0,0,1,0,False,False,False,True,missing_string_eqp|missing_handbook|outside_current_equip_pool,gms-server/wz/Character.wz/Longcoat/01053886.img.xml
Longcoat,Longcoat,1053915,01053915,,0,0,1,0,False,False,False,True,missing_string_eqp|missing_handbook|outside_current_equip_pool,gms-server/wz/Character.wz/Longcoat/01053915.img.xml
Longcoat,Longcoat,1053916,01053916,,0,0,1,0,False,False,False,True,missing_string_eqp|missing_handbook|outside_current_equip_pool,gms-server/wz/Character.wz/Longcoat/01053916.img.xml
Longcoat,Longcoat,1053917,01053917,,0,0,1,0,False,False,False,True,missing_string_eqp|missing_handbook|outside_current_equip_pool,gms-server/wz/Character.wz/Longcoat/01053917.img.xml
Longcoat,Longcoat,1053918,01053918,,0,0,1,0,False,False,False,True,missing_string_eqp|missing_handbook|outside_current_equip_pool,gms-server/wz/Character.wz/Longcoat/01053918.img.xml
Longcoat,Longcoat,1053919,01053919,,0,0,1,0,False,False,False,True,missing_string_eqp|missing_handbook|outside_current_equip_pool,gms-server/wz/Character.wz/Longcoat/01053919.img.xml
Longcoat,Longcoat,1053920,01053920,,0,0,1,0,False,False,False,True,missing_string_eqp|missing_handbook|outside_current_equip_pool,gms-server/wz/Character.wz/Longcoat/01053920.img.xml
Longcoat,Longcoat,1053921,01053921,,0,0,1,0,False,False,False,True,missing_string_eqp|missing_handbook|outside_current_equip_pool,gms-server/wz/Character.wz/Longcoat/01053921.img.xml
Longcoat,Longcoat,1053922,01053922,,0,0,1,0,False,False,False,True,missing_string_eqp|missing_handbook|outside_current_equip_pool,gms-server/wz/Character.wz/Longcoat/01053922.img.xml
Longcoat,Longcoat,1053940,01053940,,0,0,1,0,False,False,False,True,missing_string_eqp|missing_handbook|outside_current_equip_pool,gms-server/wz/Character.wz/Longcoat/01053940.img.xml
Longcoat,Longcoat,1053941,01053941,,0,0,1,0,False,False,False,True,missing_string_eqp|missing_handbook|outside_current_equip_pool,gms-server/wz/Character.wz/Longcoat/01053941.img.xml
Longcoat,Longcoat,1053948,01053948,,0,0,1,0,False,False,False,True,missing_string_eqp|missing_handbook|outside_current_equip_pool,gms-server/wz/Character.wz/Longcoat/01053948.img.xml
Longcoat,Longcoat,1053949,01053949,,0,0,1,0,False,False,False,True,missing_string_eqp|missing_handbook|outside_current_equip_pool,gms-server/wz/Character.wz/Longcoat/01053949.img.xml
Longcoat,Longcoat,1053959,01053959,,0,0,1,0,False,False,False,True,missing_string_eqp|missing_handbook|outside_current_equip_pool,gms-server/wz/Character.wz/Longcoat/01053959.img.xml
Longcoat,Longcoat,1053962,01053962,,0,0,1,0,False,False,False,True,missing_string_eqp|missing_handbook|outside_current_equip_pool,gms-server/wz/Character.wz/Longcoat/01053962.img.xml
Longcoat,Longcoat,1053963,01053963,,0,0,1,0,False,False,False,True,missing_string_eqp|missing_handbook|outside_current_equip_pool,gms-server/wz/Character.wz/Longcoat/01053963.img.xml
Longcoat,Longcoat,1053964,01053964,,0,0,1,0,False,False,False,True,missing_string_eqp|missing_handbook|outside_current_equip_pool,gms-server/wz/Character.wz/Longcoat/01053964.img.xml
Longcoat,Longcoat,1053969,01053969,,0,0,1,0,False,False,False,True,missing_string_eqp|missing_handbook|outside_current_equip_pool,gms-server/wz/Character.wz/Longcoat/01053969.img.xml
Longcoat,Longcoat,1053970,01053970,,0,0,1,0,False,False,False,True,missing_string_eqp|missing_handbook|outside_current_equip_pool,gms-server/wz/Character.wz/Longcoat/01053970.img.xml
Longcoat,Longcoat,1053971,01053971,,0,0,1,0,False,False,False,True,missing_string_eqp|missing_handbook|outside_current_equip_pool,gms-server/wz/Character.wz/Longcoat/01053971.img.xml
Longcoat,Longcoat,1053972,01053972,,0,0,1,0,False,False,False,True,missing_string_eqp|missing_handbook|outside_current_equip_pool,gms-server/wz/Character.wz/Longcoat/01053972.img.xml
Pants,Pants,1060124,01060124,,0,0,1,0,False,False,True,True,missing_string_eqp|missing_handbook,gms-server/wz/Character.wz/Pants/01060124.img.xml
Pants,Pants,1060137,01060137,,1,150,0,0,False,False,True,True,missing_string_eqp|missing_handbook,gms-server/wz/Character.wz/Pants/01060137.img.xml
Pants,Pants,1060139,01060139,,4,150,0,0,False,False,True,True,missing_string_eqp|missing_handbook,gms-server/wz/Character.wz/Pants/01060139.img.xml
Pants,Pants,1060140,01060140,,8,150,0,0,False,False,True,True,missing_string_eqp|missing_handbook,gms-server/wz/Character.wz/Pants/01060140.img.xml
Pants,Pants,1060141,01060141,,16,150,0,0,False,False,True,True,missing_string_eqp|missing_handbook,gms-server/wz/Character.wz/Pants/01060141.img.xml
Pants,Pants,1061146,01061146,,0,0,1,0,False,False,True,True,missing_string_eqp|missing_handbook,gms-server/wz/Character.wz/Pants/01061146.img.xml
Pants,Pants,1062170,01062170,,0,0,1,0,False,False,False,True,missing_string_eqp|missing_handbook|outside_current_equip_pool,gms-server/wz/Character.wz/Pants/01062170.img.xml
Pants,Pants,1062258,01062258,,1,150,0,0,False,False,False,True,missing_string_eqp|missing_handbook|outside_current_equip_pool,gms-server/wz/Character.wz/Pants/01062258.img.xml
Pants,Pants,1062259,01062259,,2,150,0,0,False,False,False,True,missing_string_eqp|missing_handbook|outside_current_equip_pool,gms-server/wz/Character.wz/Pants/01062259.img.xml
Pants,Pants,1062260,01062260,,4,150,0,0,False,False,False,True,missing_string_eqp|missing_handbook|outside_current_equip_pool,gms-server/wz/Character.wz/Pants/01062260.img.xml
Pants,Pants,1062261,01062261,,8,150,0,0,False,False,False,True,missing_string_eqp|missing_handbook|outside_current_equip_pool,gms-server/wz/Character.wz/Pants/01062261.img.xml
Pants,Pants,1062262,01062262,,16,150,0,0,False,False,False,True,missing_string_eqp|missing_handbook|outside_current_equip_pool,gms-server/wz/Character.wz/Pants/01062262.img.xml
Pants,Pants,1062263,01062263,,0,0,0,0,False,False,False,True,missing_string_eqp|missing_handbook|outside_current_equip_pool,gms-server/wz/Character.wz/Pants/01062263.img.xml
Shoes,Shoes,1070012,01070012,,0,0,1,0,False,False,True,True,missing_string_eqp|missing_handbook,gms-server/wz/Character.wz/Shoes/01070012.img.xml
Shoes,Shoes,1070013,01070013,,0,0,1,0,False,False,True,True,missing_string_eqp|missing_handbook,gms-server/wz/Character.wz/Shoes/01070013.img.xml
Shoes,Shoes,1070103,01070103,,0,0,1,0,False,False,True,True,missing_string_eqp|missing_handbook,gms-server/wz/Character.wz/Shoes/01070103.img.xml
Shoes,Shoes,1070105,01070105,,0,0,1,0,False,False,True,True,missing_string_eqp|missing_handbook,gms-server/wz/Character.wz/Shoes/01070105.img.xml
Shoes,Shoes,1070106,01070106,,0,0,1,0,False,False,True,True,missing_string_eqp|missing_handbook,gms-server/wz/Character.wz/Shoes/01070106.img.xml
Shoes,Shoes,1070107,01070107,,0,0,1,0,False,False,True,True,missing_string_eqp|missing_handbook,gms-server/wz/Character.wz/Shoes/01070107.img.xml
Shoes,Shoes,1070108,01070108,,0,0,1,0,False,False,True,True,missing_string_eqp|missing_handbook,gms-server/wz/Character.wz/Shoes/01070108.img.xml
Shoes,Shoes,1070109,01070109,,0,0,1,0,False,False,True,True,missing_string_eqp|missing_handbook,gms-server/wz/Character.wz/Shoes/01070109.img.xml
Shoes,Shoes,1070110,01070110,,0,0,1,0,False,False,True,True,missing_string_eqp|missing_handbook,gms-server/wz/Character.wz/Shoes/01070110.img.xml
Shoes,Shoes,1070111,01070111,,0,0,1,0,False,False,True,True,missing_string_eqp|missing_handbook,gms-server/wz/Character.wz/Shoes/01070111.img.xml
Shoes,Shoes,1070112,01070112,,0,0,1,0,False,False,True,True,missing_string_eqp|missing_handbook,gms-server/wz/Character.wz/Shoes/01070112.img.xml
Shoes,Shoes,1070113,01070113,,0,0,1,0,False,False,True,True,missing_string_eqp|missing_handbook,gms-server/wz/Character.wz/Shoes/01070113.img.xml
Shoes,Shoes,1070114,01070114,,0,0,1,0,False,False,True,True,missing_string_eqp|missing_handbook,gms-server/wz/Character.wz/Shoes/01070114.img.xml
Shoes,Shoes,1070115,01070115,,0,0,1,0,False,False,True,True,missing_string_eqp|missing_handbook,gms-server/wz/Character.wz/Shoes/01070115.img.xml
Shoes,Shoes,1071023,01071023,,0,0,1,0,False,False,True,True,missing_string_eqp|missing_handbook,gms-server/wz/Character.wz/Shoes/01071023.img.xml
Shoes,Shoes,1071029,01071029,,4,120,0,0,False,False,True,True,missing_string_eqp|missing_handbook,gms-server/wz/Character.wz/Shoes/01071029.img.xml
Shoes,Shoes,1071075,01071075,,0,0,0,0,False,False,True,True,missing_string_eqp|missing_handbook,gms-server/wz/Character.wz/Shoes/01071075.img.xml
Shoes,Shoes,1071120,01071120,,0,0,1,0,False,False,True,True,missing_string_eqp|missing_handbook,gms-server/wz/Character.wz/Shoes/01071120.img.xml
Shoes,Shoes,1071121,01071121,,0,0,1,0,False,False,True,True,missing_string_eqp|missing_handbook,gms-server/wz/Character.wz/Shoes/01071121.img.xml
Shoes,Shoes,1071122,01071122,,0,0,1,0,False,False,True,True,missing_string_eqp|missing_handbook,gms-server/wz/Character.wz/Shoes/01071122.img.xml
Shoes,Shoes,1071123,01071123,,0,0,1,0,False,False,True,True,missing_string_eqp|missing_handbook,gms-server/wz/Character.wz/Shoes/01071123.img.xml
Shoes,Shoes,1071124,01071124,,0,0,1,0,False,False,True,True,missing_string_eqp|missing_handbook,gms-server/wz/Character.wz/Shoes/01071124.img.xml
Shoes,Shoes,1071125,01071125,,0,0,1,0,False,False,True,True,missing_string_eqp|missing_handbook,gms-server/wz/Character.wz/Shoes/01071125.img.xml
Shoes,Shoes,1071126,01071126,,0,0,1,0,False,False,True,True,missing_string_eqp|missing_handbook,gms-server/wz/Character.wz/Shoes/01071126.img.xml
Shoes,Shoes,1071127,01071127,,0,0,1,0,False,False,True,True,missing_string_eqp|missing_handbook,gms-server/wz/Character.wz/Shoes/01071127.img.xml
Shoes,Shoes,1071128,01071128,,0,0,1,0,False,False,True,True,missing_string_eqp|missing_handbook,gms-server/wz/Character.wz/Shoes/01071128.img.xml
Shoes,Shoes,1071129,01071129,,0,0,1,0,False,False,True,True,missing_string_eqp|missing_handbook,gms-server/wz/Character.wz/Shoes/01071129.img.xml
Shoes,Shoes,1071130,01071130,,0,0,1,0,False,False,True,True,missing_string_eqp|missing_handbook,gms-server/wz/Character.wz/Shoes/01071130.img.xml
Shoes,Shoes,1071131,01071131,,0,0,1,0,False,False,True,True,missing_string_eqp|missing_handbook,gms-server/wz/Character.wz/Shoes/01071131.img.xml
Shoes,Shoes,1072465,01072465,,0,0,1,0,False,False,False,True,missing_string_eqp|missing_handbook|outside_current_equip_pool,gms-server/wz/Character.wz/Shoes/01072465.img.xml
Shoes,Shoes,1072520,01072520,,0,0,1,0,False,False,False,True,missing_string_eqp|missing_handbook|outside_current_equip_pool,gms-server/wz/Character.wz/Shoes/01072520.img.xml
Shoes,Shoes,1072559,01072559,,0,0,1,0,False,False,False,True,missing_string_eqp|missing_handbook|outside_current_equip_pool,gms-server/wz/Character.wz/Shoes/01072559.img.xml
Shoes,Shoes,1072631,01072631,,0,0,1,0,False,False,False,True,missing_string_eqp|missing_handbook|outside_current_equip_pool,gms-server/wz/Character.wz/Shoes/01072631.img.xml
Shoes,Shoes,1072673,01072673,,0,0,0,0,False,False,False,True,missing_string_eqp|missing_handbook|outside_current_equip_pool,gms-server/wz/Character.wz/Shoes/01072673.img.xml
Shoes,Shoes,1072755,01072755,,0,0,0,0,False,False,False,True,missing_string_eqp|missing_handbook|outside_current_equip_pool,gms-server/wz/Character.wz/Shoes/01072755.img.xml
Shoes,Shoes,1072772,01072772,,0,0,1,0,False,False,False,True,missing_string_eqp|missing_handbook|outside_current_equip_pool,gms-server/wz/Character.wz/Shoes/01072772.img.xml
Shoes,Shoes,1072812,01072812,,0,0,1,0,False,False,False,True,missing_string_eqp|missing_handbook|outside_current_equip_pool,gms-server/wz/Character.wz/Shoes/01072812.img.xml
Shoes,Shoes,1072813,01072813,,0,0,1,0,False,False,False,True,missing_string_eqp|missing_handbook|outside_current_equip_pool,gms-server/wz/Character.wz/Shoes/01072813.img.xml
Shoes,Shoes,1072829,01072829,,0,0,0,0,False,False,False,True,missing_string_eqp|missing_handbook|outside_current_equip_pool,gms-server/wz/Character.wz/Shoes/01072829.img.xml
Shoes,Shoes,1072854,01072854,,0,0,1,0,False,False,False,True,missing_string_eqp|missing_handbook|outside_current_equip_pool,gms-server/wz/Character.wz/Shoes/01072854.img.xml
Shoes,Shoes,1072855,01072855,,0,0,1,0,False,False,False,True,missing_string_eqp|missing_handbook|outside_current_equip_pool,gms-server/wz/Character.wz/Shoes/01072855.img.xml
Shoes,Shoes,1072873,01072873,,0,0,1,0,False,False,False,True,missing_string_eqp|missing_handbook|outside_current_equip_pool,gms-server/wz/Character.wz/Shoes/01072873.img.xml
Shoes,Shoes,1072875,01072875,,0,0,1,0,False,False,False,True,missing_string_eqp|missing_handbook|outside_current_equip_pool,gms-server/wz/Character.wz/Shoes/01072875.img.xml
Shoes,Shoes,1072879,01072879,,0,0,1,0,False,False,False,True,missing_string_eqp|missing_handbook|outside_current_equip_pool,gms-server/wz/Character.wz/Shoes/01072879.img.xml
Shoes,Shoes,1072880,01072880,,0,0,1,0,False,False,False,True,missing_string_eqp|missing_handbook|outside_current_equip_pool,gms-server/wz/Character.wz/Shoes/01072880.img.xml
Shoes,Shoes,1072881,01072881,,0,0,1,0,False,False,False,True,missing_string_eqp|missing_handbook|outside_current_equip_pool,gms-server/wz/Character.wz/Shoes/01072881.img.xml
Shoes,Shoes,1072883,01072883,,0,0,1,0,False,False,False,True,missing_string_eqp|missing_handbook|outside_current_equip_pool,gms-server/wz/Character.wz/Shoes/01072883.img.xml
Shoes,Shoes,1072884,01072884,,0,0,1,0,False,False,False,True,missing_string_eqp|missing_handbook|outside_current_equip_pool,gms-server/wz/Character.wz/Shoes/01072884.img.xml
Shoes,Shoes,1073038,01073038,,0,0,1,0,False,False,False,True,missing_string_eqp|missing_handbook|outside_current_equip_pool,gms-server/wz/Character.wz/Shoes/01073038.img.xml
Shoes,Shoes,1073097,01073097,,0,0,1,0,False,False,False,True,missing_string_eqp|missing_handbook|outside_current_equip_pool,gms-server/wz/Character.wz/Shoes/01073097.img.xml
Shoes,Shoes,1073099,01073099,,0,0,0,0,False,False,False,True,missing_string_eqp|missing_handbook|outside_current_equip_pool,gms-server/wz/Character.wz/Shoes/01073099.img.xml
Shoes,Shoes,1073100,01073100,,0,0,0,0,False,False,False,True,missing_string_eqp|missing_handbook|outside_current_equip_pool,gms-server/wz/Character.wz/Shoes/01073100.img.xml
Shoes,Shoes,1073101,01073101,,0,0,0,0,False,False,False,True,missing_string_eqp|missing_handbook|outside_current_equip_pool,gms-server/wz/Character.wz/Shoes/01073101.img.xml
Shoes,Shoes,1073102,01073102,,0,0,0,0,False,False,False,True,missing_string_eqp|missing_handbook|outside_current_equip_pool,gms-server/wz/Character.wz/Shoes/01073102.img.xml
Shoes,Shoes,1073103,01073103,,0,0,0,0,False,False,False,True,missing_string_eqp|missing_handbook|outside_current_equip_pool,gms-server/wz/Character.wz/Shoes/01073103.img.xml
Shoes,Shoes,1073104,01073104,,0,0,0,0,False,False,False,True,missing_string_eqp|missing_handbook|outside_current_equip_pool,gms-server/wz/Character.wz/Shoes/01073104.img.xml
Shoes,Shoes,1073214,01073214,,0,0,1,0,False,False,False,True,missing_string_eqp|missing_handbook|outside_current_equip_pool,gms-server/wz/Character.wz/Shoes/01073214.img.xml
Shoes,Shoes,1073284,01073284,,0,0,1,0,False,False,False,True,missing_string_eqp|missing_handbook|outside_current_equip_pool,gms-server/wz/Character.wz/Shoes/01073284.img.xml
Shoes,Shoes,1073315,01073315,,0,0,1,0,False,False,False,True,missing_string_eqp|missing_handbook|outside_current_equip_pool,gms-server/wz/Character.wz/Shoes/01073315.img.xml
Shoes,Shoes,1073321,01073321,,0,0,1,0,False,False,False,True,missing_string_eqp|missing_handbook|outside_current_equip_pool,gms-server/wz/Character.wz/Shoes/01073321.img.xml
Shoes,Shoes,1073322,01073322,,0,0,1,0,False,False,False,True,missing_string_eqp|missing_handbook|outside_current_equip_pool,gms-server/wz/Character.wz/Shoes/01073322.img.xml
Shoes,Shoes,1073323,01073323,,0,0,1,0,False,False,False,True,missing_string_eqp|missing_handbook|outside_current_equip_pool,gms-server/wz/Character.wz/Shoes/01073323.img.xml
Shoes,Shoes,1073331,01073331,,0,0,1,0,False,False,False,True,missing_string_eqp|missing_handbook|outside_current_equip_pool,gms-server/wz/Character.wz/Shoes/01073331.img.xml
Shoes,Shoes,1073334,01073334,,0,0,0,0,False,False,False,True,missing_string_eqp|missing_handbook|outside_current_equip_pool,gms-server/wz/Character.wz/Shoes/01073334.img.xml
Shoes,Shoes,1073335,01073335,,0,0,1,0,False,False,False,True,missing_string_eqp|missing_handbook|outside_current_equip_pool,gms-server/wz/Character.wz/Shoes/01073335.img.xml
Shoes,Shoes,1073338,01073338,,0,0,1,0,False,False,False,True,missing_string_eqp|missing_handbook|outside_current_equip_pool,gms-server/wz/Character.wz/Shoes/01073338.img.xml
Shoes,Shoes,1073339,01073339,,0,0,1,0,False,False,False,True,missing_string_eqp|missing_handbook|outside_current_equip_pool,gms-server/wz/Character.wz/Shoes/01073339.img.xml
Shoes,Shoes,1073341,01073341,,0,0,1,0,False,False,False,True,missing_string_eqp|missing_handbook|outside_current_equip_pool,gms-server/wz/Character.wz/Shoes/01073341.img.xml
Shoes,Shoes,1073342,01073342,,0,0,1,0,False,False,False,True,missing_string_eqp|missing_handbook|outside_current_equip_pool,gms-server/wz/Character.wz/Shoes/01073342.img.xml
Shoes,Shoes,1073343,01073343,,0,0,1,0,False,False,False,True,missing_string_eqp|missing_handbook|outside_current_equip_pool,gms-server/wz/Character.wz/Shoes/01073343.img.xml
Shoes,Shoes,1073347,01073347,,0,0,1,0,False,False,False,True,missing_string_eqp|missing_handbook|outside_current_equip_pool,gms-server/wz/Character.wz/Shoes/01073347.img.xml
Shoes,Shoes,1073348,01073348,,0,0,1,0,False,False,False,True,missing_string_eqp|missing_handbook|outside_current_equip_pool,gms-server/wz/Character.wz/Shoes/01073348.img.xml
Shoes,Shoes,1073349,01073349,,0,0,1,0,False,False,False,True,missing_string_eqp|missing_handbook|outside_current_equip_pool,gms-server/wz/Character.wz/Shoes/01073349.img.xml
Shoes,Shoes,1073355,01073355,,0,0,1,0,False,False,False,True,missing_string_eqp|missing_handbook|outside_current_equip_pool,gms-server/wz/Character.wz/Shoes/01073355.img.xml
Shoes,Shoes,1073356,01073356,,0,0,1,0,False,False,False,True,missing_string_eqp|missing_handbook|outside_current_equip_pool,gms-server/wz/Character.wz/Shoes/01073356.img.xml
Shoes,Shoes,1073357,01073357,,0,0,1,0,False,False,False,True,missing_string_eqp|missing_handbook|outside_current_equip_pool,gms-server/wz/Character.wz/Shoes/01073357.img.xml
Shoes,Shoes,1073358,01073358,,0,0,1,0,False,False,False,True,missing_string_eqp|missing_handbook|outside_current_equip_pool,gms-server/wz/Character.wz/Shoes/01073358.img.xml
Shoes,Shoes,1073359,01073359,,0,0,1,0,False,False,False,True,missing_string_eqp|missing_handbook|outside_current_equip_pool,gms-server/wz/Character.wz/Shoes/01073359.img.xml
Shoes,Shoes,1073360,01073360,,0,0,1,0,False,False,False,True,missing_string_eqp|missing_handbook|outside_current_equip_pool,gms-server/wz/Character.wz/Shoes/01073360.img.xml
Shoes,Shoes,1073361,01073361,,0,0,1,0,False,False,False,True,missing_string_eqp|missing_handbook|outside_current_equip_pool,gms-server/wz/Character.wz/Shoes/01073361.img.xml
Shoes,Shoes,1073362,01073362,,0,0,1,0,False,False,False,True,missing_string_eqp|missing_handbook|outside_current_equip_pool,gms-server/wz/Character.wz/Shoes/01073362.img.xml
Shoes,Shoes,1073363,01073363,,0,0,1,0,False,False,False,True,missing_string_eqp|missing_handbook|outside_current_equip_pool,gms-server/wz/Character.wz/Shoes/01073363.img.xml
Shoes,Shoes,1073368,01073368,,0,0,1,0,False,False,False,True,missing_string_eqp|missing_handbook|outside_current_equip_pool,gms-server/wz/Character.wz/Shoes/01073368.img.xml
Shoes,Shoes,1073369,01073369,,0,0,0,0,False,False,False,True,missing_string_eqp|missing_handbook|outside_current_equip_pool,gms-server/wz/Character.wz/Shoes/01073369.img.xml
Shoes,Shoes,1073376,01073376,,0,0,1,0,False,False,False,True,missing_string_eqp|missing_handbook|outside_current_equip_pool,gms-server/wz/Character.wz/Shoes/01073376.img.xml
Shoes,Shoes,1073378,01073378,,0,0,1,0,False,False,False,True,missing_string_eqp|missing_handbook|outside_current_equip_pool,gms-server/wz/Character.wz/Shoes/01073378.img.xml
Shoes,Shoes,1073379,01073379,,0,0,1,0,False,False,False,True,missing_string_eqp|missing_handbook|outside_current_equip_pool,gms-server/wz/Character.wz/Shoes/01073379.img.xml
Shoes,Shoes,1073380,01073380,,0,0,1,0,False,False,False,True,missing_string_eqp|missing_handbook|outside_current_equip_pool,gms-server/wz/Character.wz/Shoes/01073380.img.xml
Shoes,Shoes,1073381,01073381,,0,0,1,0,False,False,False,True,missing_string_eqp|missing_handbook|outside_current_equip_pool,gms-server/wz/Character.wz/Shoes/01073381.img.xml
Shoes,Shoes,1073382,01073382,,0,0,1,0,False,False,False,True,missing_string_eqp|missing_handbook|outside_current_equip_pool,gms-server/wz/Character.wz/Shoes/01073382.img.xml
Shoes,Shoes,1073383,01073383,,0,0,1,0,False,False,False,True,missing_string_eqp|missing_handbook|outside_current_equip_pool,gms-server/wz/Character.wz/Shoes/01073383.img.xml
Shoes,Shoes,1073384,01073384,,0,0,1,0,False,False,False,True,missing_string_eqp|missing_handbook|outside_current_equip_pool,gms-server/wz/Character.wz/Shoes/01073384.img.xml
Shoes,Shoes,1073385,01073385,,0,0,1,0,False,False,False,True,missing_string_eqp|missing_handbook|outside_current_equip_pool,gms-server/wz/Character.wz/Shoes/01073385.img.xml
Shoes,Shoes,1073386,01073386,,0,0,1,0,False,False,False,True,missing_string_eqp|missing_handbook|outside_current_equip_pool,gms-server/wz/Character.wz/Shoes/01073386.img.xml
Shoes,Shoes,1073387,01073387,,0,0,1,0,False,False,False,True,missing_string_eqp|missing_handbook|outside_current_equip_pool,gms-server/wz/Character.wz/Shoes/01073387.img.xml
Shoes,Shoes,1073394,01073394,,0,0,1,0,False,False,False,True,missing_string_eqp|missing_handbook|outside_current_equip_pool,gms-server/wz/Character.wz/Shoes/01073394.img.xml
Shoes,Shoes,1073405,01073405,,0,0,1,0,False,False,False,True,missing_string_eqp|missing_handbook|outside_current_equip_pool,gms-server/wz/Character.wz/Shoes/01073405.img.xml
Shoes,Shoes,1073406,01073406,,0,0,1,0,False,False,False,True,missing_string_eqp|missing_handbook|outside_current_equip_pool,gms-server/wz/Character.wz/Shoes/01073406.img.xml
Shoes,Shoes,1073407,01073407,,0,0,1,0,False,False,False,True,missing_string_eqp|missing_handbook|outside_current_equip_pool,gms-server/wz/Character.wz/Shoes/01073407.img.xml
Shoes,Shoes,1073408,01073408,,0,0,1,0,False,False,False,True,missing_string_eqp|missing_handbook|outside_current_equip_pool,gms-server/wz/Character.wz/Shoes/01073408.img.xml
Shoes,Shoes,1073409,01073409,,0,0,1,0,False,False,False,True,missing_string_eqp|missing_handbook|outside_current_equip_pool,gms-server/wz/Character.wz/Shoes/01073409.img.xml
Shoes,Shoes,1073410,01073410,,0,0,1,0,False,False,False,True,missing_string_eqp|missing_handbook|outside_current_equip_pool,gms-server/wz/Character.wz/Shoes/01073410.img.xml
Shoes,Shoes,1073411,01073411,,0,0,1,0,False,False,False,True,missing_string_eqp|missing_handbook|outside_current_equip_pool,gms-server/wz/Character.wz/Shoes/01073411.img.xml
Shoes,Shoes,1073412,01073412,,0,0,1,0,False,False,False,True,missing_string_eqp|missing_handbook|outside_current_equip_pool,gms-server/wz/Character.wz/Shoes/01073412.img.xml
Shoes,Shoes,1073420,01073420,,0,0,1,0,False,False,False,True,missing_string_eqp|missing_handbook|outside_current_equip_pool,gms-server/wz/Character.wz/Shoes/01073420.img.xml
Shoes,Shoes,1073423,01073423,,0,0,0,0,False,False,False,True,missing_string_eqp|missing_handbook|outside_current_equip_pool,gms-server/wz/Character.wz/Shoes/01073423.img.xml
Shoes,Shoes,1073431,01073431,,0,0,1,0,False,False,False,True,missing_string_eqp|missing_handbook|outside_current_equip_pool,gms-server/wz/Character.wz/Shoes/01073431.img.xml
Shoes,Shoes,1073432,01073432,,0,0,1,0,False,False,False,True,missing_string_eqp|missing_handbook|outside_current_equip_pool,gms-server/wz/Character.wz/Shoes/01073432.img.xml
Shoes,Shoes,1073435,01073435,,0,0,1,0,False,False,False,True,missing_string_eqp|missing_handbook|outside_current_equip_pool,gms-server/wz/Character.wz/Shoes/01073435.img.xml
Glove,Glove,1082523,01082523,,0,0,1,0,False,False,False,True,missing_string_eqp|missing_handbook|outside_current_equip_pool,gms-server/wz/Character.wz/Glove/01082523.img.xml
Glove,Glove,1082541,01082541,,0,0,1,0,False,False,False,True,missing_string_eqp|missing_handbook|outside_current_equip_pool,gms-server/wz/Character.wz/Glove/01082541.img.xml
Glove,Glove,1082542,01082542,,0,0,1,0,False,False,False,True,missing_string_eqp|missing_handbook|outside_current_equip_pool,gms-server/wz/Character.wz/Glove/01082542.img.xml
Glove,Glove,1082550,01082550,,0,0,1,0,False,False,False,True,missing_string_eqp|missing_handbook|outside_current_equip_pool,gms-server/wz/Character.wz/Glove/01082550.img.xml
Glove,Glove,1082554,01082554,,0,0,1,0,False,False,False,True,missing_string_eqp|missing_handbook|outside_current_equip_pool,gms-server/wz/Character.wz/Glove/01082554.img.xml
Glove,Glove,1082558,01082558,,0,0,1,0,False,False,False,True,missing_string_eqp|missing_handbook|outside_current_equip_pool,gms-server/wz/Character.wz/Glove/01082558.img.xml
Glove,Glove,1082561,01082561,,0,0,1,0,False,False,False,True,missing_string_eqp|missing_handbook|outside_current_equip_pool,gms-server/wz/Character.wz/Glove/01082561.img.xml
Glove,Glove,1082563,01082563,,0,0,1,0,False,False,False,True,missing_string_eqp|missing_handbook|outside_current_equip_pool,gms-server/wz/Character.wz/Glove/01082563.img.xml
Glove,Glove,1082564,01082564,,0,0,1,0,False,False,False,True,missing_string_eqp|missing_handbook|outside_current_equip_pool,gms-server/wz/Character.wz/Glove/01082564.img.xml
Glove,Glove,1082677,01082677,,0,0,0,0,False,False,False,True,missing_string_eqp|missing_handbook|outside_current_equip_pool,gms-server/wz/Character.wz/Glove/01082677.img.xml
Glove,Glove,1082733,01082733,,0,0,1,0,False,False,False,True,missing_string_eqp|missing_handbook|outside_current_equip_pool,gms-server/wz/Character.wz/Glove/01082733.img.xml
Glove,Glove,1082734,01082734,,0,0,1,0,False,False,False,True,missing_string_eqp|missing_handbook|outside_current_equip_pool,gms-server/wz/Character.wz/Glove/01082734.img.xml
Glove,Glove,1082735,01082735,,0,0,1,0,False,False,False,True,missing_string_eqp|missing_handbook|outside_current_equip_pool,gms-server/wz/Character.wz/Glove/01082735.img.xml
Glove,Glove,1082737,01082737,,0,0,1,0,False,False,False,True,missing_string_eqp|missing_handbook|outside_current_equip_pool,gms-server/wz/Character.wz/Glove/01082737.img.xml
Glove,Glove,1082738,01082738,,0,0,1,0,False,False,False,True,missing_string_eqp|missing_handbook|outside_current_equip_pool,gms-server/wz/Character.wz/Glove/01082738.img.xml
Glove,Glove,1082742,01082742,,0,0,1,0,False,False,False,True,missing_string_eqp|missing_handbook|outside_current_equip_pool,gms-server/wz/Character.wz/Glove/01082742.img.xml
Glove,Glove,1082743,01082743,,0,0,1,0,False,False,False,True,missing_string_eqp|missing_handbook|outside_current_equip_pool,gms-server/wz/Character.wz/Glove/01082743.img.xml
Cape,Cape,1102237,01102237,,8,150,0,0,False,False,False,True,missing_string_eqp|missing_handbook|outside_current_equip_pool,gms-server/wz/Character.wz/Cape/01102237.img.xml
Cape,Cape,1102493,01102493,,1,150,0,0,False,False,False,True,missing_string_eqp|missing_handbook|outside_current_equip_pool,gms-server/wz/Character.wz/Cape/01102493.img.xml
Cape,Cape,1102513,01102513,,0,0,1,0,False,False,False,True,missing_string_eqp|missing_handbook|outside_current_equip_pool,gms-server/wz/Character.wz/Cape/01102513.img.xml
Cape,Cape,1102614,01102614,,0,0,1,0,False,False,False,True,missing_string_eqp|missing_handbook|outside_current_equip_pool,gms-server/wz/Character.wz/Cape/01102614.img.xml
Cape,Cape,1102878,01102878,,0,0,1,0,False,False,False,True,missing_string_eqp|missing_handbook|outside_current_equip_pool,gms-server/wz/Character.wz/Cape/01102878.img.xml
Cape,Cape,1102881,01102881,,0,0,1,0,False,False,False,True,missing_string_eqp|missing_handbook|outside_current_equip_pool,gms-server/wz/Character.wz/Cape/01102881.img.xml
Cape,Cape,1102883,01102883,,0,0,1,0,False,False,False,True,missing_string_eqp|missing_handbook|outside_current_equip_pool,gms-server/wz/Character.wz/Cape/01102883.img.xml
Cape,Cape,1103073,01103073,,0,0,1,0,False,False,False,True,missing_string_eqp|missing_handbook|outside_current_equip_pool,gms-server/wz/Character.wz/Cape/01103073.img.xml
Cape,Cape,1103116,01103116,,0,0,1,0,False,False,False,True,missing_string_eqp|missing_handbook|outside_current_equip_pool,gms-server/wz/Character.wz/Cape/01103116.img.xml
Cape,Cape,1103144,01103144,,0,0,1,0,False,False,False,True,missing_string_eqp|missing_handbook|outside_current_equip_pool,gms-server/wz/Character.wz/Cape/01103144.img.xml
Cape,Cape,1103148,01103148,,0,0,1,0,False,False,False,True,missing_string_eqp|missing_handbook|outside_current_equip_pool,gms-server/wz/Character.wz/Cape/01103148.img.xml
Cape,Cape,1103149,01103149,,0,0,1,0,False,False,False,True,missing_string_eqp|missing_handbook|outside_current_equip_pool,gms-server/wz/Character.wz/Cape/01103149.img.xml
Cape,Cape,1103152,01103152,,0,0,1,0,False,False,False,True,missing_string_eqp|missing_handbook|outside_current_equip_pool,gms-server/wz/Character.wz/Cape/01103152.img.xml
Cape,Cape,1103153,01103153,,0,0,1,0,False,False,False,True,missing_string_eqp|missing_handbook|outside_current_equip_pool,gms-server/wz/Character.wz/Cape/01103153.img.xml
Cape,Cape,1103157,01103157,,0,0,1,0,False,False,False,True,missing_string_eqp|missing_handbook|outside_current_equip_pool,gms-server/wz/Character.wz/Cape/01103157.img.xml
Cape,Cape,1103168,01103168,,0,0,1,0,False,False,False,True,missing_string_eqp|missing_handbook|outside_current_equip_pool,gms-server/wz/Character.wz/Cape/01103168.img.xml
Cape,Cape,1103170,01103170,,0,0,1,0,False,False,False,True,missing_string_eqp|missing_handbook|outside_current_equip_pool,gms-server/wz/Character.wz/Cape/01103170.img.xml
Cape,Cape,1103171,01103171,,0,0,1,0,False,False,False,True,missing_string_eqp|missing_handbook|outside_current_equip_pool,gms-server/wz/Character.wz/Cape/01103171.img.xml
Cape,Cape,1103172,01103172,,0,0,1,0,False,False,False,True,missing_string_eqp|missing_handbook|outside_current_equip_pool,gms-server/wz/Character.wz/Cape/01103172.img.xml
Cape,Cape,1103173,01103173,,0,0,1,0,False,False,False,True,missing_string_eqp|missing_handbook|outside_current_equip_pool,gms-server/wz/Character.wz/Cape/01103173.img.xml
Cape,Cape,1103174,01103174,,0,0,1,0,False,False,False,True,missing_string_eqp|missing_handbook|outside_current_equip_pool,gms-server/wz/Character.wz/Cape/01103174.img.xml
Cape,Cape,1103175,01103175,,0,0,1,0,False,False,False,True,missing_string_eqp|missing_handbook|outside_current_equip_pool,gms-server/wz/Character.wz/Cape/01103175.img.xml
Cape,Cape,1103177,01103177,,0,0,1,0,False,False,False,True,missing_string_eqp|missing_handbook|outside_current_equip_pool,gms-server/wz/Character.wz/Cape/01103177.img.xml
Cape,Cape,1103178,01103178,,0,0,1,0,False,False,False,True,missing_string_eqp|missing_handbook|outside_current_equip_pool,gms-server/wz/Character.wz/Cape/01103178.img.xml
Cape,Cape,1103179,01103179,,0,0,1,0,False,False,False,True,missing_string_eqp|missing_handbook|outside_current_equip_pool,gms-server/wz/Character.wz/Cape/01103179.img.xml
Cape,Cape,1103181,01103181,,0,0,1,0,False,False,False,True,missing_string_eqp|missing_handbook|outside_current_equip_pool,gms-server/wz/Character.wz/Cape/01103181.img.xml
Cape,Cape,1103182,01103182,,0,0,1,0,False,False,False,True,missing_string_eqp|missing_handbook|outside_current_equip_pool,gms-server/wz/Character.wz/Cape/01103182.img.xml
Cape,Cape,1103184,01103184,,0,0,1,0,False,False,False,True,missing_string_eqp|missing_handbook|outside_current_equip_pool,gms-server/wz/Character.wz/Cape/01103184.img.xml
Cape,Cape,1103185,01103185,,0,0,1,0,False,False,False,True,missing_string_eqp|missing_handbook|outside_current_equip_pool,gms-server/wz/Character.wz/Cape/01103185.img.xml
Cape,Cape,1103186,01103186,,0,0,1,0,False,False,False,True,missing_string_eqp|missing_handbook|outside_current_equip_pool,gms-server/wz/Character.wz/Cape/01103186.img.xml
Cape,Cape,1103188,01103188,,0,0,1,0,False,False,False,True,missing_string_eqp|missing_handbook|outside_current_equip_pool,gms-server/wz/Character.wz/Cape/01103188.img.xml
Cape,Cape,1103189,01103189,,0,0,1,0,False,False,False,True,missing_string_eqp|missing_handbook|outside_current_equip_pool,gms-server/wz/Character.wz/Cape/01103189.img.xml
Cape,Cape,1103190,01103190,,0,0,1,0,False,False,False,True,missing_string_eqp|missing_handbook|outside_current_equip_pool,gms-server/wz/Character.wz/Cape/01103190.img.xml
Cape,Cape,1103191,01103191,,0,0,1,0,False,False,False,True,missing_string_eqp|missing_handbook|outside_current_equip_pool,gms-server/wz/Character.wz/Cape/01103191.img.xml
Cape,Cape,1103194,01103194,,0,0,1,0,False,False,False,True,missing_string_eqp|missing_handbook|outside_current_equip_pool,gms-server/wz/Character.wz/Cape/01103194.img.xml
Cape,Cape,1103195,01103195,,0,0,1,0,False,False,False,True,missing_string_eqp|missing_handbook|outside_current_equip_pool,gms-server/wz/Character.wz/Cape/01103195.img.xml
Cape,Cape,1103196,01103196,,0,0,1,0,False,False,False,True,missing_string_eqp|missing_handbook|outside_current_equip_pool,gms-server/wz/Character.wz/Cape/01103196.img.xml
Cape,Cape,1103197,01103197,,0,0,1,0,False,False,False,True,missing_string_eqp|missing_handbook|outside_current_equip_pool,gms-server/wz/Character.wz/Cape/01103197.img.xml
Cape,Cape,1103198,01103198,,0,0,1,0,False,False,False,True,missing_string_eqp|missing_handbook|outside_current_equip_pool,gms-server/wz/Character.wz/Cape/01103198.img.xml
Cape,Cape,1103199,01103199,,0,0,1,0,False,False,False,True,missing_string_eqp|missing_handbook|outside_current_equip_pool,gms-server/wz/Character.wz/Cape/01103199.img.xml
Cape,Cape,1103202,01103202,,0,0,1,0,False,False,False,True,missing_string_eqp|missing_handbook|outside_current_equip_pool,gms-server/wz/Character.wz/Cape/01103202.img.xml
Cape,Cape,1103203,01103203,,0,0,1,0,False,False,False,True,missing_string_eqp|missing_handbook|outside_current_equip_pool,gms-server/wz/Character.wz/Cape/01103203.img.xml
Cape,Cape,1103205,01103205,,0,0,0,0,False,False,False,True,missing_string_eqp|missing_handbook|outside_current_equip_pool,gms-server/wz/Character.wz/Cape/01103205.img.xml
Cape,Cape,1103206,01103206,,0,0,1,0,False,False,False,True,missing_string_eqp|missing_handbook|outside_current_equip_pool,gms-server/wz/Character.wz/Cape/01103206.img.xml
Cape,Cape,1103210,01103210,,0,0,1,0,False,False,False,True,missing_string_eqp|missing_handbook|outside_current_equip_pool,gms-server/wz/Character.wz/Cape/01103210.img.xml
Cape,Cape,1103213,01103213,,0,0,1,0,False,False,False,True,missing_string_eqp|missing_handbook|outside_current_equip_pool,gms-server/wz/Character.wz/Cape/01103213.img.xml
Cape,Cape,1103214,01103214,,0,0,1,0,False,False,False,True,missing_string_eqp|missing_handbook|outside_current_equip_pool,gms-server/wz/Character.wz/Cape/01103214.img.xml
Cape,Cape,1103215,01103215,,0,0,1,0,False,False,False,True,missing_string_eqp|missing_handbook|outside_current_equip_pool,gms-server/wz/Character.wz/Cape/01103215.img.xml
Cape,Cape,1103216,01103216,,0,0,1,0,False,False,False,True,missing_string_eqp|missing_handbook|outside_current_equip_pool,gms-server/wz/Character.wz/Cape/01103216.img.xml
Cape,Cape,1103219,01103219,,0,0,1,0,False,False,False,True,missing_string_eqp|missing_handbook|outside_current_equip_pool,gms-server/wz/Character.wz/Cape/01103219.img.xml
Cape,Cape,1103220,01103220,,0,0,1,0,False,False,False,True,missing_string_eqp|missing_handbook|outside_current_equip_pool,gms-server/wz/Character.wz/Cape/01103220.img.xml
Cape,Cape,1103221,01103221,,0,0,1,0,False,False,False,True,missing_string_eqp|missing_handbook|outside_current_equip_pool,gms-server/wz/Character.wz/Cape/01103221.img.xml
Cape,Cape,1103222,01103222,,0,0,1,0,False,False,False,True,missing_string_eqp|missing_handbook|outside_current_equip_pool,gms-server/wz/Character.wz/Cape/01103222.img.xml
Cape,Cape,1103223,01103223,,0,0,1,0,False,False,False,True,missing_string_eqp|missing_handbook|outside_current_equip_pool,gms-server/wz/Character.wz/Cape/01103223.img.xml
Cape,Cape,1103224,01103224,,0,0,1,0,False,False,False,True,missing_string_eqp|missing_handbook|outside_current_equip_pool,gms-server/wz/Character.wz/Cape/01103224.img.xml
Cape,Cape,1103225,01103225,,0,0,1,0,False,False,False,True,missing_string_eqp|missing_handbook|outside_current_equip_pool,gms-server/wz/Character.wz/Cape/01103225.img.xml
Cape,Cape,1103226,01103226,,0,0,1,0,False,False,False,True,missing_string_eqp|missing_handbook|outside_current_equip_pool,gms-server/wz/Character.wz/Cape/01103226.img.xml
Cape,Cape,1103227,01103227,,0,0,1,0,False,False,False,True,missing_string_eqp|missing_handbook|outside_current_equip_pool,gms-server/wz/Character.wz/Cape/01103227.img.xml
Cape,Cape,1103228,01103228,,0,0,1,0,False,False,False,True,missing_string_eqp|missing_handbook|outside_current_equip_pool,gms-server/wz/Character.wz/Cape/01103228.img.xml
Cape,Cape,1103231,01103231,,0,0,1,0,False,False,False,True,missing_string_eqp|missing_handbook|outside_current_equip_pool,gms-server/wz/Character.wz/Cape/01103231.img.xml
Cape,Cape,1103232,01103232,,0,0,1,0,False,False,False,True,missing_string_eqp|missing_handbook|outside_current_equip_pool,gms-server/wz/Character.wz/Cape/01103232.img.xml
Cape,Cape,1103233,01103233,,0,0,1,0,False,False,False,True,missing_string_eqp|missing_handbook|outside_current_equip_pool,gms-server/wz/Character.wz/Cape/01103233.img.xml
Cape,Cape,1103234,01103234,,0,0,1,0,False,False,False,True,missing_string_eqp|missing_handbook|outside_current_equip_pool,gms-server/wz/Character.wz/Cape/01103234.img.xml
Cape,Cape,1103238,01103238,,0,0,1,0,False,False,False,True,missing_string_eqp|missing_handbook|outside_current_equip_pool,gms-server/wz/Character.wz/Cape/01103238.img.xml
Cape,Cape,1103239,01103239,,0,0,1,0,False,False,False,True,missing_string_eqp|missing_handbook|outside_current_equip_pool,gms-server/wz/Character.wz/Cape/01103239.img.xml
Cape,Cape,1103245,01103245,,0,0,1,0,False,False,False,True,missing_string_eqp|missing_handbook|outside_current_equip_pool,gms-server/wz/Character.wz/Cape/01103245.img.xml
Cape,Cape,1103246,01103246,,0,0,1,0,False,False,False,True,missing_string_eqp|missing_handbook|outside_current_equip_pool,gms-server/wz/Character.wz/Cape/01103246.img.xml
Cape,Cape,1103248,01103248,,0,0,1,0,False,False,False,True,missing_string_eqp|missing_handbook|outside_current_equip_pool,gms-server/wz/Character.wz/Cape/01103248.img.xml
Shield,Shield,1092048,01092048,,0,10,0,0,False,False,True,True,missing_string_eqp|missing_handbook,gms-server/wz/Character.wz/Shield/01092048.img.xml
Shield,Shield,1098009,01098009,,1,100,0,0,False,False,False,True,missing_string_eqp|missing_handbook|outside_current_equip_pool,gms-server/wz/Character.wz/Shield/01098009.img.xml
Shield,Shield,1099016,01099016,,1,100,0,0,False,False,False,True,missing_string_eqp|missing_handbook|outside_current_equip_pool,gms-server/wz/Character.wz/Shield/01099016.img.xml
Shield,Shield,1099017,01099017,,1,100,0,0,False,False,False,True,missing_string_eqp|missing_handbook|outside_current_equip_pool,gms-server/wz/Character.wz/Shield/01099017.img.xml
Shield,Shield,1192000,01192000,,0,0,1,0,False,False,False,True,missing_string_eqp|missing_handbook|outside_current_equip_pool,gms-server/wz/Character.wz/Shield/01192000.img.xml
Shield,Shield,1192001,01192001,,0,0,1,0,False,False,False,True,missing_string_eqp|missing_handbook|outside_current_equip_pool,gms-server/wz/Character.wz/Shield/01192001.img.xml
Weapon,Weapon,1242053,01242053,,24,80,0,0,False,False,False,True,missing_string_eqp|missing_handbook|outside_current_equip_pool,gms-server/wz/Character.wz/Weapon/01242053.img.xml
Weapon,Weapon,1242054,01242054,,24,35,0,0,False,False,False,True,missing_string_eqp|missing_handbook|outside_current_equip_pool,gms-server/wz/Character.wz/Weapon/01242054.img.xml
Weapon,Weapon,1242055,01242055,,24,65,0,0,False,False,False,True,missing_string_eqp|missing_handbook|outside_current_equip_pool,gms-server/wz/Character.wz/Weapon/01242055.img.xml
Weapon,Weapon,1242056,01242056,,24,95,0,0,False,False,False,True,missing_string_eqp|missing_handbook|outside_current_equip_pool,gms-server/wz/Character.wz/Weapon/01242056.img.xml
Weapon,Weapon,1242057,01242057,,24,130,0,0,False,False,False,True,missing_string_eqp|missing_handbook|outside_current_equip_pool,gms-server/wz/Character.wz/Weapon/01242057.img.xml
Weapon,Weapon,1242058,01242058,,24,130,0,0,False,False,False,True,missing_string_eqp|missing_handbook|outside_current_equip_pool,gms-server/wz/Character.wz/Weapon/01242058.img.xml
Weapon,Weapon,1242059,01242059,,24,80,0,0,False,False,False,True,missing_string_eqp|missing_handbook|outside_current_equip_pool,gms-server/wz/Character.wz/Weapon/01242059.img.xml
Weapon,Weapon,1242060,01242060,,24,150,0,0,False,False,False,True,missing_string_eqp|missing_handbook|outside_current_equip_pool,gms-server/wz/Character.wz/Weapon/01242060.img.xml
Weapon,Weapon,1242061,01242061,,24,150,0,0,False,False,False,True,missing_string_eqp|missing_handbook|outside_current_equip_pool,gms-server/wz/Character.wz/Weapon/01242061.img.xml
Weapon,Weapon,1242062,01242062,,24,145,0,0,False,False,False,True,missing_string_eqp|missing_handbook|outside_current_equip_pool,gms-server/wz/Character.wz/Weapon/01242062.img.xml
Weapon,Weapon,1242063,01242063,,24,145,0,0,False,False,False,True,missing_string_eqp|missing_handbook|outside_current_equip_pool,gms-server/wz/Character.wz/Weapon/01242063.img.xml
Weapon,Weapon,1242064,01242064,,24,75,0,0,False,False,False,True,missing_string_eqp|missing_handbook|outside_current_equip_pool,gms-server/wz/Character.wz/Weapon/01242064.img.xml
Weapon,Weapon,1242065,01242065,,24,100,0,0,False,False,False,True,missing_string_eqp|missing_handbook|outside_current_equip_pool,gms-server/wz/Character.wz/Weapon/01242065.img.xml
Weapon,Weapon,1242066,01242066,,24,30,0,0,False,False,False,True,missing_string_eqp|missing_handbook|outside_current_equip_pool,gms-server/wz/Character.wz/Weapon/01242066.img.xml
Weapon,Weapon,1242067,01242067,,24,30,0,0,False,False,False,True,missing_string_eqp|missing_handbook|outside_current_equip_pool,gms-server/wz/Character.wz/Weapon/01242067.img.xml
Weapon,Weapon,1242068,01242068,,24,99,0,0,False,False,False,True,missing_string_eqp|missing_handbook|outside_current_equip_pool,gms-server/wz/Character.wz/Weapon/01242068.img.xml
Weapon,Weapon,1242069,01242069,,24,135,0,0,False,False,False,True,missing_string_eqp|missing_handbook|outside_current_equip_pool,gms-server/wz/Character.wz/Weapon/01242069.img.xml
Weapon,Weapon,1242070,01242070,,24,135,0,0,False,False,False,True,missing_string_eqp|missing_handbook|outside_current_equip_pool,gms-server/wz/Character.wz/Weapon/01242070.img.xml
Weapon,Weapon,1242075,01242075,,24,79,0,0,False,False,False,True,missing_string_eqp|missing_handbook|outside_current_equip_pool,gms-server/wz/Character.wz/Weapon/01242075.img.xml
Weapon,Weapon,1242076,01242076,,24,145,0,0,False,False,False,True,missing_string_eqp|missing_handbook|outside_current_equip_pool,gms-server/wz/Character.wz/Weapon/01242076.img.xml
Weapon,Weapon,1242077,01242077,,24,150,0,0,False,False,False,True,missing_string_eqp|missing_handbook|outside_current_equip_pool,gms-server/wz/Character.wz/Weapon/01242077.img.xml
Weapon,Weapon,1242078,01242078,,24,150,0,0,False,False,False,True,missing_string_eqp|missing_handbook|outside_current_equip_pool,gms-server/wz/Character.wz/Weapon/01242078.img.xml
Weapon,Weapon,1242079,01242079,,24,120,0,0,False,False,False,True,missing_string_eqp|missing_handbook|outside_current_equip_pool,gms-server/wz/Character.wz/Weapon/01242079.img.xml
Weapon,Weapon,1242080,01242080,,24,105,0,0,False,False,False,True,missing_string_eqp|missing_handbook|outside_current_equip_pool,gms-server/wz/Character.wz/Weapon/01242080.img.xml
Weapon,Weapon,1242081,01242081,,24,160,0,0,False,False,False,True,missing_string_eqp|missing_handbook|outside_current_equip_pool,gms-server/wz/Character.wz/Weapon/01242081.img.xml
Weapon,Weapon,1242082,01242082,,24,20,0,0,False,False,False,True,missing_string_eqp|missing_handbook|outside_current_equip_pool,gms-server/wz/Character.wz/Weapon/01242082.img.xml
Weapon,Weapon,1242083,01242083,,24,40,0,0,False,False,False,True,missing_string_eqp|missing_handbook|outside_current_equip_pool,gms-server/wz/Character.wz/Weapon/01242083.img.xml
Weapon,Weapon,1242084,01242084,,24,100,0,0,False,False,False,True,missing_string_eqp|missing_handbook|outside_current_equip_pool,gms-server/wz/Character.wz/Weapon/01242084.img.xml
Weapon,Weapon,1242085,01242085,,0,135,0,0,False,False,False,True,missing_string_eqp|missing_handbook|outside_current_equip_pool,gms-server/wz/Character.wz/Weapon/01242085.img.xml
Weapon,Weapon,1242086,01242086,,0,135,0,0,False,False,False,True,missing_string_eqp|missing_handbook|outside_current_equip_pool,gms-server/wz/Character.wz/Weapon/01242086.img.xml
Weapon,Weapon,1242087,01242087,,24,10,0,0,False,False,False,True,missing_string_eqp|missing_handbook|outside_current_equip_pool,gms-server/wz/Character.wz/Weapon/01242087.img.xml
Weapon,Weapon,1242088,01242088,,24,50,0,0,False,False,False,True,missing_string_eqp|missing_handbook|outside_current_equip_pool,gms-server/wz/Character.wz/Weapon/01242088.img.xml
Weapon,Weapon,1242089,01242089,,24,100,0,0,False,False,False,True,missing_string_eqp|missing_handbook|outside_current_equip_pool,gms-server/wz/Character.wz/Weapon/01242089.img.xml
Weapon,Weapon,1242090,01242090,,24,160,0,0,False,False,False,True,missing_string_eqp|missing_handbook|outside_current_equip_pool,gms-server/wz/Character.wz/Weapon/01242090.img.xml
Weapon,Weapon,1242091,01242091,,24,150,0,0,False,False,False,True,missing_string_eqp|missing_handbook|outside_current_equip_pool,gms-server/wz/Character.wz/Weapon/01242091.img.xml
Weapon,Weapon,1242095,01242095,,24,100,0,0,False,False,False,True,missing_string_eqp|missing_handbook|outside_current_equip_pool,gms-server/wz/Character.wz/Weapon/01242095.img.xml
Weapon,Weapon,1242099,01242099,,24,110,0,0,False,False,False,True,missing_string_eqp|missing_handbook|outside_current_equip_pool,gms-server/wz/Character.wz/Weapon/01242099.img.xml
Weapon,Weapon,1242100,01242100,,24,120,0,0,False,False,False,True,missing_string_eqp|missing_handbook|outside_current_equip_pool,gms-server/wz/Character.wz/Weapon/01242100.img.xml
Weapon,Weapon,1242101,01242101,,24,130,0,0,False,False,False,True,missing_string_eqp|missing_handbook|outside_current_equip_pool,gms-server/wz/Character.wz/Weapon/01242101.img.xml
Weapon,Weapon,1242102,01242102,,24,140,0,0,False,False,False,True,missing_string_eqp|missing_handbook|outside_current_equip_pool,gms-server/wz/Character.wz/Weapon/01242102.img.xml
Weapon,Weapon,1242103,01242103,,24,130,0,0,False,False,False,True,missing_string_eqp|missing_handbook|outside_current_equip_pool,gms-server/wz/Character.wz/Weapon/01242103.img.xml
Weapon,Weapon,1242116,01242116,,24,160,0,0,False,False,False,True,missing_string_eqp|missing_handbook|outside_current_equip_pool,gms-server/wz/Character.wz/Weapon/01242116.img.xml
Weapon,Weapon,1242117,01242117,,24,100,0,0,False,False,False,True,missing_string_eqp|missing_handbook|outside_current_equip_pool,gms-server/wz/Character.wz/Weapon/01242117.img.xml
Weapon,Weapon,1242118,01242118,,24,120,0,0,False,False,False,True,missing_string_eqp|missing_handbook|outside_current_equip_pool,gms-server/wz/Character.wz/Weapon/01242118.img.xml
Weapon,Weapon,1242120,01242120,,24,160,0,0,False,False,False,True,missing_string_eqp|missing_handbook|outside_current_equip_pool,gms-server/wz/Character.wz/Weapon/01242120.img.xml
Weapon,Weapon,1242121,01242121,,24,200,0,0,False,False,False,True,missing_string_eqp|missing_handbook|outside_current_equip_pool,gms-server/wz/Character.wz/Weapon/01242121.img.xml
Weapon,Weapon,1242122,01242122,,24,200,0,0,False,False,False,True,missing_string_eqp|missing_handbook|outside_current_equip_pool,gms-server/wz/Character.wz/Weapon/01242122.img.xml
Weapon,Weapon,1242123,01242123,,24,160,0,0,False,False,False,True,missing_string_eqp|missing_handbook|outside_current_equip_pool,gms-server/wz/Character.wz/Weapon/01242123.img.xml
Weapon,Weapon,1242124,01242124,,24,160,0,0,False,False,False,True,missing_string_eqp|missing_handbook|outside_current_equip_pool,gms-server/wz/Character.wz/Weapon/01242124.img.xml
Weapon,Weapon,1242125,01242125,,24,130,0,0,False,False,False,True,missing_string_eqp|missing_handbook|outside_current_equip_pool,gms-server/wz/Character.wz/Weapon/01242125.img.xml
Weapon,Weapon,1242127,01242127,,24,150,0,0,False,False,False,True,missing_string_eqp|missing_handbook|outside_current_equip_pool,gms-server/wz/Character.wz/Weapon/01242127.img.xml
Weapon,Weapon,1242129,01242129,,24,100,0,0,False,False,False,True,missing_string_eqp|missing_handbook|outside_current_equip_pool,gms-server/wz/Character.wz/Weapon/01242129.img.xml
Weapon,Weapon,1242131,01242131,,24,120,0,0,False,False,False,True,missing_string_eqp|missing_handbook|outside_current_equip_pool,gms-server/wz/Character.wz/Weapon/01242131.img.xml
Weapon,Weapon,1242132,01242132,,24,130,0,0,False,False,False,True,missing_string_eqp|missing_handbook|outside_current_equip_pool,gms-server/wz/Character.wz/Weapon/01242132.img.xml
Weapon,Weapon,1242133,01242133,,24,140,0,0,False,False,False,True,missing_string_eqp|missing_handbook|outside_current_equip_pool,gms-server/wz/Character.wz/Weapon/01242133.img.xml
Weapon,Weapon,1242134,01242134,,24,150,0,0,False,False,False,True,missing_string_eqp|missing_handbook|outside_current_equip_pool,gms-server/wz/Character.wz/Weapon/01242134.img.xml
Weapon,Weapon,1242135,01242135,,24,150,0,0,False,False,False,True,missing_string_eqp|missing_handbook|outside_current_equip_pool,gms-server/wz/Character.wz/Weapon/01242135.img.xml
Weapon,Weapon,1242136,01242136,,24,150,0,0,False,False,False,True,missing_string_eqp|missing_handbook|outside_current_equip_pool,gms-server/wz/Character.wz/Weapon/01242136.img.xml
Weapon,Weapon,1242137,01242137,,24,150,0,0,False,False,False,True,missing_string_eqp|missing_handbook|outside_current_equip_pool,gms-server/wz/Character.wz/Weapon/01242137.img.xml
Weapon,Weapon,1242138,01242138,,24,200,0,0,False,False,False,True,missing_string_eqp|missing_handbook|outside_current_equip_pool,gms-server/wz/Character.wz/Weapon/01242138.img.xml
Weapon,Weapon,1242139,01242139,,24,200,0,0,False,False,False,True,missing_string_eqp|missing_handbook|outside_current_equip_pool,gms-server/wz/Character.wz/Weapon/01242139.img.xml
Weapon,Weapon,1242140,01242140,,24,200,0,0,False,False,False,True,missing_string_eqp|missing_handbook|outside_current_equip_pool,gms-server/wz/Character.wz/Weapon/01242140.img.xml
Weapon,Weapon,1242141,01242141,,24,200,0,0,False,False,False,True,missing_string_eqp|missing_handbook|outside_current_equip_pool,gms-server/wz/Character.wz/Weapon/01242141.img.xml
Weapon,Weapon,1242142,01242142,,24,150,0,0,False,False,False,True,missing_string_eqp|missing_handbook|outside_current_equip_pool,gms-server/wz/Character.wz/Weapon/01242142.img.xml
Weapon,Weapon,1242143,01242143,,24,150,0,0,False,False,False,True,missing_string_eqp|missing_handbook|outside_current_equip_pool,gms-server/wz/Character.wz/Weapon/01242143.img.xml
Weapon,Weapon,1242144,01242144,,24,200,0,0,False,False,False,True,missing_string_eqp|missing_handbook|outside_current_equip_pool,gms-server/wz/Character.wz/Weapon/01242144.img.xml
Weapon,Weapon,1242145,01242145,,24,200,0,0,False,False,False,True,missing_string_eqp|missing_handbook|outside_current_equip_pool,gms-server/wz/Character.wz/Weapon/01242145.img.xml
Weapon,Weapon,1252000,01252000,,0,0,0,0,False,False,False,True,missing_string_eqp|missing_handbook|outside_current_equip_pool,gms-server/wz/Character.wz/Weapon/01252000.img.xml
Weapon,Weapon,1252001,01252001,,2,10,0,0,False,False,False,True,missing_string_eqp|missing_handbook|outside_current_equip_pool,gms-server/wz/Character.wz/Weapon/01252001.img.xml
Weapon,Weapon,1252002,01252002,,2,30,0,0,False,False,False,True,missing_string_eqp|missing_handbook|outside_current_equip_pool,gms-server/wz/Character.wz/Weapon/01252002.img.xml
Weapon,Weapon,1252003,01252003,,2,50,0,0,False,False,False,True,missing_string_eqp|missing_handbook|outside_current_equip_pool,gms-server/wz/Character.wz/Weapon/01252003.img.xml
Weapon,Weapon,1252004,01252004,,2,60,0,0,False,False,False,True,missing_string_eqp|missing_handbook|outside_current_equip_pool,gms-server/wz/Character.wz/Weapon/01252004.img.xml
Weapon,Weapon,1252005,01252005,,2,70,0,0,False,False,False,True,missing_string_eqp|missing_handbook|outside_current_equip_pool,gms-server/wz/Character.wz/Weapon/01252005.img.xml
Weapon,Weapon,1252006,01252006,,2,80,0,0,False,False,False,True,missing_string_eqp|missing_handbook|outside_current_equip_pool,gms-server/wz/Character.wz/Weapon/01252006.img.xml
Weapon,Weapon,1252007,01252007,,2,90,0,0,False,False,False,True,missing_string_eqp|missing_handbook|outside_current_equip_pool,gms-server/wz/Character.wz/Weapon/01252007.img.xml
Weapon,Weapon,1252008,01252008,,2,100,0,0,False,False,False,True,missing_string_eqp|missing_handbook|outside_current_equip_pool,gms-server/wz/Character.wz/Weapon/01252008.img.xml
Weapon,Weapon,1252009,01252009,,2,105,0,0,False,False,False,True,missing_string_eqp|missing_handbook|outside_current_equip_pool,gms-server/wz/Character.wz/Weapon/01252009.img.xml
Weapon,Weapon,1252010,01252010,,2,110,0,0,False,False,False,True,missing_string_eqp|missing_handbook|outside_current_equip_pool,gms-server/wz/Character.wz/Weapon/01252010.img.xml
Weapon,Weapon,1252011,01252011,,2,120,0,0,False,False,False,True,missing_string_eqp|missing_handbook|outside_current_equip_pool,gms-server/wz/Character.wz/Weapon/01252011.img.xml
Weapon,Weapon,1252012,01252012,,2,120,0,0,False,False,False,True,missing_string_eqp|missing_handbook|outside_current_equip_pool,gms-server/wz/Character.wz/Weapon/01252012.img.xml
Weapon,Weapon,1252013,01252013,,2,130,0,0,False,False,False,True,missing_string_eqp|missing_handbook|outside_current_equip_pool,gms-server/wz/Character.wz/Weapon/01252013.img.xml
Weapon,Weapon,1252014,01252014,,2,140,0,0,False,False,False,True,missing_string_eqp|missing_handbook|outside_current_equip_pool,gms-server/wz/Character.wz/Weapon/01252014.img.xml
Weapon,Weapon,1252015,01252015,,2,150,0,0,False,False,False,True,missing_string_eqp|missing_handbook|outside_current_equip_pool,gms-server/wz/Character.wz/Weapon/01252015.img.xml
Weapon,Weapon,1252016,01252016,,2,120,0,0,False,False,False,True,missing_string_eqp|missing_handbook|outside_current_equip_pool,gms-server/wz/Character.wz/Weapon/01252016.img.xml
Weapon,Weapon,1252017,01252017,,2,125,0,0,False,False,False,True,missing_string_eqp|missing_handbook|outside_current_equip_pool,gms-server/wz/Character.wz/Weapon/01252017.img.xml
Weapon,Weapon,1252018,01252018,,2,125,0,0,False,False,False,True,missing_string_eqp|missing_handbook|outside_current_equip_pool,gms-server/wz/Character.wz/Weapon/01252018.img.xml
Weapon,Weapon,1252019,01252019,,2,130,0,0,False,False,False,True,missing_string_eqp|missing_handbook|outside_current_equip_pool,gms-server/wz/Character.wz/Weapon/01252019.img.xml
Weapon,Weapon,1252020,01252020,,2,120,0,0,False,False,False,True,missing_string_eqp|missing_handbook|outside_current_equip_pool,gms-server/wz/Character.wz/Weapon/01252020.img.xml
Weapon,Weapon,1252021,01252021,,2,110,0,0,False,False,False,True,missing_string_eqp|missing_handbook|outside_current_equip_pool,gms-server/wz/Character.wz/Weapon/01252021.img.xml
Weapon,Weapon,1252022,01252022,,2,125,0,0,False,False,False,True,missing_string_eqp|missing_handbook|outside_current_equip_pool,gms-server/wz/Character.wz/Weapon/01252022.img.xml
Weapon,Weapon,1252023,01252023,,2,35,0,0,False,False,False,True,missing_string_eqp|missing_handbook|outside_current_equip_pool,gms-server/wz/Character.wz/Weapon/01252023.img.xml
Weapon,Weapon,1252024,01252024,,2,70,0,0,False,False,False,True,missing_string_eqp|missing_handbook|outside_current_equip_pool,gms-server/wz/Character.wz/Weapon/01252024.img.xml
Weapon,Weapon,1252025,01252025,,2,80,0,0,False,False,False,True,missing_string_eqp|missing_handbook|outside_current_equip_pool,gms-server/wz/Character.wz/Weapon/01252025.img.xml
Weapon,Weapon,1252026,01252026,,2,90,0,0,False,False,False,True,missing_string_eqp|missing_handbook|outside_current_equip_pool,gms-server/wz/Character.wz/Weapon/01252026.img.xml
Weapon,Weapon,1252027,01252027,,2,35,0,0,False,False,False,True,missing_string_eqp|missing_handbook|outside_current_equip_pool,gms-server/wz/Character.wz/Weapon/01252027.img.xml
Weapon,Weapon,1252028,01252028,,2,65,0,0,False,False,False,True,missing_string_eqp|missing_handbook|outside_current_equip_pool,gms-server/wz/Character.wz/Weapon/01252028.img.xml
Weapon,Weapon,1252029,01252029,,2,95,0,0,False,False,False,True,missing_string_eqp|missing_handbook|outside_current_equip_pool,gms-server/wz/Character.wz/Weapon/01252029.img.xml
Weapon,Weapon,1252030,01252030,,2,130,0,0,False,False,False,True,missing_string_eqp|missing_handbook|outside_current_equip_pool,gms-server/wz/Character.wz/Weapon/01252030.img.xml
Weapon,Weapon,1252031,01252031,,2,135,0,0,False,False,False,True,missing_string_eqp|missing_handbook|outside_current_equip_pool,gms-server/wz/Character.wz/Weapon/01252031.img.xml
Weapon,Weapon,1252032,01252032,,2,150,0,0,False,False,False,True,missing_string_eqp|missing_handbook|outside_current_equip_pool,gms-server/wz/Character.wz/Weapon/01252032.img.xml
Weapon,Weapon,1252033,01252033,,2,160,0,0,False,False,False,True,missing_string_eqp|missing_handbook|outside_current_equip_pool,gms-server/wz/Character.wz/Weapon/01252033.img.xml
Weapon,Weapon,1252034,01252034,,2,20,0,0,False,False,False,True,missing_string_eqp|missing_handbook|outside_current_equip_pool,gms-server/wz/Character.wz/Weapon/01252034.img.xml
Weapon,Weapon,1252035,01252035,,2,40,0,0,False,False,False,True,missing_string_eqp|missing_handbook|outside_current_equip_pool,gms-server/wz/Character.wz/Weapon/01252035.img.xml
Weapon,Weapon,1252036,01252036,,2,50,0,0,False,False,False,True,missing_string_eqp|missing_handbook|outside_current_equip_pool,gms-server/wz/Character.wz/Weapon/01252036.img.xml
Weapon,Weapon,1252037,01252037,,2,60,0,0,False,False,False,True,missing_string_eqp|missing_handbook|outside_current_equip_pool,gms-server/wz/Character.wz/Weapon/01252037.img.xml
Weapon,Weapon,1252038,01252038,,2,35,0,0,False,False,False,True,missing_string_eqp|missing_handbook|outside_current_equip_pool,gms-server/wz/Character.wz/Weapon/01252038.img.xml
Weapon,Weapon,1252039,01252039,,2,65,0,0,False,False,False,True,missing_string_eqp|missing_handbook|outside_current_equip_pool,gms-server/wz/Character.wz/Weapon/01252039.img.xml
Weapon,Weapon,1252040,01252040,,2,95,0,0,False,False,False,True,missing_string_eqp|missing_handbook|outside_current_equip_pool,gms-server/wz/Character.wz/Weapon/01252040.img.xml
Weapon,Weapon,1252041,01252041,,2,30,0,0,False,False,False,True,missing_string_eqp|missing_handbook|outside_current_equip_pool,gms-server/wz/Character.wz/Weapon/01252041.img.xml
Weapon,Weapon,1252042,01252042,,2,50,0,0,False,False,False,True,missing_string_eqp|missing_handbook|outside_current_equip_pool,gms-server/wz/Character.wz/Weapon/01252042.img.xml
Weapon,Weapon,1252043,01252043,,2,60,0,0,False,False,False,True,missing_string_eqp|missing_handbook|outside_current_equip_pool,gms-server/wz/Character.wz/Weapon/01252043.img.xml
Weapon,Weapon,1252044,01252044,,2,70,0,0,False,False,False,True,missing_string_eqp|missing_handbook|outside_current_equip_pool,gms-server/wz/Character.wz/Weapon/01252044.img.xml
Weapon,Weapon,1252045,01252045,,2,100,0,0,False,False,False,True,missing_string_eqp|missing_handbook|outside_current_equip_pool,gms-server/wz/Character.wz/Weapon/01252045.img.xml
Weapon,Weapon,1252046,01252046,,2,105,0,0,False,False,False,True,missing_string_eqp|missing_handbook|outside_current_equip_pool,gms-server/wz/Character.wz/Weapon/01252046.img.xml
Weapon,Weapon,1252047,01252047,,2,10,0,0,False,False,False,True,missing_string_eqp|missing_handbook|outside_current_equip_pool,gms-server/wz/Character.wz/Weapon/01252047.img.xml
Weapon,Weapon,1252048,01252048,,2,15,0,0,False,False,False,True,missing_string_eqp|missing_handbook|outside_current_equip_pool,gms-server/wz/Character.wz/Weapon/01252048.img.xml
Weapon,Weapon,1252049,01252049,,2,20,0,0,False,False,False,True,missing_string_eqp|missing_handbook|outside_current_equip_pool,gms-server/wz/Character.wz/Weapon/01252049.img.xml
Weapon,Weapon,1252050,01252050,,2,30,0,0,False,False,False,True,missing_string_eqp|missing_handbook|outside_current_equip_pool,gms-server/wz/Character.wz/Weapon/01252050.img.xml
Weapon,Weapon,1252051,01252051,,2,40,0,0,False,False,False,True,missing_string_eqp|missing_handbook|outside_current_equip_pool,gms-server/wz/Character.wz/Weapon/01252051.img.xml
Weapon,Weapon,1252052,01252052,,2,50,0,0,False,False,False,True,missing_string_eqp|missing_handbook|outside_current_equip_pool,gms-server/wz/Character.wz/Weapon/01252052.img.xml
Weapon,Weapon,1252053,01252053,,2,60,0,0,False,False,False,True,missing_string_eqp|missing_handbook|outside_current_equip_pool,gms-server/wz/Character.wz/Weapon/01252053.img.xml
Weapon,Weapon,1252054,01252054,,2,70,0,0,False,False,False,True,missing_string_eqp|missing_handbook|outside_current_equip_pool,gms-server/wz/Character.wz/Weapon/01252054.img.xml
Weapon,Weapon,1252056,01252056,,2,150,0,0,False,False,False,True,missing_string_eqp|missing_handbook|outside_current_equip_pool,gms-server/wz/Character.wz/Weapon/01252056.img.xml
Weapon,Weapon,1252057,01252057,,2,75,0,0,False,False,False,True,missing_string_eqp|missing_handbook|outside_current_equip_pool,gms-server/wz/Character.wz/Weapon/01252057.img.xml
Weapon,Weapon,1252058,01252058,,2,145,0,0,False,False,False,True,missing_string_eqp|missing_handbook|outside_current_equip_pool,gms-server/wz/Character.wz/Weapon/01252058.img.xml
Weapon,Weapon,1252059,01252059,,2,130,0,0,False,False,False,True,missing_string_eqp|missing_handbook|outside_current_equip_pool,gms-server/wz/Character.wz/Weapon/01252059.img.xml
Weapon,Weapon,1252060,01252060,,0,145,0,0,False,False,False,True,missing_string_eqp|missing_handbook|outside_current_equip_pool,gms-server/wz/Character.wz/Weapon/01252060.img.xml
Weapon,Weapon,1252061,01252061,,2,100,0,0,False,False,False,True,missing_string_eqp|missing_handbook|outside_current_equip_pool,gms-server/wz/Character.wz/Weapon/01252061.img.xml
Weapon,Weapon,1252062,01252062,,2,135,0,0,False,False,False,True,missing_string_eqp|missing_handbook|outside_current_equip_pool,gms-server/wz/Character.wz/Weapon/01252062.img.xml
Weapon,Weapon,1252063,01252063,,2,135,0,0,False,False,False,True,missing_string_eqp|missing_handbook|outside_current_equip_pool,gms-server/wz/Character.wz/Weapon/01252063.img.xml
Weapon,Weapon,1252064,01252064,,2,100,0,0,False,False,False,True,missing_string_eqp|missing_handbook|outside_current_equip_pool,gms-server/wz/Character.wz/Weapon/01252064.img.xml
Weapon,Weapon,1252065,01252065,,2,30,0,0,False,False,False,True,missing_string_eqp|missing_handbook|outside_current_equip_pool,gms-server/wz/Character.wz/Weapon/01252065.img.xml
Weapon,Weapon,1252066,01252066,,2,160,0,0,False,False,False,True,missing_string_eqp|missing_handbook|outside_current_equip_pool,gms-server/wz/Character.wz/Weapon/01252066.img.xml
Weapon,Weapon,1252081,01252081,,2,50,0,0,False,False,False,True,missing_string_eqp|missing_handbook|outside_current_equip_pool,gms-server/wz/Character.wz/Weapon/01252081.img.xml
Weapon,Weapon,1252082,01252082,,2,100,0,0,False,False,False,True,missing_string_eqp|missing_handbook|outside_current_equip_pool,gms-server/wz/Character.wz/Weapon/01252082.img.xml
Weapon,Weapon,1252083,01252083,,2,110,0,0,False,False,False,True,missing_string_eqp|missing_handbook|outside_current_equip_pool,gms-server/wz/Character.wz/Weapon/01252083.img.xml
Weapon,Weapon,1252084,01252084,,2,120,0,0,False,False,False,True,missing_string_eqp|missing_handbook|outside_current_equip_pool,gms-server/wz/Character.wz/Weapon/01252084.img.xml
Weapon,Weapon,1252085,01252085,,2,130,0,0,False,False,False,True,missing_string_eqp|missing_handbook|outside_current_equip_pool,gms-server/wz/Character.wz/Weapon/01252085.img.xml
Weapon,Weapon,1252086,01252086,,2,140,0,0,False,False,False,True,missing_string_eqp|missing_handbook|outside_current_equip_pool,gms-server/wz/Character.wz/Weapon/01252086.img.xml
Weapon,Weapon,1252087,01252087,,2,130,0,0,False,False,False,True,missing_string_eqp|missing_handbook|outside_current_equip_pool,gms-server/wz/Character.wz/Weapon/01252087.img.xml
Weapon,Weapon,1252092,01252092,,2,100,0,0,False,False,False,True,missing_string_eqp|missing_handbook|outside_current_equip_pool,gms-server/wz/Character.wz/Weapon/01252092.img.xml
Weapon,Weapon,1252093,01252093,,2,160,0,0,False,False,False,True,missing_string_eqp|missing_handbook|outside_current_equip_pool,gms-server/wz/Character.wz/Weapon/01252093.img.xml
Weapon,Weapon,1252095,01252095,,2,100,0,0,False,False,False,True,missing_string_eqp|missing_handbook|outside_current_equip_pool,gms-server/wz/Character.wz/Weapon/01252095.img.xml
Weapon,Weapon,1252097,01252097,,2,120,0,0,False,False,False,True,missing_string_eqp|missing_handbook|outside_current_equip_pool,gms-server/wz/Character.wz/Weapon/01252097.img.xml
Weapon,Weapon,1252098,01252098,,2,200,0,0,False,False,False,True,missing_string_eqp|missing_handbook|outside_current_equip_pool,gms-server/wz/Character.wz/Weapon/01252098.img.xml
Weapon,Weapon,1252100,01252100,,2,150,0,0,False,False,False,True,missing_string_eqp|missing_handbook|outside_current_equip_pool,gms-server/wz/Character.wz/Weapon/01252100.img.xml
Weapon,Weapon,1252101,01252101,,2,100,0,0,False,False,False,True,missing_string_eqp|missing_handbook|outside_current_equip_pool,gms-server/wz/Character.wz/Weapon/01252101.img.xml
Weapon,Weapon,1252102,01252102,,2,150,0,0,False,False,False,True,missing_string_eqp|missing_handbook|outside_current_equip_pool,gms-server/wz/Character.wz/Weapon/01252102.img.xml
Weapon,Weapon,1252103,01252103,,2,150,0,0,False,False,False,True,missing_string_eqp|missing_handbook|outside_current_equip_pool,gms-server/wz/Character.wz/Weapon/01252103.img.xml
Weapon,Weapon,1252104,01252104,,2,160,0,0,False,False,False,True,missing_string_eqp|missing_handbook|outside_current_equip_pool,gms-server/wz/Character.wz/Weapon/01252104.img.xml
Weapon,Weapon,1252105,01252105,,2,200,0,0,False,False,False,True,missing_string_eqp|missing_handbook|outside_current_equip_pool,gms-server/wz/Character.wz/Weapon/01252105.img.xml
Weapon,Weapon,1252106,01252106,,2,200,0,0,False,False,False,True,missing_string_eqp|missing_handbook|outside_current_equip_pool,gms-server/wz/Character.wz/Weapon/01252106.img.xml
Weapon,Weapon,1252107,01252107,,2,150,0,0,False,False,False,True,missing_string_eqp|missing_handbook|outside_current_equip_pool,gms-server/wz/Character.wz/Weapon/01252107.img.xml
Weapon,Weapon,1262000,01262000,,2,10,0,0,False,False,False,True,missing_string_eqp|missing_handbook|outside_current_equip_pool,gms-server/wz/Character.wz/Weapon/01262000.img.xml
Weapon,Weapon,1262001,01262001,,2,30,0,0,False,False,False,True,missing_string_eqp|missing_handbook|outside_current_equip_pool,gms-server/wz/Character.wz/Weapon/01262001.img.xml
Weapon,Weapon,1262002,01262002,,2,50,0,0,False,False,False,True,missing_string_eqp|missing_handbook|outside_current_equip_pool,gms-server/wz/Character.wz/Weapon/01262002.img.xml
Weapon,Weapon,1262003,01262003,,2,60,0,0,False,False,False,True,missing_string_eqp|missing_handbook|outside_current_equip_pool,gms-server/wz/Character.wz/Weapon/01262003.img.xml
Weapon,Weapon,1262004,01262004,,2,70,0,0,False,False,False,True,missing_string_eqp|missing_handbook|outside_current_equip_pool,gms-server/wz/Character.wz/Weapon/01262004.img.xml
Weapon,Weapon,1262005,01262005,,2,80,0,0,False,False,False,True,missing_string_eqp|missing_handbook|outside_current_equip_pool,gms-server/wz/Character.wz/Weapon/01262005.img.xml
Weapon,Weapon,1262006,01262006,,2,90,0,0,False,False,False,True,missing_string_eqp|missing_handbook|outside_current_equip_pool,gms-server/wz/Character.wz/Weapon/01262006.img.xml
Weapon,Weapon,1262007,01262007,,2,100,0,0,False,False,False,True,missing_string_eqp|missing_handbook|outside_current_equip_pool,gms-server/wz/Character.wz/Weapon/01262007.img.xml
Weapon,Weapon,1262008,01262008,,2,110,0,0,False,False,False,True,missing_string_eqp|missing_handbook|outside_current_equip_pool,gms-server/wz/Character.wz/Weapon/01262008.img.xml
Weapon,Weapon,1262009,01262009,,2,120,0,0,False,False,False,True,missing_string_eqp|missing_handbook|outside_current_equip_pool,gms-server/wz/Character.wz/Weapon/01262009.img.xml
Weapon,Weapon,1262010,01262010,,2,130,0,0,False,False,False,True,missing_string_eqp|missing_handbook|outside_current_equip_pool,gms-server/wz/Character.wz/Weapon/01262010.img.xml
Weapon,Weapon,1262011,01262011,,2,140,0,0,False,False,False,True,missing_string_eqp|missing_handbook|outside_current_equip_pool,gms-server/wz/Character.wz/Weapon/01262011.img.xml
Weapon,Weapon,1262012,01262012,,2,110,0,0,False,False,False,True,missing_string_eqp|missing_handbook|outside_current_equip_pool,gms-server/wz/Character.wz/Weapon/01262012.img.xml
Weapon,Weapon,1262013,01262013,,2,120,0,0,False,False,False,True,missing_string_eqp|missing_handbook|outside_current_equip_pool,gms-server/wz/Character.wz/Weapon/01262013.img.xml
Weapon,Weapon,1262014,01262014,,2,130,0,0,False,False,False,True,missing_string_eqp|missing_handbook|outside_current_equip_pool,gms-server/wz/Character.wz/Weapon/01262014.img.xml
Weapon,Weapon,1262015,01262015,,2,140,0,0,False,False,False,True,missing_string_eqp|missing_handbook|outside_current_equip_pool,gms-server/wz/Character.wz/Weapon/01262015.img.xml
Weapon,Weapon,1262016,01262016,,2,150,0,0,False,False,False,True,missing_string_eqp|missing_handbook|outside_current_equip_pool,gms-server/wz/Character.wz/Weapon/01262016.img.xml
Weapon,Weapon,1262017,01262017,,2,160,0,0,False,False,False,True,missing_string_eqp|missing_handbook|outside_current_equip_pool,gms-server/wz/Character.wz/Weapon/01262017.img.xml
Weapon,Weapon,1262018,01262018,,2,30,0,0,False,False,False,True,missing_string_eqp|missing_handbook|outside_current_equip_pool,gms-server/wz/Character.wz/Weapon/01262018.img.xml
Weapon,Weapon,1262019,01262019,,2,50,0,0,False,False,False,True,missing_string_eqp|missing_handbook|outside_current_equip_pool,gms-server/wz/Character.wz/Weapon/01262019.img.xml
Weapon,Weapon,1262020,01262020,,2,70,0,0,False,False,False,True,missing_string_eqp|missing_handbook|outside_current_equip_pool,gms-server/wz/Character.wz/Weapon/01262020.img.xml
Weapon,Weapon,1262021,01262021,,2,90,0,0,False,False,False,True,missing_string_eqp|missing_handbook|outside_current_equip_pool,gms-server/wz/Character.wz/Weapon/01262021.img.xml
Weapon,Weapon,1262022,01262022,,2,10,0,0,False,False,False,True,missing_string_eqp|missing_handbook|outside_current_equip_pool,gms-server/wz/Character.wz/Weapon/01262022.img.xml
Weapon,Weapon,1262023,01262023,,2,50,0,0,False,False,False,True,missing_string_eqp|missing_handbook|outside_current_equip_pool,gms-server/wz/Character.wz/Weapon/01262023.img.xml
Weapon,Weapon,1262024,01262024,,2,100,0,0,False,False,False,True,missing_string_eqp|missing_handbook|outside_current_equip_pool,gms-server/wz/Character.wz/Weapon/01262024.img.xml
Weapon,Weapon,1262025,01262025,,2,110,0,0,False,False,False,True,missing_string_eqp|missing_handbook|outside_current_equip_pool,gms-server/wz/Character.wz/Weapon/01262025.img.xml
Weapon,Weapon,1262027,01262027,,2,100,0,0,False,False,False,True,missing_string_eqp|missing_handbook|outside_current_equip_pool,gms-server/wz/Character.wz/Weapon/01262027.img.xml
Weapon,Weapon,1262028,01262028,,2,150,0,0,False,False,False,True,missing_string_eqp|missing_handbook|outside_current_equip_pool,gms-server/wz/Character.wz/Weapon/01262028.img.xml
Weapon,Weapon,1262029,01262029,,2,160,0,0,False,False,False,True,missing_string_eqp|missing_handbook|outside_current_equip_pool,gms-server/wz/Character.wz/Weapon/01262029.img.xml
Weapon,Weapon,1262030,01262030,,2,160,0,0,False,False,False,True,missing_string_eqp|missing_handbook|outside_current_equip_pool,gms-server/wz/Character.wz/Weapon/01262030.img.xml
Weapon,Weapon,1262031,01262031,,2,100,0,0,False,False,False,True,missing_string_eqp|missing_handbook|outside_current_equip_pool,gms-server/wz/Character.wz/Weapon/01262031.img.xml
Weapon,Weapon,1262032,01262032,,2,120,0,0,False,False,False,True,missing_string_eqp|missing_handbook|outside_current_equip_pool,gms-server/wz/Character.wz/Weapon/01262032.img.xml
Weapon,Weapon,1262033,01262033,,2,125,0,0,False,False,False,True,missing_string_eqp|missing_handbook|outside_current_equip_pool,gms-server/wz/Character.wz/Weapon/01262033.img.xml
Weapon,Weapon,1262034,01262034,,2,135,0,0,False,False,False,True,missing_string_eqp|missing_handbook|outside_current_equip_pool,gms-server/wz/Character.wz/Weapon/01262034.img.xml
Weapon,Weapon,1262035,01262035,,2,145,0,0,False,False,False,True,missing_string_eqp|missing_handbook|outside_current_equip_pool,gms-server/wz/Character.wz/Weapon/01262035.img.xml
Weapon,Weapon,1262037,01262037,,2,120,0,0,False,False,False,True,missing_string_eqp|missing_handbook|outside_current_equip_pool,gms-server/wz/Character.wz/Weapon/01262037.img.xml
Weapon,Weapon,1262038,01262038,,2,150,0,0,False,False,False,True,missing_string_eqp|missing_handbook|outside_current_equip_pool,gms-server/wz/Character.wz/Weapon/01262038.img.xml
Weapon,Weapon,1262039,01262039,,2,200,0,0,False,False,False,True,missing_string_eqp|missing_handbook|outside_current_equip_pool,gms-server/wz/Character.wz/Weapon/01262039.img.xml
Weapon,Weapon,1262040,01262040,,2,160,0,0,False,False,False,True,missing_string_eqp|missing_handbook|outside_current_equip_pool,gms-server/wz/Character.wz/Weapon/01262040.img.xml
Weapon,Weapon,1262041,01262041,,2,130,0,0,False,False,False,True,missing_string_eqp|missing_handbook|outside_current_equip_pool,gms-server/wz/Character.wz/Weapon/01262041.img.xml
Weapon,Weapon,1262043,01262043,,2,150,0,0,False,False,False,True,missing_string_eqp|missing_handbook|outside_current_equip_pool,gms-server/wz/Character.wz/Weapon/01262043.img.xml
Weapon,Weapon,1262045,01262045,,2,100,0,0,False,False,False,True,missing_string_eqp|missing_handbook|outside_current_equip_pool,gms-server/wz/Character.wz/Weapon/01262045.img.xml
Weapon,Weapon,1262046,01262046,,2,150,0,0,False,False,False,True,missing_string_eqp|missing_handbook|outside_current_equip_pool,gms-server/wz/Character.wz/Weapon/01262046.img.xml
Weapon,Weapon,1262047,01262047,,2,100,0,0,False,False,False,True,missing_string_eqp|missing_handbook|outside_current_equip_pool,gms-server/wz/Character.wz/Weapon/01262047.img.xml
Weapon,Weapon,1262048,01262048,,2,150,0,0,False,False,False,True,missing_string_eqp|missing_handbook|outside_current_equip_pool,gms-server/wz/Character.wz/Weapon/01262048.img.xml
Weapon,Weapon,1262050,01262050,,2,200,0,0,False,False,False,True,missing_string_eqp|missing_handbook|outside_current_equip_pool,gms-server/wz/Character.wz/Weapon/01262050.img.xml
Weapon,Weapon,1262051,01262051,,2,200,0,0,False,False,False,True,missing_string_eqp|missing_handbook|outside_current_equip_pool,gms-server/wz/Character.wz/Weapon/01262051.img.xml
Weapon,Weapon,1262052,01262052,,2,150,0,0,False,False,False,True,missing_string_eqp|missing_handbook|outside_current_equip_pool,gms-server/wz/Character.wz/Weapon/01262052.img.xml
Weapon,Weapon,1262053,01262053,,2,200,0,0,False,False,False,True,missing_string_eqp|missing_handbook|outside_current_equip_pool,gms-server/wz/Character.wz/Weapon/01262053.img.xml
Weapon,Weapon,1272000,01272000,,8,10,0,0,False,False,False,True,missing_string_eqp|missing_handbook|outside_current_equip_pool,gms-server/wz/Character.wz/Weapon/01272000.img.xml
Weapon,Weapon,1272001,01272001,,8,30,0,0,False,False,False,True,missing_string_eqp|missing_handbook|outside_current_equip_pool,gms-server/wz/Character.wz/Weapon/01272001.img.xml
Weapon,Weapon,1272002,01272002,,8,50,0,0,False,False,False,True,missing_string_eqp|missing_handbook|outside_current_equip_pool,gms-server/wz/Character.wz/Weapon/01272002.img.xml
Weapon,Weapon,1272003,01272003,,8,60,0,0,False,False,False,True,missing_string_eqp|missing_handbook|outside_current_equip_pool,gms-server/wz/Character.wz/Weapon/01272003.img.xml
Weapon,Weapon,1272004,01272004,,8,70,0,0,False,False,False,True,missing_string_eqp|missing_handbook|outside_current_equip_pool,gms-server/wz/Character.wz/Weapon/01272004.img.xml
Weapon,Weapon,1272005,01272005,,8,80,0,0,False,False,False,True,missing_string_eqp|missing_handbook|outside_current_equip_pool,gms-server/wz/Character.wz/Weapon/01272005.img.xml
Weapon,Weapon,1272006,01272006,,8,90,0,0,False,False,False,True,missing_string_eqp|missing_handbook|outside_current_equip_pool,gms-server/wz/Character.wz/Weapon/01272006.img.xml
Weapon,Weapon,1272007,01272007,,8,100,0,0,False,False,False,True,missing_string_eqp|missing_handbook|outside_current_equip_pool,gms-server/wz/Character.wz/Weapon/01272007.img.xml
Weapon,Weapon,1272008,01272008,,8,110,0,0,False,False,False,True,missing_string_eqp|missing_handbook|outside_current_equip_pool,gms-server/wz/Character.wz/Weapon/01272008.img.xml
Weapon,Weapon,1272009,01272009,,8,120,0,0,False,False,False,True,missing_string_eqp|missing_handbook|outside_current_equip_pool,gms-server/wz/Character.wz/Weapon/01272009.img.xml
Weapon,Weapon,1272010,01272010,,8,120,0,0,False,False,False,True,missing_string_eqp|missing_handbook|outside_current_equip_pool,gms-server/wz/Character.wz/Weapon/01272010.img.xml
Weapon,Weapon,1272011,01272011,,8,130,0,0,False,False,False,True,missing_string_eqp|missing_handbook|outside_current_equip_pool,gms-server/wz/Character.wz/Weapon/01272011.img.xml
Weapon,Weapon,1272012,01272012,,8,130,0,0,False,False,False,True,missing_string_eqp|missing_handbook|outside_current_equip_pool,gms-server/wz/Character.wz/Weapon/01272012.img.xml
Weapon,Weapon,1272013,01272013,,8,140,0,0,False,False,False,True,missing_string_eqp|missing_handbook|outside_current_equip_pool,gms-server/wz/Character.wz/Weapon/01272013.img.xml
Weapon,Weapon,1272014,01272014,,8,140,0,0,False,False,False,True,missing_string_eqp|missing_handbook|outside_current_equip_pool,gms-server/wz/Character.wz/Weapon/01272014.img.xml
Weapon,Weapon,1272015,01272015,,8,150,0,0,False,False,False,True,missing_string_eqp|missing_handbook|outside_current_equip_pool,gms-server/wz/Character.wz/Weapon/01272015.img.xml
Weapon,Weapon,1272016,01272016,,8,160,0,0,False,False,False,True,missing_string_eqp|missing_handbook|outside_current_equip_pool,gms-server/wz/Character.wz/Weapon/01272016.img.xml
Weapon,Weapon,1272017,01272017,,8,200,0,0,False,False,False,True,missing_string_eqp|missing_handbook|outside_current_equip_pool,gms-server/wz/Character.wz/Weapon/01272017.img.xml
Weapon,Weapon,1272018,01272018,,8,145,0,0,False,False,False,True,missing_string_eqp|missing_handbook|outside_current_equip_pool,gms-server/wz/Character.wz/Weapon/01272018.img.xml
Weapon,Weapon,1272019,01272019,,8,100,0,0,False,False,False,True,missing_string_eqp|missing_handbook|outside_current_equip_pool,gms-server/wz/Character.wz/Weapon/01272019.img.xml
Weapon,Weapon,1272020,01272020,,8,110,0,0,False,False,False,True,missing_string_eqp|missing_handbook|outside_current_equip_pool,gms-server/wz/Character.wz/Weapon/01272020.img.xml
Weapon,Weapon,1272021,01272021,,8,160,0,0,False,False,False,True,missing_string_eqp|missing_handbook|outside_current_equip_pool,gms-server/wz/Character.wz/Weapon/01272021.img.xml
Weapon,Weapon,1272022,01272022,,8,10,0,0,False,False,False,True,missing_string_eqp|missing_handbook|outside_current_equip_pool,gms-server/wz/Character.wz/Weapon/01272022.img.xml
Weapon,Weapon,1272023,01272023,,8,50,0,0,False,False,False,True,missing_string_eqp|missing_handbook|outside_current_equip_pool,gms-server/wz/Character.wz/Weapon/01272023.img.xml
Weapon,Weapon,1272024,01272024,,8,100,0,0,False,False,False,True,missing_string_eqp|missing_handbook|outside_current_equip_pool,gms-server/wz/Character.wz/Weapon/01272024.img.xml
Weapon,Weapon,1272025,01272025,,8,130,0,0,False,False,False,True,missing_string_eqp|missing_handbook|outside_current_equip_pool,gms-server/wz/Character.wz/Weapon/01272025.img.xml
Weapon,Weapon,1272026,01272026,,0,1,0,0,False,False,False,True,missing_string_eqp|missing_handbook|outside_current_equip_pool,gms-server/wz/Character.wz/Weapon/01272026.img.xml
Weapon,Weapon,1272027,01272027,,8,150,0,0,False,False,False,True,missing_string_eqp|missing_handbook|outside_current_equip_pool,gms-server/wz/Character.wz/Weapon/01272027.img.xml
Weapon,Weapon,1272028,01272028,,8,160,0,0,False,False,False,True,missing_string_eqp|missing_handbook|outside_current_equip_pool,gms-server/wz/Character.wz/Weapon/01272028.img.xml
Weapon,Weapon,1272029,01272029,,8,160,0,0,False,False,False,True,missing_string_eqp|missing_handbook|outside_current_equip_pool,gms-server/wz/Character.wz/Weapon/01272029.img.xml
Weapon,Weapon,1272030,01272030,,8,150,0,0,False,False,False,True,missing_string_eqp|missing_handbook|outside_current_equip_pool,gms-server/wz/Character.wz/Weapon/01272030.img.xml
Weapon,Weapon,1272031,01272031,,8,100,0,0,False,False,False,True,missing_string_eqp|missing_handbook|outside_current_equip_pool,gms-server/wz/Character.wz/Weapon/01272031.img.xml
Weapon,Weapon,1272032,01272032,,8,150,0,0,False,False,False,True,missing_string_eqp|missing_handbook|outside_current_equip_pool,gms-server/wz/Character.wz/Weapon/01272032.img.xml
Weapon,Weapon,1272035,01272035,,8,30,0,0,False,False,False,True,missing_string_eqp|missing_handbook|outside_current_equip_pool,gms-server/wz/Character.wz/Weapon/01272035.img.xml
Weapon,Weapon,1272036,01272036,,8,100,0,0,False,False,False,True,missing_string_eqp|missing_handbook|outside_current_equip_pool,gms-server/wz/Character.wz/Weapon/01272036.img.xml
Weapon,Weapon,1272037,01272037,,8,150,0,0,False,False,False,True,missing_string_eqp|missing_handbook|outside_current_equip_pool,gms-server/wz/Character.wz/Weapon/01272037.img.xml
Weapon,Weapon,1272039,01272039,,8,200,0,0,False,False,False,True,missing_string_eqp|missing_handbook|outside_current_equip_pool,gms-server/wz/Character.wz/Weapon/01272039.img.xml
Weapon,Weapon,1272040,01272040,,8,200,0,0,False,False,False,True,missing_string_eqp|missing_handbook|outside_current_equip_pool,gms-server/wz/Character.wz/Weapon/01272040.img.xml
Weapon,Weapon,1272041,01272041,,8,150,0,0,False,False,False,True,missing_string_eqp|missing_handbook|outside_current_equip_pool,gms-server/wz/Character.wz/Weapon/01272041.img.xml
Weapon,Weapon,1272042,01272042,,8,150,0,0,False,False,False,True,missing_string_eqp|missing_handbook|outside_current_equip_pool,gms-server/wz/Character.wz/Weapon/01272042.img.xml
Weapon,Weapon,1272043,01272043,,8,200,0,0,False,False,False,True,missing_string_eqp|missing_handbook|outside_current_equip_pool,gms-server/wz/Character.wz/Weapon/01272043.img.xml
Weapon,Weapon,1282000,01282000,,2,10,0,0,False,False,False,True,missing_string_eqp|missing_handbook|outside_current_equip_pool,gms-server/wz/Character.wz/Weapon/01282000.img.xml
Weapon,Weapon,1282001,01282001,,2,30,0,0,False,False,False,True,missing_string_eqp|missing_handbook|outside_current_equip_pool,gms-server/wz/Character.wz/Weapon/01282001.img.xml
Weapon,Weapon,1282002,01282002,,2,50,0,0,False,False,False,True,missing_string_eqp|missing_handbook|outside_current_equip_pool,gms-server/wz/Character.wz/Weapon/01282002.img.xml
Weapon,Weapon,1282003,01282003,,2,60,0,0,False,False,False,True,missing_string_eqp|missing_handbook|outside_current_equip_pool,gms-server/wz/Character.wz/Weapon/01282003.img.xml
Weapon,Weapon,1282004,01282004,,2,70,0,0,False,False,False,True,missing_string_eqp|missing_handbook|outside_current_equip_pool,gms-server/wz/Character.wz/Weapon/01282004.img.xml
Weapon,Weapon,1282005,01282005,,2,80,0,0,False,False,False,True,missing_string_eqp|missing_handbook|outside_current_equip_pool,gms-server/wz/Character.wz/Weapon/01282005.img.xml
Weapon,Weapon,1282006,01282006,,2,90,0,0,False,False,False,True,missing_string_eqp|missing_handbook|outside_current_equip_pool,gms-server/wz/Character.wz/Weapon/01282006.img.xml
Weapon,Weapon,1282007,01282007,,2,100,0,0,False,False,False,True,missing_string_eqp|missing_handbook|outside_current_equip_pool,gms-server/wz/Character.wz/Weapon/01282007.img.xml
Weapon,Weapon,1282008,01282008,,2,110,0,0,False,False,False,True,missing_string_eqp|missing_handbook|outside_current_equip_pool,gms-server/wz/Character.wz/Weapon/01282008.img.xml
Weapon,Weapon,1282009,01282009,,2,120,0,0,False,False,False,True,missing_string_eqp|missing_handbook|outside_current_equip_pool,gms-server/wz/Character.wz/Weapon/01282009.img.xml
Weapon,Weapon,1282010,01282010,,2,120,0,0,False,False,False,True,missing_string_eqp|missing_handbook|outside_current_equip_pool,gms-server/wz/Character.wz/Weapon/01282010.img.xml
Weapon,Weapon,1282011,01282011,,2,130,0,0,False,False,False,True,missing_string_eqp|missing_handbook|outside_current_equip_pool,gms-server/wz/Character.wz/Weapon/01282011.img.xml
Weapon,Weapon,1282012,01282012,,2,130,0,0,False,False,False,True,missing_string_eqp|missing_handbook|outside_current_equip_pool,gms-server/wz/Character.wz/Weapon/01282012.img.xml
Weapon,Weapon,1282013,01282013,,2,140,0,0,False,False,False,True,missing_string_eqp|missing_handbook|outside_current_equip_pool,gms-server/wz/Character.wz/Weapon/01282013.img.xml
Weapon,Weapon,1282014,01282014,,2,140,0,0,False,False,False,True,missing_string_eqp|missing_handbook|outside_current_equip_pool,gms-server/wz/Character.wz/Weapon/01282014.img.xml
Weapon,Weapon,1282015,01282015,,2,150,0,0,False,False,False,True,missing_string_eqp|missing_handbook|outside_current_equip_pool,gms-server/wz/Character.wz/Weapon/01282015.img.xml
Weapon,Weapon,1282016,01282016,,2,160,0,0,False,False,False,True,missing_string_eqp|missing_handbook|outside_current_equip_pool,gms-server/wz/Character.wz/Weapon/01282016.img.xml
Weapon,Weapon,1282017,01282017,,2,200,0,0,False,False,False,True,missing_string_eqp|missing_handbook|outside_current_equip_pool,gms-server/wz/Character.wz/Weapon/01282017.img.xml
Weapon,Weapon,1282018,01282018,,2,145,0,0,False,False,False,True,missing_string_eqp|missing_handbook|outside_current_equip_pool,gms-server/wz/Character.wz/Weapon/01282018.img.xml
Weapon,Weapon,1282019,01282019,,2,100,0,0,False,False,False,True,missing_string_eqp|missing_handbook|outside_current_equip_pool,gms-server/wz/Character.wz/Weapon/01282019.img.xml
Weapon,Weapon,1282020,01282020,,2,110,0,0,False,False,False,True,missing_string_eqp|missing_handbook|outside_current_equip_pool,gms-server/wz/Character.wz/Weapon/01282020.img.xml
Weapon,Weapon,1282021,01282021,,0,1,0,0,False,False,False,True,missing_string_eqp|missing_handbook|outside_current_equip_pool,gms-server/wz/Character.wz/Weapon/01282021.img.xml
Weapon,Weapon,1282022,01282022,,2,160,0,0,False,False,False,True,missing_string_eqp|missing_handbook|outside_current_equip_pool,gms-server/wz/Character.wz/Weapon/01282022.img.xml
Weapon,Weapon,1282023,01282023,,2,10,0,0,False,False,False,True,missing_string_eqp|missing_handbook|outside_current_equip_pool,gms-server/wz/Character.wz/Weapon/01282023.img.xml
Weapon,Weapon,1282024,01282024,,2,50,0,0,False,False,False,True,missing_string_eqp|missing_handbook|outside_current_equip_pool,gms-server/wz/Character.wz/Weapon/01282024.img.xml
Weapon,Weapon,1282025,01282025,,2,100,0,0,False,False,False,True,missing_string_eqp|missing_handbook|outside_current_equip_pool,gms-server/wz/Character.wz/Weapon/01282025.img.xml
Weapon,Weapon,1282026,01282026,,2,130,0,0,False,False,False,True,missing_string_eqp|missing_handbook|outside_current_equip_pool,gms-server/wz/Character.wz/Weapon/01282026.img.xml
Weapon,Weapon,1282027,01282027,,2,150,0,0,False,False,False,True,missing_string_eqp|missing_handbook|outside_current_equip_pool,gms-server/wz/Character.wz/Weapon/01282027.img.xml
Weapon,Weapon,1282028,01282028,,2,160,0,0,False,False,False,True,missing_string_eqp|missing_handbook|outside_current_equip_pool,gms-server/wz/Character.wz/Weapon/01282028.img.xml
Weapon,Weapon,1282029,01282029,,2,160,0,0,False,False,False,True,missing_string_eqp|missing_handbook|outside_current_equip_pool,gms-server/wz/Character.wz/Weapon/01282029.img.xml
Weapon,Weapon,1282030,01282030,,2,150,0,0,False,False,False,True,missing_string_eqp|missing_handbook|outside_current_equip_pool,gms-server/wz/Character.wz/Weapon/01282030.img.xml
Weapon,Weapon,1282031,01282031,,2,150,0,0,False,False,False,True,missing_string_eqp|missing_handbook|outside_current_equip_pool,gms-server/wz/Character.wz/Weapon/01282031.img.xml
Weapon,Weapon,1282034,01282034,,2,30,0,0,False,False,False,True,missing_string_eqp|missing_handbook|outside_current_equip_pool,gms-server/wz/Character.wz/Weapon/01282034.img.xml
Weapon,Weapon,1282035,01282035,,2,100,0,0,False,False,False,True,missing_string_eqp|missing_handbook|outside_current_equip_pool,gms-server/wz/Character.wz/Weapon/01282035.img.xml
Weapon,Weapon,1282036,01282036,,2,100,0,0,False,False,False,True,missing_string_eqp|missing_handbook|outside_current_equip_pool,gms-server/wz/Character.wz/Weapon/01282036.img.xml
Weapon,Weapon,1282037,01282037,,2,150,0,0,False,False,False,True,missing_string_eqp|missing_handbook|outside_current_equip_pool,gms-server/wz/Character.wz/Weapon/01282037.img.xml
Weapon,Weapon,1282039,01282039,,2,200,0,0,False,False,False,True,missing_string_eqp|missing_handbook|outside_current_equip_pool,gms-server/wz/Character.wz/Weapon/01282039.img.xml
Weapon,Weapon,1282040,01282040,,2,200,0,0,False,False,False,True,missing_string_eqp|missing_handbook|outside_current_equip_pool,gms-server/wz/Character.wz/Weapon/01282040.img.xml
Weapon,Weapon,1282041,01282041,,2,150,0,0,False,False,False,True,missing_string_eqp|missing_handbook|outside_current_equip_pool,gms-server/wz/Character.wz/Weapon/01282041.img.xml
Weapon,Weapon,1282042,01282042,,2,150,0,0,False,False,False,True,missing_string_eqp|missing_handbook|outside_current_equip_pool,gms-server/wz/Character.wz/Weapon/01282042.img.xml
Weapon,Weapon,1282043,01282043,,2,200,0,0,False,False,False,True,missing_string_eqp|missing_handbook|outside_current_equip_pool,gms-server/wz/Character.wz/Weapon/01282043.img.xml
Weapon,Weapon,1292000,01292000,,8,10,0,0,False,False,False,True,missing_string_eqp|missing_handbook|outside_current_equip_pool,gms-server/wz/Character.wz/Weapon/01292000.img.xml
Weapon,Weapon,1292001,01292001,,8,30,0,0,False,False,False,True,missing_string_eqp|missing_handbook|outside_current_equip_pool,gms-server/wz/Character.wz/Weapon/01292001.img.xml
Weapon,Weapon,1292002,01292002,,8,50,0,0,False,False,False,True,missing_string_eqp|missing_handbook|outside_current_equip_pool,gms-server/wz/Character.wz/Weapon/01292002.img.xml
Weapon,Weapon,1292003,01292003,,8,60,0,0,False,False,False,True,missing_string_eqp|missing_handbook|outside_current_equip_pool,gms-server/wz/Character.wz/Weapon/01292003.img.xml
Weapon,Weapon,1292004,01292004,,8,70,0,0,False,False,False,True,missing_string_eqp|missing_handbook|outside_current_equip_pool,gms-server/wz/Character.wz/Weapon/01292004.img.xml
Weapon,Weapon,1292005,01292005,,8,80,0,0,False,False,False,True,missing_string_eqp|missing_handbook|outside_current_equip_pool,gms-server/wz/Character.wz/Weapon/01292005.img.xml
Weapon,Weapon,1292006,01292006,,8,90,0,0,False,False,False,True,missing_string_eqp|missing_handbook|outside_current_equip_pool,gms-server/wz/Character.wz/Weapon/01292006.img.xml
Weapon,Weapon,1292007,01292007,,8,100,0,0,False,False,False,True,missing_string_eqp|missing_handbook|outside_current_equip_pool,gms-server/wz/Character.wz/Weapon/01292007.img.xml
Weapon,Weapon,1292008,01292008,,8,110,0,0,False,False,False,True,missing_string_eqp|missing_handbook|outside_current_equip_pool,gms-server/wz/Character.wz/Weapon/01292008.img.xml
Weapon,Weapon,1292009,01292009,,8,110,0,0,False,False,False,True,missing_string_eqp|missing_handbook|outside_current_equip_pool,gms-server/wz/Character.wz/Weapon/01292009.img.xml
Weapon,Weapon,1292010,01292010,,8,120,0,0,False,False,False,True,missing_string_eqp|missing_handbook|outside_current_equip_pool,gms-server/wz/Character.wz/Weapon/01292010.img.xml
Weapon,Weapon,1292011,01292011,,8,120,0,0,False,False,False,True,missing_string_eqp|missing_handbook|outside_current_equip_pool,gms-server/wz/Character.wz/Weapon/01292011.img.xml
Weapon,Weapon,1292012,01292012,,8,130,0,0,False,False,False,True,missing_string_eqp|missing_handbook|outside_current_equip_pool,gms-server/wz/Character.wz/Weapon/01292012.img.xml
Weapon,Weapon,1292013,01292013,,8,130,0,0,False,False,False,True,missing_string_eqp|missing_handbook|outside_current_equip_pool,gms-server/wz/Character.wz/Weapon/01292013.img.xml
Weapon,Weapon,1292014,01292014,,8,140,0,0,False,False,False,True,missing_string_eqp|missing_handbook|outside_current_equip_pool,gms-server/wz/Character.wz/Weapon/01292014.img.xml
Weapon,Weapon,1292015,01292015,,8,140,0,0,False,False,False,True,missing_string_eqp|missing_handbook|outside_current_equip_pool,gms-server/wz/Character.wz/Weapon/01292015.img.xml
Weapon,Weapon,1292016,01292016,,8,150,0,0,False,False,False,True,missing_string_eqp|missing_handbook|outside_current_equip_pool,gms-server/wz/Character.wz/Weapon/01292016.img.xml
Weapon,Weapon,1292017,01292017,,8,160,0,0,False,False,False,True,missing_string_eqp|missing_handbook|outside_current_equip_pool,gms-server/wz/Character.wz/Weapon/01292017.img.xml
Weapon,Weapon,1292018,01292018,,8,200,0,0,False,False,False,True,missing_string_eqp|missing_handbook|outside_current_equip_pool,gms-server/wz/Character.wz/Weapon/01292018.img.xml
Weapon,Weapon,1292019,01292019,,8,145,0,0,False,False,False,True,missing_string_eqp|missing_handbook|outside_current_equip_pool,gms-server/wz/Character.wz/Weapon/01292019.img.xml
Weapon,Weapon,1292020,01292020,,8,100,0,0,False,False,False,True,missing_string_eqp|missing_handbook|outside_current_equip_pool,gms-server/wz/Character.wz/Weapon/01292020.img.xml
Weapon,Weapon,1292021,01292021,,8,200,0,0,False,False,False,True,missing_string_eqp|missing_handbook|outside_current_equip_pool,gms-server/wz/Character.wz/Weapon/01292021.img.xml
Weapon,Weapon,1292022,01292022,,8,200,0,0,False,False,False,True,missing_string_eqp|missing_handbook|outside_current_equip_pool,gms-server/wz/Character.wz/Weapon/01292022.img.xml
Weapon,Weapon,1292023,01292023,,8,100,0,0,False,False,False,True,missing_string_eqp|missing_handbook|outside_current_equip_pool,gms-server/wz/Character.wz/Weapon/01292023.img.xml
Weapon,Weapon,1292024,01292024,,8,10,0,0,False,False,False,True,missing_string_eqp|missing_handbook|outside_current_equip_pool,gms-server/wz/Character.wz/Weapon/01292024.img.xml
Weapon,Weapon,1292025,01292025,,8,50,0,0,False,False,False,True,missing_string_eqp|missing_handbook|outside_current_equip_pool,gms-server/wz/Character.wz/Weapon/01292025.img.xml
Weapon,Weapon,1292026,01292026,,8,100,0,0,False,False,False,True,missing_string_eqp|missing_handbook|outside_current_equip_pool,gms-server/wz/Character.wz/Weapon/01292026.img.xml
Weapon,Weapon,1292027,01292027,,8,130,0,0,False,False,False,True,missing_string_eqp|missing_handbook|outside_current_equip_pool,gms-server/wz/Character.wz/Weapon/01292027.img.xml
Weapon,Weapon,1292028,01292028,,8,160,0,0,False,False,False,True,missing_string_eqp|missing_handbook|outside_current_equip_pool,gms-server/wz/Character.wz/Weapon/01292028.img.xml
Weapon,Weapon,1292029,01292029,,0,1,0,0,False,False,False,True,missing_string_eqp|missing_handbook|outside_current_equip_pool,gms-server/wz/Character.wz/Weapon/01292029.img.xml
Weapon,Weapon,1292030,01292030,,8,200,0,0,False,False,False,True,missing_string_eqp|missing_handbook|outside_current_equip_pool,gms-server/wz/Character.wz/Weapon/01292030.img.xml
Weapon,Weapon,1292033,01292033,,8,150,0,0,False,False,False,True,missing_string_eqp|missing_handbook|outside_current_equip_pool,gms-server/wz/Character.wz/Weapon/01292033.img.xml
Weapon,Weapon,1292034,01292034,,8,160,0,0,False,False,False,True,missing_string_eqp|missing_handbook|outside_current_equip_pool,gms-server/wz/Character.wz/Weapon/01292034.img.xml
Weapon,Weapon,1292035,01292035,,8,160,0,0,False,False,False,True,missing_string_eqp|missing_handbook|outside_current_equip_pool,gms-server/wz/Character.wz/Weapon/01292035.img.xml
Weapon,Weapon,1292036,01292036,,8,150,0,0,False,False,False,True,missing_string_eqp|missing_handbook|outside_current_equip_pool,gms-server/wz/Character.wz/Weapon/01292036.img.xml
Weapon,Weapon,1292039,01292039,,8,150,0,0,False,False,False,True,missing_string_eqp|missing_handbook|outside_current_equip_pool,gms-server/wz/Character.wz/Weapon/01292039.img.xml
Weapon,Weapon,1292041,01292041,,8,150,0,0,False,False,False,True,missing_string_eqp|missing_handbook|outside_current_equip_pool,gms-server/wz/Character.wz/Weapon/01292041.img.xml
Weapon,Weapon,1302136,01302136,,0,70,0,0,False,False,False,True,missing_string_eqp|missing_handbook|outside_current_equip_pool,gms-server/wz/Character.wz/Weapon/01302136.img.xml
Weapon,Weapon,1302137,01302137,,0,70,0,0,False,False,False,True,missing_string_eqp|missing_handbook|outside_current_equip_pool,gms-server/wz/Character.wz/Weapon/01302137.img.xml
Weapon,Weapon,1302139,01302139,,0,70,0,0,False,False,False,True,missing_string_eqp|missing_handbook|outside_current_equip_pool,gms-server/wz/Character.wz/Weapon/01302139.img.xml
Weapon,Weapon,1302140,01302140,,0,70,0,0,False,False,False,True,missing_string_eqp|missing_handbook|outside_current_equip_pool,gms-server/wz/Character.wz/Weapon/01302140.img.xml
Weapon,Weapon,1302156,01302156,,0,0,0,0,False,False,False,True,missing_string_eqp|missing_handbook|outside_current_equip_pool,gms-server/wz/Character.wz/Weapon/01302156.img.xml
Weapon,Weapon,1302157,01302157,,0,0,0,0,False,False,False,True,missing_string_eqp|missing_handbook|outside_current_equip_pool,gms-server/wz/Character.wz/Weapon/01302157.img.xml
Weapon,Weapon,1302158,01302158,,0,0,0,0,False,False,False,True,missing_string_eqp|missing_handbook|outside_current_equip_pool,gms-server/wz/Character.wz/Weapon/01302158.img.xml
Weapon,Weapon,1302231,01302231,,1,0,0,0,False,False,False,True,missing_string_eqp|missing_handbook|outside_current_equip_pool,gms-server/wz/Character.wz/Weapon/01302231.img.xml
Weapon,Weapon,1302300,01302300,,0,38,0,0,False,False,False,True,missing_string_eqp|missing_handbook|outside_current_equip_pool,gms-server/wz/Character.wz/Weapon/01302300.img.xml
Weapon,Weapon,1302301,01302301,,0,50,0,0,False,False,False,True,missing_string_eqp|missing_handbook|outside_current_equip_pool,gms-server/wz/Character.wz/Weapon/01302301.img.xml
Weapon,Weapon,1302302,01302302,,0,70,0,0,False,False,False,True,missing_string_eqp|missing_handbook|outside_current_equip_pool,gms-server/wz/Character.wz/Weapon/01302302.img.xml
Weapon,Weapon,1302303,01302303,,0,70,0,0,False,False,False,True,missing_string_eqp|missing_handbook|outside_current_equip_pool,gms-server/wz/Character.wz/Weapon/01302303.img.xml
Weapon,Weapon,1302305,01302305,,0,70,0,0,False,False,False,True,missing_string_eqp|missing_handbook|outside_current_equip_pool,gms-server/wz/Character.wz/Weapon/01302305.img.xml
Weapon,Weapon,1302311,01302311,,0,0,0,0,False,False,False,True,missing_string_eqp|missing_handbook|outside_current_equip_pool,gms-server/wz/Character.wz/Weapon/01302311.img.xml
Weapon,Weapon,1302335,01302335,,0,70,0,0,False,False,False,True,missing_string_eqp|missing_handbook|outside_current_equip_pool,gms-server/wz/Character.wz/Weapon/01302335.img.xml
Weapon,Weapon,1302351,01302351,,1,200,0,0,False,False,False,True,missing_string_eqp|missing_handbook|outside_current_equip_pool,gms-server/wz/Character.wz/Weapon/01302351.img.xml
Weapon,Weapon,1302354,01302354,,1,200,0,0,False,False,False,True,missing_string_eqp|missing_handbook|outside_current_equip_pool,gms-server/wz/Character.wz/Weapon/01302354.img.xml
Weapon,Weapon,1302355,01302355,,1,200,0,0,False,False,False,True,missing_string_eqp|missing_handbook|outside_current_equip_pool,gms-server/wz/Character.wz/Weapon/01302355.img.xml
Weapon,Weapon,1302356,01302356,,1,150,0,0,False,False,False,True,missing_string_eqp|missing_handbook|outside_current_equip_pool,gms-server/wz/Character.wz/Weapon/01302356.img.xml
Weapon,Weapon,1302357,01302357,,0,0,0,0,False,False,False,True,missing_string_eqp|missing_handbook|outside_current_equip_pool,gms-server/wz/Character.wz/Weapon/01302357.img.xml
Weapon,Weapon,1302358,01302358,,0,50,0,0,False,False,False,True,missing_string_eqp|missing_handbook|outside_current_equip_pool,gms-server/wz/Character.wz/Weapon/01302358.img.xml
Weapon,Weapon,1302359,01302359,,1,200,0,0,False,False,False,True,missing_string_eqp|missing_handbook|outside_current_equip_pool,gms-server/wz/Character.wz/Weapon/01302359.img.xml
Weapon,Weapon,1302363,01302363,,0,0,0,0,False,False,False,True,missing_string_eqp|missing_handbook|outside_current_equip_pool,gms-server/wz/Character.wz/Weapon/01302363.img.xml
Weapon,Weapon,1302917,01302917,,0,75,1,0,False,False,False,True,missing_string_eqp|missing_handbook|outside_current_equip_pool,gms-server/wz/Character.wz/Weapon/01302917.img.xml
Weapon,Weapon,1302918,01302918,,0,75,0,0,False,False,False,True,missing_string_eqp|missing_handbook|outside_current_equip_pool,gms-server/wz/Character.wz/Weapon/01302918.img.xml
Weapon,Weapon,1312120,01312120,,1,0,0,0,False,False,False,True,missing_string_eqp|missing_handbook|outside_current_equip_pool,gms-server/wz/Character.wz/Weapon/01312120.img.xml
Weapon,Weapon,1312212,01312212,,1,200,0,0,False,False,False,True,missing_string_eqp|missing_handbook|outside_current_equip_pool,gms-server/wz/Character.wz/Weapon/01312212.img.xml
Weapon,Weapon,1312213,01312213,,1,200,0,0,False,False,False,True,missing_string_eqp|missing_handbook|outside_current_equip_pool,gms-server/wz/Character.wz/Weapon/01312213.img.xml
Weapon,Weapon,1312214,01312214,,1,150,0,0,False,False,False,True,missing_string_eqp|missing_handbook|outside_current_equip_pool,gms-server/wz/Character.wz/Weapon/01312214.img.xml
Weapon,Weapon,1312215,01312215,,1,200,0,0,False,False,False,True,missing_string_eqp|missing_handbook|outside_current_equip_pool,gms-server/wz/Character.wz/Weapon/01312215.img.xml
Weapon,Weapon,1312216,01312216,,0,0,0,0,False,False,False,True,missing_string_eqp|missing_handbook|outside_current_equip_pool,gms-server/wz/Character.wz/Weapon/01312216.img.xml
Weapon,Weapon,1322166,01322166,,1,0,0,0,False,False,False,True,missing_string_eqp|missing_handbook|outside_current_equip_pool,gms-server/wz/Character.wz/Weapon/01322166.img.xml
Weapon,Weapon,1322263,01322263,,1,200,0,0,False,False,False,True,missing_string_eqp|missing_handbook|outside_current_equip_pool,gms-server/wz/Character.wz/Weapon/01322263.img.xml
Weapon,Weapon,1322264,01322264,,1,200,0,0,False,False,False,True,missing_string_eqp|missing_handbook|outside_current_equip_pool,gms-server/wz/Character.wz/Weapon/01322264.img.xml
Weapon,Weapon,1322265,01322265,,1,150,0,0,False,False,False,True,missing_string_eqp|missing_handbook|outside_current_equip_pool,gms-server/wz/Character.wz/Weapon/01322265.img.xml
Weapon,Weapon,1322266,01322266,,1,200,0,0,False,False,False,True,missing_string_eqp|missing_handbook|outside_current_equip_pool,gms-server/wz/Character.wz/Weapon/01322266.img.xml
Weapon,Weapon,1322267,01322267,,0,0,0,0,False,False,False,True,missing_string_eqp|missing_handbook|outside_current_equip_pool,gms-server/wz/Character.wz/Weapon/01322267.img.xml
Weapon,Weapon,1322269,01322269,,0,0,0,0,False,False,False,True,missing_string_eqp|missing_handbook|outside_current_equip_pool,gms-server/wz/Character.wz/Weapon/01322269.img.xml
Weapon,Weapon,1332089,01332089,,8,50,0,0,False,False,False,True,missing_string_eqp|missing_handbook|outside_current_equip_pool,gms-server/wz/Character.wz/Weapon/01332089.img.xml
Weapon,Weapon,1332090,01332090,,8,43,0,0,False,False,False,True,missing_string_eqp|missing_handbook|outside_current_equip_pool,gms-server/wz/Character.wz/Weapon/01332090.img.xml
Weapon,Weapon,1332091,01332091,,8,90,0,0,False,False,False,True,missing_string_eqp|missing_handbook|outside_current_equip_pool,gms-server/wz/Character.wz/Weapon/01332091.img.xml
Weapon,Weapon,1332092,01332092,,8,110,0,0,False,False,False,True,missing_string_eqp|missing_handbook|outside_current_equip_pool,gms-server/wz/Character.wz/Weapon/01332092.img.xml
Weapon,Weapon,1332169,01332169,,8,0,0,0,False,False,False,True,missing_string_eqp|missing_handbook|outside_current_equip_pool,gms-server/wz/Character.wz/Weapon/01332169.img.xml
Weapon,Weapon,1332197,01332197,,8,0,0,0,False,False,False,True,missing_string_eqp|missing_handbook|outside_current_equip_pool,gms-server/wz/Character.wz/Weapon/01332197.img.xml
Weapon,Weapon,1332237,01332237,,8,0,0,0,False,False,False,True,missing_string_eqp|missing_handbook|outside_current_equip_pool,gms-server/wz/Character.wz/Weapon/01332237.img.xml
Weapon,Weapon,1332288,01332288,,8,200,0,0,False,False,False,True,missing_string_eqp|missing_handbook|outside_current_equip_pool,gms-server/wz/Character.wz/Weapon/01332288.img.xml
Weapon,Weapon,1332289,01332289,,8,200,0,0,False,False,False,True,missing_string_eqp|missing_handbook|outside_current_equip_pool,gms-server/wz/Character.wz/Weapon/01332289.img.xml
Weapon,Weapon,1332290,01332290,,8,150,0,0,False,False,False,True,missing_string_eqp|missing_handbook|outside_current_equip_pool,gms-server/wz/Character.wz/Weapon/01332290.img.xml
Weapon,Weapon,1332291,01332291,,8,200,0,0,False,False,False,True,missing_string_eqp|missing_handbook|outside_current_equip_pool,gms-server/wz/Character.wz/Weapon/01332291.img.xml
Weapon,Weapon,1342000,01342000,,8,20,0,0,False,False,False,True,missing_string_eqp|missing_handbook|outside_current_equip_pool,gms-server/wz/Character.wz/Weapon/01342000.img.xml
Weapon,Weapon,1342001,01342001,,8,30,0,0,False,False,False,True,missing_string_eqp|missing_handbook|outside_current_equip_pool,gms-server/wz/Character.wz/Weapon/01342001.img.xml
Weapon,Weapon,1342002,01342002,,8,40,0,0,False,False,False,True,missing_string_eqp|missing_handbook|outside_current_equip_pool,gms-server/wz/Character.wz/Weapon/01342002.img.xml
Weapon,Weapon,1342003,01342003,,8,50,0,0,False,False,False,True,missing_string_eqp|missing_handbook|outside_current_equip_pool,gms-server/wz/Character.wz/Weapon/01342003.img.xml
Weapon,Weapon,1342004,01342004,,8,60,0,0,False,False,False,True,missing_string_eqp|missing_handbook|outside_current_equip_pool,gms-server/wz/Character.wz/Weapon/01342004.img.xml
Weapon,Weapon,1342005,01342005,,8,70,0,0,False,False,False,True,missing_string_eqp|missing_handbook|outside_current_equip_pool,gms-server/wz/Character.wz/Weapon/01342005.img.xml
Weapon,Weapon,1342006,01342006,,8,80,0,0,False,False,False,True,missing_string_eqp|missing_handbook|outside_current_equip_pool,gms-server/wz/Character.wz/Weapon/01342006.img.xml
Weapon,Weapon,1342007,01342007,,8,90,0,0,False,False,False,True,missing_string_eqp|missing_handbook|outside_current_equip_pool,gms-server/wz/Character.wz/Weapon/01342007.img.xml
Weapon,Weapon,1342008,01342008,,8,100,0,0,False,False,False,True,missing_string_eqp|missing_handbook|outside_current_equip_pool,gms-server/wz/Character.wz/Weapon/01342008.img.xml
Weapon,Weapon,1342009,01342009,,8,105,0,0,False,False,False,True,missing_string_eqp|missing_handbook|outside_current_equip_pool,gms-server/wz/Character.wz/Weapon/01342009.img.xml
Weapon,Weapon,1342010,01342010,,8,110,0,0,False,False,False,True,missing_string_eqp|missing_handbook|outside_current_equip_pool,gms-server/wz/Character.wz/Weapon/01342010.img.xml
Weapon,Weapon,1342011,01342011,,8,120,0,0,False,False,False,True,missing_string_eqp|missing_handbook|outside_current_equip_pool,gms-server/wz/Character.wz/Weapon/01342011.img.xml
Weapon,Weapon,1342012,01342012,,8,120,0,0,False,False,False,True,missing_string_eqp|missing_handbook|outside_current_equip_pool,gms-server/wz/Character.wz/Weapon/01342012.img.xml
Weapon,Weapon,1342013,01342013,,8,30,0,0,False,False,False,True,missing_string_eqp|missing_handbook|outside_current_equip_pool,gms-server/wz/Character.wz/Weapon/01342013.img.xml
Weapon,Weapon,1342014,01342014,,8,40,0,0,False,False,False,True,missing_string_eqp|missing_handbook|outside_current_equip_pool,gms-server/wz/Character.wz/Weapon/01342014.img.xml
Weapon,Weapon,1342015,01342015,,8,50,0,0,False,False,False,True,missing_string_eqp|missing_handbook|outside_current_equip_pool,gms-server/wz/Character.wz/Weapon/01342015.img.xml
Weapon,Weapon,1342016,01342016,,8,60,0,0,False,False,False,True,missing_string_eqp|missing_handbook|outside_current_equip_pool,gms-server/wz/Character.wz/Weapon/01342016.img.xml
Weapon,Weapon,1342017,01342017,,8,70,0,0,False,False,False,True,missing_string_eqp|missing_handbook|outside_current_equip_pool,gms-server/wz/Character.wz/Weapon/01342017.img.xml
Weapon,Weapon,1342018,01342018,,8,30,0,0,False,False,False,True,missing_string_eqp|missing_handbook|outside_current_equip_pool,gms-server/wz/Character.wz/Weapon/01342018.img.xml
Weapon,Weapon,1342019,01342019,,8,80,0,0,False,False,False,True,missing_string_eqp|missing_handbook|outside_current_equip_pool,gms-server/wz/Character.wz/Weapon/01342019.img.xml
Weapon,Weapon,1342020,01342020,,8,90,0,0,False,False,False,True,missing_string_eqp|missing_handbook|outside_current_equip_pool,gms-server/wz/Character.wz/Weapon/01342020.img.xml
Weapon,Weapon,1342021,01342021,,8,30,0,0,False,False,False,True,missing_string_eqp|missing_handbook|outside_current_equip_pool,gms-server/wz/Character.wz/Weapon/01342021.img.xml
Weapon,Weapon,1342022,01342022,,8,50,0,0,False,False,False,True,missing_string_eqp|missing_handbook|outside_current_equip_pool,gms-server/wz/Character.wz/Weapon/01342022.img.xml
Weapon,Weapon,1342023,01342023,,0,20,0,0,False,False,False,True,missing_string_eqp|missing_handbook|outside_current_equip_pool,gms-server/wz/Character.wz/Weapon/01342023.img.xml
Weapon,Weapon,1342024,01342024,,0,50,0,0,False,False,False,True,missing_string_eqp|missing_handbook|outside_current_equip_pool,gms-server/wz/Character.wz/Weapon/01342024.img.xml
Weapon,Weapon,1342025,01342025,,8,35,0,0,False,False,False,True,missing_string_eqp|missing_handbook|outside_current_equip_pool,gms-server/wz/Character.wz/Weapon/01342025.img.xml
Weapon,Weapon,1342026,01342026,,8,43,0,0,False,False,False,True,missing_string_eqp|missing_handbook|outside_current_equip_pool,gms-server/wz/Character.wz/Weapon/01342026.img.xml
Weapon,Weapon,1342027,01342027,,8,64,0,0,False,False,False,True,missing_string_eqp|missing_handbook|outside_current_equip_pool,gms-server/wz/Character.wz/Weapon/01342027.img.xml
Weapon,Weapon,1342028,01342028,,8,77,0,0,False,False,False,True,missing_string_eqp|missing_handbook|outside_current_equip_pool,gms-server/wz/Character.wz/Weapon/01342028.img.xml
Weapon,Weapon,1342029,01342029,,8,47,0,0,False,False,False,True,missing_string_eqp|missing_handbook|outside_current_equip_pool,gms-server/wz/Character.wz/Weapon/01342029.img.xml
Weapon,Weapon,1342030,01342030,,8,67,0,0,False,False,False,True,missing_string_eqp|missing_handbook|outside_current_equip_pool,gms-server/wz/Character.wz/Weapon/01342030.img.xml
Weapon,Weapon,1342031,01342031,,8,87,0,0,False,False,False,True,missing_string_eqp|missing_handbook|outside_current_equip_pool,gms-server/wz/Character.wz/Weapon/01342031.img.xml
Weapon,Weapon,1342032,01342032,,8,107,0,0,False,False,False,True,missing_string_eqp|missing_handbook|outside_current_equip_pool,gms-server/wz/Character.wz/Weapon/01342032.img.xml
Weapon,Weapon,1342033,01342033,,8,127,0,0,False,False,False,True,missing_string_eqp|missing_handbook|outside_current_equip_pool,gms-server/wz/Character.wz/Weapon/01342033.img.xml
Weapon,Weapon,1342034,01342034,,8,70,0,0,False,False,False,True,missing_string_eqp|missing_handbook|outside_current_equip_pool,gms-server/wz/Character.wz/Weapon/01342034.img.xml
Weapon,Weapon,1342035,01342035,,8,130,0,0,False,False,False,True,missing_string_eqp|missing_handbook|outside_current_equip_pool,gms-server/wz/Character.wz/Weapon/01342035.img.xml
Weapon,Weapon,1342036,01342036,,8,140,0,0,False,False,False,True,missing_string_eqp|missing_handbook|outside_current_equip_pool,gms-server/wz/Character.wz/Weapon/01342036.img.xml
Weapon,Weapon,1342037,01342037,,8,50,0,0,False,False,False,True,missing_string_eqp|missing_handbook|outside_current_equip_pool,gms-server/wz/Character.wz/Weapon/01342037.img.xml
Weapon,Weapon,1342038,01342038,,8,100,0,0,False,False,False,True,missing_string_eqp|missing_handbook|outside_current_equip_pool,gms-server/wz/Character.wz/Weapon/01342038.img.xml
Weapon,Weapon,1342039,01342039,,8,77,0,0,False,False,False,True,missing_string_eqp|missing_handbook|outside_current_equip_pool,gms-server/wz/Character.wz/Weapon/01342039.img.xml
Weapon,Weapon,1342040,01342040,,8,125,0,0,False,False,False,True,missing_string_eqp|missing_handbook|outside_current_equip_pool,gms-server/wz/Character.wz/Weapon/01342040.img.xml
Weapon,Weapon,1342041,01342041,,8,125,0,0,False,False,False,True,missing_string_eqp|missing_handbook|outside_current_equip_pool,gms-server/wz/Character.wz/Weapon/01342041.img.xml
Weapon,Weapon,1342042,01342042,,8,110,0,0,False,False,False,True,missing_string_eqp|missing_handbook|outside_current_equip_pool,gms-server/wz/Character.wz/Weapon/01342042.img.xml
Weapon,Weapon,1342043,01342043,,8,80,0,0,False,False,False,True,missing_string_eqp|missing_handbook|outside_current_equip_pool,gms-server/wz/Character.wz/Weapon/01342043.img.xml
Weapon,Weapon,1342044,01342044,,8,90,0,0,False,False,False,True,missing_string_eqp|missing_handbook|outside_current_equip_pool,gms-server/wz/Character.wz/Weapon/01342044.img.xml
Weapon,Weapon,1342045,01342045,,8,100,0,0,False,False,False,True,missing_string_eqp|missing_handbook|outside_current_equip_pool,gms-server/wz/Character.wz/Weapon/01342045.img.xml
Weapon,Weapon,1342046,01342046,,8,110,0,0,False,False,False,True,missing_string_eqp|missing_handbook|outside_current_equip_pool,gms-server/wz/Character.wz/Weapon/01342046.img.xml
Weapon,Weapon,1342047,01342047,,8,20,0,0,False,False,False,True,missing_string_eqp|missing_handbook|outside_current_equip_pool,gms-server/wz/Character.wz/Weapon/01342047.img.xml
Weapon,Weapon,1342048,01342048,,8,30,0,0,False,False,False,True,missing_string_eqp|missing_handbook|outside_current_equip_pool,gms-server/wz/Character.wz/Weapon/01342048.img.xml
Weapon,Weapon,1342049,01342049,,8,40,0,0,False,False,False,True,missing_string_eqp|missing_handbook|outside_current_equip_pool,gms-server/wz/Character.wz/Weapon/01342049.img.xml
Weapon,Weapon,1342050,01342050,,8,50,0,0,False,False,False,True,missing_string_eqp|missing_handbook|outside_current_equip_pool,gms-server/wz/Character.wz/Weapon/01342050.img.xml
Weapon,Weapon,1342051,01342051,,8,60,0,0,False,False,False,True,missing_string_eqp|missing_handbook|outside_current_equip_pool,gms-server/wz/Character.wz/Weapon/01342051.img.xml
Weapon,Weapon,1342052,01342052,,8,70,0,0,False,False,False,True,missing_string_eqp|missing_handbook|outside_current_equip_pool,gms-server/wz/Character.wz/Weapon/01342052.img.xml
Weapon,Weapon,1342054,01342054,,8,70,0,0,False,False,False,True,missing_string_eqp|missing_handbook|outside_current_equip_pool,gms-server/wz/Character.wz/Weapon/01342054.img.xml
Weapon,Weapon,1342055,01342055,,8,80,0,0,False,False,False,True,missing_string_eqp|missing_handbook|outside_current_equip_pool,gms-server/wz/Character.wz/Weapon/01342055.img.xml
Weapon,Weapon,1342056,01342056,,8,90,0,0,False,False,False,True,missing_string_eqp|missing_handbook|outside_current_equip_pool,gms-server/wz/Character.wz/Weapon/01342056.img.xml
Weapon,Weapon,1342057,01342057,,8,100,0,0,False,False,False,True,missing_string_eqp|missing_handbook|outside_current_equip_pool,gms-server/wz/Character.wz/Weapon/01342057.img.xml
Weapon,Weapon,1342058,01342058,,8,110,0,0,False,False,False,True,missing_string_eqp|missing_handbook|outside_current_equip_pool,gms-server/wz/Character.wz/Weapon/01342058.img.xml
Weapon,Weapon,1342059,01342059,,8,120,0,0,False,False,False,True,missing_string_eqp|missing_handbook|outside_current_equip_pool,gms-server/wz/Character.wz/Weapon/01342059.img.xml
Weapon,Weapon,1342064,01342064,,8,130,0,0,False,False,False,True,missing_string_eqp|missing_handbook|outside_current_equip_pool,gms-server/wz/Character.wz/Weapon/01342064.img.xml
Weapon,Weapon,1342065,01342065,,8,75,0,0,False,False,False,True,missing_string_eqp|missing_handbook|outside_current_equip_pool,gms-server/wz/Character.wz/Weapon/01342065.img.xml
Weapon,Weapon,1342066,01342066,,8,120,0,0,False,False,False,True,missing_string_eqp|missing_handbook|outside_current_equip_pool,gms-server/wz/Character.wz/Weapon/01342066.img.xml
Weapon,Weapon,1342068,01342068,,8,110,0,0,False,False,False,True,missing_string_eqp|missing_handbook|outside_current_equip_pool,gms-server/wz/Character.wz/Weapon/01342068.img.xml
Weapon,Weapon,1342069,01342069,,0,0,1,0,False,False,False,True,missing_string_eqp|missing_handbook|outside_current_equip_pool,gms-server/wz/Character.wz/Weapon/01342069.img.xml
Weapon,Weapon,1342070,01342070,,8,135,0,0,False,False,False,True,missing_string_eqp|missing_handbook|outside_current_equip_pool,gms-server/wz/Character.wz/Weapon/01342070.img.xml
Weapon,Weapon,1342071,01342071,,8,150,0,0,False,False,False,True,missing_string_eqp|missing_handbook|outside_current_equip_pool,gms-server/wz/Character.wz/Weapon/01342071.img.xml
Weapon,Weapon,1342072,01342072,,8,0,0,0,False,False,False,True,missing_string_eqp|missing_handbook|outside_current_equip_pool,gms-server/wz/Character.wz/Weapon/01342072.img.xml
Weapon,Weapon,1342075,01342075,,8,135,0,0,False,False,False,True,missing_string_eqp|missing_handbook|outside_current_equip_pool,gms-server/wz/Character.wz/Weapon/01342075.img.xml
Weapon,Weapon,1342076,01342076,,8,80,0,0,False,False,False,True,missing_string_eqp|missing_handbook|outside_current_equip_pool,gms-server/wz/Character.wz/Weapon/01342076.img.xml
Weapon,Weapon,1342077,01342077,,8,90,0,0,False,False,False,True,missing_string_eqp|missing_handbook|outside_current_equip_pool,gms-server/wz/Character.wz/Weapon/01342077.img.xml
Weapon,Weapon,1342078,01342078,,8,30,0,0,False,False,False,True,missing_string_eqp|missing_handbook|outside_current_equip_pool,gms-server/wz/Character.wz/Weapon/01342078.img.xml
Weapon,Weapon,1342079,01342079,,8,135,0,0,False,False,False,True,missing_string_eqp|missing_handbook|outside_current_equip_pool,gms-server/wz/Character.wz/Weapon/01342079.img.xml
Weapon,Weapon,1342080,01342080,,8,130,0,0,False,False,False,True,missing_string_eqp|missing_handbook|outside_current_equip_pool,gms-server/wz/Character.wz/Weapon/01342080.img.xml
Weapon,Weapon,1342082,01342082,,8,150,0,0,False,False,False,True,missing_string_eqp|missing_handbook|outside_current_equip_pool,gms-server/wz/Character.wz/Weapon/01342082.img.xml
Weapon,Weapon,1342083,01342083,,8,145,0,0,False,False,False,True,missing_string_eqp|missing_handbook|outside_current_equip_pool,gms-server/wz/Character.wz/Weapon/01342083.img.xml
Weapon,Weapon,1342084,01342084,,8,145,0,0,False,False,False,True,missing_string_eqp|missing_handbook|outside_current_equip_pool,gms-server/wz/Character.wz/Weapon/01342084.img.xml
Weapon,Weapon,1342085,01342085,,8,0,0,0,False,False,False,True,missing_string_eqp|missing_handbook|outside_current_equip_pool,gms-server/wz/Character.wz/Weapon/01342085.img.xml
Weapon,Weapon,1342086,01342086,,8,160,0,0,False,False,False,True,missing_string_eqp|missing_handbook|outside_current_equip_pool,gms-server/wz/Character.wz/Weapon/01342086.img.xml
Weapon,Weapon,1342087,01342087,,8,75,0,0,False,False,False,True,missing_string_eqp|missing_handbook|outside_current_equip_pool,gms-server/wz/Character.wz/Weapon/01342087.img.xml
Weapon,Weapon,1342088,01342088,,8,60,0,0,False,False,False,True,missing_string_eqp|missing_handbook|outside_current_equip_pool,gms-server/wz/Character.wz/Weapon/01342088.img.xml
Weapon,Weapon,1342089,01342089,,8,100,0,0,False,False,False,True,missing_string_eqp|missing_handbook|outside_current_equip_pool,gms-server/wz/Character.wz/Weapon/01342089.img.xml
Weapon,Weapon,1342090,01342090,,8,160,0,0,False,False,False,True,missing_string_eqp|missing_handbook|outside_current_equip_pool,gms-server/wz/Character.wz/Weapon/01342090.img.xml
Weapon,Weapon,1342091,01342091,,8,150,0,0,False,False,False,True,missing_string_eqp|missing_handbook|outside_current_equip_pool,gms-server/wz/Character.wz/Weapon/01342091.img.xml
Weapon,Weapon,1342092,01342092,,8,100,0,0,False,False,False,True,missing_string_eqp|missing_handbook|outside_current_equip_pool,gms-server/wz/Character.wz/Weapon/01342092.img.xml
Weapon,Weapon,1342094,01342094,,8,100,0,0,False,False,False,True,missing_string_eqp|missing_handbook|outside_current_equip_pool,gms-server/wz/Character.wz/Weapon/01342094.img.xml
Weapon,Weapon,1342095,01342095,,8,140,0,0,False,False,False,True,missing_string_eqp|missing_handbook|outside_current_equip_pool,gms-server/wz/Character.wz/Weapon/01342095.img.xml
Weapon,Weapon,1342097,01342097,,8,110,0,0,False,False,False,True,missing_string_eqp|missing_handbook|outside_current_equip_pool,gms-server/wz/Character.wz/Weapon/01342097.img.xml
Weapon,Weapon,1342098,01342098,,8,120,0,0,False,False,False,True,missing_string_eqp|missing_handbook|outside_current_equip_pool,gms-server/wz/Character.wz/Weapon/01342098.img.xml
Weapon,Weapon,1342099,01342099,,8,130,0,0,False,False,False,True,missing_string_eqp|missing_handbook|outside_current_equip_pool,gms-server/wz/Character.wz/Weapon/01342099.img.xml
Weapon,Weapon,1342100,01342100,,8,140,0,0,False,False,False,True,missing_string_eqp|missing_handbook|outside_current_equip_pool,gms-server/wz/Character.wz/Weapon/01342100.img.xml
Weapon,Weapon,1342101,01342101,,8,160,0,0,False,False,False,True,missing_string_eqp|missing_handbook|outside_current_equip_pool,gms-server/wz/Character.wz/Weapon/01342101.img.xml
Weapon,Weapon,1342102,01342102,,8,100,0,0,False,False,False,True,missing_string_eqp|missing_handbook|outside_current_equip_pool,gms-server/wz/Character.wz/Weapon/01342102.img.xml
Weapon,Weapon,1342103,01342103,,8,120,0,0,False,False,False,True,missing_string_eqp|missing_handbook|outside_current_equip_pool,gms-server/wz/Character.wz/Weapon/01342103.img.xml
Weapon,Weapon,1342104,01342104,,8,200,0,0,False,False,False,True,missing_string_eqp|missing_handbook|outside_current_equip_pool,gms-server/wz/Character.wz/Weapon/01342104.img.xml
Weapon,Weapon,1342105,01342105,,8,160,0,0,False,False,False,True,missing_string_eqp|missing_handbook|outside_current_equip_pool,gms-server/wz/Character.wz/Weapon/01342105.img.xml
Weapon,Weapon,1342107,01342107,,8,150,0,0,False,False,False,True,missing_string_eqp|missing_handbook|outside_current_equip_pool,gms-server/wz/Character.wz/Weapon/01342107.img.xml
Weapon,Weapon,1342108,01342108,,8,100,0,0,False,False,False,True,missing_string_eqp|missing_handbook|outside_current_equip_pool,gms-server/wz/Character.wz/Weapon/01342108.img.xml
Weapon,Weapon,1342109,01342109,,8,150,0,0,False,False,False,True,missing_string_eqp|missing_handbook|outside_current_equip_pool,gms-server/wz/Character.wz/Weapon/01342109.img.xml
Weapon,Weapon,1342110,01342110,,8,200,0,0,False,False,False,True,missing_string_eqp|missing_handbook|outside_current_equip_pool,gms-server/wz/Character.wz/Weapon/01342110.img.xml
Weapon,Weapon,1352000,01352000,,4,10,0,0,False,False,False,True,missing_string_eqp|missing_handbook|outside_current_equip_pool,gms-server/wz/Character.wz/Weapon/01352000.img.xml
Weapon,Weapon,1352001,01352001,,4,30,0,0,False,False,False,True,missing_string_eqp|missing_handbook|outside_current_equip_pool,gms-server/wz/Character.wz/Weapon/01352001.img.xml
Weapon,Weapon,1352002,01352002,,4,60,0,0,False,False,False,True,missing_string_eqp|missing_handbook|outside_current_equip_pool,gms-server/wz/Character.wz/Weapon/01352002.img.xml
Weapon,Weapon,1352003,01352003,,4,100,0,0,False,False,False,True,missing_string_eqp|missing_handbook|outside_current_equip_pool,gms-server/wz/Character.wz/Weapon/01352003.img.xml
Weapon,Weapon,1352004,01352004,,0,0,0,0,False,False,False,True,missing_string_eqp|missing_handbook|outside_current_equip_pool,gms-server/wz/Character.wz/Weapon/01352004.img.xml
Weapon,Weapon,1352005,01352005,,4,10,0,0,False,False,False,True,missing_string_eqp|missing_handbook|outside_current_equip_pool,gms-server/wz/Character.wz/Weapon/01352005.img.xml
Weapon,Weapon,1352006,01352006,,4,30,0,0,False,False,False,True,missing_string_eqp|missing_handbook|outside_current_equip_pool,gms-server/wz/Character.wz/Weapon/01352006.img.xml
Weapon,Weapon,1352007,01352007,,4,70,0,0,False,False,False,True,missing_string_eqp|missing_handbook|outside_current_equip_pool,gms-server/wz/Character.wz/Weapon/01352007.img.xml
Weapon,Weapon,1352008,01352008,,4,100,0,0,False,False,False,True,missing_string_eqp|missing_handbook|outside_current_equip_pool,gms-server/wz/Character.wz/Weapon/01352008.img.xml
Weapon,Weapon,1352009,01352009,,4,140,0,0,False,False,False,True,missing_string_eqp|missing_handbook|outside_current_equip_pool,gms-server/wz/Character.wz/Weapon/01352009.img.xml
Weapon,Weapon,1352010,01352010,,4,100,0,0,False,False,False,True,missing_string_eqp|missing_handbook|outside_current_equip_pool,gms-server/wz/Character.wz/Weapon/01352010.img.xml
Weapon,Weapon,1352011,01352011,,4,110,0,0,False,False,False,True,missing_string_eqp|missing_handbook|outside_current_equip_pool,gms-server/wz/Character.wz/Weapon/01352011.img.xml
Weapon,Weapon,1352012,01352012,,4,100,0,0,False,False,False,True,missing_string_eqp|missing_handbook|outside_current_equip_pool,gms-server/wz/Character.wz/Weapon/01352012.img.xml
Weapon,Weapon,1352100,01352100,,8,10,0,0,False,False,False,True,missing_string_eqp|missing_handbook|outside_current_equip_pool,gms-server/wz/Character.wz/Weapon/01352100.img.xml
Weapon,Weapon,1352101,01352101,,8,30,0,0,False,False,False,True,missing_string_eqp|missing_handbook|outside_current_equip_pool,gms-server/wz/Character.wz/Weapon/01352101.img.xml
Weapon,Weapon,1352102,01352102,,8,60,0,0,False,False,False,True,missing_string_eqp|missing_handbook|outside_current_equip_pool,gms-server/wz/Character.wz/Weapon/01352102.img.xml
Weapon,Weapon,1352103,01352103,,8,100,0,0,False,False,False,True,missing_string_eqp|missing_handbook|outside_current_equip_pool,gms-server/wz/Character.wz/Weapon/01352103.img.xml
Weapon,Weapon,1352104,01352104,,0,0,0,0,False,False,False,True,missing_string_eqp|missing_handbook|outside_current_equip_pool,gms-server/wz/Character.wz/Weapon/01352104.img.xml
Weapon,Weapon,1352105,01352105,,8,10,0,0,False,False,False,True,missing_string_eqp|missing_handbook|outside_current_equip_pool,gms-server/wz/Character.wz/Weapon/01352105.img.xml
Weapon,Weapon,1352106,01352106,,8,30,0,0,False,False,False,True,missing_string_eqp|missing_handbook|outside_current_equip_pool,gms-server/wz/Character.wz/Weapon/01352106.img.xml
Weapon,Weapon,1352107,01352107,,8,60,0,0,False,False,False,True,missing_string_eqp|missing_handbook|outside_current_equip_pool,gms-server/wz/Character.wz/Weapon/01352107.img.xml
Weapon,Weapon,1352108,01352108,,8,100,0,0,False,False,False,True,missing_string_eqp|missing_handbook|outside_current_equip_pool,gms-server/wz/Character.wz/Weapon/01352108.img.xml
Weapon,Weapon,1352109,01352109,,8,140,0,0,False,False,False,True,missing_string_eqp|missing_handbook|outside_current_equip_pool,gms-server/wz/Character.wz/Weapon/01352109.img.xml
Weapon,Weapon,1352110,01352110,,8,100,0,0,False,False,False,True,missing_string_eqp|missing_handbook|outside_current_equip_pool,gms-server/wz/Character.wz/Weapon/01352110.img.xml
Weapon,Weapon,1352111,01352111,,8,110,0,0,False,False,False,True,missing_string_eqp|missing_handbook|outside_current_equip_pool,gms-server/wz/Character.wz/Weapon/01352111.img.xml
Weapon,Weapon,1352112,01352112,,8,100,0,0,False,False,False,True,missing_string_eqp|missing_handbook|outside_current_equip_pool,gms-server/wz/Character.wz/Weapon/01352112.img.xml
Weapon,Weapon,1352200,01352200,,1,30,0,0,False,False,False,True,missing_string_eqp|missing_handbook|outside_current_equip_pool,gms-server/wz/Character.wz/Weapon/01352200.img.xml
Weapon,Weapon,1352201,01352201,,1,60,0,0,False,False,False,True,missing_string_eqp|missing_handbook|outside_current_equip_pool,gms-server/wz/Character.wz/Weapon/01352201.img.xml
Weapon,Weapon,1352202,01352202,,1,100,0,0,False,False,False,True,missing_string_eqp|missing_handbook|outside_current_equip_pool,gms-server/wz/Character.wz/Weapon/01352202.img.xml
Weapon,Weapon,1352203,01352203,,1,100,0,0,False,False,False,True,missing_string_eqp|missing_handbook|outside_current_equip_pool,gms-server/wz/Character.wz/Weapon/01352203.img.xml
Weapon,Weapon,1352204,01352204,,1,30,0,0,False,False,False,True,missing_string_eqp|missing_handbook|outside_current_equip_pool,gms-server/wz/Character.wz/Weapon/01352204.img.xml
Weapon,Weapon,1352205,01352205,,1,100,0,0,False,False,False,True,missing_string_eqp|missing_handbook|outside_current_equip_pool,gms-server/wz/Character.wz/Weapon/01352205.img.xml
Weapon,Weapon,1352206,01352206,,1,140,0,0,False,False,False,True,missing_string_eqp|missing_handbook|outside_current_equip_pool,gms-server/wz/Character.wz/Weapon/01352206.img.xml
Weapon,Weapon,1352207,01352207,,1,100,0,0,False,False,False,True,missing_string_eqp|missing_handbook|outside_current_equip_pool,gms-server/wz/Character.wz/Weapon/01352207.img.xml
Weapon,Weapon,1352208,01352208,,1,110,0,0,False,False,False,True,missing_string_eqp|missing_handbook|outside_current_equip_pool,gms-server/wz/Character.wz/Weapon/01352208.img.xml
Weapon,Weapon,1352210,01352210,,1,30,0,0,False,False,False,True,missing_string_eqp|missing_handbook|outside_current_equip_pool,gms-server/wz/Character.wz/Weapon/01352210.img.xml
Weapon,Weapon,1352211,01352211,,1,60,0,0,False,False,False,True,missing_string_eqp|missing_handbook|outside_current_equip_pool,gms-server/wz/Character.wz/Weapon/01352211.img.xml
Weapon,Weapon,1352212,01352212,,1,100,0,0,False,False,False,True,missing_string_eqp|missing_handbook|outside_current_equip_pool,gms-server/wz/Character.wz/Weapon/01352212.img.xml
Weapon,Weapon,1352213,01352213,,1,100,0,0,False,False,False,True,missing_string_eqp|missing_handbook|outside_current_equip_pool,gms-server/wz/Character.wz/Weapon/01352213.img.xml
Weapon,Weapon,1352214,01352214,,1,30,0,0,False,False,False,True,missing_string_eqp|missing_handbook|outside_current_equip_pool,gms-server/wz/Character.wz/Weapon/01352214.img.xml
Weapon,Weapon,1352215,01352215,,1,100,0,0,False,False,False,True,missing_string_eqp|missing_handbook|outside_current_equip_pool,gms-server/wz/Character.wz/Weapon/01352215.img.xml
Weapon,Weapon,1352216,01352216,,1,140,0,0,False,False,False,True,missing_string_eqp|missing_handbook|outside_current_equip_pool,gms-server/wz/Character.wz/Weapon/01352216.img.xml
Weapon,Weapon,1352217,01352217,,1,100,0,0,False,False,False,True,missing_string_eqp|missing_handbook|outside_current_equip_pool,gms-server/wz/Character.wz/Weapon/01352217.img.xml
Weapon,Weapon,1352218,01352218,,1,110,0,0,False,False,False,True,missing_string_eqp|missing_handbook|outside_current_equip_pool,gms-server/wz/Character.wz/Weapon/01352218.img.xml
Weapon,Weapon,1352220,01352220,,1,30,0,0,False,False,False,True,missing_string_eqp|missing_handbook|outside_current_equip_pool,gms-server/wz/Character.wz/Weapon/01352220.img.xml
Weapon,Weapon,1352221,01352221,,1,60,0,0,False,False,False,True,missing_string_eqp|missing_handbook|outside_current_equip_pool,gms-server/wz/Character.wz/Weapon/01352221.img.xml
Weapon,Weapon,1352222,01352222,,1,100,0,0,False,False,False,True,missing_string_eqp|missing_handbook|outside_current_equip_pool,gms-server/wz/Character.wz/Weapon/01352222.img.xml
Weapon,Weapon,1352223,01352223,,1,100,0,0,False,False,False,True,missing_string_eqp|missing_handbook|outside_current_equip_pool,gms-server/wz/Character.wz/Weapon/01352223.img.xml
Weapon,Weapon,1352224,01352224,,1,30,0,0,False,False,False,True,missing_string_eqp|missing_handbook|outside_current_equip_pool,gms-server/wz/Character.wz/Weapon/01352224.img.xml
Weapon,Weapon,1352225,01352225,,1,100,0,0,False,False,False,True,missing_string_eqp|missing_handbook|outside_current_equip_pool,gms-server/wz/Character.wz/Weapon/01352225.img.xml
Weapon,Weapon,1352226,01352226,,1,140,0,0,False,False,False,True,missing_string_eqp|missing_handbook|outside_current_equip_pool,gms-server/wz/Character.wz/Weapon/01352226.img.xml
Weapon,Weapon,1352227,01352227,,1,100,0,0,False,False,False,True,missing_string_eqp|missing_handbook|outside_current_equip_pool,gms-server/wz/Character.wz/Weapon/01352227.img.xml
Weapon,Weapon,1352228,01352228,,1,110,0,0,False,False,False,True,missing_string_eqp|missing_handbook|outside_current_equip_pool,gms-server/wz/Character.wz/Weapon/01352228.img.xml
Weapon,Weapon,1352230,01352230,,2,30,0,0,False,False,False,True,missing_string_eqp|missing_handbook|outside_current_equip_pool,gms-server/wz/Character.wz/Weapon/01352230.img.xml
Weapon,Weapon,1352231,01352231,,2,60,0,0,False,False,False,True,missing_string_eqp|missing_handbook|outside_current_equip_pool,gms-server/wz/Character.wz/Weapon/01352231.img.xml
Weapon,Weapon,1352232,01352232,,2,100,0,0,False,False,False,True,missing_string_eqp|missing_handbook|outside_current_equip_pool,gms-server/wz/Character.wz/Weapon/01352232.img.xml
Weapon,Weapon,1352233,01352233,,2,100,0,0,False,False,False,True,missing_string_eqp|missing_handbook|outside_current_equip_pool,gms-server/wz/Character.wz/Weapon/01352233.img.xml
Weapon,Weapon,1352234,01352234,,2,30,0,0,False,False,False,True,missing_string_eqp|missing_handbook|outside_current_equip_pool,gms-server/wz/Character.wz/Weapon/01352234.img.xml
Weapon,Weapon,1352235,01352235,,2,100,0,0,False,False,False,True,missing_string_eqp|missing_handbook|outside_current_equip_pool,gms-server/wz/Character.wz/Weapon/01352235.img.xml
Weapon,Weapon,1352236,01352236,,2,140,0,0,False,False,False,True,missing_string_eqp|missing_handbook|outside_current_equip_pool,gms-server/wz/Character.wz/Weapon/01352236.img.xml
Weapon,Weapon,1352237,01352237,,2,100,0,0,False,False,False,True,missing_string_eqp|missing_handbook|outside_current_equip_pool,gms-server/wz/Character.wz/Weapon/01352237.img.xml
Weapon,Weapon,1352238,01352238,,2,110,0,0,False,False,False,True,missing_string_eqp|missing_handbook|outside_current_equip_pool,gms-server/wz/Character.wz/Weapon/01352238.img.xml
Weapon,Weapon,1352240,01352240,,2,30,0,0,False,False,False,True,missing_string_eqp|missing_handbook|outside_current_equip_pool,gms-server/wz/Character.wz/Weapon/01352240.img.xml
Weapon,Weapon,1352241,01352241,,2,60,0,0,False,False,False,True,missing_string_eqp|missing_handbook|outside_current_equip_pool,gms-server/wz/Character.wz/Weapon/01352241.img.xml
Weapon,Weapon,1352242,01352242,,2,100,0,0,False,False,False,True,missing_string_eqp|missing_handbook|outside_current_equip_pool,gms-server/wz/Character.wz/Weapon/01352242.img.xml
Weapon,Weapon,1352243,01352243,,2,100,0,0,False,False,False,True,missing_string_eqp|missing_handbook|outside_current_equip_pool,gms-server/wz/Character.wz/Weapon/01352243.img.xml
Weapon,Weapon,1352244,01352244,,2,30,0,0,False,False,False,True,missing_string_eqp|missing_handbook|outside_current_equip_pool,gms-server/wz/Character.wz/Weapon/01352244.img.xml
Weapon,Weapon,1352245,01352245,,2,100,0,0,False,False,False,True,missing_string_eqp|missing_handbook|outside_current_equip_pool,gms-server/wz/Character.wz/Weapon/01352245.img.xml
Weapon,Weapon,1352246,01352246,,2,140,0,0,False,False,False,True,missing_string_eqp|missing_handbook|outside_current_equip_pool,gms-server/wz/Character.wz/Weapon/01352246.img.xml
Weapon,Weapon,1352247,01352247,,2,100,0,0,False,False,False,True,missing_string_eqp|missing_handbook|outside_current_equip_pool,gms-server/wz/Character.wz/Weapon/01352247.img.xml
Weapon,Weapon,1352248,01352248,,2,110,0,0,False,False,False,True,missing_string_eqp|missing_handbook|outside_current_equip_pool,gms-server/wz/Character.wz/Weapon/01352248.img.xml
Weapon,Weapon,1352250,01352250,,2,30,0,0,False,False,False,True,missing_string_eqp|missing_handbook|outside_current_equip_pool,gms-server/wz/Character.wz/Weapon/01352250.img.xml
Weapon,Weapon,1352251,01352251,,2,60,0,0,False,False,False,True,missing_string_eqp|missing_handbook|outside_current_equip_pool,gms-server/wz/Character.wz/Weapon/01352251.img.xml
Weapon,Weapon,1352252,01352252,,2,100,0,0,False,False,False,True,missing_string_eqp|missing_handbook|outside_current_equip_pool,gms-server/wz/Character.wz/Weapon/01352252.img.xml
Weapon,Weapon,1352253,01352253,,2,100,0,0,False,False,False,True,missing_string_eqp|missing_handbook|outside_current_equip_pool,gms-server/wz/Character.wz/Weapon/01352253.img.xml
Weapon,Weapon,1352254,01352254,,2,30,0,0,False,False,False,True,missing_string_eqp|missing_handbook|outside_current_equip_pool,gms-server/wz/Character.wz/Weapon/01352254.img.xml
Weapon,Weapon,1352255,01352255,,2,100,0,0,False,False,False,True,missing_string_eqp|missing_handbook|outside_current_equip_pool,gms-server/wz/Character.wz/Weapon/01352255.img.xml
Weapon,Weapon,1352256,01352256,,2,140,0,0,False,False,False,True,missing_string_eqp|missing_handbook|outside_current_equip_pool,gms-server/wz/Character.wz/Weapon/01352256.img.xml
Weapon,Weapon,1352257,01352257,,2,100,0,0,False,False,False,True,missing_string_eqp|missing_handbook|outside_current_equip_pool,gms-server/wz/Character.wz/Weapon/01352257.img.xml
Weapon,Weapon,1352258,01352258,,2,110,0,0,False,False,False,True,missing_string_eqp|missing_handbook|outside_current_equip_pool,gms-server/wz/Character.wz/Weapon/01352258.img.xml
Weapon,Weapon,1352260,01352260,,4,30,0,0,False,False,False,True,missing_string_eqp|missing_handbook|outside_current_equip_pool,gms-server/wz/Character.wz/Weapon/01352260.img.xml
Weapon,Weapon,1352261,01352261,,4,60,0,0,False,False,False,True,missing_string_eqp|missing_handbook|outside_current_equip_pool,gms-server/wz/Character.wz/Weapon/01352261.img.xml
Weapon,Weapon,1352262,01352262,,4,100,0,0,False,False,False,True,missing_string_eqp|missing_handbook|outside_current_equip_pool,gms-server/wz/Character.wz/Weapon/01352262.img.xml
Weapon,Weapon,1352263,01352263,,4,100,0,0,False,False,False,True,missing_string_eqp|missing_handbook|outside_current_equip_pool,gms-server/wz/Character.wz/Weapon/01352263.img.xml
Weapon,Weapon,1352264,01352264,,4,30,0,0,False,False,False,True,missing_string_eqp|missing_handbook|outside_current_equip_pool,gms-server/wz/Character.wz/Weapon/01352264.img.xml
Weapon,Weapon,1352265,01352265,,4,100,0,0,False,False,False,True,missing_string_eqp|missing_handbook|outside_current_equip_pool,gms-server/wz/Character.wz/Weapon/01352265.img.xml
Weapon,Weapon,1352266,01352266,,4,140,0,0,False,False,False,True,missing_string_eqp|missing_handbook|outside_current_equip_pool,gms-server/wz/Character.wz/Weapon/01352266.img.xml
Weapon,Weapon,1352267,01352267,,4,100,0,0,False,False,False,True,missing_string_eqp|missing_handbook|outside_current_equip_pool,gms-server/wz/Character.wz/Weapon/01352267.img.xml
Weapon,Weapon,1352268,01352268,,4,110,0,0,False,False,False,True,missing_string_eqp|missing_handbook|outside_current_equip_pool,gms-server/wz/Character.wz/Weapon/01352268.img.xml
Weapon,Weapon,1352270,01352270,,4,30,0,0,False,False,False,True,missing_string_eqp|missing_handbook|outside_current_equip_pool,gms-server/wz/Character.wz/Weapon/01352270.img.xml
Weapon,Weapon,1352271,01352271,,4,60,0,0,False,False,False,True,missing_string_eqp|missing_handbook|outside_current_equip_pool,gms-server/wz/Character.wz/Weapon/01352271.img.xml
Weapon,Weapon,1352272,01352272,,4,100,0,0,False,False,False,True,missing_string_eqp|missing_handbook|outside_current_equip_pool,gms-server/wz/Character.wz/Weapon/01352272.img.xml
Weapon,Weapon,1352273,01352273,,4,100,0,0,False,False,False,True,missing_string_eqp|missing_handbook|outside_current_equip_pool,gms-server/wz/Character.wz/Weapon/01352273.img.xml
Weapon,Weapon,1352274,01352274,,4,30,0,0,False,False,False,True,missing_string_eqp|missing_handbook|outside_current_equip_pool,gms-server/wz/Character.wz/Weapon/01352274.img.xml
Weapon,Weapon,1352275,01352275,,4,100,0,0,False,False,False,True,missing_string_eqp|missing_handbook|outside_current_equip_pool,gms-server/wz/Character.wz/Weapon/01352275.img.xml
Weapon,Weapon,1352276,01352276,,4,140,0,0,False,False,False,True,missing_string_eqp|missing_handbook|outside_current_equip_pool,gms-server/wz/Character.wz/Weapon/01352276.img.xml
Weapon,Weapon,1352277,01352277,,4,100,0,0,False,False,False,True,missing_string_eqp|missing_handbook|outside_current_equip_pool,gms-server/wz/Character.wz/Weapon/01352277.img.xml
Weapon,Weapon,1352278,01352278,,4,110,0,0,False,False,False,True,missing_string_eqp|missing_handbook|outside_current_equip_pool,gms-server/wz/Character.wz/Weapon/01352278.img.xml
Weapon,Weapon,1352280,01352280,,8,30,0,0,False,False,False,True,missing_string_eqp|missing_handbook|outside_current_equip_pool,gms-server/wz/Character.wz/Weapon/01352280.img.xml
Weapon,Weapon,1352281,01352281,,8,60,0,0,False,False,False,True,missing_string_eqp|missing_handbook|outside_current_equip_pool,gms-server/wz/Character.wz/Weapon/01352281.img.xml
Weapon,Weapon,1352282,01352282,,8,100,0,0,False,False,False,True,missing_string_eqp|missing_handbook|outside_current_equip_pool,gms-server/wz/Character.wz/Weapon/01352282.img.xml
Weapon,Weapon,1352283,01352283,,8,100,0,0,False,False,False,True,missing_string_eqp|missing_handbook|outside_current_equip_pool,gms-server/wz/Character.wz/Weapon/01352283.img.xml
Weapon,Weapon,1352284,01352284,,8,30,0,0,False,False,False,True,missing_string_eqp|missing_handbook|outside_current_equip_pool,gms-server/wz/Character.wz/Weapon/01352284.img.xml
Weapon,Weapon,1352285,01352285,,8,100,0,0,False,False,False,True,missing_string_eqp|missing_handbook|outside_current_equip_pool,gms-server/wz/Character.wz/Weapon/01352285.img.xml
Weapon,Weapon,1352286,01352286,,8,140,0,0,False,False,False,True,missing_string_eqp|missing_handbook|outside_current_equip_pool,gms-server/wz/Character.wz/Weapon/01352286.img.xml
Weapon,Weapon,1352287,01352287,,8,100,0,0,False,False,False,True,missing_string_eqp|missing_handbook|outside_current_equip_pool,gms-server/wz/Character.wz/Weapon/01352287.img.xml
Weapon,Weapon,1352288,01352288,,8,110,0,0,False,False,False,True,missing_string_eqp|missing_handbook|outside_current_equip_pool,gms-server/wz/Character.wz/Weapon/01352288.img.xml
Weapon,Weapon,1352290,01352290,,8,30,0,0,False,False,False,True,missing_string_eqp|missing_handbook|outside_current_equip_pool,gms-server/wz/Character.wz/Weapon/01352290.img.xml
Weapon,Weapon,1352291,01352291,,8,60,0,0,False,False,False,True,missing_string_eqp|missing_handbook|outside_current_equip_pool,gms-server/wz/Character.wz/Weapon/01352291.img.xml
Weapon,Weapon,1352292,01352292,,8,100,0,0,False,False,False,True,missing_string_eqp|missing_handbook|outside_current_equip_pool,gms-server/wz/Character.wz/Weapon/01352292.img.xml
Weapon,Weapon,1352293,01352293,,8,100,0,0,False,False,False,True,missing_string_eqp|missing_handbook|outside_current_equip_pool,gms-server/wz/Character.wz/Weapon/01352293.img.xml
Weapon,Weapon,1352294,01352294,,8,30,0,0,False,False,False,True,missing_string_eqp|missing_handbook|outside_current_equip_pool,gms-server/wz/Character.wz/Weapon/01352294.img.xml
Weapon,Weapon,1352295,01352295,,8,100,0,0,False,False,False,True,missing_string_eqp|missing_handbook|outside_current_equip_pool,gms-server/wz/Character.wz/Weapon/01352295.img.xml
Weapon,Weapon,1352296,01352296,,8,140,0,0,False,False,False,True,missing_string_eqp|missing_handbook|outside_current_equip_pool,gms-server/wz/Character.wz/Weapon/01352296.img.xml
Weapon,Weapon,1352297,01352297,,8,100,0,0,False,False,False,True,missing_string_eqp|missing_handbook|outside_current_equip_pool,gms-server/wz/Character.wz/Weapon/01352297.img.xml
Weapon,Weapon,1352298,01352298,,8,110,0,0,False,False,False,True,missing_string_eqp|missing_handbook|outside_current_equip_pool,gms-server/wz/Character.wz/Weapon/01352298.img.xml
Weapon,Weapon,1352300,01352300,,16,10,0,0,False,False,False,True,missing_string_eqp|missing_handbook|outside_current_equip_pool,gms-server/wz/Character.wz/Weapon/01352300.img.xml
Weapon,Weapon,1352301,01352301,,16,30,0,0,False,False,False,True,missing_string_eqp|missing_handbook|outside_current_equip_pool,gms-server/wz/Character.wz/Weapon/01352301.img.xml
Weapon,Weapon,1352302,01352302,,16,60,0,0,False,False,False,True,missing_string_eqp|missing_handbook|outside_current_equip_pool,gms-server/wz/Character.wz/Weapon/01352302.img.xml
Weapon,Weapon,1352303,01352303,,16,100,0,0,False,False,False,True,missing_string_eqp|missing_handbook|outside_current_equip_pool,gms-server/wz/Character.wz/Weapon/01352303.img.xml
Weapon,Weapon,1352304,01352304,,16,160,0,0,False,False,False,True,missing_string_eqp|missing_handbook|outside_current_equip_pool,gms-server/wz/Character.wz/Weapon/01352304.img.xml
Weapon,Weapon,1352400,01352400,,2,10,0,0,False,False,False,True,missing_string_eqp|missing_handbook|outside_current_equip_pool,gms-server/wz/Character.wz/Weapon/01352400.img.xml
Weapon,Weapon,1352401,01352401,,2,30,0,0,False,False,False,True,missing_string_eqp|missing_handbook|outside_current_equip_pool,gms-server/wz/Character.wz/Weapon/01352401.img.xml
Weapon,Weapon,1352402,01352402,,2,60,0,0,False,False,False,True,missing_string_eqp|missing_handbook|outside_current_equip_pool,gms-server/wz/Character.wz/Weapon/01352402.img.xml
Weapon,Weapon,1352403,01352403,,2,100,0,0,False,False,False,True,missing_string_eqp|missing_handbook|outside_current_equip_pool,gms-server/wz/Character.wz/Weapon/01352403.img.xml
Weapon,Weapon,1352404,01352404,,2,0,0,0,False,False,False,True,missing_string_eqp|missing_handbook|outside_current_equip_pool,gms-server/wz/Character.wz/Weapon/01352404.img.xml
Weapon,Weapon,1352405,01352405,,2,100,0,0,False,False,False,True,missing_string_eqp|missing_handbook|outside_current_equip_pool,gms-server/wz/Character.wz/Weapon/01352405.img.xml
Weapon,Weapon,1352406,01352406,,2,140,0,0,False,False,False,True,missing_string_eqp|missing_handbook|outside_current_equip_pool,gms-server/wz/Character.wz/Weapon/01352406.img.xml
Weapon,Weapon,1352407,01352407,,2,100,0,0,False,False,False,True,missing_string_eqp|missing_handbook|outside_current_equip_pool,gms-server/wz/Character.wz/Weapon/01352407.img.xml
Weapon,Weapon,1352408,01352408,,2,110,0,0,False,False,False,True,missing_string_eqp|missing_handbook|outside_current_equip_pool,gms-server/wz/Character.wz/Weapon/01352408.img.xml
Weapon,Weapon,1352409,01352409,,2,100,0,0,False,False,False,True,missing_string_eqp|missing_handbook|outside_current_equip_pool,gms-server/wz/Character.wz/Weapon/01352409.img.xml
Weapon,Weapon,1352500,01352500,,1,10,0,0,False,False,False,True,missing_string_eqp|missing_handbook|outside_current_equip_pool,gms-server/wz/Character.wz/Weapon/01352500.img.xml
Weapon,Weapon,1352501,01352501,,1,30,0,0,False,False,False,True,missing_string_eqp|missing_handbook|outside_current_equip_pool,gms-server/wz/Character.wz/Weapon/01352501.img.xml
Weapon,Weapon,1352502,01352502,,1,60,0,0,False,False,False,True,missing_string_eqp|missing_handbook|outside_current_equip_pool,gms-server/wz/Character.wz/Weapon/01352502.img.xml
Weapon,Weapon,1352503,01352503,,1,100,0,0,False,False,False,True,missing_string_eqp|missing_handbook|outside_current_equip_pool,gms-server/wz/Character.wz/Weapon/01352503.img.xml
Weapon,Weapon,1352504,01352504,,1,0,0,0,False,False,False,True,missing_string_eqp|missing_handbook|outside_current_equip_pool,gms-server/wz/Character.wz/Weapon/01352504.img.xml
Weapon,Weapon,1352505,01352505,,1,100,0,0,False,False,False,True,missing_string_eqp|missing_handbook|outside_current_equip_pool,gms-server/wz/Character.wz/Weapon/01352505.img.xml
Weapon,Weapon,1352506,01352506,,1,140,0,0,False,False,False,True,missing_string_eqp|missing_handbook|outside_current_equip_pool,gms-server/wz/Character.wz/Weapon/01352506.img.xml
Weapon,Weapon,1352507,01352507,,1,100,0,0,False,False,False,True,missing_string_eqp|missing_handbook|outside_current_equip_pool,gms-server/wz/Character.wz/Weapon/01352507.img.xml
Weapon,Weapon,1352508,01352508,,1,110,0,0,False,False,False,True,missing_string_eqp|missing_handbook|outside_current_equip_pool,gms-server/wz/Character.wz/Weapon/01352508.img.xml
Weapon,Weapon,1352509,01352509,,1,100,0,0,False,False,False,True,missing_string_eqp|missing_handbook|outside_current_equip_pool,gms-server/wz/Character.wz/Weapon/01352509.img.xml
Weapon,Weapon,1352600,01352600,,16,0,0,0,False,False,False,True,missing_string_eqp|missing_handbook|outside_current_equip_pool,gms-server/wz/Character.wz/Weapon/01352600.img.xml
Weapon,Weapon,1352601,01352601,,16,10,0,0,False,False,False,True,missing_string_eqp|missing_handbook|outside_current_equip_pool,gms-server/wz/Character.wz/Weapon/01352601.img.xml
Weapon,Weapon,1352602,01352602,,16,30,0,0,False,False,False,True,missing_string_eqp|missing_handbook|outside_current_equip_pool,gms-server/wz/Character.wz/Weapon/01352602.img.xml
Weapon,Weapon,1352603,01352603,,16,60,0,0,False,False,False,True,missing_string_eqp|missing_handbook|outside_current_equip_pool,gms-server/wz/Character.wz/Weapon/01352603.img.xml
Weapon,Weapon,1352604,01352604,,16,100,0,0,False,False,False,True,missing_string_eqp|missing_handbook|outside_current_equip_pool,gms-server/wz/Character.wz/Weapon/01352604.img.xml
Weapon,Weapon,1352605,01352605,,16,100,0,0,False,False,False,True,missing_string_eqp|missing_handbook|outside_current_equip_pool,gms-server/wz/Character.wz/Weapon/01352605.img.xml
Weapon,Weapon,1352606,01352606,,16,140,0,0,False,False,False,True,missing_string_eqp|missing_handbook|outside_current_equip_pool,gms-server/wz/Character.wz/Weapon/01352606.img.xml
Weapon,Weapon,1352607,01352607,,16,100,0,0,False,False,False,True,missing_string_eqp|missing_handbook|outside_current_equip_pool,gms-server/wz/Character.wz/Weapon/01352607.img.xml
Weapon,Weapon,1352608,01352608,,16,110,0,0,False,False,False,True,missing_string_eqp|missing_handbook|outside_current_equip_pool,gms-server/wz/Character.wz/Weapon/01352608.img.xml
Weapon,Weapon,1352609,01352609,,16,100,0,0,False,False,False,True,missing_string_eqp|missing_handbook|outside_current_equip_pool,gms-server/wz/Character.wz/Weapon/01352609.img.xml
Weapon,Weapon,1352700,01352700,,16,10,0,0,False,False,False,True,missing_string_eqp|missing_handbook|outside_current_equip_pool,gms-server/wz/Character.wz/Weapon/01352700.img.xml
Weapon,Weapon,1352701,01352701,,16,30,0,0,False,False,False,True,missing_string_eqp|missing_handbook|outside_current_equip_pool,gms-server/wz/Character.wz/Weapon/01352701.img.xml
Weapon,Weapon,1352702,01352702,,16,60,0,0,False,False,False,True,missing_string_eqp|missing_handbook|outside_current_equip_pool,gms-server/wz/Character.wz/Weapon/01352702.img.xml
Weapon,Weapon,1352703,01352703,,16,100,0,0,False,False,False,True,missing_string_eqp|missing_handbook|outside_current_equip_pool,gms-server/wz/Character.wz/Weapon/01352703.img.xml
Weapon,Weapon,1352704,01352704,,16,30,0,0,False,False,False,True,missing_string_eqp|missing_handbook|outside_current_equip_pool,gms-server/wz/Character.wz/Weapon/01352704.img.xml
Weapon,Weapon,1352705,01352705,,16,100,0,0,False,False,False,True,missing_string_eqp|missing_handbook|outside_current_equip_pool,gms-server/wz/Character.wz/Weapon/01352705.img.xml
Weapon,Weapon,1352707,01352707,,16,140,0,0,False,False,False,True,missing_string_eqp|missing_handbook|outside_current_equip_pool,gms-server/wz/Character.wz/Weapon/01352707.img.xml
Weapon,Weapon,1352708,01352708,,16,100,0,0,False,False,False,True,missing_string_eqp|missing_handbook|outside_current_equip_pool,gms-server/wz/Character.wz/Weapon/01352708.img.xml
Weapon,Weapon,1352709,01352709,,16,110,0,0,False,False,False,True,missing_string_eqp|missing_handbook|outside_current_equip_pool,gms-server/wz/Character.wz/Weapon/01352709.img.xml
Weapon,Weapon,1352710,01352710,,16,100,0,0,False,False,False,True,missing_string_eqp|missing_handbook|outside_current_equip_pool,gms-server/wz/Character.wz/Weapon/01352710.img.xml
Weapon,Weapon,1352800,01352800,,1,10,0,0,False,False,False,True,missing_string_eqp|missing_handbook|outside_current_equip_pool,gms-server/wz/Character.wz/Weapon/01352800.img.xml
Weapon,Weapon,1352801,01352801,,1,30,0,0,False,False,False,True,missing_string_eqp|missing_handbook|outside_current_equip_pool,gms-server/wz/Character.wz/Weapon/01352801.img.xml
Weapon,Weapon,1352802,01352802,,1,70,0,0,False,False,False,True,missing_string_eqp|missing_handbook|outside_current_equip_pool,gms-server/wz/Character.wz/Weapon/01352802.img.xml
Weapon,Weapon,1352803,01352803,,1,120,0,0,False,False,False,True,missing_string_eqp|missing_handbook|outside_current_equip_pool,gms-server/wz/Character.wz/Weapon/01352803.img.xml
Weapon,Weapon,1352804,01352804,,0,0,0,0,False,False,False,True,missing_string_eqp|missing_handbook|outside_current_equip_pool,gms-server/wz/Character.wz/Weapon/01352804.img.xml
Weapon,Weapon,1352805,01352805,,1,100,0,0,False,False,False,True,missing_string_eqp|missing_handbook|outside_current_equip_pool,gms-server/wz/Character.wz/Weapon/01352805.img.xml
Weapon,Weapon,1352806,01352806,,1,100,0,0,False,False,False,True,missing_string_eqp|missing_handbook|outside_current_equip_pool,gms-server/wz/Character.wz/Weapon/01352806.img.xml
Weapon,Weapon,1352807,01352807,,1,140,0,0,False,False,False,True,missing_string_eqp|missing_handbook|outside_current_equip_pool,gms-server/wz/Character.wz/Weapon/01352807.img.xml
Weapon,Weapon,1352808,01352808,,1,100,0,0,False,False,False,True,missing_string_eqp|missing_handbook|outside_current_equip_pool,gms-server/wz/Character.wz/Weapon/01352808.img.xml
Weapon,Weapon,1352809,01352809,,1,100,0,0,False,False,False,True,missing_string_eqp|missing_handbook|outside_current_equip_pool,gms-server/wz/Character.wz/Weapon/01352809.img.xml
Weapon,Weapon,1352810,01352810,,2,10,0,0,False,False,False,True,missing_string_eqp|missing_handbook|outside_current_equip_pool,gms-server/wz/Character.wz/Weapon/01352810.img.xml
Weapon,Weapon,1352811,01352811,,2,30,0,0,False,False,False,True,missing_string_eqp|missing_handbook|outside_current_equip_pool,gms-server/wz/Character.wz/Weapon/01352811.img.xml
Weapon,Weapon,1352812,01352812,,2,60,0,0,False,False,False,True,missing_string_eqp|missing_handbook|outside_current_equip_pool,gms-server/wz/Character.wz/Weapon/01352812.img.xml
Weapon,Weapon,1352813,01352813,,2,100,0,0,False,False,False,True,missing_string_eqp|missing_handbook|outside_current_equip_pool,gms-server/wz/Character.wz/Weapon/01352813.img.xml
Weapon,Weapon,1352814,01352814,,2,100,0,0,False,False,False,True,missing_string_eqp|missing_handbook|outside_current_equip_pool,gms-server/wz/Character.wz/Weapon/01352814.img.xml
Weapon,Weapon,1352815,01352815,,2,140,0,0,False,False,False,True,missing_string_eqp|missing_handbook|outside_current_equip_pool,gms-server/wz/Character.wz/Weapon/01352815.img.xml
Weapon,Weapon,1352817,01352817,,2,100,0,0,False,False,False,True,missing_string_eqp|missing_handbook|outside_current_equip_pool,gms-server/wz/Character.wz/Weapon/01352817.img.xml
Weapon,Weapon,1352818,01352818,,2,110,0,0,False,False,False,True,missing_string_eqp|missing_handbook|outside_current_equip_pool,gms-server/wz/Character.wz/Weapon/01352818.img.xml
Weapon,Weapon,1352820,01352820,,16,10,0,0,False,False,False,True,missing_string_eqp|missing_handbook|outside_current_equip_pool,gms-server/wz/Character.wz/Weapon/01352820.img.xml
Weapon,Weapon,1352821,01352821,,16,30,0,0,False,False,False,True,missing_string_eqp|missing_handbook|outside_current_equip_pool,gms-server/wz/Character.wz/Weapon/01352821.img.xml
Weapon,Weapon,1352822,01352822,,16,60,0,0,False,False,False,True,missing_string_eqp|missing_handbook|outside_current_equip_pool,gms-server/wz/Character.wz/Weapon/01352822.img.xml
Weapon,Weapon,1352823,01352823,,16,100,0,0,False,False,False,True,missing_string_eqp|missing_handbook|outside_current_equip_pool,gms-server/wz/Character.wz/Weapon/01352823.img.xml
Weapon,Weapon,1352824,01352824,,16,140,0,0,False,False,False,True,missing_string_eqp|missing_handbook|outside_current_equip_pool,gms-server/wz/Character.wz/Weapon/01352824.img.xml
Weapon,Weapon,1352825,01352825,,16,100,0,0,False,False,False,True,missing_string_eqp|missing_handbook|outside_current_equip_pool,gms-server/wz/Character.wz/Weapon/01352825.img.xml
Weapon,Weapon,1352827,01352827,,16,100,0,0,False,False,False,True,missing_string_eqp|missing_handbook|outside_current_equip_pool,gms-server/wz/Character.wz/Weapon/01352827.img.xml
Weapon,Weapon,1352828,01352828,,16,110,0,0,False,False,False,True,missing_string_eqp|missing_handbook|outside_current_equip_pool,gms-server/wz/Character.wz/Weapon/01352828.img.xml
Weapon,Weapon,1352830,01352830,,1,110,0,0,False,False,False,True,missing_string_eqp|missing_handbook|outside_current_equip_pool,gms-server/wz/Character.wz/Weapon/01352830.img.xml
Weapon,Weapon,1352833,01352833,,1,30,0,0,False,False,False,True,missing_string_eqp|missing_handbook|outside_current_equip_pool,gms-server/wz/Character.wz/Weapon/01352833.img.xml
Weapon,Weapon,1352834,01352834,,1,60,0,0,False,False,False,True,missing_string_eqp|missing_handbook|outside_current_equip_pool,gms-server/wz/Character.wz/Weapon/01352834.img.xml
Weapon,Weapon,1352835,01352835,,1,100,0,0,False,False,False,True,missing_string_eqp|missing_handbook|outside_current_equip_pool,gms-server/wz/Character.wz/Weapon/01352835.img.xml
Weapon,Weapon,1352841,01352841,,2,100,0,0,False,False,False,True,missing_string_eqp|missing_handbook|outside_current_equip_pool,gms-server/wz/Character.wz/Weapon/01352841.img.xml
Weapon,Weapon,1352850,01352850,,16,100,0,0,False,False,False,True,missing_string_eqp|missing_handbook|outside_current_equip_pool,gms-server/wz/Character.wz/Weapon/01352850.img.xml
Weapon,Weapon,1352900,01352900,,16,30,0,0,False,False,False,True,missing_string_eqp|missing_handbook|outside_current_equip_pool,gms-server/wz/Character.wz/Weapon/01352900.img.xml
Weapon,Weapon,1352901,01352901,,16,60,0,0,False,False,False,True,missing_string_eqp|missing_handbook|outside_current_equip_pool,gms-server/wz/Character.wz/Weapon/01352901.img.xml
Weapon,Weapon,1352902,01352902,,16,100,0,0,False,False,False,True,missing_string_eqp|missing_handbook|outside_current_equip_pool,gms-server/wz/Character.wz/Weapon/01352902.img.xml
Weapon,Weapon,1352903,01352903,,16,100,0,0,False,False,False,True,missing_string_eqp|missing_handbook|outside_current_equip_pool,gms-server/wz/Character.wz/Weapon/01352903.img.xml
Weapon,Weapon,1352904,01352904,,16,30,0,0,False,False,False,True,missing_string_eqp|missing_handbook|outside_current_equip_pool,gms-server/wz/Character.wz/Weapon/01352904.img.xml
Weapon,Weapon,1352905,01352905,,16,100,0,0,False,False,False,True,missing_string_eqp|missing_handbook|outside_current_equip_pool,gms-server/wz/Character.wz/Weapon/01352905.img.xml
Weapon,Weapon,1352906,01352906,,16,140,0,0,False,False,False,True,missing_string_eqp|missing_handbook|outside_current_equip_pool,gms-server/wz/Character.wz/Weapon/01352906.img.xml
Weapon,Weapon,1352907,01352907,,16,100,0,0,False,False,False,True,missing_string_eqp|missing_handbook|outside_current_equip_pool,gms-server/wz/Character.wz/Weapon/01352907.img.xml
Weapon,Weapon,1352908,01352908,,16,110,0,0,False,False,False,True,missing_string_eqp|missing_handbook|outside_current_equip_pool,gms-server/wz/Character.wz/Weapon/01352908.img.xml
Weapon,Weapon,1352910,01352910,,16,30,0,0,False,False,False,True,missing_string_eqp|missing_handbook|outside_current_equip_pool,gms-server/wz/Character.wz/Weapon/01352910.img.xml
Weapon,Weapon,1352911,01352911,,16,60,0,0,False,False,False,True,missing_string_eqp|missing_handbook|outside_current_equip_pool,gms-server/wz/Character.wz/Weapon/01352911.img.xml
Weapon,Weapon,1352912,01352912,,16,100,0,0,False,False,False,True,missing_string_eqp|missing_handbook|outside_current_equip_pool,gms-server/wz/Character.wz/Weapon/01352912.img.xml
Weapon,Weapon,1352913,01352913,,16,100,0,0,False,False,False,True,missing_string_eqp|missing_handbook|outside_current_equip_pool,gms-server/wz/Character.wz/Weapon/01352913.img.xml
Weapon,Weapon,1352914,01352914,,16,30,0,0,False,False,False,True,missing_string_eqp|missing_handbook|outside_current_equip_pool,gms-server/wz/Character.wz/Weapon/01352914.img.xml
Weapon,Weapon,1352915,01352915,,16,100,0,0,False,False,False,True,missing_string_eqp|missing_handbook|outside_current_equip_pool,gms-server/wz/Character.wz/Weapon/01352915.img.xml
Weapon,Weapon,1352916,01352916,,16,140,0,0,False,False,False,True,missing_string_eqp|missing_handbook|outside_current_equip_pool,gms-server/wz/Character.wz/Weapon/01352916.img.xml
Weapon,Weapon,1352917,01352917,,16,100,0,0,False,False,False,True,missing_string_eqp|missing_handbook|outside_current_equip_pool,gms-server/wz/Character.wz/Weapon/01352917.img.xml
Weapon,Weapon,1352918,01352918,,16,110,0,0,False,False,False,True,missing_string_eqp|missing_handbook|outside_current_equip_pool,gms-server/wz/Character.wz/Weapon/01352918.img.xml
Weapon,Weapon,1352920,01352920,,16,30,0,0,False,False,False,True,missing_string_eqp|missing_handbook|outside_current_equip_pool,gms-server/wz/Character.wz/Weapon/01352920.img.xml
Weapon,Weapon,1352921,01352921,,16,60,0,0,False,False,False,True,missing_string_eqp|missing_handbook|outside_current_equip_pool,gms-server/wz/Character.wz/Weapon/01352921.img.xml
Weapon,Weapon,1352922,01352922,,16,100,0,0,False,False,False,True,missing_string_eqp|missing_handbook|outside_current_equip_pool,gms-server/wz/Character.wz/Weapon/01352922.img.xml
Weapon,Weapon,1352923,01352923,,16,100,0,0,False,False,False,True,missing_string_eqp|missing_handbook|outside_current_equip_pool,gms-server/wz/Character.wz/Weapon/01352923.img.xml
Weapon,Weapon,1352924,01352924,,16,30,0,0,False,False,False,True,missing_string_eqp|missing_handbook|outside_current_equip_pool,gms-server/wz/Character.wz/Weapon/01352924.img.xml
Weapon,Weapon,1352925,01352925,,16,60,0,0,False,False,False,True,missing_string_eqp|missing_handbook|outside_current_equip_pool,gms-server/wz/Character.wz/Weapon/01352925.img.xml
Weapon,Weapon,1352926,01352926,,16,100,0,0,False,False,False,True,missing_string_eqp|missing_handbook|outside_current_equip_pool,gms-server/wz/Character.wz/Weapon/01352926.img.xml
Weapon,Weapon,1352927,01352927,,16,100,0,0,False,False,False,True,missing_string_eqp|missing_handbook|outside_current_equip_pool,gms-server/wz/Character.wz/Weapon/01352927.img.xml
Weapon,Weapon,1352928,01352928,,16,140,0,0,False,False,False,True,missing_string_eqp|missing_handbook|outside_current_equip_pool,gms-server/wz/Character.wz/Weapon/01352928.img.xml
Weapon,Weapon,1352929,01352929,,16,100,0,0,False,False,False,True,missing_string_eqp|missing_handbook|outside_current_equip_pool,gms-server/wz/Character.wz/Weapon/01352929.img.xml
Weapon,Weapon,1352930,01352930,,1,30,0,0,False,False,False,True,missing_string_eqp|missing_handbook|outside_current_equip_pool,gms-server/wz/Character.wz/Weapon/01352930.img.xml
Weapon,Weapon,1352931,01352931,,1,60,0,0,False,False,False,True,missing_string_eqp|missing_handbook|outside_current_equip_pool,gms-server/wz/Character.wz/Weapon/01352931.img.xml
Weapon,Weapon,1352932,01352932,,1,100,0,0,False,False,False,True,missing_string_eqp|missing_handbook|outside_current_equip_pool,gms-server/wz/Character.wz/Weapon/01352932.img.xml
Weapon,Weapon,1352933,01352933,,1,100,0,0,False,False,False,True,missing_string_eqp|missing_handbook|outside_current_equip_pool,gms-server/wz/Character.wz/Weapon/01352933.img.xml
Weapon,Weapon,1352934,01352934,,1,100,0,0,False,False,False,True,missing_string_eqp|missing_handbook|outside_current_equip_pool,gms-server/wz/Character.wz/Weapon/01352934.img.xml
Weapon,Weapon,1352935,01352935,,1,140,0,0,False,False,False,True,missing_string_eqp|missing_handbook|outside_current_equip_pool,gms-server/wz/Character.wz/Weapon/01352935.img.xml
Weapon,Weapon,1352936,01352936,,1,100,0,0,False,False,False,True,missing_string_eqp|missing_handbook|outside_current_equip_pool,gms-server/wz/Character.wz/Weapon/01352936.img.xml
Weapon,Weapon,1352937,01352937,,1,110,0,0,False,False,False,True,missing_string_eqp|missing_handbook|outside_current_equip_pool,gms-server/wz/Character.wz/Weapon/01352937.img.xml
Weapon,Weapon,1352940,01352940,,2,30,0,0,False,False,False,True,missing_string_eqp|missing_handbook|outside_current_equip_pool,gms-server/wz/Character.wz/Weapon/01352940.img.xml
Weapon,Weapon,1352941,01352941,,2,60,0,0,False,False,False,True,missing_string_eqp|missing_handbook|outside_current_equip_pool,gms-server/wz/Character.wz/Weapon/01352941.img.xml
Weapon,Weapon,1352942,01352942,,2,100,0,0,False,False,False,True,missing_string_eqp|missing_handbook|outside_current_equip_pool,gms-server/wz/Character.wz/Weapon/01352942.img.xml
Weapon,Weapon,1352943,01352943,,2,100,0,0,False,False,False,True,missing_string_eqp|missing_handbook|outside_current_equip_pool,gms-server/wz/Character.wz/Weapon/01352943.img.xml
Weapon,Weapon,1352944,01352944,,2,100,0,0,False,False,False,True,missing_string_eqp|missing_handbook|outside_current_equip_pool,gms-server/wz/Character.wz/Weapon/01352944.img.xml
Weapon,Weapon,1352945,01352945,,2,140,0,0,False,False,False,True,missing_string_eqp|missing_handbook|outside_current_equip_pool,gms-server/wz/Character.wz/Weapon/01352945.img.xml
Weapon,Weapon,1352946,01352946,,2,100,0,0,False,False,False,True,missing_string_eqp|missing_handbook|outside_current_equip_pool,gms-server/wz/Character.wz/Weapon/01352946.img.xml
Weapon,Weapon,1352947,01352947,,2,110,0,0,False,False,False,True,missing_string_eqp|missing_handbook|outside_current_equip_pool,gms-server/wz/Character.wz/Weapon/01352947.img.xml
Weapon,Weapon,1352950,01352950,,2,30,0,0,False,False,False,True,missing_string_eqp|missing_handbook|outside_current_equip_pool,gms-server/wz/Character.wz/Weapon/01352950.img.xml
Weapon,Weapon,1352951,01352951,,2,60,0,0,False,False,False,True,missing_string_eqp|missing_handbook|outside_current_equip_pool,gms-server/wz/Character.wz/Weapon/01352951.img.xml
Weapon,Weapon,1352952,01352952,,2,100,0,0,False,False,False,True,missing_string_eqp|missing_handbook|outside_current_equip_pool,gms-server/wz/Character.wz/Weapon/01352952.img.xml
Weapon,Weapon,1352953,01352953,,2,100,0,0,False,False,False,True,missing_string_eqp|missing_handbook|outside_current_equip_pool,gms-server/wz/Character.wz/Weapon/01352953.img.xml
Weapon,Weapon,1352954,01352954,,2,30,0,0,False,False,False,True,missing_string_eqp|missing_handbook|outside_current_equip_pool,gms-server/wz/Character.wz/Weapon/01352954.img.xml
Weapon,Weapon,1352955,01352955,,2,100,0,0,False,False,False,True,missing_string_eqp|missing_handbook|outside_current_equip_pool,gms-server/wz/Character.wz/Weapon/01352955.img.xml
Weapon,Weapon,1352957,01352957,,2,140,0,0,False,False,False,True,missing_string_eqp|missing_handbook|outside_current_equip_pool,gms-server/wz/Character.wz/Weapon/01352957.img.xml
Weapon,Weapon,1352958,01352958,,2,100,0,0,False,False,False,True,missing_string_eqp|missing_handbook|outside_current_equip_pool,gms-server/wz/Character.wz/Weapon/01352958.img.xml
Weapon,Weapon,1352959,01352959,,2,110,0,0,False,False,False,True,missing_string_eqp|missing_handbook|outside_current_equip_pool,gms-server/wz/Character.wz/Weapon/01352959.img.xml
Weapon,Weapon,1352960,01352960,,4,30,0,0,False,False,False,True,missing_string_eqp|missing_handbook|outside_current_equip_pool,gms-server/wz/Character.wz/Weapon/01352960.img.xml
Weapon,Weapon,1352961,01352961,,4,60,0,0,False,False,False,True,missing_string_eqp|missing_handbook|outside_current_equip_pool,gms-server/wz/Character.wz/Weapon/01352961.img.xml
Weapon,Weapon,1352962,01352962,,4,100,0,0,False,False,False,True,missing_string_eqp|missing_handbook|outside_current_equip_pool,gms-server/wz/Character.wz/Weapon/01352962.img.xml
Weapon,Weapon,1352963,01352963,,4,100,0,0,False,False,False,True,missing_string_eqp|missing_handbook|outside_current_equip_pool,gms-server/wz/Character.wz/Weapon/01352963.img.xml
Weapon,Weapon,1352964,01352964,,4,30,0,0,False,False,False,True,missing_string_eqp|missing_handbook|outside_current_equip_pool,gms-server/wz/Character.wz/Weapon/01352964.img.xml
Weapon,Weapon,1352965,01352965,,4,100,0,0,False,False,False,True,missing_string_eqp|missing_handbook|outside_current_equip_pool,gms-server/wz/Character.wz/Weapon/01352965.img.xml
Weapon,Weapon,1352967,01352967,,4,140,0,0,False,False,False,True,missing_string_eqp|missing_handbook|outside_current_equip_pool,gms-server/wz/Character.wz/Weapon/01352967.img.xml
Weapon,Weapon,1352968,01352968,,4,100,0,0,False,False,False,True,missing_string_eqp|missing_handbook|outside_current_equip_pool,gms-server/wz/Character.wz/Weapon/01352968.img.xml
Weapon,Weapon,1352969,01352969,,4,110,0,0,False,False,False,True,missing_string_eqp|missing_handbook|outside_current_equip_pool,gms-server/wz/Character.wz/Weapon/01352969.img.xml
Weapon,Weapon,1352970,01352970,,0,30,0,0,False,False,False,True,missing_string_eqp|missing_handbook|outside_current_equip_pool,gms-server/wz/Character.wz/Weapon/01352970.img.xml
Weapon,Weapon,1352971,01352971,,0,60,0,0,False,False,False,True,missing_string_eqp|missing_handbook|outside_current_equip_pool,gms-server/wz/Character.wz/Weapon/01352971.img.xml
Weapon,Weapon,1352972,01352972,,0,100,0,0,False,False,False,True,missing_string_eqp|missing_handbook|outside_current_equip_pool,gms-server/wz/Character.wz/Weapon/01352972.img.xml
Weapon,Weapon,1352973,01352973,,0,100,0,0,False,False,False,True,missing_string_eqp|missing_handbook|outside_current_equip_pool,gms-server/wz/Character.wz/Weapon/01352973.img.xml
Weapon,Weapon,1352974,01352974,,0,100,0,0,False,False,False,True,missing_string_eqp|missing_handbook|outside_current_equip_pool,gms-server/wz/Character.wz/Weapon/01352974.img.xml
Weapon,Weapon,1352975,01352975,,0,140,0,0,False,False,False,True,missing_string_eqp|missing_handbook|outside_current_equip_pool,gms-server/wz/Character.wz/Weapon/01352975.img.xml
Weapon,Weapon,1352976,01352976,,0,100,0,0,False,False,False,True,missing_string_eqp|missing_handbook|outside_current_equip_pool,gms-server/wz/Character.wz/Weapon/01352976.img.xml
Weapon,Weapon,1352977,01352977,,0,110,0,0,False,False,False,True,missing_string_eqp|missing_handbook|outside_current_equip_pool,gms-server/wz/Character.wz/Weapon/01352977.img.xml
Weapon,Weapon,1352980,01352980,,16,110,0,0,False,False,False,True,missing_string_eqp|missing_handbook|outside_current_equip_pool,gms-server/wz/Character.wz/Weapon/01352980.img.xml
Weapon,Weapon,1353000,01353000,,0,1,0,0,False,False,False,True,missing_string_eqp|missing_handbook|outside_current_equip_pool,gms-server/wz/Character.wz/Weapon/01353000.img.xml
Weapon,Weapon,1353001,01353001,,24,10,0,0,False,False,False,True,missing_string_eqp|missing_handbook|outside_current_equip_pool,gms-server/wz/Character.wz/Weapon/01353001.img.xml
Weapon,Weapon,1353002,01353002,,24,30,0,0,False,False,False,True,missing_string_eqp|missing_handbook|outside_current_equip_pool,gms-server/wz/Character.wz/Weapon/01353002.img.xml
Weapon,Weapon,1353003,01353003,,24,60,0,0,False,False,False,True,missing_string_eqp|missing_handbook|outside_current_equip_pool,gms-server/wz/Character.wz/Weapon/01353003.img.xml
Weapon,Weapon,1353004,01353004,,24,100,0,0,False,False,False,True,missing_string_eqp|missing_handbook|outside_current_equip_pool,gms-server/wz/Character.wz/Weapon/01353004.img.xml
Weapon,Weapon,1353005,01353005,,24,100,0,0,False,False,False,True,missing_string_eqp|missing_handbook|outside_current_equip_pool,gms-server/wz/Character.wz/Weapon/01353005.img.xml
Weapon,Weapon,1353006,01353006,,24,140,0,0,False,False,False,True,missing_string_eqp|missing_handbook|outside_current_equip_pool,gms-server/wz/Character.wz/Weapon/01353006.img.xml
Weapon,Weapon,1353007,01353007,,24,100,0,0,False,False,False,True,missing_string_eqp|missing_handbook|outside_current_equip_pool,gms-server/wz/Character.wz/Weapon/01353007.img.xml
Weapon,Weapon,1353008,01353008,,24,110,0,0,False,False,False,True,missing_string_eqp|missing_handbook|outside_current_equip_pool,gms-server/wz/Character.wz/Weapon/01353008.img.xml
Weapon,Weapon,1353009,01353009,,24,100,0,0,False,False,False,True,missing_string_eqp|missing_handbook|outside_current_equip_pool,gms-server/wz/Character.wz/Weapon/01353009.img.xml
Weapon,Weapon,1353100,01353100,,16,20,0,0,False,False,False,True,missing_string_eqp|missing_handbook|outside_current_equip_pool,gms-server/wz/Character.wz/Weapon/01353100.img.xml
Weapon,Weapon,1353101,01353101,,16,30,0,0,False,False,False,True,missing_string_eqp|missing_handbook|outside_current_equip_pool,gms-server/wz/Character.wz/Weapon/01353101.img.xml
Weapon,Weapon,1353102,01353102,,16,60,0,0,False,False,False,True,missing_string_eqp|missing_handbook|outside_current_equip_pool,gms-server/wz/Character.wz/Weapon/01353102.img.xml
Weapon,Weapon,1353103,01353103,,16,100,0,0,False,False,False,True,missing_string_eqp|missing_handbook|outside_current_equip_pool,gms-server/wz/Character.wz/Weapon/01353103.img.xml
Weapon,Weapon,1353104,01353104,,16,100,0,0,False,False,False,True,missing_string_eqp|missing_handbook|outside_current_equip_pool,gms-server/wz/Character.wz/Weapon/01353104.img.xml
Weapon,Weapon,1353105,01353105,,16,140,0,0,False,False,False,True,missing_string_eqp|missing_handbook|outside_current_equip_pool,gms-server/wz/Character.wz/Weapon/01353105.img.xml
Weapon,Weapon,1353106,01353106,,16,100,0,0,False,False,False,True,missing_string_eqp|missing_handbook|outside_current_equip_pool,gms-server/wz/Character.wz/Weapon/01353106.img.xml
Weapon,Weapon,1353107,01353107,,16,110,0,0,False,False,False,True,missing_string_eqp|missing_handbook|outside_current_equip_pool,gms-server/wz/Character.wz/Weapon/01353107.img.xml
Weapon,Weapon,1353108,01353108,,16,100,0,0,False,False,False,True,missing_string_eqp|missing_handbook|outside_current_equip_pool,gms-server/wz/Character.wz/Weapon/01353108.img.xml
Weapon,Weapon,1353200,01353200,,2,1,0,0,False,False,False,True,missing_string_eqp|missing_handbook|outside_current_equip_pool,gms-server/wz/Character.wz/Weapon/01353200.img.xml
Weapon,Weapon,1353201,01353201,,2,30,0,0,False,False,False,True,missing_string_eqp|missing_handbook|outside_current_equip_pool,gms-server/wz/Character.wz/Weapon/01353201.img.xml
Weapon,Weapon,1353202,01353202,,2,60,0,0,False,False,False,True,missing_string_eqp|missing_handbook|outside_current_equip_pool,gms-server/wz/Character.wz/Weapon/01353202.img.xml
Weapon,Weapon,1353203,01353203,,2,100,0,0,False,False,False,True,missing_string_eqp|missing_handbook|outside_current_equip_pool,gms-server/wz/Character.wz/Weapon/01353203.img.xml
Weapon,Weapon,1353204,01353204,,2,100,0,0,False,False,False,True,missing_string_eqp|missing_handbook|outside_current_equip_pool,gms-server/wz/Character.wz/Weapon/01353204.img.xml
Weapon,Weapon,1353205,01353205,,2,140,0,0,False,False,False,True,missing_string_eqp|missing_handbook|outside_current_equip_pool,gms-server/wz/Character.wz/Weapon/01353205.img.xml
Weapon,Weapon,1353206,01353206,,2,110,0,0,False,False,False,True,missing_string_eqp|missing_handbook|outside_current_equip_pool,gms-server/wz/Character.wz/Weapon/01353206.img.xml
Weapon,Weapon,1353207,01353207,,2,100,0,0,False,False,False,True,missing_string_eqp|missing_handbook|outside_current_equip_pool,gms-server/wz/Character.wz/Weapon/01353207.img.xml
Weapon,Weapon,1353208,01353208,,2,100,0,0,False,False,False,True,missing_string_eqp|missing_handbook|outside_current_equip_pool,gms-server/wz/Character.wz/Weapon/01353208.img.xml
Weapon,Weapon,1353300,01353300,,8,10,0,0,False,False,False,True,missing_string_eqp|missing_handbook|outside_current_equip_pool,gms-server/wz/Character.wz/Weapon/01353300.img.xml
Weapon,Weapon,1353301,01353301,,8,30,0,0,False,False,False,True,missing_string_eqp|missing_handbook|outside_current_equip_pool,gms-server/wz/Character.wz/Weapon/01353301.img.xml
Weapon,Weapon,1353302,01353302,,8,60,0,0,False,False,False,True,missing_string_eqp|missing_handbook|outside_current_equip_pool,gms-server/wz/Character.wz/Weapon/01353302.img.xml
Weapon,Weapon,1353303,01353303,,8,100,0,0,False,False,False,True,missing_string_eqp|missing_handbook|outside_current_equip_pool,gms-server/wz/Character.wz/Weapon/01353303.img.xml
Weapon,Weapon,1353304,01353304,,8,100,0,0,False,False,False,True,missing_string_eqp|missing_handbook|outside_current_equip_pool,gms-server/wz/Character.wz/Weapon/01353304.img.xml
Weapon,Weapon,1353305,01353305,,8,100,0,0,False,False,False,True,missing_string_eqp|missing_handbook|outside_current_equip_pool,gms-server/wz/Character.wz/Weapon/01353305.img.xml
Weapon,Weapon,1353306,01353306,,8,140,0,0,False,False,False,True,missing_string_eqp|missing_handbook|outside_current_equip_pool,gms-server/wz/Character.wz/Weapon/01353306.img.xml
Weapon,Weapon,1353307,01353307,,8,100,0,0,False,False,False,True,missing_string_eqp|missing_handbook|outside_current_equip_pool,gms-server/wz/Character.wz/Weapon/01353307.img.xml
Weapon,Weapon,1353308,01353308,,8,100,0,0,False,False,False,True,missing_string_eqp|missing_handbook|outside_current_equip_pool,gms-server/wz/Character.wz/Weapon/01353308.img.xml
Weapon,Weapon,1353400,01353400,,1,10,0,0,False,False,False,True,missing_string_eqp|missing_handbook|outside_current_equip_pool,gms-server/wz/Character.wz/Weapon/01353400.img.xml
Weapon,Weapon,1353401,01353401,,1,30,0,0,False,False,False,True,missing_string_eqp|missing_handbook|outside_current_equip_pool,gms-server/wz/Character.wz/Weapon/01353401.img.xml
Weapon,Weapon,1353402,01353402,,1,60,0,0,False,False,False,True,missing_string_eqp|missing_handbook|outside_current_equip_pool,gms-server/wz/Character.wz/Weapon/01353402.img.xml
Weapon,Weapon,1353403,01353403,,1,100,0,0,False,False,False,True,missing_string_eqp|missing_handbook|outside_current_equip_pool,gms-server/wz/Character.wz/Weapon/01353403.img.xml
Weapon,Weapon,1353404,01353404,,1,100,0,0,False,False,False,True,missing_string_eqp|missing_handbook|outside_current_equip_pool,gms-server/wz/Character.wz/Weapon/01353404.img.xml
Weapon,Weapon,1353405,01353405,,1,140,0,0,False,False,False,True,missing_string_eqp|missing_handbook|outside_current_equip_pool,gms-server/wz/Character.wz/Weapon/01353405.img.xml
Weapon,Weapon,1353406,01353406,,1,110,0,0,False,False,False,True,missing_string_eqp|missing_handbook|outside_current_equip_pool,gms-server/wz/Character.wz/Weapon/01353406.img.xml
Weapon,Weapon,1353407,01353407,,1,100,0,0,False,False,False,True,missing_string_eqp|missing_handbook|outside_current_equip_pool,gms-server/wz/Character.wz/Weapon/01353407.img.xml
Weapon,Weapon,1353408,01353408,,1,100,0,0,False,False,False,True,missing_string_eqp|missing_handbook|outside_current_equip_pool,gms-server/wz/Character.wz/Weapon/01353408.img.xml
Weapon,Weapon,1353500,01353500,,2,1,0,0,False,False,False,True,missing_string_eqp|missing_handbook|outside_current_equip_pool,gms-server/wz/Character.wz/Weapon/01353500.img.xml
Weapon,Weapon,1353501,01353501,,2,30,0,0,False,False,False,True,missing_string_eqp|missing_handbook|outside_current_equip_pool,gms-server/wz/Character.wz/Weapon/01353501.img.xml
Weapon,Weapon,1353502,01353502,,2,60,0,0,False,False,False,True,missing_string_eqp|missing_handbook|outside_current_equip_pool,gms-server/wz/Character.wz/Weapon/01353502.img.xml
Weapon,Weapon,1353503,01353503,,2,100,0,0,False,False,False,True,missing_string_eqp|missing_handbook|outside_current_equip_pool,gms-server/wz/Character.wz/Weapon/01353503.img.xml
Weapon,Weapon,1353504,01353504,,2,100,0,0,False,False,False,True,missing_string_eqp|missing_handbook|outside_current_equip_pool,gms-server/wz/Character.wz/Weapon/01353504.img.xml
Weapon,Weapon,1353505,01353505,,2,140,0,0,False,False,False,True,missing_string_eqp|missing_handbook|outside_current_equip_pool,gms-server/wz/Character.wz/Weapon/01353505.img.xml
Weapon,Weapon,1353506,01353506,,2,100,0,0,False,False,False,True,missing_string_eqp|missing_handbook|outside_current_equip_pool,gms-server/wz/Character.wz/Weapon/01353506.img.xml
Weapon,Weapon,1353507,01353507,,2,100,0,0,False,False,False,True,missing_string_eqp|missing_handbook|outside_current_equip_pool,gms-server/wz/Character.wz/Weapon/01353507.img.xml
Weapon,Weapon,1353600,01353600,,16,10,0,0,False,False,False,True,missing_string_eqp|missing_handbook|outside_current_equip_pool,gms-server/wz/Character.wz/Weapon/01353600.img.xml
Weapon,Weapon,1353601,01353601,,16,30,0,0,False,False,False,True,missing_string_eqp|missing_handbook|outside_current_equip_pool,gms-server/wz/Character.wz/Weapon/01353601.img.xml
Weapon,Weapon,1353602,01353602,,16,60,0,0,False,False,False,True,missing_string_eqp|missing_handbook|outside_current_equip_pool,gms-server/wz/Character.wz/Weapon/01353602.img.xml
Weapon,Weapon,1353603,01353603,,16,100,0,0,False,False,False,True,missing_string_eqp|missing_handbook|outside_current_equip_pool,gms-server/wz/Character.wz/Weapon/01353603.img.xml
Weapon,Weapon,1353604,01353604,,16,100,0,0,False,False,False,True,missing_string_eqp|missing_handbook|outside_current_equip_pool,gms-server/wz/Character.wz/Weapon/01353604.img.xml
Weapon,Weapon,1353605,01353605,,16,100,0,0,False,False,False,True,missing_string_eqp|missing_handbook|outside_current_equip_pool,gms-server/wz/Character.wz/Weapon/01353605.img.xml
Weapon,Weapon,1353606,01353606,,16,140,0,0,False,False,False,True,missing_string_eqp|missing_handbook|outside_current_equip_pool,gms-server/wz/Character.wz/Weapon/01353606.img.xml
Weapon,Weapon,1353607,01353607,,16,100,0,0,False,False,False,True,missing_string_eqp|missing_handbook|outside_current_equip_pool,gms-server/wz/Character.wz/Weapon/01353607.img.xml
Weapon,Weapon,1353700,01353700,,4,10,0,0,False,False,False,True,missing_string_eqp|missing_handbook|outside_current_equip_pool,gms-server/wz/Character.wz/Weapon/01353700.img.xml
Weapon,Weapon,1353701,01353701,,4,30,0,0,False,False,False,True,missing_string_eqp|missing_handbook|outside_current_equip_pool,gms-server/wz/Character.wz/Weapon/01353701.img.xml
Weapon,Weapon,1353702,01353702,,4,60,0,0,False,False,False,True,missing_string_eqp|missing_handbook|outside_current_equip_pool,gms-server/wz/Character.wz/Weapon/01353702.img.xml
Weapon,Weapon,1353703,01353703,,4,100,0,0,False,False,False,True,missing_string_eqp|missing_handbook|outside_current_equip_pool,gms-server/wz/Character.wz/Weapon/01353703.img.xml
Weapon,Weapon,1353704,01353704,,4,100,0,0,False,False,False,True,missing_string_eqp|missing_handbook|outside_current_equip_pool,gms-server/wz/Character.wz/Weapon/01353704.img.xml
Weapon,Weapon,1353705,01353705,,4,100,0,0,False,False,False,True,missing_string_eqp|missing_handbook|outside_current_equip_pool,gms-server/wz/Character.wz/Weapon/01353705.img.xml
Weapon,Weapon,1353706,01353706,,4,100,0,0,False,False,False,True,missing_string_eqp|missing_handbook|outside_current_equip_pool,gms-server/wz/Character.wz/Weapon/01353706.img.xml
Weapon,Weapon,1353707,01353707,,4,140,0,0,False,False,False,True,missing_string_eqp|missing_handbook|outside_current_equip_pool,gms-server/wz/Character.wz/Weapon/01353707.img.xml
Weapon,Weapon,1353800,01353800,,8,10,0,0,False,False,False,True,missing_string_eqp|missing_handbook|outside_current_equip_pool,gms-server/wz/Character.wz/Weapon/01353800.img.xml
Weapon,Weapon,1353801,01353801,,8,30,0,0,False,False,False,True,missing_string_eqp|missing_handbook|outside_current_equip_pool,gms-server/wz/Character.wz/Weapon/01353801.img.xml
Weapon,Weapon,1353802,01353802,,8,60,0,0,False,False,False,True,missing_string_eqp|missing_handbook|outside_current_equip_pool,gms-server/wz/Character.wz/Weapon/01353802.img.xml
Weapon,Weapon,1353803,01353803,,8,100,0,0,False,False,False,True,missing_string_eqp|missing_handbook|outside_current_equip_pool,gms-server/wz/Character.wz/Weapon/01353803.img.xml
Weapon,Weapon,1353804,01353804,,8,100,0,0,False,False,False,True,missing_string_eqp|missing_handbook|outside_current_equip_pool,gms-server/wz/Character.wz/Weapon/01353804.img.xml
Weapon,Weapon,1353805,01353805,,8,100,0,0,False,False,False,True,missing_string_eqp|missing_handbook|outside_current_equip_pool,gms-server/wz/Character.wz/Weapon/01353805.img.xml
Weapon,Weapon,1353806,01353806,,8,100,0,0,False,False,False,True,missing_string_eqp|missing_handbook|outside_current_equip_pool,gms-server/wz/Character.wz/Weapon/01353806.img.xml
Weapon,Weapon,1353807,01353807,,8,140,0,0,False,False,False,True,missing_string_eqp|missing_handbook|outside_current_equip_pool,gms-server/wz/Character.wz/Weapon/01353807.img.xml
Weapon,Weapon,1362000,01362000,,0,0,0,0,False,False,False,True,missing_string_eqp|missing_handbook|outside_current_equip_pool,gms-server/wz/Character.wz/Weapon/01362000.img.xml
Weapon,Weapon,1362001,01362001,,8,10,0,0,False,False,False,True,missing_string_eqp|missing_handbook|outside_current_equip_pool,gms-server/wz/Character.wz/Weapon/01362001.img.xml
Weapon,Weapon,1362002,01362002,,8,15,0,0,False,False,False,True,missing_string_eqp|missing_handbook|outside_current_equip_pool,gms-server/wz/Character.wz/Weapon/01362002.img.xml
Weapon,Weapon,1362003,01362003,,8,20,0,0,False,False,False,True,missing_string_eqp|missing_handbook|outside_current_equip_pool,gms-server/wz/Character.wz/Weapon/01362003.img.xml
Weapon,Weapon,1362004,01362004,,8,25,0,0,False,False,False,True,missing_string_eqp|missing_handbook|outside_current_equip_pool,gms-server/wz/Character.wz/Weapon/01362004.img.xml
Weapon,Weapon,1362005,01362005,,8,30,0,0,False,False,False,True,missing_string_eqp|missing_handbook|outside_current_equip_pool,gms-server/wz/Character.wz/Weapon/01362005.img.xml
Weapon,Weapon,1362006,01362006,,8,35,0,0,False,False,False,True,missing_string_eqp|missing_handbook|outside_current_equip_pool,gms-server/wz/Character.wz/Weapon/01362006.img.xml
Weapon,Weapon,1362007,01362007,,8,40,0,0,False,False,False,True,missing_string_eqp|missing_handbook|outside_current_equip_pool,gms-server/wz/Character.wz/Weapon/01362007.img.xml
Weapon,Weapon,1362008,01362008,,8,50,0,0,False,False,False,True,missing_string_eqp|missing_handbook|outside_current_equip_pool,gms-server/wz/Character.wz/Weapon/01362008.img.xml
Weapon,Weapon,1362009,01362009,,8,60,0,0,False,False,False,True,missing_string_eqp|missing_handbook|outside_current_equip_pool,gms-server/wz/Character.wz/Weapon/01362009.img.xml
Weapon,Weapon,1362010,01362010,,8,70,0,0,False,False,False,True,missing_string_eqp|missing_handbook|outside_current_equip_pool,gms-server/wz/Character.wz/Weapon/01362010.img.xml
Weapon,Weapon,1362011,01362011,,8,80,0,0,False,False,False,True,missing_string_eqp|missing_handbook|outside_current_equip_pool,gms-server/wz/Character.wz/Weapon/01362011.img.xml
Weapon,Weapon,1362012,01362012,,8,90,0,0,False,False,False,True,missing_string_eqp|missing_handbook|outside_current_equip_pool,gms-server/wz/Character.wz/Weapon/01362012.img.xml
Weapon,Weapon,1362013,01362013,,8,100,0,0,False,False,False,True,missing_string_eqp|missing_handbook|outside_current_equip_pool,gms-server/wz/Character.wz/Weapon/01362013.img.xml
Weapon,Weapon,1362014,01362014,,8,105,0,0,False,False,False,True,missing_string_eqp|missing_handbook|outside_current_equip_pool,gms-server/wz/Character.wz/Weapon/01362014.img.xml
Weapon,Weapon,1362015,01362015,,8,110,0,0,False,False,False,True,missing_string_eqp|missing_handbook|outside_current_equip_pool,gms-server/wz/Character.wz/Weapon/01362015.img.xml
Weapon,Weapon,1362016,01362016,,8,120,0,0,False,False,False,True,missing_string_eqp|missing_handbook|outside_current_equip_pool,gms-server/wz/Character.wz/Weapon/01362016.img.xml
Weapon,Weapon,1362017,01362017,,8,120,0,0,False,False,False,True,missing_string_eqp|missing_handbook|outside_current_equip_pool,gms-server/wz/Character.wz/Weapon/01362017.img.xml
Weapon,Weapon,1362018,01362018,,8,130,0,0,False,False,False,True,missing_string_eqp|missing_handbook|outside_current_equip_pool,gms-server/wz/Character.wz/Weapon/01362018.img.xml
Weapon,Weapon,1362019,01362019,,8,140,0,0,False,False,False,True,missing_string_eqp|missing_handbook|outside_current_equip_pool,gms-server/wz/Character.wz/Weapon/01362019.img.xml
Weapon,Weapon,1362020,01362020,,8,120,0,0,False,False,False,True,missing_string_eqp|missing_handbook|outside_current_equip_pool,gms-server/wz/Character.wz/Weapon/01362020.img.xml
Weapon,Weapon,1362021,01362021,,8,125,0,0,False,False,False,True,missing_string_eqp|missing_handbook|outside_current_equip_pool,gms-server/wz/Character.wz/Weapon/01362021.img.xml
Weapon,Weapon,1362022,01362022,,8,125,0,0,False,False,False,True,missing_string_eqp|missing_handbook|outside_current_equip_pool,gms-server/wz/Character.wz/Weapon/01362022.img.xml
Weapon,Weapon,1362023,01362023,,8,125,0,0,False,False,False,True,missing_string_eqp|missing_handbook|outside_current_equip_pool,gms-server/wz/Character.wz/Weapon/01362023.img.xml
Weapon,Weapon,1362024,01362024,,8,110,0,0,False,False,False,True,missing_string_eqp|missing_handbook|outside_current_equip_pool,gms-server/wz/Character.wz/Weapon/01362024.img.xml
Weapon,Weapon,1362025,01362025,,8,35,0,0,False,False,False,True,missing_string_eqp|missing_handbook|outside_current_equip_pool,gms-server/wz/Character.wz/Weapon/01362025.img.xml
Weapon,Weapon,1362026,01362026,,8,70,0,0,False,False,False,True,missing_string_eqp|missing_handbook|outside_current_equip_pool,gms-server/wz/Character.wz/Weapon/01362026.img.xml
Weapon,Weapon,1362027,01362027,,8,80,0,0,False,False,False,True,missing_string_eqp|missing_handbook|outside_current_equip_pool,gms-server/wz/Character.wz/Weapon/01362027.img.xml
Weapon,Weapon,1362028,01362028,,8,90,0,0,False,False,False,True,missing_string_eqp|missing_handbook|outside_current_equip_pool,gms-server/wz/Character.wz/Weapon/01362028.img.xml
Weapon,Weapon,1362029,01362029,,8,35,0,0,False,False,False,True,missing_string_eqp|missing_handbook|outside_current_equip_pool,gms-server/wz/Character.wz/Weapon/01362029.img.xml
Weapon,Weapon,1362030,01362030,,8,65,0,0,False,False,False,True,missing_string_eqp|missing_handbook|outside_current_equip_pool,gms-server/wz/Character.wz/Weapon/01362030.img.xml
Weapon,Weapon,1362031,01362031,,8,95,0,0,False,False,False,True,missing_string_eqp|missing_handbook|outside_current_equip_pool,gms-server/wz/Character.wz/Weapon/01362031.img.xml
Weapon,Weapon,1362032,01362032,,8,20,0,0,False,False,False,True,missing_string_eqp|missing_handbook|outside_current_equip_pool,gms-server/wz/Character.wz/Weapon/01362032.img.xml
Weapon,Weapon,1362033,01362033,,8,35,0,0,False,False,False,True,missing_string_eqp|missing_handbook|outside_current_equip_pool,gms-server/wz/Character.wz/Weapon/01362033.img.xml
Weapon,Weapon,1362034,01362034,,8,50,0,0,False,False,False,True,missing_string_eqp|missing_handbook|outside_current_equip_pool,gms-server/wz/Character.wz/Weapon/01362034.img.xml
Weapon,Weapon,1362035,01362035,,8,60,0,0,False,False,False,True,missing_string_eqp|missing_handbook|outside_current_equip_pool,gms-server/wz/Character.wz/Weapon/01362035.img.xml
Weapon,Weapon,1362036,01362036,,8,70,0,0,False,False,False,True,missing_string_eqp|missing_handbook|outside_current_equip_pool,gms-server/wz/Character.wz/Weapon/01362036.img.xml
Weapon,Weapon,1362037,01362037,,8,35,0,0,False,False,False,True,missing_string_eqp|missing_handbook|outside_current_equip_pool,gms-server/wz/Character.wz/Weapon/01362037.img.xml
Weapon,Weapon,1362038,01362038,,8,65,0,0,False,False,False,True,missing_string_eqp|missing_handbook|outside_current_equip_pool,gms-server/wz/Character.wz/Weapon/01362038.img.xml
Weapon,Weapon,1362039,01362039,,8,95,0,0,False,False,False,True,missing_string_eqp|missing_handbook|outside_current_equip_pool,gms-server/wz/Character.wz/Weapon/01362039.img.xml
Weapon,Weapon,1362040,01362040,,8,70,0,0,False,False,False,True,missing_string_eqp|missing_handbook|outside_current_equip_pool,gms-server/wz/Character.wz/Weapon/01362040.img.xml
Weapon,Weapon,1362041,01362041,,8,80,0,0,False,False,False,True,missing_string_eqp|missing_handbook|outside_current_equip_pool,gms-server/wz/Character.wz/Weapon/01362041.img.xml
Weapon,Weapon,1362042,01362042,,8,90,0,0,False,False,False,True,missing_string_eqp|missing_handbook|outside_current_equip_pool,gms-server/wz/Character.wz/Weapon/01362042.img.xml
Weapon,Weapon,1362043,01362043,,8,100,0,0,False,False,False,True,missing_string_eqp|missing_handbook|outside_current_equip_pool,gms-server/wz/Character.wz/Weapon/01362043.img.xml
Weapon,Weapon,1362044,01362044,,8,110,0,0,False,False,False,True,missing_string_eqp|missing_handbook|outside_current_equip_pool,gms-server/wz/Character.wz/Weapon/01362044.img.xml
Weapon,Weapon,1362045,01362045,,8,120,0,0,False,False,False,True,missing_string_eqp|missing_handbook|outside_current_equip_pool,gms-server/wz/Character.wz/Weapon/01362045.img.xml
Weapon,Weapon,1362046,01362046,,0,10,0,0,False,False,False,True,missing_string_eqp|missing_handbook|outside_current_equip_pool,gms-server/wz/Character.wz/Weapon/01362046.img.xml
Weapon,Weapon,1362047,01362047,,8,15,0,0,False,False,False,True,missing_string_eqp|missing_handbook|outside_current_equip_pool,gms-server/wz/Character.wz/Weapon/01362047.img.xml
Weapon,Weapon,1362048,01362048,,8,20,0,0,False,False,False,True,missing_string_eqp|missing_handbook|outside_current_equip_pool,gms-server/wz/Character.wz/Weapon/01362048.img.xml
Weapon,Weapon,1362049,01362049,,8,25,0,0,False,False,False,True,missing_string_eqp|missing_handbook|outside_current_equip_pool,gms-server/wz/Character.wz/Weapon/01362049.img.xml
Weapon,Weapon,1362050,01362050,,8,30,0,0,False,False,False,True,missing_string_eqp|missing_handbook|outside_current_equip_pool,gms-server/wz/Character.wz/Weapon/01362050.img.xml
Weapon,Weapon,1362051,01362051,,8,35,0,0,False,False,False,True,missing_string_eqp|missing_handbook|outside_current_equip_pool,gms-server/wz/Character.wz/Weapon/01362051.img.xml
Weapon,Weapon,1362052,01362052,,8,40,0,0,False,False,False,True,missing_string_eqp|missing_handbook|outside_current_equip_pool,gms-server/wz/Character.wz/Weapon/01362052.img.xml
Weapon,Weapon,1362053,01362053,,8,50,0,0,False,False,False,True,missing_string_eqp|missing_handbook|outside_current_equip_pool,gms-server/wz/Character.wz/Weapon/01362053.img.xml
Weapon,Weapon,1362054,01362054,,8,60,0,0,False,False,False,True,missing_string_eqp|missing_handbook|outside_current_equip_pool,gms-server/wz/Character.wz/Weapon/01362054.img.xml
Weapon,Weapon,1362055,01362055,,8,70,0,0,False,False,False,True,missing_string_eqp|missing_handbook|outside_current_equip_pool,gms-server/wz/Character.wz/Weapon/01362055.img.xml
Weapon,Weapon,1362056,01362056,,8,130,0,0,False,False,False,True,missing_string_eqp|missing_handbook|outside_current_equip_pool,gms-server/wz/Character.wz/Weapon/01362056.img.xml
Weapon,Weapon,1362057,01362057,,8,45,0,0,False,False,False,True,missing_string_eqp|missing_handbook|outside_current_equip_pool,gms-server/wz/Character.wz/Weapon/01362057.img.xml
Weapon,Weapon,1362058,01362058,,8,70,0,0,False,False,False,True,missing_string_eqp|missing_handbook|outside_current_equip_pool,gms-server/wz/Character.wz/Weapon/01362058.img.xml
Weapon,Weapon,1362059,01362059,,8,80,0,0,False,False,False,True,missing_string_eqp|missing_handbook|outside_current_equip_pool,gms-server/wz/Character.wz/Weapon/01362059.img.xml
Weapon,Weapon,1362060,01362060,,8,79,0,0,False,False,False,True,missing_string_eqp|missing_handbook|outside_current_equip_pool,gms-server/wz/Character.wz/Weapon/01362060.img.xml
Weapon,Weapon,1362061,01362061,,8,120,0,0,False,False,False,True,missing_string_eqp|missing_handbook|outside_current_equip_pool,gms-server/wz/Character.wz/Weapon/01362061.img.xml
Weapon,Weapon,1362063,01362063,,8,30,0,0,False,False,False,True,missing_string_eqp|missing_handbook|outside_current_equip_pool,gms-server/wz/Character.wz/Weapon/01362063.img.xml
Weapon,Weapon,1362064,01362064,,8,35,0,0,False,False,False,True,missing_string_eqp|missing_handbook|outside_current_equip_pool,gms-server/wz/Character.wz/Weapon/01362064.img.xml
Weapon,Weapon,1362065,01362065,,8,40,0,0,False,False,False,True,missing_string_eqp|missing_handbook|outside_current_equip_pool,gms-server/wz/Character.wz/Weapon/01362065.img.xml
Weapon,Weapon,1362066,01362066,,8,40,0,0,False,False,False,True,missing_string_eqp|missing_handbook|outside_current_equip_pool,gms-server/wz/Character.wz/Weapon/01362066.img.xml
Weapon,Weapon,1362067,01362067,,8,99,0,0,False,False,False,True,missing_string_eqp|missing_handbook|outside_current_equip_pool,gms-server/wz/Character.wz/Weapon/01362067.img.xml
Weapon,Weapon,1362068,01362068,,8,130,0,0,False,False,False,True,missing_string_eqp|missing_handbook|outside_current_equip_pool,gms-server/wz/Character.wz/Weapon/01362068.img.xml
Weapon,Weapon,1362069,01362069,,0,0,0,0,False,False,False,True,missing_string_eqp|missing_handbook|outside_current_equip_pool,gms-server/wz/Character.wz/Weapon/01362069.img.xml
Weapon,Weapon,1362070,01362070,,8,50,0,0,False,False,False,True,missing_string_eqp|missing_handbook|outside_current_equip_pool,gms-server/wz/Character.wz/Weapon/01362070.img.xml
Weapon,Weapon,1362071,01362071,,8,0,0,0,False,False,False,True,missing_string_eqp|missing_handbook|outside_current_equip_pool,gms-server/wz/Character.wz/Weapon/01362071.img.xml
Weapon,Weapon,1362074,01362074,,8,135,0,0,False,False,False,True,missing_string_eqp|missing_handbook|outside_current_equip_pool,gms-server/wz/Character.wz/Weapon/01362074.img.xml
Weapon,Weapon,1362075,01362075,,8,100,0,0,False,False,False,True,missing_string_eqp|missing_handbook|outside_current_equip_pool,gms-server/wz/Character.wz/Weapon/01362075.img.xml
Weapon,Weapon,1362076,01362076,,8,80,0,0,False,False,False,True,missing_string_eqp|missing_handbook|outside_current_equip_pool,gms-server/wz/Character.wz/Weapon/01362076.img.xml
Weapon,Weapon,1362077,01362077,,8,90,0,0,False,False,False,True,missing_string_eqp|missing_handbook|outside_current_equip_pool,gms-server/wz/Character.wz/Weapon/01362077.img.xml
Weapon,Weapon,1362078,01362078,,8,35,0,0,False,False,False,True,missing_string_eqp|missing_handbook|outside_current_equip_pool,gms-server/wz/Character.wz/Weapon/01362078.img.xml
Weapon,Weapon,1362079,01362079,,8,65,0,0,False,False,False,True,missing_string_eqp|missing_handbook|outside_current_equip_pool,gms-server/wz/Character.wz/Weapon/01362079.img.xml
Weapon,Weapon,1362080,01362080,,8,95,0,0,False,False,False,True,missing_string_eqp|missing_handbook|outside_current_equip_pool,gms-server/wz/Character.wz/Weapon/01362080.img.xml
Weapon,Weapon,1362081,01362081,,8,135,0,0,False,False,False,True,missing_string_eqp|missing_handbook|outside_current_equip_pool,gms-server/wz/Character.wz/Weapon/01362081.img.xml
Weapon,Weapon,1362082,01362082,,8,75,0,0,False,False,False,True,missing_string_eqp|missing_handbook|outside_current_equip_pool,gms-server/wz/Character.wz/Weapon/01362082.img.xml
Weapon,Weapon,1362083,01362083,,8,100,0,0,False,False,False,True,missing_string_eqp|missing_handbook|outside_current_equip_pool,gms-server/wz/Character.wz/Weapon/01362083.img.xml
Weapon,Weapon,1362084,01362084,,8,80,0,0,False,False,False,True,missing_string_eqp|missing_handbook|outside_current_equip_pool,gms-server/wz/Character.wz/Weapon/01362084.img.xml
Weapon,Weapon,1362087,01362087,,8,130,0,0,False,False,False,True,missing_string_eqp|missing_handbook|outside_current_equip_pool,gms-server/wz/Character.wz/Weapon/01362087.img.xml
Weapon,Weapon,1362089,01362089,,8,80,0,0,False,False,False,True,missing_string_eqp|missing_handbook|outside_current_equip_pool,gms-server/wz/Character.wz/Weapon/01362089.img.xml
Weapon,Weapon,1362090,01362090,,8,150,0,0,False,False,False,True,missing_string_eqp|missing_handbook|outside_current_equip_pool,gms-server/wz/Character.wz/Weapon/01362090.img.xml
Weapon,Weapon,1362091,01362091,,8,145,0,0,False,False,False,True,missing_string_eqp|missing_handbook|outside_current_equip_pool,gms-server/wz/Character.wz/Weapon/01362091.img.xml
Weapon,Weapon,1362092,01362092,,8,100,0,0,False,False,False,True,missing_string_eqp|missing_handbook|outside_current_equip_pool,gms-server/wz/Character.wz/Weapon/01362092.img.xml
Weapon,Weapon,1362093,01362093,,8,30,0,0,False,False,False,True,missing_string_eqp|missing_handbook|outside_current_equip_pool,gms-server/wz/Character.wz/Weapon/01362093.img.xml
Weapon,Weapon,1362094,01362094,,8,30,0,0,False,False,False,True,missing_string_eqp|missing_handbook|outside_current_equip_pool,gms-server/wz/Character.wz/Weapon/01362094.img.xml
Weapon,Weapon,1362095,01362095,,8,100,0,0,False,False,False,True,missing_string_eqp|missing_handbook|outside_current_equip_pool,gms-server/wz/Character.wz/Weapon/01362095.img.xml
Weapon,Weapon,1362099,01362099,,8,145,0,0,False,False,False,True,missing_string_eqp|missing_handbook|outside_current_equip_pool,gms-server/wz/Character.wz/Weapon/01362099.img.xml
Weapon,Weapon,1362100,01362100,,8,120,0,0,False,False,False,True,missing_string_eqp|missing_handbook|outside_current_equip_pool,gms-server/wz/Character.wz/Weapon/01362100.img.xml
Weapon,Weapon,1362101,01362101,,8,105,0,0,False,False,False,True,missing_string_eqp|missing_handbook|outside_current_equip_pool,gms-server/wz/Character.wz/Weapon/01362101.img.xml
Weapon,Weapon,1362102,01362102,,8,160,0,0,False,False,False,True,missing_string_eqp|missing_handbook|outside_current_equip_pool,gms-server/wz/Character.wz/Weapon/01362102.img.xml
Weapon,Weapon,1362103,01362103,,8,100,0,0,False,False,False,True,missing_string_eqp|missing_handbook|outside_current_equip_pool,gms-server/wz/Character.wz/Weapon/01362103.img.xml
Weapon,Weapon,1362104,01362104,,0,135,0,0,False,False,False,True,missing_string_eqp|missing_handbook|outside_current_equip_pool,gms-server/wz/Character.wz/Weapon/01362104.img.xml
Weapon,Weapon,1362105,01362105,,8,50,0,0,False,False,False,True,missing_string_eqp|missing_handbook|outside_current_equip_pool,gms-server/wz/Character.wz/Weapon/01362105.img.xml
Weapon,Weapon,1362106,01362106,,8,10,0,0,False,False,False,True,missing_string_eqp|missing_handbook|outside_current_equip_pool,gms-server/wz/Character.wz/Weapon/01362106.img.xml
Weapon,Weapon,1362107,01362107,,8,50,0,0,False,False,False,True,missing_string_eqp|missing_handbook|outside_current_equip_pool,gms-server/wz/Character.wz/Weapon/01362107.img.xml
Weapon,Weapon,1362108,01362108,,8,100,0,0,False,False,False,True,missing_string_eqp|missing_handbook|outside_current_equip_pool,gms-server/wz/Character.wz/Weapon/01362108.img.xml
Weapon,Weapon,1362109,01362109,,8,160,0,0,False,False,False,True,missing_string_eqp|missing_handbook|outside_current_equip_pool,gms-server/wz/Character.wz/Weapon/01362109.img.xml
Weapon,Weapon,1362110,01362110,,8,150,0,0,False,False,False,True,missing_string_eqp|missing_handbook|outside_current_equip_pool,gms-server/wz/Character.wz/Weapon/01362110.img.xml
Weapon,Weapon,1362115,01362115,,8,100,0,0,False,False,False,True,missing_string_eqp|missing_handbook|outside_current_equip_pool,gms-server/wz/Character.wz/Weapon/01362115.img.xml
Weapon,Weapon,1362118,01362118,,8,110,0,0,False,False,False,True,missing_string_eqp|missing_handbook|outside_current_equip_pool,gms-server/wz/Character.wz/Weapon/01362118.img.xml
Weapon,Weapon,1362119,01362119,,8,120,0,0,False,False,False,True,missing_string_eqp|missing_handbook|outside_current_equip_pool,gms-server/wz/Character.wz/Weapon/01362119.img.xml
Weapon,Weapon,1362120,01362120,,8,130,0,0,False,False,False,True,missing_string_eqp|missing_handbook|outside_current_equip_pool,gms-server/wz/Character.wz/Weapon/01362120.img.xml
Weapon,Weapon,1362121,01362121,,8,140,0,0,False,False,False,True,missing_string_eqp|missing_handbook|outside_current_equip_pool,gms-server/wz/Character.wz/Weapon/01362121.img.xml
Weapon,Weapon,1362122,01362122,,8,130,0,0,False,False,False,True,missing_string_eqp|missing_handbook|outside_current_equip_pool,gms-server/wz/Character.wz/Weapon/01362122.img.xml
Weapon,Weapon,1362135,01362135,,8,160,0,0,False,False,False,True,missing_string_eqp|missing_handbook|outside_current_equip_pool,gms-server/wz/Character.wz/Weapon/01362135.img.xml
Weapon,Weapon,1362136,01362136,,8,100,0,0,False,False,False,True,missing_string_eqp|missing_handbook|outside_current_equip_pool,gms-server/wz/Character.wz/Weapon/01362136.img.xml
Weapon,Weapon,1362137,01362137,,8,120,0,0,False,False,False,True,missing_string_eqp|missing_handbook|outside_current_equip_pool,gms-server/wz/Character.wz/Weapon/01362137.img.xml
Weapon,Weapon,1362139,01362139,,8,120,0,0,False,False,False,True,missing_string_eqp|missing_handbook|outside_current_equip_pool,gms-server/wz/Character.wz/Weapon/01362139.img.xml
Weapon,Weapon,1362140,01362140,,8,200,0,0,False,False,False,True,missing_string_eqp|missing_handbook|outside_current_equip_pool,gms-server/wz/Character.wz/Weapon/01362140.img.xml
Weapon,Weapon,1362141,01362141,,8,160,0,0,False,False,False,True,missing_string_eqp|missing_handbook|outside_current_equip_pool,gms-server/wz/Character.wz/Weapon/01362141.img.xml
Weapon,Weapon,1362142,01362142,,8,130,0,0,False,False,False,True,missing_string_eqp|missing_handbook|outside_current_equip_pool,gms-server/wz/Character.wz/Weapon/01362142.img.xml
Weapon,Weapon,1362144,01362144,,8,150,0,0,False,False,False,True,missing_string_eqp|missing_handbook|outside_current_equip_pool,gms-server/wz/Character.wz/Weapon/01362144.img.xml
Weapon,Weapon,1362145,01362145,,8,100,0,0,False,False,False,True,missing_string_eqp|missing_handbook|outside_current_equip_pool,gms-server/wz/Character.wz/Weapon/01362145.img.xml
Weapon,Weapon,1362146,01362146,,8,150,0,0,False,False,False,True,missing_string_eqp|missing_handbook|outside_current_equip_pool,gms-server/wz/Character.wz/Weapon/01362146.img.xml
Weapon,Weapon,1362147,01362147,,8,150,0,0,False,False,False,True,missing_string_eqp|missing_handbook|outside_current_equip_pool,gms-server/wz/Character.wz/Weapon/01362147.img.xml
Weapon,Weapon,1362148,01362148,,8,200,0,0,False,False,False,True,missing_string_eqp|missing_handbook|outside_current_equip_pool,gms-server/wz/Character.wz/Weapon/01362148.img.xml
Weapon,Weapon,1362149,01362149,,8,200,0,0,False,False,False,True,missing_string_eqp|missing_handbook|outside_current_equip_pool,gms-server/wz/Character.wz/Weapon/01362149.img.xml
Weapon,Weapon,1362150,01362150,,8,150,0,0,False,False,False,True,missing_string_eqp|missing_handbook|outside_current_equip_pool,gms-server/wz/Character.wz/Weapon/01362150.img.xml
Weapon,Weapon,1362151,01362151,,8,200,0,0,False,False,False,True,missing_string_eqp|missing_handbook|outside_current_equip_pool,gms-server/wz/Character.wz/Weapon/01362151.img.xml
Weapon,Weapon,1372054,01372054,,0,120,0,0,False,False,False,True,missing_string_eqp|missing_handbook|outside_current_equip_pool,gms-server/wz/Character.wz/Weapon/01372054.img.xml
Weapon,Weapon,1372142,01372142,,2,0,0,0,False,False,False,True,missing_string_eqp|missing_handbook|outside_current_equip_pool,gms-server/wz/Character.wz/Weapon/01372142.img.xml
Weapon,Weapon,1372227,01372227,,2,120,0,0,False,False,False,True,missing_string_eqp|missing_handbook|outside_current_equip_pool,gms-server/wz/Character.wz/Weapon/01372227.img.xml
Weapon,Weapon,1372236,01372236,,2,200,0,0,False,False,False,True,missing_string_eqp|missing_handbook|outside_current_equip_pool,gms-server/wz/Character.wz/Weapon/01372236.img.xml
Weapon,Weapon,1372237,01372237,,2,200,0,0,False,False,False,True,missing_string_eqp|missing_handbook|outside_current_equip_pool,gms-server/wz/Character.wz/Weapon/01372237.img.xml
Weapon,Weapon,1372238,01372238,,2,150,0,0,False,False,False,True,missing_string_eqp|missing_handbook|outside_current_equip_pool,gms-server/wz/Character.wz/Weapon/01372238.img.xml
Weapon,Weapon,1372239,01372239,,2,200,0,0,False,False,False,True,missing_string_eqp|missing_handbook|outside_current_equip_pool,gms-server/wz/Character.wz/Weapon/01372239.img.xml
Weapon,Weapon,1382071,01382071,,2,50,0,0,False,False,False,True,missing_string_eqp|missing_handbook|outside_current_equip_pool,gms-server/wz/Character.wz/Weapon/01382071.img.xml
Weapon,Weapon,1382072,01382072,,2,70,0,0,False,False,False,True,missing_string_eqp|missing_handbook|outside_current_equip_pool,gms-server/wz/Character.wz/Weapon/01382072.img.xml
Weapon,Weapon,1382073,01382073,,2,90,0,0,False,False,False,True,missing_string_eqp|missing_handbook|outside_current_equip_pool,gms-server/wz/Character.wz/Weapon/01382073.img.xml
Weapon,Weapon,1382081,01382081,,2,150,0,0,False,False,False,True,missing_string_eqp|missing_handbook|outside_current_equip_pool,gms-server/wz/Character.wz/Weapon/01382081.img.xml
Weapon,Weapon,1382082,01382082,,2,145,0,0,False,False,False,True,missing_string_eqp|missing_handbook|outside_current_equip_pool,gms-server/wz/Character.wz/Weapon/01382082.img.xml
Weapon,Weapon,1382089,01382089,,0,70,0,0,False,False,False,True,missing_string_eqp|missing_handbook|outside_current_equip_pool,gms-server/wz/Character.wz/Weapon/01382089.img.xml
Weapon,Weapon,1382090,01382090,,0,90,0,0,False,False,False,True,missing_string_eqp|missing_handbook|outside_current_equip_pool,gms-server/wz/Character.wz/Weapon/01382090.img.xml
Weapon,Weapon,1382092,01382092,,0,150,0,0,False,False,False,True,missing_string_eqp|missing_handbook|outside_current_equip_pool,gms-server/wz/Character.wz/Weapon/01382092.img.xml
Weapon,Weapon,1382144,01382144,,8,0,0,0,False,False,False,True,missing_string_eqp|missing_handbook|outside_current_equip_pool,gms-server/wz/Character.wz/Weapon/01382144.img.xml
Weapon,Weapon,1382172,01382172,,2,0,0,0,False,False,False,True,missing_string_eqp|missing_handbook|outside_current_equip_pool,gms-server/wz/Character.wz/Weapon/01382172.img.xml
Weapon,Weapon,1382236,01382236,,2,115,0,0,False,False,False,True,missing_string_eqp|missing_handbook|outside_current_equip_pool,gms-server/wz/Character.wz/Weapon/01382236.img.xml
Weapon,Weapon,1382273,01382273,,2,200,0,0,False,False,False,True,missing_string_eqp|missing_handbook|outside_current_equip_pool,gms-server/wz/Character.wz/Weapon/01382273.img.xml
Weapon,Weapon,1382274,01382274,,2,200,0,0,False,False,False,True,missing_string_eqp|missing_handbook|outside_current_equip_pool,gms-server/wz/Character.wz/Weapon/01382274.img.xml
Weapon,Weapon,1382275,01382275,,2,150,0,0,False,False,False,True,missing_string_eqp|missing_handbook|outside_current_equip_pool,gms-server/wz/Character.wz/Weapon/01382275.img.xml
Weapon,Weapon,1382276,01382276,,2,200,0,0,False,False,False,True,missing_string_eqp|missing_handbook|outside_current_equip_pool,gms-server/wz/Character.wz/Weapon/01382276.img.xml
Weapon,Weapon,1390000,01390000,,0,0,0,0,False,False,False,True,missing_string_eqp|missing_handbook|outside_current_equip_pool,gms-server/wz/Character.wz/Weapon/01390000.img.xml
Weapon,Weapon,1390001,01390001,,0,0,0,0,False,False,False,True,missing_string_eqp|missing_handbook|outside_current_equip_pool,gms-server/wz/Character.wz/Weapon/01390001.img.xml
Weapon,Weapon,1390002,01390002,,0,0,0,0,False,False,False,True,missing_string_eqp|missing_handbook|outside_current_equip_pool,gms-server/wz/Character.wz/Weapon/01390002.img.xml
Weapon,Weapon,1390003,01390003,,0,0,0,0,False,False,False,True,missing_string_eqp|missing_handbook|outside_current_equip_pool,gms-server/wz/Character.wz/Weapon/01390003.img.xml
Weapon,Weapon,1392000,01392000,,0,0,0,0,False,False,False,True,missing_string_eqp|missing_handbook|outside_current_equip_pool,gms-server/wz/Character.wz/Weapon/01392000.img.xml
Weapon,Weapon,1392001,01392001,,0,0,0,0,False,False,False,True,missing_string_eqp|missing_handbook|outside_current_equip_pool,gms-server/wz/Character.wz/Weapon/01392001.img.xml
Weapon,Weapon,1402130,01402130,,8,0,0,0,False,False,False,True,missing_string_eqp|missing_handbook|outside_current_equip_pool,gms-server/wz/Character.wz/Weapon/01402130.img.xml
Weapon,Weapon,1402155,01402155,,1,0,0,0,False,False,False,True,missing_string_eqp|missing_handbook|outside_current_equip_pool,gms-server/wz/Character.wz/Weapon/01402155.img.xml
Weapon,Weapon,1402173,01402173,,0,0,0,0,False,False,False,True,missing_string_eqp|missing_handbook|outside_current_equip_pool,gms-server/wz/Character.wz/Weapon/01402173.img.xml
Weapon,Weapon,1402267,01402267,,1,200,0,0,False,False,False,True,missing_string_eqp|missing_handbook|outside_current_equip_pool,gms-server/wz/Character.wz/Weapon/01402267.img.xml
Weapon,Weapon,1402268,01402268,,1,200,0,0,False,False,False,True,missing_string_eqp|missing_handbook|outside_current_equip_pool,gms-server/wz/Character.wz/Weapon/01402268.img.xml
Weapon,Weapon,1402269,01402269,,1,150,0,0,False,False,False,True,missing_string_eqp|missing_handbook|outside_current_equip_pool,gms-server/wz/Character.wz/Weapon/01402269.img.xml
Weapon,Weapon,1402271,01402271,,1,200,0,0,False,False,False,True,missing_string_eqp|missing_handbook|outside_current_equip_pool,gms-server/wz/Character.wz/Weapon/01402271.img.xml
Weapon,Weapon,1402300,01402300,,0,0,0,0,False,False,False,True,missing_string_eqp|missing_handbook|outside_current_equip_pool,gms-server/wz/Character.wz/Weapon/01402300.img.xml
Weapon,Weapon,1402301,01402301,,0,0,0,0,False,False,False,True,missing_string_eqp|missing_handbook|outside_current_equip_pool,gms-server/wz/Character.wz/Weapon/01402301.img.xml
Weapon,Weapon,1402302,01402302,,0,0,0,0,False,False,False,True,missing_string_eqp|missing_handbook|outside_current_equip_pool,gms-server/wz/Character.wz/Weapon/01402302.img.xml
Weapon,Weapon,1402303,01402303,,0,0,0,0,False,False,False,True,missing_string_eqp|missing_handbook|outside_current_equip_pool,gms-server/wz/Character.wz/Weapon/01402303.img.xml
Weapon,Weapon,1402304,01402304,,0,0,0,0,False,False,False,True,missing_string_eqp|missing_handbook|outside_current_equip_pool,gms-server/wz/Character.wz/Weapon/01402304.img.xml
Weapon,Weapon,1402305,01402305,,0,0,0,0,False,False,False,True,missing_string_eqp|missing_handbook|outside_current_equip_pool,gms-server/wz/Character.wz/Weapon/01402305.img.xml
Weapon,Weapon,1402307,01402307,,0,0,0,0,False,False,False,True,missing_string_eqp|missing_handbook|outside_current_equip_pool,gms-server/wz/Character.wz/Weapon/01402307.img.xml
Weapon,Weapon,1402308,01402308,,0,0,0,0,False,False,False,True,missing_string_eqp|missing_handbook|outside_current_equip_pool,gms-server/wz/Character.wz/Weapon/01402308.img.xml
Weapon,Weapon,1402309,01402309,,0,0,0,0,False,False,False,True,missing_string_eqp|missing_handbook|outside_current_equip_pool,gms-server/wz/Character.wz/Weapon/01402309.img.xml
Weapon,Weapon,1402310,01402310,,1,100,0,0,False,False,False,True,missing_string_eqp|missing_handbook|outside_current_equip_pool,gms-server/wz/Character.wz/Weapon/01402310.img.xml
Weapon,Weapon,1402311,01402311,,1,100,0,0,False,False,False,True,missing_string_eqp|missing_handbook|outside_current_equip_pool,gms-server/wz/Character.wz/Weapon/01402311.img.xml
Weapon,Weapon,1402312,01402312,,1,100,0,0,False,False,False,True,missing_string_eqp|missing_handbook|outside_current_equip_pool,gms-server/wz/Character.wz/Weapon/01402312.img.xml
Weapon,Weapon,1402313,01402313,,1,100,0,0,False,False,False,True,missing_string_eqp|missing_handbook|outside_current_equip_pool,gms-server/wz/Character.wz/Weapon/01402313.img.xml
Weapon,Weapon,1402314,01402314,,1,100,0,0,False,False,False,True,missing_string_eqp|missing_handbook|outside_current_equip_pool,gms-server/wz/Character.wz/Weapon/01402314.img.xml
Weapon,Weapon,1402315,01402315,,1,100,0,0,False,False,False,True,missing_string_eqp|missing_handbook|outside_current_equip_pool,gms-server/wz/Character.wz/Weapon/01402315.img.xml
Weapon,Weapon,1402316,01402316,,1,100,0,0,False,False,False,True,missing_string_eqp|missing_handbook|outside_current_equip_pool,gms-server/wz/Character.wz/Weapon/01402316.img.xml
Weapon,Weapon,1402317,01402317,,0,0,0,0,False,False,False,True,missing_string_eqp|missing_handbook|outside_current_equip_pool,gms-server/wz/Character.wz/Weapon/01402317.img.xml
Weapon,Weapon,1402318,01402318,,0,0,0,0,False,False,False,True,missing_string_eqp|missing_handbook|outside_current_equip_pool,gms-server/wz/Character.wz/Weapon/01402318.img.xml
Weapon,Weapon,1402319,01402319,,0,0,0,0,False,False,False,True,missing_string_eqp|missing_handbook|outside_current_equip_pool,gms-server/wz/Character.wz/Weapon/01402319.img.xml
Weapon,Weapon,1402320,01402320,,0,0,0,0,False,False,False,True,missing_string_eqp|missing_handbook|outside_current_equip_pool,gms-server/wz/Character.wz/Weapon/01402320.img.xml
Weapon,Weapon,1402321,01402321,,0,0,0,0,False,False,False,True,missing_string_eqp|missing_handbook|outside_current_equip_pool,gms-server/wz/Character.wz/Weapon/01402321.img.xml
Weapon,Weapon,1402322,01402322,,0,0,0,0,False,False,False,True,missing_string_eqp|missing_handbook|outside_current_equip_pool,gms-server/wz/Character.wz/Weapon/01402322.img.xml
Weapon,Weapon,1402323,01402323,,0,0,0,0,False,False,False,True,missing_string_eqp|missing_handbook|outside_current_equip_pool,gms-server/wz/Character.wz/Weapon/01402323.img.xml
Weapon,Weapon,1402324,01402324,,0,0,0,0,False,False,False,True,missing_string_eqp|missing_handbook|outside_current_equip_pool,gms-server/wz/Character.wz/Weapon/01402324.img.xml
Weapon,Weapon,1402325,01402325,,0,0,0,0,False,False,False,True,missing_string_eqp|missing_handbook|outside_current_equip_pool,gms-server/wz/Character.wz/Weapon/01402325.img.xml
Weapon,Weapon,1402326,01402326,,0,0,0,0,False,False,False,True,missing_string_eqp|missing_handbook|outside_current_equip_pool,gms-server/wz/Character.wz/Weapon/01402326.img.xml
Weapon,Weapon,1402327,01402327,,0,0,0,0,False,False,False,True,missing_string_eqp|missing_handbook|outside_current_equip_pool,gms-server/wz/Character.wz/Weapon/01402327.img.xml
Weapon,Weapon,1402328,01402328,,1,100,0,0,False,False,False,True,missing_string_eqp|missing_handbook|outside_current_equip_pool,gms-server/wz/Character.wz/Weapon/01402328.img.xml
Weapon,Weapon,1402329,01402329,,1,1,0,0,False,False,False,True,missing_string_eqp|missing_handbook|outside_current_equip_pool,gms-server/wz/Character.wz/Weapon/01402329.img.xml
Weapon,Weapon,1402330,01402330,,0,0,0,0,False,False,False,True,missing_string_eqp|missing_handbook|outside_current_equip_pool,gms-server/wz/Character.wz/Weapon/01402330.img.xml
Weapon,Weapon,1402331,01402331,,0,0,0,0,False,False,False,True,missing_string_eqp|missing_handbook|outside_current_equip_pool,gms-server/wz/Character.wz/Weapon/01402331.img.xml
Weapon,Weapon,1402905,01402905,,0,0,0,0,False,False,False,True,missing_string_eqp|missing_handbook|outside_current_equip_pool,gms-server/wz/Character.wz/Weapon/01402905.img.xml
Weapon,Weapon,1412108,01412108,,1,0,0,0,False,False,False,True,missing_string_eqp|missing_handbook|outside_current_equip_pool,gms-server/wz/Character.wz/Weapon/01412108.img.xml
Weapon,Weapon,1412188,01412188,,1,200,0,0,False,False,False,True,missing_string_eqp|missing_handbook|outside_current_equip_pool,gms-server/wz/Character.wz/Weapon/01412188.img.xml
Weapon,Weapon,1412189,01412189,,1,200,0,0,False,False,False,True,missing_string_eqp|missing_handbook|outside_current_equip_pool,gms-server/wz/Character.wz/Weapon/01412189.img.xml
Weapon,Weapon,1412190,01412190,,1,150,0,0,False,False,False,True,missing_string_eqp|missing_handbook|outside_current_equip_pool,gms-server/wz/Character.wz/Weapon/01412190.img.xml
Weapon,Weapon,1412191,01412191,,1,200,0,0,False,False,False,True,missing_string_eqp|missing_handbook|outside_current_equip_pool,gms-server/wz/Character.wz/Weapon/01412191.img.xml
Weapon,Weapon,1422090,01422090,,8,0,0,0,False,False,False,True,missing_string_eqp|missing_handbook|outside_current_equip_pool,gms-server/wz/Character.wz/Weapon/01422090.img.xml
Weapon,Weapon,1422111,01422111,,1,0,0,0,False,False,False,True,missing_string_eqp|missing_handbook|outside_current_equip_pool,gms-server/wz/Character.wz/Weapon/01422111.img.xml
Weapon,Weapon,1422196,01422196,,1,200,0,0,False,False,False,True,missing_string_eqp|missing_handbook|outside_current_equip_pool,gms-server/wz/Character.wz/Weapon/01422196.img.xml
Weapon,Weapon,1422197,01422197,,1,200,0,0,False,False,False,True,missing_string_eqp|missing_handbook|outside_current_equip_pool,gms-server/wz/Character.wz/Weapon/01422197.img.xml
Weapon,Weapon,1422198,01422198,,1,150,0,0,False,False,False,True,missing_string_eqp|missing_handbook|outside_current_equip_pool,gms-server/wz/Character.wz/Weapon/01422198.img.xml
Weapon,Weapon,1422199,01422199,,1,200,0,0,False,False,False,True,missing_string_eqp|missing_handbook|outside_current_equip_pool,gms-server/wz/Character.wz/Weapon/01422199.img.xml
Weapon,Weapon,1432062,01432062,,1,150,0,0,False,False,False,True,missing_string_eqp|missing_handbook|outside_current_equip_pool,gms-server/wz/Character.wz/Weapon/01432062.img.xml
Weapon,Weapon,1432063,01432063,,1,145,0,0,False,False,False,True,missing_string_eqp|missing_handbook|outside_current_equip_pool,gms-server/wz/Character.wz/Weapon/01432063.img.xml
Weapon,Weapon,1432064,01432064,,1,150,0,0,False,False,False,True,missing_string_eqp|missing_handbook|outside_current_equip_pool,gms-server/wz/Character.wz/Weapon/01432064.img.xml
Weapon,Weapon,1432118,01432118,,8,0,0,0,False,False,False,True,missing_string_eqp|missing_handbook|outside_current_equip_pool,gms-server/wz/Character.wz/Weapon/01432118.img.xml
Weapon,Weapon,1432142,01432142,,1,0,0,0,False,False,False,True,missing_string_eqp|missing_handbook|outside_current_equip_pool,gms-server/wz/Character.wz/Weapon/01432142.img.xml
Weapon,Weapon,1432226,01432226,,1,200,0,0,False,False,False,True,missing_string_eqp|missing_handbook|outside_current_equip_pool,gms-server/wz/Character.wz/Weapon/01432226.img.xml
Weapon,Weapon,1432227,01432227,,1,200,0,0,False,False,False,True,missing_string_eqp|missing_handbook|outside_current_equip_pool,gms-server/wz/Character.wz/Weapon/01432227.img.xml
Weapon,Weapon,1432228,01432228,,1,150,0,0,False,False,False,True,missing_string_eqp|missing_handbook|outside_current_equip_pool,gms-server/wz/Character.wz/Weapon/01432228.img.xml
Weapon,Weapon,1432229,01432229,,1,200,0,0,False,False,False,True,missing_string_eqp|missing_handbook|outside_current_equip_pool,gms-server/wz/Character.wz/Weapon/01432229.img.xml
Weapon,Weapon,1432300,01432300,,0,127,0,0,False,False,False,True,missing_string_eqp|missing_handbook|outside_current_equip_pool,gms-server/wz/Character.wz/Weapon/01432300.img.xml
Weapon,Weapon,1432301,01432301,,0,127,0,0,False,False,False,True,missing_string_eqp|missing_handbook|outside_current_equip_pool,gms-server/wz/Character.wz/Weapon/01432301.img.xml
Weapon,Weapon,1432302,01432302,,0,0,0,0,False,False,False,True,missing_string_eqp|missing_handbook|outside_current_equip_pool,gms-server/wz/Character.wz/Weapon/01432302.img.xml
Weapon,Weapon,1432303,01432303,,0,70,0,0,False,False,False,True,missing_string_eqp|missing_handbook|outside_current_equip_pool,gms-server/wz/Character.wz/Weapon/01432303.img.xml
Weapon,Weapon,1432304,01432304,,1,150,0,0,False,False,False,True,missing_string_eqp|missing_handbook|outside_current_equip_pool,gms-server/wz/Character.wz/Weapon/01432304.img.xml
Weapon,Weapon,1432305,01432305,,1,120,0,0,False,False,False,True,missing_string_eqp|missing_handbook|outside_current_equip_pool,gms-server/wz/Character.wz/Weapon/01432305.img.xml
Weapon,Weapon,1442089,01442089,,1,150,0,0,False,False,True,True,missing_string_eqp|missing_handbook,gms-server/wz/Character.wz/Weapon/01442089.img.xml
Weapon,Weapon,1442100,01442100,,0,20,0,0,False,False,True,True,missing_string_eqp|missing_handbook,gms-server/wz/Character.wz/Weapon/01442100.img.xml
Weapon,Weapon,1442112,01442112,,1,100,0,0,False,False,False,True,missing_string_eqp|missing_handbook|outside_current_equip_pool,gms-server/wz/Character.wz/Weapon/01442112.img.xml
Weapon,Weapon,1442119,01442119,,1,115,0,0,False,False,False,True,missing_string_eqp|missing_handbook|outside_current_equip_pool,gms-server/wz/Character.wz/Weapon/01442119.img.xml
Weapon,Weapon,1442120,01442120,,1,115,0,0,False,False,False,True,missing_string_eqp|missing_handbook|outside_current_equip_pool,gms-server/wz/Character.wz/Weapon/01442120.img.xml
Weapon,Weapon,1442191,01442191,,1,0,0,0,False,False,False,True,missing_string_eqp|missing_handbook|outside_current_equip_pool,gms-server/wz/Character.wz/Weapon/01442191.img.xml
Weapon,Weapon,1442272,01442272,,1,120,0,0,False,False,False,True,missing_string_eqp|missing_handbook|outside_current_equip_pool,gms-server/wz/Character.wz/Weapon/01442272.img.xml
Weapon,Weapon,1442275,01442275,,1,200,0,0,False,False,False,True,missing_string_eqp|missing_handbook|outside_current_equip_pool,gms-server/wz/Character.wz/Weapon/01442275.img.xml
Weapon,Weapon,1442284,01442284,,1,200,0,0,False,False,False,True,missing_string_eqp|missing_handbook|outside_current_equip_pool,gms-server/wz/Character.wz/Weapon/01442284.img.xml
Weapon,Weapon,1442285,01442285,,1,200,0,0,False,False,False,True,missing_string_eqp|missing_handbook|outside_current_equip_pool,gms-server/wz/Character.wz/Weapon/01442285.img.xml
Weapon,Weapon,1442286,01442286,,1,150,0,0,False,False,False,True,missing_string_eqp|missing_handbook|outside_current_equip_pool,gms-server/wz/Character.wz/Weapon/01442286.img.xml
Weapon,Weapon,1442287,01442287,,1,200,0,0,False,False,False,True,missing_string_eqp|missing_handbook|outside_current_equip_pool,gms-server/wz/Character.wz/Weapon/01442287.img.xml
Weapon,Weapon,1452061,01452061,,4,105,0,0,False,False,True,True,missing_string_eqp|missing_handbook,gms-server/wz/Character.wz/Weapon/01452061.img.xml
Weapon,Weapon,1452086,01452086,,4,150,0,0,False,False,False,True,missing_string_eqp|missing_handbook|outside_current_equip_pool,gms-server/wz/Character.wz/Weapon/01452086.img.xml
Weapon,Weapon,1452087,01452087,,4,145,0,0,False,False,False,True,missing_string_eqp|missing_handbook|outside_current_equip_pool,gms-server/wz/Character.wz/Weapon/01452087.img.xml
Weapon,Weapon,1452088,01452088,,4,90,0,0,False,False,False,True,missing_string_eqp|missing_handbook|outside_current_equip_pool,gms-server/wz/Character.wz/Weapon/01452088.img.xml
Weapon,Weapon,1452089,01452089,,4,110,0,0,False,False,False,True,missing_string_eqp|missing_handbook|outside_current_equip_pool,gms-server/wz/Character.wz/Weapon/01452089.img.xml
Weapon,Weapon,1452148,01452148,,8,0,0,0,False,False,False,True,missing_string_eqp|missing_handbook|outside_current_equip_pool,gms-server/wz/Character.wz/Weapon/01452148.img.xml
Weapon,Weapon,1452157,01452157,,0,0,0,0,False,False,False,True,missing_string_eqp|missing_handbook|outside_current_equip_pool,gms-server/wz/Character.wz/Weapon/01452157.img.xml
Weapon,Weapon,1452158,01452158,,4,120,0,0,False,False,False,True,missing_string_eqp|missing_handbook|outside_current_equip_pool,gms-server/wz/Character.wz/Weapon/01452158.img.xml
Weapon,Weapon,1452159,01452159,,0,70,0,0,False,False,False,True,missing_string_eqp|missing_handbook|outside_current_equip_pool,gms-server/wz/Character.wz/Weapon/01452159.img.xml
Weapon,Weapon,1452174,01452174,,4,0,0,0,False,False,False,True,missing_string_eqp|missing_handbook|outside_current_equip_pool,gms-server/wz/Character.wz/Weapon/01452174.img.xml
Weapon,Weapon,1452265,01452265,,4,200,0,0,False,False,False,True,missing_string_eqp|missing_handbook|outside_current_equip_pool,gms-server/wz/Character.wz/Weapon/01452265.img.xml
Weapon,Weapon,1452266,01452266,,4,200,0,0,False,False,False,True,missing_string_eqp|missing_handbook|outside_current_equip_pool,gms-server/wz/Character.wz/Weapon/01452266.img.xml
Weapon,Weapon,1452267,01452267,,4,150,0,0,False,False,False,True,missing_string_eqp|missing_handbook|outside_current_equip_pool,gms-server/wz/Character.wz/Weapon/01452267.img.xml
Weapon,Weapon,1452268,01452268,,0,0,0,0,False,False,False,True,missing_string_eqp|missing_handbook|outside_current_equip_pool,gms-server/wz/Character.wz/Weapon/01452268.img.xml
Weapon,Weapon,1452269,01452269,,4,200,0,0,False,False,False,True,missing_string_eqp|missing_handbook|outside_current_equip_pool,gms-server/wz/Character.wz/Weapon/01452269.img.xml
Weapon,Weapon,1452270,01452270,,0,0,0,0,False,False,False,True,missing_string_eqp|missing_handbook|outside_current_equip_pool,gms-server/wz/Character.wz/Weapon/01452270.img.xml
Weapon,Weapon,1452300,01452300,,0,0,0,0,False,False,False,True,missing_string_eqp|missing_handbook|outside_current_equip_pool,gms-server/wz/Character.wz/Weapon/01452300.img.xml
Weapon,Weapon,1452301,01452301,,0,0,0,0,False,False,False,True,missing_string_eqp|missing_handbook|outside_current_equip_pool,gms-server/wz/Character.wz/Weapon/01452301.img.xml
Weapon,Weapon,1452302,01452302,,0,0,0,0,False,False,False,True,missing_string_eqp|missing_handbook|outside_current_equip_pool,gms-server/wz/Character.wz/Weapon/01452302.img.xml
Weapon,Weapon,1452303,01452303,,4,58,0,0,False,False,False,True,missing_string_eqp|missing_handbook|outside_current_equip_pool,gms-server/wz/Character.wz/Weapon/01452303.img.xml
Weapon,Weapon,1452304,01452304,,0,0,0,0,False,False,False,True,missing_string_eqp|missing_handbook|outside_current_equip_pool,gms-server/wz/Character.wz/Weapon/01452304.img.xml
Weapon,Weapon,1452305,01452305,,0,0,0,0,False,False,False,True,missing_string_eqp|missing_handbook|outside_current_equip_pool,gms-server/wz/Character.wz/Weapon/01452305.img.xml
Weapon,Weapon,1462117,01462117,,4,120,0,0,False,False,False,True,missing_string_eqp|missing_handbook|outside_current_equip_pool,gms-server/wz/Character.wz/Weapon/01462117.img.xml
Weapon,Weapon,1462138,01462138,,8,0,0,0,False,False,False,True,missing_string_eqp|missing_handbook|outside_current_equip_pool,gms-server/wz/Character.wz/Weapon/01462138.img.xml
Weapon,Weapon,1462163,01462163,,4,0,0,0,False,False,False,True,missing_string_eqp|missing_handbook|outside_current_equip_pool,gms-server/wz/Character.wz/Weapon/01462163.img.xml
Weapon,Weapon,1462251,01462251,,4,200,0,0,False,False,False,True,missing_string_eqp|missing_handbook|outside_current_equip_pool,gms-server/wz/Character.wz/Weapon/01462251.img.xml
Weapon,Weapon,1462252,01462252,,4,200,0,0,False,False,False,True,missing_string_eqp|missing_handbook|outside_current_equip_pool,gms-server/wz/Character.wz/Weapon/01462252.img.xml
Weapon,Weapon,1462253,01462253,,4,150,0,0,False,False,False,True,missing_string_eqp|missing_handbook|outside_current_equip_pool,gms-server/wz/Character.wz/Weapon/01462253.img.xml
Weapon,Weapon,1462254,01462254,,4,200,0,0,False,False,False,True,missing_string_eqp|missing_handbook|outside_current_equip_pool,gms-server/wz/Character.wz/Weapon/01462254.img.xml
Weapon,Weapon,1472160,01472160,,8,0,0,0,False,False,False,True,missing_string_eqp|missing_handbook|outside_current_equip_pool,gms-server/wz/Character.wz/Weapon/01472160.img.xml
Weapon,Weapon,1472183,01472183,,8,0,0,0,False,False,False,True,missing_string_eqp|missing_handbook|outside_current_equip_pool,gms-server/wz/Character.wz/Weapon/01472183.img.xml
Weapon,Weapon,1472274,01472274,,8,200,0,0,False,False,False,True,missing_string_eqp|missing_handbook|outside_current_equip_pool,gms-server/wz/Character.wz/Weapon/01472274.img.xml
Weapon,Weapon,1472275,01472275,,8,200,0,0,False,False,False,True,missing_string_eqp|missing_handbook|outside_current_equip_pool,gms-server/wz/Character.wz/Weapon/01472275.img.xml
Weapon,Weapon,1472276,01472276,,8,150,0,0,False,False,False,True,missing_string_eqp|missing_handbook|outside_current_equip_pool,gms-server/wz/Character.wz/Weapon/01472276.img.xml
Weapon,Weapon,1472277,01472277,,8,200,0,0,False,False,False,True,missing_string_eqp|missing_handbook|outside_current_equip_pool,gms-server/wz/Character.wz/Weapon/01472277.img.xml
Weapon,Weapon,1482047,01482047,,16,150,0,0,False,False,False,True,missing_string_eqp|missing_handbook|outside_current_equip_pool,gms-server/wz/Character.wz/Weapon/01482047.img.xml
Weapon,Weapon,1482048,01482048,,16,145,0,0,False,False,False,True,missing_string_eqp|missing_handbook|outside_current_equip_pool,gms-server/wz/Character.wz/Weapon/01482048.img.xml
Weapon,Weapon,1482121,01482121,,8,0,0,0,False,False,False,True,missing_string_eqp|missing_handbook|outside_current_equip_pool,gms-server/wz/Character.wz/Weapon/01482121.img.xml
Weapon,Weapon,1482144,01482144,,16,0,0,0,False,False,False,True,missing_string_eqp|missing_handbook|outside_current_equip_pool,gms-server/wz/Character.wz/Weapon/01482144.img.xml
Weapon,Weapon,1482220,01482220,,0,0,0,0,False,False,False,True,missing_string_eqp|missing_handbook|outside_current_equip_pool,gms-server/wz/Character.wz/Weapon/01482220.img.xml
Weapon,Weapon,1482227,01482227,,16,1,1,0,False,False,False,True,missing_string_eqp|missing_handbook|outside_current_equip_pool,gms-server/wz/Character.wz/Weapon/01482227.img.xml
Weapon,Weapon,1482228,01482228,,16,1,1,0,False,False,False,True,missing_string_eqp|missing_handbook|outside_current_equip_pool,gms-server/wz/Character.wz/Weapon/01482228.img.xml
Weapon,Weapon,1482231,01482231,,16,200,0,0,False,False,False,True,missing_string_eqp|missing_handbook|outside_current_equip_pool,gms-server/wz/Character.wz/Weapon/01482231.img.xml
Weapon,Weapon,1482232,01482232,,16,200,0,0,False,False,False,True,missing_string_eqp|missing_handbook|outside_current_equip_pool,gms-server/wz/Character.wz/Weapon/01482232.img.xml
Weapon,Weapon,1482233,01482233,,16,150,0,0,False,False,False,True,missing_string_eqp|missing_handbook|outside_current_equip_pool,gms-server/wz/Character.wz/Weapon/01482233.img.xml
Weapon,Weapon,1482234,01482234,,16,200,0,0,False,False,False,True,missing_string_eqp|missing_handbook|outside_current_equip_pool,gms-server/wz/Character.wz/Weapon/01482234.img.xml
Weapon,Weapon,1492049,01492049,,16,150,0,0,False,False,False,True,missing_string_eqp|missing_handbook|outside_current_equip_pool,gms-server/wz/Character.wz/Weapon/01492049.img.xml
Weapon,Weapon,1492050,01492050,,16,145,0,0,False,False,False,True,missing_string_eqp|missing_handbook|outside_current_equip_pool,gms-server/wz/Character.wz/Weapon/01492050.img.xml
Weapon,Weapon,1492099,01492099,,16,95,0,0,False,False,False,True,missing_string_eqp|missing_handbook|outside_current_equip_pool,gms-server/wz/Character.wz/Weapon/01492099.img.xml
Weapon,Weapon,1492121,01492121,,8,0,0,0,False,False,False,True,missing_string_eqp|missing_handbook|outside_current_equip_pool,gms-server/wz/Character.wz/Weapon/01492121.img.xml
Weapon,Weapon,1492156,01492156,,16,0,0,0,False,False,False,True,missing_string_eqp|missing_handbook|outside_current_equip_pool,gms-server/wz/Character.wz/Weapon/01492156.img.xml
Weapon,Weapon,1492244,01492244,,16,200,0,0,False,False,False,True,missing_string_eqp|missing_handbook|outside_current_equip_pool,gms-server/wz/Character.wz/Weapon/01492244.img.xml
Weapon,Weapon,1492245,01492245,,16,200,0,0,False,False,False,True,missing_string_eqp|missing_handbook|outside_current_equip_pool,gms-server/wz/Character.wz/Weapon/01492245.img.xml
Weapon,Weapon,1492246,01492246,,16,150,0,0,False,False,False,True,missing_string_eqp|missing_handbook|outside_current_equip_pool,gms-server/wz/Character.wz/Weapon/01492246.img.xml
Weapon,Weapon,1492247,01492247,,16,200,0,0,False,False,False,True,missing_string_eqp|missing_handbook|outside_current_equip_pool,gms-server/wz/Character.wz/Weapon/01492247.img.xml
Weapon,Weapon,1492248,01492248,,0,0,0,0,False,False,False,True,missing_string_eqp|missing_handbook|outside_current_equip_pool,gms-server/wz/Character.wz/Weapon/01492248.img.xml
Weapon,Weapon,1502000,01502000,,0,0,0,0,False,False,False,True,missing_string_eqp|missing_handbook|outside_current_equip_pool,gms-server/wz/Character.wz/Weapon/01502000.img.xml
Weapon,Weapon,1502001,01502001,,0,0,0,0,False,False,False,True,missing_string_eqp|missing_handbook|outside_current_equip_pool,gms-server/wz/Character.wz/Weapon/01502001.img.xml
Weapon,Weapon,1502002,01502002,,0,0,0,0,False,False,False,True,missing_string_eqp|missing_handbook|outside_current_equip_pool,gms-server/wz/Character.wz/Weapon/01502002.img.xml
Weapon,Weapon,1502003,01502003,,0,0,0,0,False,False,False,True,missing_string_eqp|missing_handbook|outside_current_equip_pool,gms-server/wz/Character.wz/Weapon/01502003.img.xml
Weapon,Weapon,1502004,01502004,,0,0,0,0,False,False,False,True,missing_string_eqp|missing_handbook|outside_current_equip_pool,gms-server/wz/Character.wz/Weapon/01502004.img.xml
Weapon,Weapon,1502005,01502005,,0,0,0,0,False,False,False,True,missing_string_eqp|missing_handbook|outside_current_equip_pool,gms-server/wz/Character.wz/Weapon/01502005.img.xml
Weapon,Weapon,1502006,01502006,,0,0,0,0,False,False,False,True,missing_string_eqp|missing_handbook|outside_current_equip_pool,gms-server/wz/Character.wz/Weapon/01502006.img.xml
Weapon,Weapon,1502007,01502007,,0,0,0,0,False,False,False,True,missing_string_eqp|missing_handbook|outside_current_equip_pool,gms-server/wz/Character.wz/Weapon/01502007.img.xml
Weapon,Weapon,1502008,01502008,,0,0,0,0,False,False,False,True,missing_string_eqp|missing_handbook|outside_current_equip_pool,gms-server/wz/Character.wz/Weapon/01502008.img.xml
Weapon,Weapon,1502009,01502009,,0,0,0,0,False,False,False,True,missing_string_eqp|missing_handbook|outside_current_equip_pool,gms-server/wz/Character.wz/Weapon/01502009.img.xml
Weapon,Weapon,1502011,01502011,,0,0,0,0,False,False,False,True,missing_string_eqp|missing_handbook|outside_current_equip_pool,gms-server/wz/Character.wz/Weapon/01502011.img.xml
Weapon,Weapon,1512000,01512000,,0,0,0,0,False,False,False,True,missing_string_eqp|missing_handbook|outside_current_equip_pool,gms-server/wz/Character.wz/Weapon/01512000.img.xml
Weapon,Weapon,1512001,01512001,,0,0,0,0,False,False,False,True,missing_string_eqp|missing_handbook|outside_current_equip_pool,gms-server/wz/Character.wz/Weapon/01512001.img.xml
Weapon,Weapon,1512002,01512002,,0,0,0,0,False,False,False,True,missing_string_eqp|missing_handbook|outside_current_equip_pool,gms-server/wz/Character.wz/Weapon/01512002.img.xml
Weapon,Weapon,1512003,01512003,,0,0,0,0,False,False,False,True,missing_string_eqp|missing_handbook|outside_current_equip_pool,gms-server/wz/Character.wz/Weapon/01512003.img.xml
Weapon,Weapon,1512004,01512004,,0,0,0,0,False,False,False,True,missing_string_eqp|missing_handbook|outside_current_equip_pool,gms-server/wz/Character.wz/Weapon/01512004.img.xml
Weapon,Weapon,1512005,01512005,,0,0,0,0,False,False,False,True,missing_string_eqp|missing_handbook|outside_current_equip_pool,gms-server/wz/Character.wz/Weapon/01512005.img.xml
Weapon,Weapon,1512006,01512006,,0,0,0,0,False,False,False,True,missing_string_eqp|missing_handbook|outside_current_equip_pool,gms-server/wz/Character.wz/Weapon/01512006.img.xml
Weapon,Weapon,1512007,01512007,,0,0,0,0,False,False,False,True,missing_string_eqp|missing_handbook|outside_current_equip_pool,gms-server/wz/Character.wz/Weapon/01512007.img.xml
Weapon,Weapon,1512008,01512008,,0,0,0,0,False,False,False,True,missing_string_eqp|missing_handbook|outside_current_equip_pool,gms-server/wz/Character.wz/Weapon/01512008.img.xml
Weapon,Weapon,1512009,01512009,,0,0,0,0,False,False,False,True,missing_string_eqp|missing_handbook|outside_current_equip_pool,gms-server/wz/Character.wz/Weapon/01512009.img.xml
Weapon,Weapon,1512011,01512011,,0,0,0,0,False,False,False,True,missing_string_eqp|missing_handbook|outside_current_equip_pool,gms-server/wz/Character.wz/Weapon/01512011.img.xml
Weapon,Weapon,1522000,01522000,,4,10,0,0,False,False,False,True,missing_string_eqp|missing_handbook|outside_current_equip_pool,gms-server/wz/Character.wz/Weapon/01522000.img.xml
Weapon,Weapon,1582033,01582033,,1,150,0,0,False,False,False,True,missing_string_eqp|missing_handbook|outside_current_equip_pool,gms-server/wz/Character.wz/Weapon/01582033.img.xml
Weapon,Weapon,1582036,01582036,,1,100,0,0,False,False,False,True,missing_string_eqp|missing_handbook|outside_current_equip_pool,gms-server/wz/Character.wz/Weapon/01582036.img.xml
Weapon,Weapon,1582037,01582037,,1,150,0,0,False,False,False,True,missing_string_eqp|missing_handbook|outside_current_equip_pool,gms-server/wz/Character.wz/Weapon/01582037.img.xml
Weapon,Weapon,1582038,01582038,,1,30,0,0,False,False,False,True,missing_string_eqp|missing_handbook|outside_current_equip_pool,gms-server/wz/Character.wz/Weapon/01582038.img.xml
Weapon,Weapon,1582039,01582039,,1,100,0,0,False,False,False,True,missing_string_eqp|missing_handbook|outside_current_equip_pool,gms-server/wz/Character.wz/Weapon/01582039.img.xml
Weapon,Weapon,1582040,01582040,,1,100,0,0,False,False,False,True,missing_string_eqp|missing_handbook|outside_current_equip_pool,gms-server/wz/Character.wz/Weapon/01582040.img.xml
Weapon,Weapon,1582041,01582041,,1,100,0,0,False,False,False,True,missing_string_eqp|missing_handbook|outside_current_equip_pool,gms-server/wz/Character.wz/Weapon/01582041.img.xml
Weapon,Weapon,1582042,01582042,,1,150,0,0,False,False,False,True,missing_string_eqp|missing_handbook|outside_current_equip_pool,gms-server/wz/Character.wz/Weapon/01582042.img.xml
Weapon,Weapon,1582043,01582043,,1,200,0,0,False,False,False,True,missing_string_eqp|missing_handbook|outside_current_equip_pool,gms-server/wz/Character.wz/Weapon/01582043.img.xml
Weapon,Weapon,1582044,01582044,,1,200,0,0,False,False,False,True,missing_string_eqp|missing_handbook|outside_current_equip_pool,gms-server/wz/Character.wz/Weapon/01582044.img.xml
Weapon,Weapon,1582045,01582045,,1,150,0,0,False,False,False,True,missing_string_eqp|missing_handbook|outside_current_equip_pool,gms-server/wz/Character.wz/Weapon/01582045.img.xml
Weapon,Weapon,1582046,01582046,,1,200,0,0,False,False,False,True,missing_string_eqp|missing_handbook|outside_current_equip_pool,gms-server/wz/Character.wz/Weapon/01582046.img.xml
Weapon,Weapon,1592000,01592000,,4,10,0,0,False,False,False,True,missing_string_eqp|missing_handbook|outside_current_equip_pool,gms-server/wz/Character.wz/Weapon/01592000.img.xml
Weapon,Weapon,1592001,01592001,,4,30,0,0,False,False,False,True,missing_string_eqp|missing_handbook|outside_current_equip_pool,gms-server/wz/Character.wz/Weapon/01592001.img.xml
Weapon,Weapon,1592002,01592002,,4,50,0,0,False,False,False,True,missing_string_eqp|missing_handbook|outside_current_equip_pool,gms-server/wz/Character.wz/Weapon/01592002.img.xml
Weapon,Weapon,1592003,01592003,,4,60,0,0,False,False,False,True,missing_string_eqp|missing_handbook|outside_current_equip_pool,gms-server/wz/Character.wz/Weapon/01592003.img.xml
Weapon,Weapon,1592004,01592004,,4,70,0,0,False,False,False,True,missing_string_eqp|missing_handbook|outside_current_equip_pool,gms-server/wz/Character.wz/Weapon/01592004.img.xml
Weapon,Weapon,1592005,01592005,,4,80,0,0,False,False,False,True,missing_string_eqp|missing_handbook|outside_current_equip_pool,gms-server/wz/Character.wz/Weapon/01592005.img.xml
Weapon,Weapon,1592006,01592006,,4,90,0,0,False,False,False,True,missing_string_eqp|missing_handbook|outside_current_equip_pool,gms-server/wz/Character.wz/Weapon/01592006.img.xml
Weapon,Weapon,1592007,01592007,,4,100,0,0,False,False,False,True,missing_string_eqp|missing_handbook|outside_current_equip_pool,gms-server/wz/Character.wz/Weapon/01592007.img.xml
Weapon,Weapon,1592008,01592008,,4,100,0,0,False,False,False,True,missing_string_eqp|missing_handbook|outside_current_equip_pool,gms-server/wz/Character.wz/Weapon/01592008.img.xml
Weapon,Weapon,1592009,01592009,,4,110,0,0,False,False,False,True,missing_string_eqp|missing_handbook|outside_current_equip_pool,gms-server/wz/Character.wz/Weapon/01592009.img.xml
Weapon,Weapon,1592010,01592010,,4,110,0,0,False,False,False,True,missing_string_eqp|missing_handbook|outside_current_equip_pool,gms-server/wz/Character.wz/Weapon/01592010.img.xml
Weapon,Weapon,1592011,01592011,,4,120,0,0,False,False,False,True,missing_string_eqp|missing_handbook|outside_current_equip_pool,gms-server/wz/Character.wz/Weapon/01592011.img.xml
Weapon,Weapon,1592012,01592012,,4,120,0,0,False,False,False,True,missing_string_eqp|missing_handbook|outside_current_equip_pool,gms-server/wz/Character.wz/Weapon/01592012.img.xml
Weapon,Weapon,1592013,01592013,,4,130,0,0,False,False,False,True,missing_string_eqp|missing_handbook|outside_current_equip_pool,gms-server/wz/Character.wz/Weapon/01592013.img.xml
Weapon,Weapon,1592014,01592014,,4,130,0,0,False,False,False,True,missing_string_eqp|missing_handbook|outside_current_equip_pool,gms-server/wz/Character.wz/Weapon/01592014.img.xml
Weapon,Weapon,1592015,01592015,,4,140,0,0,False,False,False,True,missing_string_eqp|missing_handbook|outside_current_equip_pool,gms-server/wz/Character.wz/Weapon/01592015.img.xml
Weapon,Weapon,1592016,01592016,,4,140,0,0,False,False,False,True,missing_string_eqp|missing_handbook|outside_current_equip_pool,gms-server/wz/Character.wz/Weapon/01592016.img.xml
Weapon,Weapon,1592017,01592017,,4,145,0,0,False,False,False,True,missing_string_eqp|missing_handbook|outside_current_equip_pool,gms-server/wz/Character.wz/Weapon/01592017.img.xml
Weapon,Weapon,1592018,01592018,,4,150,0,0,False,False,False,True,missing_string_eqp|missing_handbook|outside_current_equip_pool,gms-server/wz/Character.wz/Weapon/01592018.img.xml
Weapon,Weapon,1592019,01592019,,4,160,0,0,False,False,False,True,missing_string_eqp|missing_handbook|outside_current_equip_pool,gms-server/wz/Character.wz/Weapon/01592019.img.xml
Weapon,Weapon,1592020,01592020,,4,200,0,0,False,False,False,True,missing_string_eqp|missing_handbook|outside_current_equip_pool,gms-server/wz/Character.wz/Weapon/01592020.img.xml
Weapon,Weapon,1592021,01592021,,4,200,0,0,False,False,False,True,missing_string_eqp|missing_handbook|outside_current_equip_pool,gms-server/wz/Character.wz/Weapon/01592021.img.xml
Weapon,Weapon,1592022,01592022,,4,200,0,0,False,False,False,True,missing_string_eqp|missing_handbook|outside_current_equip_pool,gms-server/wz/Character.wz/Weapon/01592022.img.xml
Weapon,Weapon,1592023,01592023,,8,0,0,0,False,False,False,True,missing_string_eqp|missing_handbook|outside_current_equip_pool,gms-server/wz/Character.wz/Weapon/01592023.img.xml
Weapon,Weapon,1592024,01592024,,4,10,0,0,False,False,False,True,missing_string_eqp|missing_handbook|outside_current_equip_pool,gms-server/wz/Character.wz/Weapon/01592024.img.xml
Weapon,Weapon,1592025,01592025,,4,50,0,0,False,False,False,True,missing_string_eqp|missing_handbook|outside_current_equip_pool,gms-server/wz/Character.wz/Weapon/01592025.img.xml
Weapon,Weapon,1592026,01592026,,4,100,0,0,False,False,False,True,missing_string_eqp|missing_handbook|outside_current_equip_pool,gms-server/wz/Character.wz/Weapon/01592026.img.xml
Weapon,Weapon,1592027,01592027,,4,130,0,0,False,False,False,True,missing_string_eqp|missing_handbook|outside_current_equip_pool,gms-server/wz/Character.wz/Weapon/01592027.img.xml
Weapon,Weapon,1592028,01592028,,4,160,0,0,False,False,False,True,missing_string_eqp|missing_handbook|outside_current_equip_pool,gms-server/wz/Character.wz/Weapon/01592028.img.xml
Weapon,Weapon,1592029,01592029,,4,150,0,0,False,False,False,True,missing_string_eqp|missing_handbook|outside_current_equip_pool,gms-server/wz/Character.wz/Weapon/01592029.img.xml
Weapon,Weapon,1592030,01592030,,4,100,0,0,False,False,False,True,missing_string_eqp|missing_handbook|outside_current_equip_pool,gms-server/wz/Character.wz/Weapon/01592030.img.xml
Weapon,Weapon,1592031,01592031,,4,150,0,0,False,False,False,True,missing_string_eqp|missing_handbook|outside_current_equip_pool,gms-server/wz/Character.wz/Weapon/01592031.img.xml
Weapon,Weapon,1592032,01592032,,4,160,0,0,False,False,False,True,missing_string_eqp|missing_handbook|outside_current_equip_pool,gms-server/wz/Character.wz/Weapon/01592032.img.xml
Weapon,Weapon,1592033,01592033,,4,160,0,0,False,False,False,True,missing_string_eqp|missing_handbook|outside_current_equip_pool,gms-server/wz/Character.wz/Weapon/01592033.img.xml
Weapon,Weapon,1592034,01592034,,4,150,0,0,False,False,False,True,missing_string_eqp|missing_handbook|outside_current_equip_pool,gms-server/wz/Character.wz/Weapon/01592034.img.xml
Weapon,Weapon,1592035,01592035,,4,150,0,0,False,False,False,True,missing_string_eqp|missing_handbook|outside_current_equip_pool,gms-server/wz/Character.wz/Weapon/01592035.img.xml
Weapon,Weapon,1592036,01592036,,4,150,0,0,False,False,False,True,missing_string_eqp|missing_handbook|outside_current_equip_pool,gms-server/wz/Character.wz/Weapon/01592036.img.xml
Weapon,Weapon,1592037,01592037,,4,200,0,0,False,False,False,True,missing_string_eqp|missing_handbook|outside_current_equip_pool,gms-server/wz/Character.wz/Weapon/01592037.img.xml
Weapon,Weapon,1602000,01602000,,1,0,1,0,False,True,False,True,missing_string_eqp|outside_current_equip_pool,gms-server/wz/Character.wz/Weapon/01602000.img.xml
Weapon,Weapon,1602001,01602001,,2,0,1,0,False,True,False,True,missing_string_eqp|outside_current_equip_pool,gms-server/wz/Character.wz/Weapon/01602001.img.xml
Weapon,Weapon,1602002,01602002,,4,0,1,0,False,True,False,True,missing_string_eqp|outside_current_equip_pool,gms-server/wz/Character.wz/Weapon/01602002.img.xml
Weapon,Weapon,1602003,01602003,,8,0,1,0,False,True,False,True,missing_string_eqp|outside_current_equip_pool,gms-server/wz/Character.wz/Weapon/01602003.img.xml
Weapon,Weapon,1602004,01602004,,1,0,1,0,False,True,False,True,missing_string_eqp|outside_current_equip_pool,gms-server/wz/Character.wz/Weapon/01602004.img.xml
Weapon,Weapon,1602005,01602005,,2,0,1,0,False,True,False,True,missing_string_eqp|outside_current_equip_pool,gms-server/wz/Character.wz/Weapon/01602005.img.xml
Weapon,Weapon,1602006,01602006,,4,0,1,0,False,True,False,True,missing_string_eqp|outside_current_equip_pool,gms-server/wz/Character.wz/Weapon/01602006.img.xml
Weapon,Weapon,1602007,01602007,,8,0,1,0,False,True,False,True,missing_string_eqp|outside_current_equip_pool,gms-server/wz/Character.wz/Weapon/01602007.img.xml
Weapon,Weapon,1690000,01690000,,0,0,0,0,False,False,False,True,missing_string_eqp|missing_handbook|outside_current_equip_pool,gms-server/wz/Character.wz/Weapon/01690000.img.xml
Weapon,Weapon,1690001,01690001,,0,0,0,0,False,False,False,True,missing_string_eqp|missing_handbook|outside_current_equip_pool,gms-server/wz/Character.wz/Weapon/01690001.img.xml
Weapon,Weapon,1690002,01690002,,0,0,0,0,False,False,False,True,missing_string_eqp|missing_handbook|outside_current_equip_pool,gms-server/wz/Character.wz/Weapon/01690002.img.xml
Weapon,Weapon,1690003,01690003,,0,0,0,0,False,False,False,True,missing_string_eqp|missing_handbook|outside_current_equip_pool,gms-server/wz/Character.wz/Weapon/01690003.img.xml
Weapon,Weapon,1690004,01690004,,0,0,0,0,False,False,False,True,missing_string_eqp|missing_handbook|outside_current_equip_pool,gms-server/wz/Character.wz/Weapon/01690004.img.xml
Weapon,Weapon,1690005,01690005,,0,0,0,0,False,False,False,True,missing_string_eqp|missing_handbook|outside_current_equip_pool,gms-server/wz/Character.wz/Weapon/01690005.img.xml
Weapon,Weapon,1690006,01690006,,0,0,0,0,False,False,False,True,missing_string_eqp|missing_handbook|outside_current_equip_pool,gms-server/wz/Character.wz/Weapon/01690006.img.xml
Weapon,Weapon,1690007,01690007,,0,0,0,0,False,False,False,True,missing_string_eqp|missing_handbook|outside_current_equip_pool,gms-server/wz/Character.wz/Weapon/01690007.img.xml
Weapon,Weapon,1690008,01690008,,0,0,0,0,False,False,False,True,missing_string_eqp|missing_handbook|outside_current_equip_pool,gms-server/wz/Character.wz/Weapon/01690008.img.xml
Weapon,Weapon,1690009,01690009,,0,0,0,0,False,False,False,True,missing_string_eqp|missing_handbook|outside_current_equip_pool,gms-server/wz/Character.wz/Weapon/01690009.img.xml
Weapon,Weapon,1690010,01690010,,0,0,0,0,False,False,False,True,missing_string_eqp|missing_handbook|outside_current_equip_pool,gms-server/wz/Character.wz/Weapon/01690010.img.xml
Weapon,Weapon,1690011,01690011,,0,0,0,0,False,False,False,True,missing_string_eqp|missing_handbook|outside_current_equip_pool,gms-server/wz/Character.wz/Weapon/01690011.img.xml
Weapon,Weapon,1690012,01690012,,0,0,0,0,False,False,False,True,missing_string_eqp|missing_handbook|outside_current_equip_pool,gms-server/wz/Character.wz/Weapon/01690012.img.xml
Weapon,Weapon,1690013,01690013,,0,0,0,0,False,False,False,True,missing_string_eqp|missing_handbook|outside_current_equip_pool,gms-server/wz/Character.wz/Weapon/01690013.img.xml
Weapon,Weapon,1690014,01690014,,0,0,0,0,False,False,False,True,missing_string_eqp|missing_handbook|outside_current_equip_pool,gms-server/wz/Character.wz/Weapon/01690014.img.xml
Weapon,Weapon,1690100,01690100,,0,0,0,0,False,False,False,True,missing_string_eqp|missing_handbook|outside_current_equip_pool,gms-server/wz/Character.wz/Weapon/01690100.img.xml
Weapon,Weapon,1690101,01690101,,0,0,0,0,False,False,False,True,missing_string_eqp|missing_handbook|outside_current_equip_pool,gms-server/wz/Character.wz/Weapon/01690101.img.xml
Weapon,Weapon,1690102,01690102,,0,0,0,0,False,False,False,True,missing_string_eqp|missing_handbook|outside_current_equip_pool,gms-server/wz/Character.wz/Weapon/01690102.img.xml
Weapon,Weapon,1690103,01690103,,0,0,0,0,False,False,False,True,missing_string_eqp|missing_handbook|outside_current_equip_pool,gms-server/wz/Character.wz/Weapon/01690103.img.xml
Weapon,Weapon,1690104,01690104,,0,0,0,0,False,False,False,True,missing_string_eqp|missing_handbook|outside_current_equip_pool,gms-server/wz/Character.wz/Weapon/01690104.img.xml
Weapon,Weapon,1690105,01690105,,0,0,0,0,False,False,False,True,missing_string_eqp|missing_handbook|outside_current_equip_pool,gms-server/wz/Character.wz/Weapon/01690105.img.xml
Weapon,Weapon,1690106,01690106,,0,0,0,0,False,False,False,True,missing_string_eqp|missing_handbook|outside_current_equip_pool,gms-server/wz/Character.wz/Weapon/01690106.img.xml
Weapon,Weapon,1690107,01690107,,0,0,0,0,False,False,False,True,missing_string_eqp|missing_handbook|outside_current_equip_pool,gms-server/wz/Character.wz/Weapon/01690107.img.xml
Weapon,Weapon,1690108,01690108,,0,0,0,0,False,False,False,True,missing_string_eqp|missing_handbook|outside_current_equip_pool,gms-server/wz/Character.wz/Weapon/01690108.img.xml
Weapon,Weapon,1690109,01690109,,0,0,0,0,False,False,False,True,missing_string_eqp|missing_handbook|outside_current_equip_pool,gms-server/wz/Character.wz/Weapon/01690109.img.xml
Weapon,Weapon,1690110,01690110,,0,0,0,0,False,False,False,True,missing_string_eqp|missing_handbook|outside_current_equip_pool,gms-server/wz/Character.wz/Weapon/01690110.img.xml
Weapon,Weapon,1690111,01690111,,0,0,0,0,False,False,False,True,missing_string_eqp|missing_handbook|outside_current_equip_pool,gms-server/wz/Character.wz/Weapon/01690111.img.xml
Weapon,Weapon,1690112,01690112,,0,0,0,0,False,False,False,True,missing_string_eqp|missing_handbook|outside_current_equip_pool,gms-server/wz/Character.wz/Weapon/01690112.img.xml
Weapon,Weapon,1690113,01690113,,0,0,0,0,False,False,False,True,missing_string_eqp|missing_handbook|outside_current_equip_pool,gms-server/wz/Character.wz/Weapon/01690113.img.xml
Weapon,Weapon,1690114,01690114,,0,0,0,0,False,False,False,True,missing_string_eqp|missing_handbook|outside_current_equip_pool,gms-server/wz/Character.wz/Weapon/01690114.img.xml
Weapon,Weapon,1690200,01690200,,0,0,0,0,False,False,False,True,missing_string_eqp|missing_handbook|outside_current_equip_pool,gms-server/wz/Character.wz/Weapon/01690200.img.xml
Weapon,Weapon,1690201,01690201,,0,0,0,0,False,False,False,True,missing_string_eqp|missing_handbook|outside_current_equip_pool,gms-server/wz/Character.wz/Weapon/01690201.img.xml
Weapon,Weapon,1690202,01690202,,0,0,0,0,False,False,False,True,missing_string_eqp|missing_handbook|outside_current_equip_pool,gms-server/wz/Character.wz/Weapon/01690202.img.xml
Weapon,Weapon,1690203,01690203,,0,0,0,0,False,False,False,True,missing_string_eqp|missing_handbook|outside_current_equip_pool,gms-server/wz/Character.wz/Weapon/01690203.img.xml
Weapon,Weapon,1690204,01690204,,0,0,0,0,False,False,False,True,missing_string_eqp|missing_handbook|outside_current_equip_pool,gms-server/wz/Character.wz/Weapon/01690204.img.xml
Weapon,Weapon,1690207,01690207,,0,0,0,0,False,False,False,True,missing_string_eqp|missing_handbook|outside_current_equip_pool,gms-server/wz/Character.wz/Weapon/01690207.img.xml
Weapon,Weapon,1690300,01690300,,0,0,0,0,False,False,False,True,missing_string_eqp|missing_handbook|outside_current_equip_pool,gms-server/wz/Character.wz/Weapon/01690300.img.xml
Weapon,Weapon,1690301,01690301,,0,0,0,0,False,False,False,True,missing_string_eqp|missing_handbook|outside_current_equip_pool,gms-server/wz/Character.wz/Weapon/01690301.img.xml
Weapon,Weapon,1690302,01690302,,0,0,0,0,False,False,False,True,missing_string_eqp|missing_handbook|outside_current_equip_pool,gms-server/wz/Character.wz/Weapon/01690302.img.xml
Weapon,Weapon,1690303,01690303,,0,0,0,0,False,False,False,True,missing_string_eqp|missing_handbook|outside_current_equip_pool,gms-server/wz/Character.wz/Weapon/01690303.img.xml
Weapon,Weapon,1690304,01690304,,0,0,0,0,False,False,False,True,missing_string_eqp|missing_handbook|outside_current_equip_pool,gms-server/wz/Character.wz/Weapon/01690304.img.xml
Weapon,Weapon,1690305,01690305,,0,0,0,0,False,False,False,True,missing_string_eqp|missing_handbook|outside_current_equip_pool,gms-server/wz/Character.wz/Weapon/01690305.img.xml
Weapon,Weapon,1690306,01690306,,0,0,0,0,False,False,False,True,missing_string_eqp|missing_handbook|outside_current_equip_pool,gms-server/wz/Character.wz/Weapon/01690306.img.xml
Weapon,Weapon,1690307,01690307,,0,0,0,0,False,False,False,True,missing_string_eqp|missing_handbook|outside_current_equip_pool,gms-server/wz/Character.wz/Weapon/01690307.img.xml
Weapon,Weapon,1690308,01690308,,0,0,0,0,False,False,False,True,missing_string_eqp|missing_handbook|outside_current_equip_pool,gms-server/wz/Character.wz/Weapon/01690308.img.xml
Weapon,Weapon,1690309,01690309,,0,0,0,0,False,False,False,True,missing_string_eqp|missing_handbook|outside_current_equip_pool,gms-server/wz/Character.wz/Weapon/01690309.img.xml
Weapon,Weapon,1690310,01690310,,0,0,0,0,False,False,False,True,missing_string_eqp|missing_handbook|outside_current_equip_pool,gms-server/wz/Character.wz/Weapon/01690310.img.xml
Weapon,Weapon,1690311,01690311,,0,0,0,0,False,False,False,True,missing_string_eqp|missing_handbook|outside_current_equip_pool,gms-server/wz/Character.wz/Weapon/01690311.img.xml
Weapon,Weapon,1690312,01690312,,0,0,0,0,False,False,False,True,missing_string_eqp|missing_handbook|outside_current_equip_pool,gms-server/wz/Character.wz/Weapon/01690312.img.xml
Weapon,Weapon,1690313,01690313,,0,0,0,0,False,False,False,True,missing_string_eqp|missing_handbook|outside_current_equip_pool,gms-server/wz/Character.wz/Weapon/01690313.img.xml
Weapon,Weapon,1690314,01690314,,0,0,0,0,False,False,False,True,missing_string_eqp|missing_handbook|outside_current_equip_pool,gms-server/wz/Character.wz/Weapon/01690314.img.xml
Weapon,Weapon,1690315,01690315,,0,0,0,0,False,False,False,True,missing_string_eqp|missing_handbook|outside_current_equip_pool,gms-server/wz/Character.wz/Weapon/01690315.img.xml
Weapon,Weapon,1690316,01690316,,0,0,0,0,False,False,False,True,missing_string_eqp|missing_handbook|outside_current_equip_pool,gms-server/wz/Character.wz/Weapon/01690316.img.xml
Weapon,Weapon,1690317,01690317,,0,0,0,0,False,False,False,True,missing_string_eqp|missing_handbook|outside_current_equip_pool,gms-server/wz/Character.wz/Weapon/01690317.img.xml
Weapon,Weapon,1690318,01690318,,0,0,0,0,False,False,False,True,missing_string_eqp|missing_handbook|outside_current_equip_pool,gms-server/wz/Character.wz/Weapon/01690318.img.xml
Weapon,Weapon,1690319,01690319,,0,0,0,0,False,False,False,True,missing_string_eqp|missing_handbook|outside_current_equip_pool,gms-server/wz/Character.wz/Weapon/01690319.img.xml
Weapon,Weapon,1690320,01690320,,0,0,0,0,False,False,False,True,missing_string_eqp|missing_handbook|outside_current_equip_pool,gms-server/wz/Character.wz/Weapon/01690320.img.xml
Weapon,Weapon,1690321,01690321,,0,0,0,0,False,False,False,True,missing_string_eqp|missing_handbook|outside_current_equip_pool,gms-server/wz/Character.wz/Weapon/01690321.img.xml
Weapon,Weapon,1690322,01690322,,0,0,0,0,False,False,False,True,missing_string_eqp|missing_handbook|outside_current_equip_pool,gms-server/wz/Character.wz/Weapon/01690322.img.xml
Weapon,Weapon,1690323,01690323,,0,0,0,0,False,False,False,True,missing_string_eqp|missing_handbook|outside_current_equip_pool,gms-server/wz/Character.wz/Weapon/01690323.img.xml
Weapon,Weapon,1690324,01690324,,0,0,0,0,False,False,False,True,missing_string_eqp|missing_handbook|outside_current_equip_pool,gms-server/wz/Character.wz/Weapon/01690324.img.xml
Weapon,Weapon,1690325,01690325,,0,0,0,0,False,False,False,True,missing_string_eqp|missing_handbook|outside_current_equip_pool,gms-server/wz/Character.wz/Weapon/01690325.img.xml
Weapon,Weapon,1690326,01690326,,0,0,0,0,False,False,False,True,missing_string_eqp|missing_handbook|outside_current_equip_pool,gms-server/wz/Character.wz/Weapon/01690326.img.xml
Weapon,Weapon,1702101,01702101,,0,0,1,0,False,False,False,True,missing_string_eqp|missing_handbook|outside_current_equip_pool,gms-server/wz/Character.wz/Weapon/01702101.img.xml
Weapon,Weapon,1702197,01702197,,0,0,1,0,False,False,False,True,missing_string_eqp|missing_handbook|outside_current_equip_pool,gms-server/wz/Character.wz/Weapon/01702197.img.xml
Weapon,Weapon,1702198,01702198,,0,0,1,0,False,False,False,True,missing_string_eqp|missing_handbook|outside_current_equip_pool,gms-server/wz/Character.wz/Weapon/01702198.img.xml
Weapon,Weapon,1702214,01702214,,0,0,1,0,False,False,False,True,missing_string_eqp|missing_handbook|outside_current_equip_pool,gms-server/wz/Character.wz/Weapon/01702214.img.xml
Weapon,Weapon,1702241,01702241,,0,0,1,0,False,False,False,True,missing_string_eqp|missing_handbook|outside_current_equip_pool,gms-server/wz/Character.wz/Weapon/01702241.img.xml
Weapon,Weapon,1702242,01702242,,0,0,1,0,False,False,False,True,missing_string_eqp|missing_handbook|outside_current_equip_pool,gms-server/wz/Character.wz/Weapon/01702242.img.xml
Weapon,Weapon,1702243,01702243,,0,0,1,0,False,False,False,True,missing_string_eqp|missing_handbook|outside_current_equip_pool,gms-server/wz/Character.wz/Weapon/01702243.img.xml
Weapon,Weapon,1702244,01702244,,0,0,1,0,False,False,False,True,missing_string_eqp|missing_handbook|outside_current_equip_pool,gms-server/wz/Character.wz/Weapon/01702244.img.xml
Weapon,Weapon,1702245,01702245,,0,0,1,0,False,False,False,True,missing_string_eqp|missing_handbook|outside_current_equip_pool,gms-server/wz/Character.wz/Weapon/01702245.img.xml
Weapon,Weapon,1702247,01702247,,0,0,1,0,False,False,False,True,missing_string_eqp|missing_handbook|outside_current_equip_pool,gms-server/wz/Character.wz/Weapon/01702247.img.xml
Weapon,Weapon,1702255,01702255,,0,0,1,0,False,False,False,True,missing_string_eqp|missing_handbook|outside_current_equip_pool,gms-server/wz/Character.wz/Weapon/01702255.img.xml
Weapon,Weapon,1702294,01702294,,0,43,1,0,False,False,False,True,missing_string_eqp|missing_handbook|outside_current_equip_pool,gms-server/wz/Character.wz/Weapon/01702294.img.xml
Weapon,Weapon,1702307,01702307,,0,0,1,0,False,False,False,True,missing_string_eqp|missing_handbook|outside_current_equip_pool,gms-server/wz/Character.wz/Weapon/01702307.img.xml
Weapon,Weapon,1702333,01702333,,0,0,1,0,False,False,False,True,missing_string_eqp|missing_handbook|outside_current_equip_pool,gms-server/wz/Character.wz/Weapon/01702333.img.xml
Weapon,Weapon,1702351,01702351,,0,0,1,0,False,False,False,True,missing_string_eqp|missing_handbook|outside_current_equip_pool,gms-server/wz/Character.wz/Weapon/01702351.img.xml
Weapon,Weapon,1702360,01702360,,0,0,1,0,False,False,False,True,missing_string_eqp|missing_handbook|outside_current_equip_pool,gms-server/wz/Character.wz/Weapon/01702360.img.xml
Weapon,Weapon,1702380,01702380,,0,0,1,0,False,False,False,True,missing_string_eqp|missing_handbook|outside_current_equip_pool,gms-server/wz/Character.wz/Weapon/01702380.img.xml
Weapon,Weapon,1702474,01702474,,0,0,1,0,False,False,False,True,missing_string_eqp|missing_handbook|outside_current_equip_pool,gms-server/wz/Character.wz/Weapon/01702474.img.xml
Weapon,Weapon,1702622,01702622,,0,0,1,0,False,False,False,True,missing_string_eqp|missing_handbook|outside_current_equip_pool,gms-server/wz/Character.wz/Weapon/01702622.img.xml
Weapon,Weapon,1702661,01702661,,0,0,1,0,False,False,False,True,missing_string_eqp|missing_handbook|outside_current_equip_pool,gms-server/wz/Character.wz/Weapon/01702661.img.xml
Weapon,Weapon,1702662,01702662,,0,0,1,0,False,False,False,True,missing_string_eqp|missing_handbook|outside_current_equip_pool,gms-server/wz/Character.wz/Weapon/01702662.img.xml
Weapon,Weapon,1702663,01702663,,0,0,1,0,False,False,False,True,missing_string_eqp|missing_handbook|outside_current_equip_pool,gms-server/wz/Character.wz/Weapon/01702663.img.xml
Weapon,Weapon,1702664,01702664,,0,0,1,0,False,False,False,True,missing_string_eqp|missing_handbook|outside_current_equip_pool,gms-server/wz/Character.wz/Weapon/01702664.img.xml
Weapon,Weapon,1702700,01702700,,0,0,1,0,False,False,False,True,missing_string_eqp|missing_handbook|outside_current_equip_pool,gms-server/wz/Character.wz/Weapon/01702700.img.xml
Weapon,Weapon,1702870,01702870,,0,0,1,0,False,False,False,True,missing_string_eqp|missing_handbook|outside_current_equip_pool,gms-server/wz/Character.wz/Weapon/01702870.img.xml
Weapon,Weapon,1702871,01702871,,0,0,1,0,False,False,False,True,missing_string_eqp|missing_handbook|outside_current_equip_pool,gms-server/wz/Character.wz/Weapon/01702871.img.xml
Weapon,Weapon,1702872,01702872,,0,0,1,0,False,False,False,True,missing_string_eqp|missing_handbook|outside_current_equip_pool,gms-server/wz/Character.wz/Weapon/01702872.img.xml
Weapon,Weapon,1702876,01702876,,0,0,1,0,False,False,False,True,missing_string_eqp|missing_handbook|outside_current_equip_pool,gms-server/wz/Character.wz/Weapon/01702876.img.xml
Weapon,Weapon,1702877,01702877,,0,0,1,0,False,False,False,True,missing_string_eqp|missing_handbook|outside_current_equip_pool,gms-server/wz/Character.wz/Weapon/01702877.img.xml
Weapon,Weapon,1702880,01702880,,0,0,1,0,False,False,False,True,missing_string_eqp|missing_handbook|outside_current_equip_pool,gms-server/wz/Character.wz/Weapon/01702880.img.xml
Weapon,Weapon,1702881,01702881,,0,0,1,0,False,False,False,True,missing_string_eqp|missing_handbook|outside_current_equip_pool,gms-server/wz/Character.wz/Weapon/01702881.img.xml
Weapon,Weapon,1702882,01702882,,0,0,1,0,False,False,False,True,missing_string_eqp|missing_handbook|outside_current_equip_pool,gms-server/wz/Character.wz/Weapon/01702882.img.xml
Weapon,Weapon,1702887,01702887,,0,0,1,0,False,False,False,True,missing_string_eqp|missing_handbook|outside_current_equip_pool,gms-server/wz/Character.wz/Weapon/01702887.img.xml
Weapon,Weapon,1702888,01702888,,0,0,1,0,False,False,False,True,missing_string_eqp|missing_handbook|outside_current_equip_pool,gms-server/wz/Character.wz/Weapon/01702888.img.xml
Weapon,Weapon,1702889,01702889,,0,0,1,0,False,False,False,True,missing_string_eqp|missing_handbook|outside_current_equip_pool,gms-server/wz/Character.wz/Weapon/01702889.img.xml
Weapon,Weapon,1702893,01702893,,0,0,1,0,False,False,False,True,missing_string_eqp|missing_handbook|outside_current_equip_pool,gms-server/wz/Character.wz/Weapon/01702893.img.xml
Weapon,Weapon,1702894,01702894,,0,0,1,0,False,False,False,True,missing_string_eqp|missing_handbook|outside_current_equip_pool,gms-server/wz/Character.wz/Weapon/01702894.img.xml
Weapon,Weapon,1702895,01702895,,0,0,1,0,False,False,False,True,missing_string_eqp|missing_handbook|outside_current_equip_pool,gms-server/wz/Character.wz/Weapon/01702895.img.xml
Weapon,Weapon,1702896,01702896,,0,0,1,0,False,False,False,True,missing_string_eqp|missing_handbook|outside_current_equip_pool,gms-server/wz/Character.wz/Weapon/01702896.img.xml
Weapon,Weapon,1702897,01702897,,0,0,1,0,False,False,False,True,missing_string_eqp|missing_handbook|outside_current_equip_pool,gms-server/wz/Character.wz/Weapon/01702897.img.xml
Weapon,Weapon,1702898,01702898,,0,0,1,0,False,False,False,True,missing_string_eqp|missing_handbook|outside_current_equip_pool,gms-server/wz/Character.wz/Weapon/01702898.img.xml
Weapon,Weapon,1702899,01702899,,0,0,1,0,False,False,False,True,missing_string_eqp|missing_handbook|outside_current_equip_pool,gms-server/wz/Character.wz/Weapon/01702899.img.xml
Weapon,Weapon,1702900,01702900,,0,0,1,0,False,False,False,True,missing_string_eqp|missing_handbook|outside_current_equip_pool,gms-server/wz/Character.wz/Weapon/01702900.img.xml
Weapon,Weapon,1702901,01702901,,0,0,1,0,False,False,False,True,missing_string_eqp|missing_handbook|outside_current_equip_pool,gms-server/wz/Character.wz/Weapon/01702901.img.xml
Weapon,Weapon,1702902,01702902,,0,0,1,0,False,False,False,True,missing_string_eqp|missing_handbook|outside_current_equip_pool,gms-server/wz/Character.wz/Weapon/01702902.img.xml
Weapon,Weapon,1702903,01702903,,0,0,1,0,False,False,False,True,missing_string_eqp|missing_handbook|outside_current_equip_pool,gms-server/wz/Character.wz/Weapon/01702903.img.xml
Weapon,Weapon,1702904,01702904,,0,0,1,0,False,False,False,True,missing_string_eqp|missing_handbook|outside_current_equip_pool,gms-server/wz/Character.wz/Weapon/01702904.img.xml
Weapon,Weapon,1702905,01702905,,0,0,1,0,False,False,False,True,missing_string_eqp|missing_handbook|outside_current_equip_pool,gms-server/wz/Character.wz/Weapon/01702905.img.xml
Weapon,Weapon,1702906,01702906,,0,0,1,0,False,False,False,True,missing_string_eqp|missing_handbook|outside_current_equip_pool,gms-server/wz/Character.wz/Weapon/01702906.img.xml
Weapon,Weapon,1702907,01702907,,0,0,1,0,False,False,False,True,missing_string_eqp|missing_handbook|outside_current_equip_pool,gms-server/wz/Character.wz/Weapon/01702907.img.xml
Weapon,Weapon,1702908,01702908,,0,0,1,0,False,False,False,True,missing_string_eqp|missing_handbook|outside_current_equip_pool,gms-server/wz/Character.wz/Weapon/01702908.img.xml
Weapon,Weapon,1702909,01702909,,0,0,1,0,False,False,False,True,missing_string_eqp|missing_handbook|outside_current_equip_pool,gms-server/wz/Character.wz/Weapon/01702909.img.xml
Weapon,Weapon,1702912,01702912,,0,0,1,0,False,False,False,True,missing_string_eqp|missing_handbook|outside_current_equip_pool,gms-server/wz/Character.wz/Weapon/01702912.img.xml
Weapon,Weapon,1702914,01702914,,0,0,1,0,False,False,False,True,missing_string_eqp|missing_handbook|outside_current_equip_pool,gms-server/wz/Character.wz/Weapon/01702914.img.xml
Weapon,Weapon,1702918,01702918,,0,0,1,0,False,False,False,True,missing_string_eqp|missing_handbook|outside_current_equip_pool,gms-server/wz/Character.wz/Weapon/01702918.img.xml
Weapon,Weapon,1702923,01702923,,0,0,1,0,False,False,False,True,missing_string_eqp|missing_handbook|outside_current_equip_pool,gms-server/wz/Character.wz/Weapon/01702923.img.xml
Weapon,Weapon,1702924,01702924,,0,0,1,0,False,False,False,True,missing_string_eqp|missing_handbook|outside_current_equip_pool,gms-server/wz/Character.wz/Weapon/01702924.img.xml
Weapon,Weapon,1702925,01702925,,0,0,1,0,False,False,False,True,missing_string_eqp|missing_handbook|outside_current_equip_pool,gms-server/wz/Character.wz/Weapon/01702925.img.xml
Weapon,Weapon,1702926,01702926,,0,0,1,0,False,False,False,True,missing_string_eqp|missing_handbook|outside_current_equip_pool,gms-server/wz/Character.wz/Weapon/01702926.img.xml
Weapon,Weapon,1702927,01702927,,0,0,1,0,False,False,False,True,missing_string_eqp|missing_handbook|outside_current_equip_pool,gms-server/wz/Character.wz/Weapon/01702927.img.xml
Weapon,Weapon,1702928,01702928,,0,0,1,0,False,False,False,True,missing_string_eqp|missing_handbook|outside_current_equip_pool,gms-server/wz/Character.wz/Weapon/01702928.img.xml
Weapon,Weapon,1702929,01702929,,0,0,1,0,False,False,False,True,missing_string_eqp|missing_handbook|outside_current_equip_pool,gms-server/wz/Character.wz/Weapon/01702929.img.xml
Weapon,Weapon,1702930,01702930,,0,0,1,0,False,False,False,True,missing_string_eqp|missing_handbook|outside_current_equip_pool,gms-server/wz/Character.wz/Weapon/01702930.img.xml
Weapon,Weapon,1702931,01702931,,0,0,1,0,False,False,False,True,missing_string_eqp|missing_handbook|outside_current_equip_pool,gms-server/wz/Character.wz/Weapon/01702931.img.xml
Weapon,Weapon,1702932,01702932,,0,0,1,0,False,False,False,True,missing_string_eqp|missing_handbook|outside_current_equip_pool,gms-server/wz/Character.wz/Weapon/01702932.img.xml
Weapon,Weapon,1702933,01702933,,0,0,1,0,False,False,False,True,missing_string_eqp|missing_handbook|outside_current_equip_pool,gms-server/wz/Character.wz/Weapon/01702933.img.xml
Weapon,Weapon,1702934,01702934,,0,0,1,0,False,False,False,True,missing_string_eqp|missing_handbook|outside_current_equip_pool,gms-server/wz/Character.wz/Weapon/01702934.img.xml
Weapon,Weapon,1702937,01702937,,0,0,1,0,False,False,False,True,missing_string_eqp|missing_handbook|outside_current_equip_pool,gms-server/wz/Character.wz/Weapon/01702937.img.xml
Weapon,Weapon,1702938,01702938,,0,0,1,0,False,False,False,True,missing_string_eqp|missing_handbook|outside_current_equip_pool,gms-server/wz/Character.wz/Weapon/01702938.img.xml
Weapon,Weapon,1702939,01702939,,0,0,1,0,False,False,False,True,missing_string_eqp|missing_handbook|outside_current_equip_pool,gms-server/wz/Character.wz/Weapon/01702939.img.xml
Weapon,Weapon,1702940,01702940,,0,0,1,0,False,False,False,True,missing_string_eqp|missing_handbook|outside_current_equip_pool,gms-server/wz/Character.wz/Weapon/01702940.img.xml
Weapon,Weapon,1702942,01702942,,0,0,1,0,False,False,False,True,missing_string_eqp|missing_handbook|outside_current_equip_pool,gms-server/wz/Character.wz/Weapon/01702942.img.xml
Weapon,Weapon,1702943,01702943,,0,0,1,0,False,False,False,True,missing_string_eqp|missing_handbook|outside_current_equip_pool,gms-server/wz/Character.wz/Weapon/01702943.img.xml
Weapon,Weapon,1702944,01702944,,0,0,1,0,False,False,False,True,missing_string_eqp|missing_handbook|outside_current_equip_pool,gms-server/wz/Character.wz/Weapon/01702944.img.xml
Weapon,Weapon,1702946,01702946,,0,0,1,0,False,False,False,True,missing_string_eqp|missing_handbook|outside_current_equip_pool,gms-server/wz/Character.wz/Weapon/01702946.img.xml
Weapon,Weapon,1702947,01702947,,0,0,1,0,False,False,False,True,missing_string_eqp|missing_handbook|outside_current_equip_pool,gms-server/wz/Character.wz/Weapon/01702947.img.xml
Weapon,Weapon,1702948,01702948,,0,0,1,0,False,False,False,True,missing_string_eqp|missing_handbook|outside_current_equip_pool,gms-server/wz/Character.wz/Weapon/01702948.img.xml
Weapon,Weapon,1702949,01702949,,0,0,1,0,False,False,False,True,missing_string_eqp|missing_handbook|outside_current_equip_pool,gms-server/wz/Character.wz/Weapon/01702949.img.xml
Weapon,Weapon,1702950,01702950,,0,0,1,0,False,False,False,True,missing_string_eqp|missing_handbook|outside_current_equip_pool,gms-server/wz/Character.wz/Weapon/01702950.img.xml
Weapon,Weapon,1702951,01702951,,0,0,1,0,False,False,False,True,missing_string_eqp|missing_handbook|outside_current_equip_pool,gms-server/wz/Character.wz/Weapon/01702951.img.xml
Weapon,Weapon,1702952,01702952,,0,0,1,0,False,False,False,True,missing_string_eqp|missing_handbook|outside_current_equip_pool,gms-server/wz/Character.wz/Weapon/01702952.img.xml
Weapon,Weapon,1702953,01702953,,0,0,1,0,False,False,False,True,missing_string_eqp|missing_handbook|outside_current_equip_pool,gms-server/wz/Character.wz/Weapon/01702953.img.xml
Weapon,Weapon,1702954,01702954,,0,0,1,0,False,False,False,True,missing_string_eqp|missing_handbook|outside_current_equip_pool,gms-server/wz/Character.wz/Weapon/01702954.img.xml
Weapon,Weapon,1702955,01702955,,0,0,1,0,False,False,False,True,missing_string_eqp|missing_handbook|outside_current_equip_pool,gms-server/wz/Character.wz/Weapon/01702955.img.xml
Weapon,Weapon,1702956,01702956,,0,0,1,0,False,False,False,True,missing_string_eqp|missing_handbook|outside_current_equip_pool,gms-server/wz/Character.wz/Weapon/01702956.img.xml
Weapon,Weapon,1702957,01702957,,0,0,1,0,False,False,False,True,missing_string_eqp|missing_handbook|outside_current_equip_pool,gms-server/wz/Character.wz/Weapon/01702957.img.xml
Weapon,Weapon,1702958,01702958,,0,0,1,0,False,False,False,True,missing_string_eqp|missing_handbook|outside_current_equip_pool,gms-server/wz/Character.wz/Weapon/01702958.img.xml
Weapon,Weapon,1702960,01702960,,0,0,1,0,False,False,False,True,missing_string_eqp|missing_handbook|outside_current_equip_pool,gms-server/wz/Character.wz/Weapon/01702960.img.xml
Weapon,Weapon,1702961,01702961,,0,0,1,0,False,False,False,True,missing_string_eqp|missing_handbook|outside_current_equip_pool,gms-server/wz/Character.wz/Weapon/01702961.img.xml
Weapon,Weapon,1702962,01702962,,0,0,1,0,False,False,False,True,missing_string_eqp|missing_handbook|outside_current_equip_pool,gms-server/wz/Character.wz/Weapon/01702962.img.xml
Weapon,Weapon,1702963,01702963,,0,0,1,0,False,False,False,True,missing_string_eqp|missing_handbook|outside_current_equip_pool,gms-server/wz/Character.wz/Weapon/01702963.img.xml
Weapon,Weapon,1702964,01702964,,0,0,1,0,False,False,False,True,missing_string_eqp|missing_handbook|outside_current_equip_pool,gms-server/wz/Character.wz/Weapon/01702964.img.xml
Weapon,Weapon,1702965,01702965,,0,0,1,0,False,False,False,True,missing_string_eqp|missing_handbook|outside_current_equip_pool,gms-server/wz/Character.wz/Weapon/01702965.img.xml
Weapon,Weapon,1702966,01702966,,0,0,1,0,False,False,False,True,missing_string_eqp|missing_handbook|outside_current_equip_pool,gms-server/wz/Character.wz/Weapon/01702966.img.xml
Weapon,Weapon,1702967,01702967,,0,0,1,0,False,False,False,True,missing_string_eqp|missing_handbook|outside_current_equip_pool,gms-server/wz/Character.wz/Weapon/01702967.img.xml
Weapon,Weapon,1702969,01702969,,0,0,1,0,False,False,False,True,missing_string_eqp|missing_handbook|outside_current_equip_pool,gms-server/wz/Character.wz/Weapon/01702969.img.xml
Weapon,Weapon,1702970,01702970,,0,0,1,0,False,False,False,True,missing_string_eqp|missing_handbook|outside_current_equip_pool,gms-server/wz/Character.wz/Weapon/01702970.img.xml
Weapon,Weapon,1702971,01702971,,0,0,1,0,False,False,False,True,missing_string_eqp|missing_handbook|outside_current_equip_pool,gms-server/wz/Character.wz/Weapon/01702971.img.xml
Weapon,Weapon,1702972,01702972,,0,0,1,0,False,False,False,True,missing_string_eqp|missing_handbook|outside_current_equip_pool,gms-server/wz/Character.wz/Weapon/01702972.img.xml
Weapon,Weapon,1702978,01702978,,0,0,1,0,False,False,False,True,missing_string_eqp|missing_handbook|outside_current_equip_pool,gms-server/wz/Character.wz/Weapon/01702978.img.xml
Weapon,Weapon,1702979,01702979,,0,0,1,0,False,False,False,True,missing_string_eqp|missing_handbook|outside_current_equip_pool,gms-server/wz/Character.wz/Weapon/01702979.img.xml
Weapon,Weapon,1702981,01702981,,0,0,1,0,False,False,False,True,missing_string_eqp|missing_handbook|outside_current_equip_pool,gms-server/wz/Character.wz/Weapon/01702981.img.xml
Weapon,Weapon,1702982,01702982,,0,0,1,0,False,False,False,True,missing_string_eqp|missing_handbook|outside_current_equip_pool,gms-server/wz/Character.wz/Weapon/01702982.img.xml
Weapon,Weapon,1702983,01702983,,0,0,1,0,False,False,False,True,missing_string_eqp|missing_handbook|outside_current_equip_pool,gms-server/wz/Character.wz/Weapon/01702983.img.xml
Weapon,Weapon,1702984,01702984,,0,0,1,0,False,False,False,True,missing_string_eqp|missing_handbook|outside_current_equip_pool,gms-server/wz/Character.wz/Weapon/01702984.img.xml
Weapon,Weapon,1702985,01702985,,0,0,1,0,False,False,False,True,missing_string_eqp|missing_handbook|outside_current_equip_pool,gms-server/wz/Character.wz/Weapon/01702985.img.xml
Weapon,Weapon,1702986,01702986,,0,0,1,0,False,False,False,True,missing_string_eqp|missing_handbook|outside_current_equip_pool,gms-server/wz/Character.wz/Weapon/01702986.img.xml
Weapon,Weapon,1702988,01702988,,0,0,1,0,False,False,False,True,missing_string_eqp|missing_handbook|outside_current_equip_pool,gms-server/wz/Character.wz/Weapon/01702988.img.xml
Weapon,Weapon,1702990,01702990,,0,0,1,0,False,False,False,True,missing_string_eqp|missing_handbook|outside_current_equip_pool,gms-server/wz/Character.wz/Weapon/01702990.img.xml
Weapon,Weapon,1702991,01702991,,0,0,1,0,False,False,False,True,missing_string_eqp|missing_handbook|outside_current_equip_pool,gms-server/wz/Character.wz/Weapon/01702991.img.xml
Weapon,Weapon,1702992,01702992,,0,0,1,0,False,False,False,True,missing_string_eqp|missing_handbook|outside_current_equip_pool,gms-server/wz/Character.wz/Weapon/01702992.img.xml
Weapon,Weapon,1702997,01702997,,0,0,1,0,False,False,False,True,missing_string_eqp|missing_handbook|outside_current_equip_pool,gms-server/wz/Character.wz/Weapon/01702997.img.xml
Weapon,Weapon,1702998,01702998,,0,0,1,0,False,False,False,True,missing_string_eqp|missing_handbook|outside_current_equip_pool,gms-server/wz/Character.wz/Weapon/01702998.img.xml
Weapon,Weapon,1703009,01703009,,0,0,1,0,False,False,False,True,missing_string_eqp|missing_handbook|outside_current_equip_pool,gms-server/wz/Character.wz/Weapon/01703009.img.xml
Weapon,Weapon,1703012,01703012,,0,0,1,0,False,False,False,True,missing_string_eqp|missing_handbook|outside_current_equip_pool,gms-server/wz/Character.wz/Weapon/01703012.img.xml
Weapon,Weapon,1703016,01703016,,0,0,1,0,False,False,False,True,missing_string_eqp|missing_handbook|outside_current_equip_pool,gms-server/wz/Character.wz/Weapon/01703016.img.xml
Weapon,Weapon,1703019,01703019,,0,0,1,0,False,False,False,True,missing_string_eqp|missing_handbook|outside_current_equip_pool,gms-server/wz/Character.wz/Weapon/01703019.img.xml
Weapon,Weapon,1703020,01703020,,0,0,1,0,False,False,False,True,missing_string_eqp|missing_handbook|outside_current_equip_pool,gms-server/wz/Character.wz/Weapon/01703020.img.xml
Weapon,Weapon,1703021,01703021,,0,0,1,0,False,False,False,True,missing_string_eqp|missing_handbook|outside_current_equip_pool,gms-server/wz/Character.wz/Weapon/01703021.img.xml
Weapon,Weapon,1703026,01703026,,0,0,1,0,False,False,False,True,missing_string_eqp|missing_handbook|outside_current_equip_pool,gms-server/wz/Character.wz/Weapon/01703026.img.xml
Weapon,Weapon,1703033,01703033,,0,0,1,0,False,False,False,True,missing_string_eqp|missing_handbook|outside_current_equip_pool,gms-server/wz/Character.wz/Weapon/01703033.img.xml
Weapon,Weapon,1703037,01703037,,0,0,1,0,False,False,False,True,missing_string_eqp|missing_handbook|outside_current_equip_pool,gms-server/wz/Character.wz/Weapon/01703037.img.xml
Weapon,Weapon,1703040,01703040,,0,0,1,0,False,False,False,True,missing_string_eqp|missing_handbook|outside_current_equip_pool,gms-server/wz/Character.wz/Weapon/01703040.img.xml
Weapon,Weapon,1703041,01703041,,0,0,1,0,False,False,False,True,missing_string_eqp|missing_handbook|outside_current_equip_pool,gms-server/wz/Character.wz/Weapon/01703041.img.xml
Weapon,Weapon,1703047,01703047,,0,0,1,0,False,False,False,True,missing_string_eqp|missing_handbook|outside_current_equip_pool,gms-server/wz/Character.wz/Weapon/01703047.img.xml
Weapon,Weapon,1703048,01703048,,0,0,1,0,False,False,False,True,missing_string_eqp|missing_handbook|outside_current_equip_pool,gms-server/wz/Character.wz/Weapon/01703048.img.xml
Weapon,Weapon,1703049,01703049,,0,0,1,0,False,False,False,True,missing_string_eqp|missing_handbook|outside_current_equip_pool,gms-server/wz/Character.wz/Weapon/01703049.img.xml
Weapon,Weapon,1703051,01703051,,0,0,1,0,False,False,False,True,missing_string_eqp|missing_handbook|outside_current_equip_pool,gms-server/wz/Character.wz/Weapon/01703051.img.xml
Weapon,Weapon,1703052,01703052,,0,0,1,0,False,False,False,True,missing_string_eqp|missing_handbook|outside_current_equip_pool,gms-server/wz/Character.wz/Weapon/01703052.img.xml
Weapon,Weapon,1703057,01703057,,0,0,1,0,False,False,False,True,missing_string_eqp|missing_handbook|outside_current_equip_pool,gms-server/wz/Character.wz/Weapon/01703057.img.xml
Weapon,Weapon,1703060,01703060,,0,0,1,0,False,False,False,True,missing_string_eqp|missing_handbook|outside_current_equip_pool,gms-server/wz/Character.wz/Weapon/01703060.img.xml
Weapon,Weapon,1703061,01703061,,0,0,1,0,False,False,False,True,missing_string_eqp|missing_handbook|outside_current_equip_pool,gms-server/wz/Character.wz/Weapon/01703061.img.xml
Weapon,Weapon,1703064,01703064,,0,0,1,0,False,False,False,True,missing_string_eqp|missing_handbook|outside_current_equip_pool,gms-server/wz/Character.wz/Weapon/01703064.img.xml
Weapon,Weapon,1703071,01703071,,0,0,1,0,False,False,False,True,missing_string_eqp|missing_handbook|outside_current_equip_pool,gms-server/wz/Character.wz/Weapon/01703071.img.xml
Weapon,Weapon,1703078,01703078,,0,0,1,0,False,False,False,True,missing_string_eqp|missing_handbook|outside_current_equip_pool,gms-server/wz/Character.wz/Weapon/01703078.img.xml
Weapon,Weapon,1703084,01703084,,0,0,1,0,False,False,False,True,missing_string_eqp|missing_handbook|outside_current_equip_pool,gms-server/wz/Character.wz/Weapon/01703084.img.xml
Weapon,Weapon,1703086,01703086,,0,0,1,0,False,False,False,True,missing_string_eqp|missing_handbook|outside_current_equip_pool,gms-server/wz/Character.wz/Weapon/01703086.img.xml
Weapon,Weapon,1703090,01703090,,0,0,1,0,False,False,False,True,missing_string_eqp|missing_handbook|outside_current_equip_pool,gms-server/wz/Character.wz/Weapon/01703090.img.xml
Weapon,Weapon,1703099,01703099,,0,0,1,0,False,False,False,True,missing_string_eqp|missing_handbook|outside_current_equip_pool,gms-server/wz/Character.wz/Weapon/01703099.img.xml
Weapon,Weapon,1703100,01703100,,0,0,1,0,False,False,False,True,missing_string_eqp|missing_handbook|outside_current_equip_pool,gms-server/wz/Character.wz/Weapon/01703100.img.xml
Weapon,Weapon,1703108,01703108,,0,0,1,0,False,False,False,True,missing_string_eqp|missing_handbook|outside_current_equip_pool,gms-server/wz/Character.wz/Weapon/01703108.img.xml
Weapon,Weapon,1703109,01703109,,0,0,1,0,False,False,False,True,missing_string_eqp|missing_handbook|outside_current_equip_pool,gms-server/wz/Character.wz/Weapon/01703109.img.xml
Weapon,Weapon,1703110,01703110,,0,0,1,0,False,False,False,True,missing_string_eqp|missing_handbook|outside_current_equip_pool,gms-server/wz/Character.wz/Weapon/01703110.img.xml
Weapon,Weapon,1703117,01703117,,0,0,1,0,False,False,False,True,missing_string_eqp|missing_handbook|outside_current_equip_pool,gms-server/wz/Character.wz/Weapon/01703117.img.xml
Weapon,Weapon,1703118,01703118,,0,0,1,0,False,False,False,True,missing_string_eqp|missing_handbook|outside_current_equip_pool,gms-server/wz/Character.wz/Weapon/01703118.img.xml
Weapon,Weapon,1703122,01703122,,0,0,1,0,False,False,False,True,missing_string_eqp|missing_handbook|outside_current_equip_pool,gms-server/wz/Character.wz/Weapon/01703122.img.xml
Weapon,Weapon,1703123,01703123,,0,0,1,0,False,False,False,True,missing_string_eqp|missing_handbook|outside_current_equip_pool,gms-server/wz/Character.wz/Weapon/01703123.img.xml
Weapon,Weapon,1703125,01703125,,0,0,1,0,False,False,False,True,missing_string_eqp|missing_handbook|outside_current_equip_pool,gms-server/wz/Character.wz/Weapon/01703125.img.xml
Weapon,Weapon,1703126,01703126,,0,0,1,0,False,False,False,True,missing_string_eqp|missing_handbook|outside_current_equip_pool,gms-server/wz/Character.wz/Weapon/01703126.img.xml
Weapon,Weapon,1703127,01703127,,0,0,1,0,False,False,False,True,missing_string_eqp|missing_handbook|outside_current_equip_pool,gms-server/wz/Character.wz/Weapon/01703127.img.xml
Weapon,Weapon,1703141,01703141,,0,0,1,0,False,False,False,True,missing_string_eqp|missing_handbook|outside_current_equip_pool,gms-server/wz/Character.wz/Weapon/01703141.img.xml
Weapon,Weapon,1703142,01703142,,0,0,1,0,False,False,False,True,missing_string_eqp|missing_handbook|outside_current_equip_pool,gms-server/wz/Character.wz/Weapon/01703142.img.xml
Weapon,Weapon,1703144,01703144,,0,0,1,0,False,False,False,True,missing_string_eqp|missing_handbook|outside_current_equip_pool,gms-server/wz/Character.wz/Weapon/01703144.img.xml
Weapon,Weapon,1703145,01703145,,0,0,1,0,False,False,False,True,missing_string_eqp|missing_handbook|outside_current_equip_pool,gms-server/wz/Character.wz/Weapon/01703145.img.xml
Weapon,Weapon,1703146,01703146,,0,0,1,0,False,False,False,True,missing_string_eqp|missing_handbook|outside_current_equip_pool,gms-server/wz/Character.wz/Weapon/01703146.img.xml
Weapon,Weapon,1703149,01703149,,0,0,1,0,False,False,False,True,missing_string_eqp|missing_handbook|outside_current_equip_pool,gms-server/wz/Character.wz/Weapon/01703149.img.xml
Weapon,Weapon,1703151,01703151,,0,0,1,0,False,False,False,True,missing_string_eqp|missing_handbook|outside_current_equip_pool,gms-server/wz/Character.wz/Weapon/01703151.img.xml
Weapon,Weapon,1703153,01703153,,0,0,1,0,False,False,False,True,missing_string_eqp|missing_handbook|outside_current_equip_pool,gms-server/wz/Character.wz/Weapon/01703153.img.xml
Weapon,Weapon,1703162,01703162,,0,0,1,0,False,False,False,True,missing_string_eqp|missing_handbook|outside_current_equip_pool,gms-server/wz/Character.wz/Weapon/01703162.img.xml
Weapon,Weapon,1703169,01703169,,0,0,1,0,False,False,False,True,missing_string_eqp|missing_handbook|outside_current_equip_pool,gms-server/wz/Character.wz/Weapon/01703169.img.xml
Weapon,Weapon,1703170,01703170,,0,0,1,0,False,False,False,True,missing_string_eqp|missing_handbook|outside_current_equip_pool,gms-server/wz/Character.wz/Weapon/01703170.img.xml
Weapon,Weapon,1703173,01703173,,0,0,1,0,False,False,False,True,missing_string_eqp|missing_handbook|outside_current_equip_pool,gms-server/wz/Character.wz/Weapon/01703173.img.xml
Weapon,Weapon,1703182,01703182,,0,0,1,0,False,False,False,True,missing_string_eqp|missing_handbook|outside_current_equip_pool,gms-server/wz/Character.wz/Weapon/01703182.img.xml
Weapon,Weapon,1703183,01703183,,0,0,1,0,False,False,False,True,missing_string_eqp|missing_handbook|outside_current_equip_pool,gms-server/wz/Character.wz/Weapon/01703183.img.xml
Weapon,Weapon,1703184,01703184,,0,0,1,0,False,False,False,True,missing_string_eqp|missing_handbook|outside_current_equip_pool,gms-server/wz/Character.wz/Weapon/01703184.img.xml
Weapon,Weapon,1703186,01703186,,0,0,1,0,False,False,False,True,missing_string_eqp|missing_handbook|outside_current_equip_pool,gms-server/wz/Character.wz/Weapon/01703186.img.xml
Weapon,Weapon,1703197,01703197,,0,0,1,0,False,False,False,True,missing_string_eqp|missing_handbook|outside_current_equip_pool,gms-server/wz/Character.wz/Weapon/01703197.img.xml
Weapon,Weapon,1703212,01703212,,0,0,1,0,False,False,False,True,missing_string_eqp|missing_handbook|outside_current_equip_pool,gms-server/wz/Character.wz/Weapon/01703212.img.xml
Weapon,Weapon,1703213,01703213,,0,0,1,0,False,False,False,True,missing_string_eqp|missing_handbook|outside_current_equip_pool,gms-server/wz/Character.wz/Weapon/01703213.img.xml
Weapon,Weapon,1703214,01703214,,0,0,1,0,False,False,False,True,missing_string_eqp|missing_handbook|outside_current_equip_pool,gms-server/wz/Character.wz/Weapon/01703214.img.xml
Weapon,Weapon,1703215,01703215,,0,0,1,0,False,False,False,True,missing_string_eqp|missing_handbook|outside_current_equip_pool,gms-server/wz/Character.wz/Weapon/01703215.img.xml
Weapon,Weapon,1703221,01703221,,0,0,1,0,False,False,False,True,missing_string_eqp|missing_handbook|outside_current_equip_pool,gms-server/wz/Character.wz/Weapon/01703221.img.xml
Weapon,Weapon,1703226,01703226,,0,0,1,0,False,False,False,True,missing_string_eqp|missing_handbook|outside_current_equip_pool,gms-server/wz/Character.wz/Weapon/01703226.img.xml
Weapon,Weapon,1703242,01703242,,0,0,1,0,False,False,False,True,missing_string_eqp|missing_handbook|outside_current_equip_pool,gms-server/wz/Character.wz/Weapon/01703242.img.xml
Weapon,Weapon,1703251,01703251,,0,0,1,0,False,False,False,True,missing_string_eqp|missing_handbook|outside_current_equip_pool,gms-server/wz/Character.wz/Weapon/01703251.img.xml
Weapon,Weapon,1703269,01703269,,0,0,1,0,False,False,False,True,missing_string_eqp|missing_handbook|outside_current_equip_pool,gms-server/wz/Character.wz/Weapon/01703269.img.xml
Weapon,Weapon,1703277,01703277,,0,0,1,0,False,False,False,True,missing_string_eqp|missing_handbook|outside_current_equip_pool,gms-server/wz/Character.wz/Weapon/01703277.img.xml
Weapon,Weapon,1703278,01703278,,0,0,1,0,False,False,False,True,missing_string_eqp|missing_handbook|outside_current_equip_pool,gms-server/wz/Character.wz/Weapon/01703278.img.xml
Weapon,Weapon,1703279,01703279,,0,0,1,0,False,False,False,True,missing_string_eqp|missing_handbook|outside_current_equip_pool,gms-server/wz/Character.wz/Weapon/01703279.img.xml
Weapon,Weapon,1703280,01703280,,0,0,1,0,False,False,False,True,missing_string_eqp|missing_handbook|outside_current_equip_pool,gms-server/wz/Character.wz/Weapon/01703280.img.xml
Weapon,Weapon,1703299,01703299,,0,0,1,0,False,False,False,True,missing_string_eqp|missing_handbook|outside_current_equip_pool,gms-server/wz/Character.wz/Weapon/01703299.img.xml
Weapon,Weapon,1703324,01703324,,0,0,1,0,False,False,False,True,missing_string_eqp|missing_handbook|outside_current_equip_pool,gms-server/wz/Character.wz/Weapon/01703324.img.xml
Weapon,Weapon,1703331,01703331,,0,0,1,0,False,False,False,True,missing_string_eqp|missing_handbook|outside_current_equip_pool,gms-server/wz/Character.wz/Weapon/01703331.img.xml
Weapon,Weapon,1703332,01703332,,0,0,1,0,False,False,False,True,missing_string_eqp|missing_handbook|outside_current_equip_pool,gms-server/wz/Character.wz/Weapon/01703332.img.xml
Weapon,Weapon,1705000,01705000,,0,0,1,0,False,False,False,True,missing_string_eqp|missing_handbook|outside_current_equip_pool,gms-server/wz/Character.wz/Weapon/01705000.img.xml
Weapon,Weapon,1705001,01705001,,0,0,1,0,False,False,False,True,missing_string_eqp|missing_handbook|outside_current_equip_pool,gms-server/wz/Character.wz/Weapon/01705001.img.xml
Weapon,Weapon,1705002,01705002,,0,0,1,0,False,False,False,True,missing_string_eqp|missing_handbook|outside_current_equip_pool,gms-server/wz/Character.wz/Weapon/01705002.img.xml
Weapon,Weapon,1705003,01705003,,0,0,1,0,False,False,False,True,missing_string_eqp|missing_handbook|outside_current_equip_pool,gms-server/wz/Character.wz/Weapon/01705003.img.xml
Weapon,Weapon,1705004,01705004,,0,0,1,0,False,False,False,True,missing_string_eqp|missing_handbook|outside_current_equip_pool,gms-server/wz/Character.wz/Weapon/01705004.img.xml
Weapon,Weapon,1705005,01705005,,0,0,1,0,False,False,False,True,missing_string_eqp|missing_handbook|outside_current_equip_pool,gms-server/wz/Character.wz/Weapon/01705005.img.xml
Weapon,Weapon,1705006,01705006,,0,0,1,0,False,False,False,True,missing_string_eqp|missing_handbook|outside_current_equip_pool,gms-server/wz/Character.wz/Weapon/01705006.img.xml
Weapon,Weapon,1705007,01705007,,0,0,1,0,False,False,False,True,missing_string_eqp|missing_handbook|outside_current_equip_pool,gms-server/wz/Character.wz/Weapon/01705007.img.xml
Weapon,Weapon,1705008,01705008,,0,0,1,0,False,False,False,True,missing_string_eqp|missing_handbook|outside_current_equip_pool,gms-server/wz/Character.wz/Weapon/01705008.img.xml
Weapon,Weapon,1705009,01705009,,0,0,1,0,False,False,False,True,missing_string_eqp|missing_handbook|outside_current_equip_pool,gms-server/wz/Character.wz/Weapon/01705009.img.xml
Weapon,Weapon,1705010,01705010,,0,0,1,0,False,False,False,True,missing_string_eqp|missing_handbook|outside_current_equip_pool,gms-server/wz/Character.wz/Weapon/01705010.img.xml
Weapon,Weapon,1705011,01705011,,0,0,1,0,False,False,False,True,missing_string_eqp|missing_handbook|outside_current_equip_pool,gms-server/wz/Character.wz/Weapon/01705011.img.xml
Weapon,Weapon,1705012,01705012,,0,0,1,0,False,False,False,True,missing_string_eqp|missing_handbook|outside_current_equip_pool,gms-server/wz/Character.wz/Weapon/01705012.img.xml
Weapon,Weapon,1705013,01705013,,0,0,1,0,False,False,False,True,missing_string_eqp|missing_handbook|outside_current_equip_pool,gms-server/wz/Character.wz/Weapon/01705013.img.xml
Weapon,Weapon,1705014,01705014,,0,0,1,0,False,False,False,True,missing_string_eqp|missing_handbook|outside_current_equip_pool,gms-server/wz/Character.wz/Weapon/01705014.img.xml
Weapon,Weapon,1705015,01705015,,0,0,1,0,False,False,False,True,missing_string_eqp|missing_handbook|outside_current_equip_pool,gms-server/wz/Character.wz/Weapon/01705015.img.xml
Weapon,Weapon,1709984,01709984,,0,0,1,0,False,False,False,True,missing_string_eqp|missing_handbook|outside_current_equip_pool,gms-server/wz/Character.wz/Weapon/01709984.img.xml
Weapon,Weapon,1709985,01709985,,0,0,1,0,False,False,False,True,missing_string_eqp|missing_handbook|outside_current_equip_pool,gms-server/wz/Character.wz/Weapon/01709985.img.xml
Weapon,Weapon,1709986,01709986,,0,0,1,0,False,False,False,True,missing_string_eqp|missing_handbook|outside_current_equip_pool,gms-server/wz/Character.wz/Weapon/01709986.img.xml
Weapon,Weapon,1709987,01709987,,0,0,1,0,False,False,False,True,missing_string_eqp|missing_handbook|outside_current_equip_pool,gms-server/wz/Character.wz/Weapon/01709987.img.xml
Weapon,Weapon,1709988,01709988,,0,0,1,0,False,False,False,True,missing_string_eqp|missing_handbook|outside_current_equip_pool,gms-server/wz/Character.wz/Weapon/01709988.img.xml
Weapon,Weapon,1709989,01709989,,0,0,1,0,False,False,False,True,missing_string_eqp|missing_handbook|outside_current_equip_pool,gms-server/wz/Character.wz/Weapon/01709989.img.xml
Weapon,Weapon,1709990,01709990,,0,0,1,0,False,False,False,True,missing_string_eqp|missing_handbook|outside_current_equip_pool,gms-server/wz/Character.wz/Weapon/01709990.img.xml
Weapon,Weapon,1709991,01709991,,0,0,1,0,False,False,False,True,missing_string_eqp|missing_handbook|outside_current_equip_pool,gms-server/wz/Character.wz/Weapon/01709991.img.xml
Weapon,Weapon,1709992,01709992,,0,0,1,0,False,False,False,True,missing_string_eqp|missing_handbook|outside_current_equip_pool,gms-server/wz/Character.wz/Weapon/01709992.img.xml
Weapon,Weapon,1709993,01709993,,0,0,1,0,False,False,False,True,missing_string_eqp|missing_handbook|outside_current_equip_pool,gms-server/wz/Character.wz/Weapon/01709993.img.xml
Weapon,Weapon,1709994,01709994,,0,0,1,0,False,False,False,True,missing_string_eqp|missing_handbook|outside_current_equip_pool,gms-server/wz/Character.wz/Weapon/01709994.img.xml
Weapon,Weapon,1709995,01709995,,0,0,1,0,False,False,False,True,missing_string_eqp|missing_handbook|outside_current_equip_pool,gms-server/wz/Character.wz/Weapon/01709995.img.xml
Weapon,Weapon,1709996,01709996,,0,0,1,0,False,False,False,True,missing_string_eqp|missing_handbook|outside_current_equip_pool,gms-server/wz/Character.wz/Weapon/01709996.img.xml
Weapon,Weapon,1709997,01709997,,0,0,1,0,False,False,False,True,missing_string_eqp|missing_handbook|outside_current_equip_pool,gms-server/wz/Character.wz/Weapon/01709997.img.xml
Weapon,Weapon,1709998,01709998,,0,0,1,0,False,False,False,True,missing_string_eqp|missing_handbook|outside_current_equip_pool,gms-server/wz/Character.wz/Weapon/01709998.img.xml
Weapon,Weapon,1709999,01709999,,0,0,1,0,False,False,False,True,missing_string_eqp|missing_handbook|outside_current_equip_pool,gms-server/wz/Character.wz/Weapon/01709999.img.xml
FaceAcc,Accessory,1012135,01012135,,0,0,1,0,False,False,True,True,missing_string_eqp|missing_handbook,gms-server/wz/Character.wz/Accessory/01012135.img.xml
FaceAcc,Accessory,1012178,01012178,,0,10,0,0,False,False,True,True,missing_string_eqp|missing_handbook,gms-server/wz/Character.wz/Accessory/01012178.img.xml
FaceAcc,Accessory,1012275,01012275,,0,0,1,0,False,False,False,True,missing_string_eqp|missing_handbook|outside_current_equip_pool,gms-server/wz/Character.wz/Accessory/01012275.img.xml
FaceAcc,Accessory,1012315,01012315,,0,0,1,0,False,False,False,True,missing_string_eqp|missing_handbook|outside_current_equip_pool,gms-server/wz/Character.wz/Accessory/01012315.img.xml
FaceAcc,Accessory,1012390,01012390,,0,0,1,0,False,False,False,True,missing_string_eqp|missing_handbook|outside_current_equip_pool,gms-server/wz/Character.wz/Accessory/01012390.img.xml
FaceAcc,Accessory,1012506,01012506,,0,0,1,0,False,False,False,True,missing_string_eqp|missing_handbook|outside_current_equip_pool,gms-server/wz/Character.wz/Accessory/01012506.img.xml
FaceAcc,Accessory,1012507,01012507,,0,0,1,0,False,False,False,True,missing_string_eqp|missing_handbook|outside_current_equip_pool,gms-server/wz/Character.wz/Accessory/01012507.img.xml
FaceAcc,Accessory,1012627,01012627,,0,120,0,0,False,False,False,True,missing_string_eqp|missing_handbook|outside_current_equip_pool,gms-server/wz/Character.wz/Accessory/01012627.img.xml
FaceAcc,Accessory,1012652,01012652,,0,0,1,0,False,False,False,True,missing_string_eqp|missing_handbook|outside_current_equip_pool,gms-server/wz/Character.wz/Accessory/01012652.img.xml
FaceAcc,Accessory,1012672,01012672,,0,0,1,0,False,False,False,True,missing_string_eqp|missing_handbook|outside_current_equip_pool,gms-server/wz/Character.wz/Accessory/01012672.img.xml
FaceAcc,Accessory,1012673,01012673,,0,0,1,0,False,False,False,True,missing_string_eqp|missing_handbook|outside_current_equip_pool,gms-server/wz/Character.wz/Accessory/01012673.img.xml
FaceAcc,Accessory,1012686,01012686,,0,0,1,0,False,False,False,True,missing_string_eqp|missing_handbook|outside_current_equip_pool,gms-server/wz/Character.wz/Accessory/01012686.img.xml
FaceAcc,Accessory,1012687,01012687,,0,0,1,0,False,False,False,True,missing_string_eqp|missing_handbook|outside_current_equip_pool,gms-server/wz/Character.wz/Accessory/01012687.img.xml
FaceAcc,Accessory,1012689,01012689,,0,0,1,0,False,False,False,True,missing_string_eqp|missing_handbook|outside_current_equip_pool,gms-server/wz/Character.wz/Accessory/01012689.img.xml
FaceAcc,Accessory,1012692,01012692,,0,0,1,0,False,False,False,True,missing_string_eqp|missing_handbook|outside_current_equip_pool,gms-server/wz/Character.wz/Accessory/01012692.img.xml
Glass,Accessory,1022077,01022077,,0,40,0,0,False,False,True,True,missing_string_eqp|missing_handbook,gms-server/wz/Character.wz/Accessory/01022077.img.xml
Glass,Accessory,1022130,01022130,,0,120,0,0,False,False,False,True,missing_string_eqp|missing_handbook|outside_current_equip_pool,gms-server/wz/Character.wz/Accessory/01022130.img.xml
Glass,Accessory,1022201,01022201,,0,0,1,0,False,False,False,True,missing_string_eqp|missing_handbook|outside_current_equip_pool,gms-server/wz/Character.wz/Accessory/01022201.img.xml
Glass,Accessory,1022285,01022285,,0,0,1,0,False,False,False,True,missing_string_eqp|missing_handbook|outside_current_equip_pool,gms-server/wz/Character.wz/Accessory/01022285.img.xml
Glass,Accessory,1022287,01022287,,0,0,1,0,False,False,False,True,missing_string_eqp|missing_handbook|outside_current_equip_pool,gms-server/wz/Character.wz/Accessory/01022287.img.xml
Earring,Accessory,1032037,01032037,,0,60,0,0,False,False,True,True,missing_string_eqp|missing_handbook,gms-server/wz/Character.wz/Accessory/01032037.img.xml
Earring,Accessory,1032064,01032064,,0,80,0,0,False,False,True,True,missing_string_eqp|missing_handbook,gms-server/wz/Character.wz/Accessory/01032064.img.xml
Earring,Accessory,1032086,01032086,,0,0,0,0,False,False,False,True,missing_string_eqp|missing_handbook|outside_current_equip_pool,gms-server/wz/Character.wz/Accessory/01032086.img.xml
Earring,Accessory,1032087,01032087,,0,100,0,0,False,False,False,True,missing_string_eqp|missing_handbook|outside_current_equip_pool,gms-server/wz/Character.wz/Accessory/01032087.img.xml
Earring,Accessory,1032096,01032096,,0,100,0,0,False,False,False,True,missing_string_eqp|missing_handbook|outside_current_equip_pool,gms-server/wz/Character.wz/Accessory/01032096.img.xml
Earring,Accessory,1032097,01032097,,0,100,0,0,False,False,False,True,missing_string_eqp|missing_handbook|outside_current_equip_pool,gms-server/wz/Character.wz/Accessory/01032097.img.xml
Earring,Accessory,1032130,01032130,,0,50,0,0,False,False,False,True,missing_string_eqp|missing_handbook|outside_current_equip_pool,gms-server/wz/Character.wz/Accessory/01032130.img.xml
Earring,Accessory,1032175,01032175,,0,0,1,0,False,False,False,True,missing_string_eqp|missing_handbook|outside_current_equip_pool,gms-server/wz/Character.wz/Accessory/01032175.img.xml
Earring,Accessory,1032204,01032204,,0,0,1,0,False,False,False,True,missing_string_eqp|missing_handbook|outside_current_equip_pool,gms-server/wz/Character.wz/Accessory/01032204.img.xml
Earring,Accessory,1032260,01032260,,0,0,1,0,False,False,False,True,missing_string_eqp|missing_handbook|outside_current_equip_pool,gms-server/wz/Character.wz/Accessory/01032260.img.xml
